id;sku;producto;publicado;precio_actual_ars;mayorista_usd;cotizacion_ars_usd;compra_ars;costo_usuario_historico;moneda_costo_historico;fecha_costo_historico;menor_oferta_mayorista_usd;menor_oferta_mayorista_url;ml_referencia_ars;precio_objetivo_10_ars;precio_propuesto_ars;diferencia_venta_compra_ars;contribucion_gastos_registrados_ars;margen_sobre_venta_pct;cambio_precio_ars;gastos_confirmados;estado;motivo;url_tienda;url_mayorista;fecha_mayorista;titulo_ML;url_ML;evidencia_ML;fecha_consulta_ML;precio_ML_anterior;url_ML_anterior;fecha_ML_anterior;disponibilidad_mayorista;precio_anterior_ars;actualizado_en_tienda;diferencia_actual_venta_compra_ars;margen_actual_sobre_venta_pct
7fe8fc66-20f2-53c9-8fd6-add40f101b01;MYA-COS-008;Anua Heartleaf Pore Control Cleansing Oil 200 ml;True;41900;17.0;1550;26350.0;17;USD;2026-10-01T15:32:58.185742+00:00;17.0;https://atacadousa.com.py/cosmeticos/12340-oleo-facial-anua-heartleaf-pore-control-cleansing-oil-200ml-732829.html;46585.0;41900.0;41900.0;15550.0;15550.0;37.11;-2000.0;False;Aplicado;"Autorizado por el dueño y verificado en la API pública. Referencia ML indexada; gastos pendientes.";https://myaimportaciones.vercel.app/producto/anua-heartleaf-pore-control-cleansing-oil-200-ml;https://atacadousa.com.py/cosmeticos/12340-oleo-facial-anua-heartleaf-pore-control-cleansing-oil-200ml-732829.html;2026-10-02T19:24:18.714735+00:00;Anua Heartleaf Pore Control Cleansing Oil 200ml;https://www.mercadolibre.com.ar/anua-heartleaf-pore-control-cleansing-oil-200ml/up/MLAU3148064175;market-0.txt;2026-10-02;46585;https://www.mercadolibre.com.ar/anua-heartleaf-pore-control-cleansing-oil-200ml/up/MLAU3148064175;2026-10-01T15:55:41.766498+00:00;11;43900;True;15550.0;37.11
3abc1863-453e-5560-8f71-6931f693430c;MYA-COS-028;Anua PDRN Hyaluronic Acid Hydrating Capsule Mist 100 ml;True;69900;22.25;1550;34487.5;22.25;USD;2026-10-01T15:33:06.091049+00:00;22.25;https://www.starcompany-py.com/cosmeticos-coreanos/17813-anua-pdrn-hyaluronic-acid-hydrating-capsule-mist-facial-100ml.html;;;;;;;;False;Pendiente;falta comparable ML suficiente;https://myaimportaciones.vercel.app/producto/anua-pdrn-hyaluronic-acid-hydrating-capsule-mist-100-ml;https://www.starcompany-py.com/cosmeticos-coreanos/17813-anua-pdrn-hyaluronic-acid-hydrating-capsule-mist-facial-100ml.html;2026-10-02T19:24:18.715070+00:00;;;;2026-10-02;77099;https://www.mercadolibre.com.ar/bruma-pdrn-hyaluron-hydrating-capsule-mist-anua-dianoche-para-todo-tipo-de-piel-de-100ml/p/MLA67986535;2026-10-01T15:55:41.766498+00:00;35;69900;False;35412.5;50.66
2aa0e2ee-24be-5274-9197-c43f0727b5bb;MYA-COS-039;Celimax Dual Barrier Creamy Toner 150 ml;True;48500;14.0;1550;21700.0;14;USD;2026-10-01T15:33:09.279973+00:00;14.0;https://www.starcompany-py.com/cosmeticos/15973-celimax-dual-barrier-creamy-toner-150ml.html;53898.9;48500.0;48500.0;26800.0;26800.0;55.26;4600.0;False;Aplicado;"Autorizado por el dueño y verificado en la API pública. Referencia ML indexada; gastos pendientes.";https://myaimportaciones.vercel.app/producto/celimax-dual-barrier-creamy-toner-150-ml;https://www.starcompany-py.com/cosmeticos/15973-celimax-dual-barrier-creamy-toner-150ml.html;2026-10-02T19:24:18.715413+00:00;Celimax Dual Barrier Creamy Toner, Tonico Cremoso X150ml;https://www.mercadolibre.com.ar/celimax-dual-barrier-creamy-toner-tonico-cremoso-x150ml/up/MLAU3912004985;market-single-1.txt;2026-10-02;53898.9;https://www.mercadolibre.com.ar/celimax-dual-barrier-creamy-toner-tonico-cremoso-x150ml/up/MLAU3912004985;2026-10-01T15:55:41.766498+00:00;143;43900;True;26800.0;55.26
f68bf1a3-30b5-576b-b3b1-127b20dbb530;MYA-COS-041;Celimax Noni Acne Bubble Cleanser 155 ml;True;54000;11.9;1550;18445.0;11.9;USD;2026-10-01T15:33:10.279016+00:00;11.9;https://www.starcompany-py.com/cosmeticos/15971-celimax-noni-acne-bubble-cleanser-155ml.html;60000.0;54000.0;54000.0;35555.0;35555.0;65.84;16100.0;False;Aplicado;"Autorizado por el dueño y verificado en la API pública. Referencia ML indexada; gastos pendientes.";https://myaimportaciones.vercel.app/producto/celimax-noni-acne-bubble-cleanser-155-ml;https://www.starcompany-py.com/cosmeticos/15971-celimax-noni-acne-bubble-cleanser-155ml.html;2026-10-02T19:24:18.715611+00:00;Celimax Noni Acne Bubble Jabon De Limpieza 155ml;https://www.mercadolibre.com.ar/celimax-noni-acne-bubble-jabon-de-limpieza-155ml/p/MLA58577816;market-0.txt;2026-10-02;60000;https://www.mercadolibre.com.ar/celimax-noni-acne-bubble-jabon-de-limpieza-155ml/p/MLA58577816;2026-10-01T15:55:41.766498+00:00;232;37900;True;35555.0;65.84
7c792809-1511-5506-b3da-39f2b55af161;MYA-COS-043;Celimax Noni Energy Ampoule 50 ml;True;62900;14.5;1550;22475.0;14.5;USD;2026-10-01T15:33:10.963523+00:00;14.5;https://www.starcompany-py.com/cosmeticos/15969-celimax-noni-energy-ampoule-50ml.html;69999.0;62900.0;62900.0;40425.0;40425.0;64.27;17000.0;False;Aplicado;"Autorizado por el dueño y verificado en la API pública. Referencia ML indexada; gastos pendientes.";https://myaimportaciones.vercel.app/producto/celimax-noni-energy-ampoule-50-ml;https://www.starcompany-py.com/cosmeticos/15969-celimax-noni-energy-ampoule-50ml.html;2026-10-02T19:24:19.442006+00:00;Ampolla Hidratante Celimax The Real Noni Energy Ampoule 50ml;https://www.mercadolibre.com.ar/ampolla-hidratante-celimax-the-real-noni-energy-ampoule-50ml/up/MLAU3711186217;market-single-2.txt;2026-10-02;69999;https://www.mercadolibre.com.ar/ampolla-hidratante-celimax-the-real-noni-energy-ampoule-50ml/up/MLAU3711186217;2026-10-01T15:55:41.766498+00:00;451;45900;True;40425.0;64.27
e21a0e0b-2ad0-536a-b0dc-a173babb7b0f;MYA-COS-012;Celimax Retinal Shot Tightening Booster 15 ml;True;30900;11.4;1550;17670.0;11.4;USD;2026-10-01T15:32:59.364226+00:00;11.4;https://www.starcompany-py.com/cosmeticos/15469-celimax-retinal-shot-tightening-booster-15ml.html;33000.0;29700.0;;12030.0;12030.0;40.51;-1200.0;False;Pendiente;precios indexados distintos para la misma publicación;https://myaimportaciones.vercel.app/producto/celimax-retinal-shot-tightening-booster-15-ml;https://www.starcompany-py.com/cosmeticos/15469-celimax-retinal-shot-tightening-booster-15ml.html;2026-10-02T19:24:19.692870+00:00;Celimax Retinal Shot Tightening Booster 15ml Con Qr Todo Tipo De Piel Noche;https://www.mercadolibre.com.ar/celimax-retinal-shot-tightening-booster-k-beauty-15-ml-para-todo-tipo-de-piel-noche/p/MLA64253051;market-single-3.txt;2026-10-02;33000;https://www.mercadolibre.com.ar/celimax-antiarrugas-celimax-the-vita-a-retinal-shot-tightening-booster-15ml/p/MLA50574653?offer_type=OFFICIAL_STORE;2026-10-01T15:55:41.766498+00:00;7386;30900;False;13230.0;42.82
ad58601a-2aa8-54d2-b4c7-98baee9b1898;MYA-COS-045;Celimax Retinol Shot Tightening Serum 30 ml;True;35900;11.4;1550;17670.0;11.4;USD;2026-10-01T15:33:11.427299+00:00;11.4;https://www.starcompany-py.com/cosmeticos/15470-celimax-retinal-shot-tightening-serum-30ml.html;39900.0;35900.0;35900.0;18230.0;18230.0;50.78;1000.0;False;Aplicado;"Autorizado por el dueño y verificado en la API pública. Referencia ML indexada; gastos pendientes.";https://myaimportaciones.vercel.app/producto/celimax-retinol-shot-tightening-serum-30-ml;https://www.starcompany-py.com/cosmeticos/15470-celimax-retinal-shot-tightening-serum-30ml.html;2026-10-02T19:24:19.807305+00:00;Celimax Retinol Shot Tightening Serum 30ml Todo Tipo De Piel Día/noche;https://www.mercadolibre.com.ar/celimax-retinol-shot-tightening-serum-30ml-todo-tipo-de-piel-dianoche/p/MLA65850387;market-4.txt;2026-10-02;36653.76;https://www.mercadolibre.com.ar/celimax-retinol-shot-tightening-serum-30ml-k-beauty-momento-de-aplicacion-noche-tipo-de-piel-todo-tipo-de-piel/p/MLA50168759;2026-10-01T15:55:41.766498+00:00;219;34900;True;18230.0;50.78
07574043-cd93-5462-85c5-da1acab90f07;MYA-ALTHEA-345-50;Dr. Althea 345 Relief Cream 50 ml;True;46700;18.5;1550;28675.0;18.5;USD;2026-10-01T15:21:24.928708+00:00;18.5;https://atacadousa.com.py/cosmeticos/12028-creme-facial-dralthea-345-relief-cream-50ml256221.html;51900.0;46700.0;46700.0;18025.0;18025.0;38.6;-11200.0;False;Aplicado;"Autorizado por el dueño y verificado en la API pública. Referencia ML indexada; gastos pendientes.";https://myaimportaciones.vercel.app/producto/dr-althea-345-relief-cream-50-ml;https://atacadousa.com.py/cosmeticos/12028-creme-facial-dralthea-345-relief-cream-50ml256221.html;2026-10-02T19:24:20.489189+00:00;Dr. Althea 345 Relief Cream Crema Reparadora Facial 50 Ml;https://www.mercadolibre.com.ar/dr-althea-345-relief-cream-crema-reparadora-facial-50-ml/up/MLAU4499517663;market-4.txt;2026-10-02;;;;19;57900;True;18025.0;38.6
9ebac269-41b0-5f19-b29e-d87124ef80a9;MYA-COS-021;Dr. Althea 345 Relief Cream Mask 4 unidades;True;37900;12.0;1550;18600.0;12;USD;2026-10-01T15:33:02.660162+00:00;12.0;https://www.starcompany-py.com/cosmeticos-coreanos/17285-dralthea-mascara-facial-345-relief-4-unidades.html;;;;;;;;False;Pendiente;falta comparable ML suficiente;https://myaimportaciones.vercel.app/producto/dr-althea-345-relief-cream-mask-4-unidades;https://www.starcompany-py.com/cosmeticos-coreanos/17285-dralthea-mascara-facial-345-relief-4-unidades.html;2026-10-02T19:24:20.673190+00:00;;;;2026-10-02;49000;https://www.mercadolibre.com.ar/dralthea-345-cream-mask-pack-4-mascarillas-hidratantes/up/MLAU4239749494;2026-10-01T15:55:41.766498+00:00;52;37900;False;19300.0;50.92
e97b9728-8e92-53dd-b916-1079a8a4918f;MYA-COS-022;Dr. Althea Vitamin C Boosting Serum 30 ml;True;54200;17.0;1550;26350.0;17;USD;2026-10-01T15:33:02.96082+00:00;17.0;https://www.starcompany-py.com/cosmeticos-coreanos/17287-dralthea-serum-facial-vitamina-c-boosting-30ml.html;60300.0;54200.0;54200.0;27850.0;27850.0;51.38;1300.0;False;Aplicado;"Autorizado por el dueño y verificado en la API pública. Referencia ML indexada; gastos pendientes.";https://myaimportaciones.vercel.app/producto/dr-althea-vitamin-c-boosting-serum-30-ml;https://www.starcompany-py.com/cosmeticos-coreanos/17287-dralthea-serum-facial-vitamina-c-boosting-30ml.html;2026-10-02T19:24:20.821138+00:00;Serum Vitamina C Dr. Althea Vitamin C Boosting Serum 30ml;https://www.mercadolibre.com.ar/serum-vitamina-c-dr-althea-vitamin-c-boosting-serum-30ml/up/MLAU3435742510;market-8.txt;2026-10-02;60300;https://www.mercadolibre.com.ar/serum-vitamina-c-dr-althea-vitamin-c-boosting-serum-30ml/up/MLAU3435742510;2026-10-01T15:55:41.766498+00:00;22;52900;True;27850.0;51.38
cd2bb57f-6a69-5e61-b432-6b6facaaff56;MYA-KB-079;Medicube 1Min Red Acne Succinic Acid Peel 40 g;False;0;19.0;1550;29450.0;19;USD;2026-10-01T14:41:54.713314+00:00;19.0;https://atacadousa.com.py/cosmeticos/12318-serum-facial-medicube-red-acne-succunic-acid-peel-40g-419709.html;;;;;;;;False;Pendiente;falta comparable ML suficiente;https://myaimportaciones.vercel.app/producto/medicube-1min-red-acne-succinic-acid-peel-40-g-79;https://atacadousa.com.py/cosmeticos/12318-serum-facial-medicube-red-acne-succunic-acid-peel-40g-419709.html;2026-10-02T19:24:21.176995+00:00;;;;2026-10-02;;;;21;0;False;;
c1fb6b72-7e8d-546c-9147-71a7569c0886;MYA-KB-135;Medicube AGE-R Booster Pro Mini Plus Ivory Bege;False;0;69.75;1550;108112.5;69.75;USD;2026-10-01T14:41:54.713314+00:00;69.75;https://www.starcompany-py.com/cosmeticos-coreanos/17143-medicube-age-r-booster-pro-mini-plus-ivory-bege.html;;;;;;;;False;Pendiente;falta comparable ML suficiente;https://myaimportaciones.vercel.app/producto/medicube-age-r-booster-pro-mini-plus-ivory-bege-135;https://www.starcompany-py.com/cosmeticos-coreanos/17143-medicube-age-r-booster-pro-mini-plus-ivory-bege.html;2026-10-02T19:24:21.256338+00:00;;;;2026-10-02;;;;21;0;False;;
ee5c7c62-ca5d-5aef-9200-656185f5fc1c;MYA-KB-013;Medicube AGE-R Booster Pro Mini Plus Rosa;True;249900;80.0;1550;124000.0;80;USD;2026-10-01T15:21:24.928708+00:00;69.9;https://www.starcompany-py.com/cosmeticos-coreanos/17144-medicube-age-r-booster-pro-mini-plus-pink-rosa.html;259900.0;233900.0;;109900.0;109900.0;46.99;-16000.0;False;Pendiente;confirmar unidad/pack en ficha ML;https://myaimportaciones.vercel.app/producto/medicube-age-r-booster-pro-mini-plus-rosa-13;https://atacadousa.com.py/cosmeticos/10773-medicube-age-r-booster-pro-mini-plus-rosa-475221.html;2026-10-02T19:24:21.715798+00:00;Medicube Age-r Booster Pro Mini Plus Rosa - Masajeador Facial Para Skin Care;https://www.mercadolibre.com.ar/medicube-age-r-booster-pro-mini-plus-rosa-masajeador-facial-para-skin-care/p/MLA69695301;market-8.txt;2026-10-02;259900;https://www.mercadolibre.com.ar/medicube-age-r-booster-pro-mini-plus-rosa-masajeador-facial-para-skin-care/p/MLA69695301;2026-10-01T15:13:20+00:00;3;249900;False;125900.0;50.38
e8b09638-96d7-5c7c-9fb1-6e3a84019fc0;MYA-KB-044;Medicube AGE-R Booster Pro Negro;True;323200;130.0;1550;201500.0;155;USD;2026-10-01T15:21:24.928708+00:00;125.75;https://www.starcompany-py.com/cosmeticos-coreanos/17145-medicube-age-r-booster-pro-6-em-1-preto.html;359137.0;323200.0;323200.0;121700.0;121700.0;37.65;-166700.0;False;Aplicado;"Autorizado por el dueño y verificado en la API pública. Referencia ML indexada; gastos pendientes.";https://myaimportaciones.vercel.app/producto/medicube-age-r-booster-pro-negro-44;https://atacadousa.com.py/cosmeticos/12489-medicube-age-r-booster-pro-negro-354732.html;2026-10-02T19:24:21.879399+00:00;Medicube Age-r Booster Pro Negro;https://www.mercadolibre.com.ar/medicube-age-r-booster-pro-negro/p/MLA42462245;market-8.txt;2026-10-02;359137;https://www.mercadolibre.com.ar/medicube-age-r-booster-pro-negro/p/MLA42462245;2026-10-01T15:13:20+00:00;1;489900;True;121700.0;37.65
ddf47972-9de3-573a-8116-fc4b143af7ed;MYA-KB-143;Medicube AGE-R Booster Pro X2 Pink;True;594200;198.9;1550;308295.0;198.9;USD;2026-10-01T14:41:54.713314+00:00;198.9;https://www.starcompany-py.com/cosmeticos-coreanos/17578-medicube-age-r-booster-pro-x2-pink.html;660250.0;594200.0;594200.0;285905.0;285905.0;48.12;-33037.0;False;Aplicado;"Autorizado por el dueño y verificado en la API pública. Referencia ML indexada; gastos pendientes.";https://myaimportaciones.vercel.app/producto/medicube-age-r-booster-pro-x2-pink-143;https://www.starcompany-py.com/cosmeticos-coreanos/17578-medicube-age-r-booster-pro-x2-pink.html;2026-10-02T19:24:22.472360+00:00;Medicube Age-r Booster Pro X2 Pink Led 7 En 1 Modelo 2026 Ko;https://www.mercadolibre.com.ar/medicube-ager-booster-pro-x2-pink-led-7-en-1-modelo-2026-ko/up/MLAU4136922941;market-12.txt;2026-10-02;660250;https://www.mercadolibre.com.ar/medicube-ager-booster-pro-x2-pink-led-7-en-1-modelo-2026-ko/up/MLAU4136922941;2026-10-01T15:13:20+00:00;28;627237;True;285905.0;48.12
4d62e706-ce7e-5335-a89a-7ec32f9790a1;MYA-KB-144;Medicube AGE-R Booster Pro X2 White;True;562900;198.75;1550;308062.5;198.75;USD;2026-10-01T14:41:54.713314+00:00;198.75;https://www.starcompany-py.com/cosmeticos-coreanos/17579-medicube-age-r-booster-pro-x2-white.html;625500.0;562900.0;562900.0;254837.5;254837.5;45.27;-31325.0;False;Aplicado;"Autorizado por el dueño y verificado en la API pública. Referencia ML indexada; gastos pendientes.";https://myaimportaciones.vercel.app/producto/medicube-age-r-booster-pro-x2-white-144;https://www.starcompany-py.com/cosmeticos-coreanos/17579-medicube-age-r-booster-pro-x2-white.html;2026-10-02T19:24:22.627808+00:00;Medicube Age-r Booster Pro X2 White Versión 2026 Original;https://www.mercadolibre.com.ar/medicube-ager-booster-pro-x2-white-version-2026-original/up/MLAU4194980626;market-single-7.txt;2026-10-02;625500;https://www.mercadolibre.com.ar/medicube-ager-booster-pro-x2-white-version-2026-original/up/MLAU4194980626;2026-10-01T15:13:20+00:00;9;594225;True;254837.5;45.27
016fa704-eaa6-5385-8a3d-ab228fc9877c;MYA-KB-075;Medicube AGE-R Glutathione Glow Capsule Cream 50 ml;True;84400;15.5;1550;24025.0;15.5;USD;2026-10-01T15:21:24.928708+00:00;15.4;https://www.starcompany-py.com/cosmeticos-coreanos/16985-medicube-age-r-gluta-glow-serum-30g.html;93800.0;84400.0;84400.0;60375.0;60375.0;71.53;35500.0;False;Aplicado;"Autorizado por el dueño y verificado en la API pública. Referencia ML indexada; gastos pendientes.";https://myaimportaciones.vercel.app/producto/medicube-age-r-glutathione-glow-capsule-cream-50-ml-75;https://atacadousa.com.py/cosmeticos/12307-creme-facial-medicube-age-r-glutathine-glow-capsule-cream-50ml573188.html;2026-10-02T19:24:22.694299+00:00;Medicube, Age-r, Glutathione Glow Capsule Cream 50 Ml;https://www.mercadolibre.com.ar/medicube-ager-glutathione-glow-capsule-cream-50-ml/up/MLAU3668613153;market-12.txt;2026-10-02;63283;https://www.mercadolibre.com.ar/ager-glutathione-glow-capsule-crema-antiarrugas--50ml/up/MLAU3292650425;2026-10-01T15:13:20+00:00;15;48900;True;60375.0;71.53
9d3b857a-d545-5ed3-9ca3-1d0a0752d48d;MYA-KB-031;Medicube AGE-R Glutathione Glow Toner 140 ml;True;54000;15.0;1550;23250.0;15;USD;2026-10-01T14:41:54.713314+00:00;15.0;https://atacadousa.com.py/cosmeticos/12469-medicube-age-r-glutathione-glow-toner-140ml-114382.html;60000.0;54000.0;54000.0;30750.0;30750.0;56.94;-3000.0;False;Aplicado;"Autorizado por el dueño y verificado en la API pública. Referencia ML indexada; gastos pendientes.";https://myaimportaciones.vercel.app/producto/medicube-age-r-glutathione-glow-toner-140-ml-31;https://atacadousa.com.py/cosmeticos/12469-medicube-age-r-glutathione-glow-toner-140ml-114382.html;2026-10-02T19:24:23.379172+00:00;Medicube Age-r Glutathione Glow Toner 140ml Momento De Aplicación Día/noche Tipo De Piel Todo Tipo De Piel;https://www.mercadolibre.com.ar/medicube-age-r-glutathione-glow-toner-140ml-momento-de-aplicacion-dianoche-tipo-de-piel-todo-tipo-de-piel/p/MLA50967082;market-12.txt;2026-10-02;60000;https://www.mercadolibre.com.ar/medicube-age-r-glutathione-glow-toner-140ml-momento-de-aplicacion-dianoche-tipo-de-piel-todo-tipo-de-piel/p/MLA50967082;2026-10-01T15:13:20+00:00;6;57000;True;30750.0;56.94
972db6da-1563-591f-a70b-f425e7911022;MYA-KB-017;Medicube AGE-R Sanitizing Wipes - 30 toallitas;False;0;4.0;1550;6200.0;4;USD;2026-10-01T14:41:54.713314+00:00;4.0;https://atacadousa.com.py/cosmeticos/12480-medicube-age-r-sanitizing-wipes-30-wipes-368748.html;;;;;;;;False;Pendiente;falta comparable ML suficiente;https://myaimportaciones.vercel.app/producto/medicube-age-r-sanitizing-wipes-30-toallitas-17;https://atacadousa.com.py/cosmeticos/12480-medicube-age-r-sanitizing-wipes-30-wipes-368748.html;2026-10-02T19:24:23.448339+00:00;;;;2026-10-02;;;;4;0;False;;
a4761429-b94d-5780-abd1-d6712581b4b7;MYA-KB-038;Medicube Azelaic Acid 16 BB Calming Serum 30 ml;True;43900;14.0;1550;21700.0;14;USD;2026-10-01T15:21:24.928708+00:00;13.75;https://www.starcompany-py.com/cosmeticos-coreanos/17901-medicube-azelaic-acid-16-bb-calming-serum-facial-30ml.html;;;;;;;;False;Pendiente;falta comparable ML suficiente;https://myaimportaciones.vercel.app/producto/medicube-azelaic-acid-16-bb-calming-serum-30-ml-38;https://atacadousa.com.py/cosmeticos/12482-medicube-azelaic-acid-16-bb-soothing-serum-16-30ml-479083.html;2026-10-02T19:24:23.569582+00:00;;;;2026-10-02;;;;6;43900;False;22200.0;50.57
165ceeb8-4cdb-5396-ae48-99825b4fd9a9;MYA-KB-142;Medicube Azelaic Acid 16 BB Calming Serum Mask - 1 mascarilla;True;10800;2.4;1550;3720.0;2.4;USD;2026-10-01T14:41:54.713314+00:00;2.4;https://www.starcompany-py.com/cosmeticos-coreanos/17253-medicube-azelaic-acid-16bb-calming-mascara-1-pc.html;12079.99;10800.0;10800.0;7080.0;7080.0;65.56;-675.0;False;Aplicado;"Autorizado por el dueño y verificado en la API pública. Referencia ML indexada; gastos pendientes.";https://myaimportaciones.vercel.app/producto/medicube-azelaic-acid-16-bb-calming-serum-mask-1-mascarilla-142;https://www.starcompany-py.com/cosmeticos-coreanos/17253-medicube-azelaic-acid-16bb-calming-mascara-1-pc.html;2026-10-02T19:24:24.596782+00:00;Medicube Azelaic Acid 16 Bb Calming Serum Mascarilla 1unidad;https://www.mercadolibre.com.ar/medicube-azelaic-acid-16-bb-calming-serum-mascarilla-1unidad/up/MLAU4383706595;market-16.txt;2026-10-02;12079.99;https://www.mercadolibre.com.ar/medicube-azelaic-acid-16-bb-calming-serum-mascarilla-1unidad/up/MLAU4383706595;2026-10-01T15:13:20+00:00;14;11475;True;7080.0;65.56
82f78440-eec8-5508-ad66-fd28ada1920d;MYA-KB-034;Medicube Azelaic Acid Capsule Cleansing Foam 120 g;True;59900;19.0;1550;29450.0;19;USD;2026-10-01T15:21:24.928708+00:00;15.9;https://www.starcompany-py.com/cosmeticos-coreanos/17902-medicube-azelaic-acid-capsule-cleansing-foam-120g.html;;;;;;;;False;Pendiente;falta comparable ML suficiente;https://myaimportaciones.vercel.app/producto/medicube-azelaic-acid-capsule-cleansing-foam-120-g-34;https://atacadousa.com.py/cosmeticos/12474-medicube-azelaic-acid-capsule-cleansing-foam-120g-461118.html;2026-10-02T19:24:24.744826+00:00;;;;2026-10-02;;;;6;59900;False;30450.0;50.83
a027e2bc-aead-5cdc-9e13-d1ea9455642e;MYA-KB-149;Medicube Azelaic Acid Exosome Shot 2000 Sérum Facial 30 ml;True;50350;13.75;1550;21312.5;13.75;USD;2026-10-01T14:41:54.713314+00:00;13.75;https://www.starcompany-py.com/cosmeticos-coreanos/17903-medicube-azelaic-acid-exosome-shot-2000-serum-facial-30ml.html;53000.0;47700.0;;26387.5;26387.5;55.32;-2650.0;False;Pendiente;confirmar unidad/pack en ficha ML;https://myaimportaciones.vercel.app/producto/medicube-azelaic-acid-exosome-shot-2000-serum-facial-30-ml-149;https://www.starcompany-py.com/cosmeticos-coreanos/17903-medicube-azelaic-acid-exosome-shot-2000-serum-facial-30ml.html;2026-10-02T19:24:24.935174+00:00;Sérum Facial Medicube Azelaic Acid Exosome Shot 2000 30 Ml;https://www.mercadolibre.com.ar/serum-facial-medicube-azelaic-acid-exosome-shot-2000-30-ml/p/MLA64498662;market-single-25.txt;2026-10-02;53000;https://www.mercadolibre.com.ar/serum-facial-medicube-azelaic-acid-exosome-shot-2000-30-ml/p/MLA64498662;2026-10-01T15:13:20+00:00;41;50350;False;29037.5;57.67
899556c3-f698-54c4-b86f-b5a2f31875fd;MYA-KB-027;Medicube Azelaic Acid Exosome Shot 7500 30 ml;True;47400;15.0;1550;23250.0;15;USD;2026-10-01T15:21:24.928708+00:00;14.75;https://www.starcompany-py.com/cosmeticos-coreanos/17904-medicube-azelaic-acid-exosome-shot-7500-serum-facial-30ml.html;;;;;;;;False;Pendiente;falta comparable ML suficiente;https://myaimportaciones.vercel.app/producto/medicube-azelaic-acid-exosome-shot-7500-30-ml-27;https://atacadousa.com.py/cosmeticos/12365-medicube-azelaic-acid-exosome-shot-7500-30ml-474781.html;2026-10-02T19:24:25.467782+00:00;;;;2026-10-02;86000;https://www.mercadolibre.com.ar/medicube-azelaic-acid-exosome-shot-serum-7500--30-ml/up/MLAU3678024679;2026-10-01T15:13:20+00:00;12;47400;False;24150.0;50.95
c6bb6ad9-ec8a-544a-a775-1c935cc92511;MYA-KB-025;Medicube Azelaic Acid Niacinamide Deep Clean Foam Cleanser 120 g;False;0;11.9;1550;18445.0;11.9;USD;2026-10-01T14:41:54.713314+00:00;11.9;https://www.starcompany-py.com/cosmeticos-coreanos/17905-medicube-azelaic-acid-niacinamide-deep-clean-limpador-facial-120g.html;63000.0;56700.0;;38255.0;38255.0;67.47;56700.0;False;Pendiente;confirmar unidad/pack en ficha ML;https://myaimportaciones.vercel.app/producto/medicube-azelaic-acid-niacinamide-deep-clean-foam-cleanser-120-g-25;https://www.starcompany-py.com/cosmeticos-coreanos/17905-medicube-azelaic-acid-niacinamide-deep-clean-limpador-facial-120g.html;2026-10-02T19:24:25.784375+00:00;Medicube Azelaic Acid Niacinamide Limpiador 120g;https://www.mercadolibre.com.ar/medicube-azelaic-acid-niacinamide--limpiador-120g/up/MLAU3482775589;market-single-10.txt;2026-10-02;;;;39;0;False;;
18e5a159-4574-5d8b-96e9-d5d62c1f7aa8;MYA-KB-021;Medicube Collagen Glow Booster Serum 15 ml;True;35800;14.0;1550;21700.0;14;USD;2026-10-01T15:21:24.928708+00:00;14.0;https://atacadousa.com.py/cosmeticos/11775-serum-facial-medicube-collagen-glow-booster-15ml-339206.html;39840.0;35800.0;35800.0;14100.0;14100.0;39.39;-8100.0;False;Aplicado;"Autorizado por el dueño y verificado en la API pública. Referencia ML indexada; gastos pendientes.";https://myaimportaciones.vercel.app/producto/medicube-collagen-glow-booster-serum-15-ml-21;https://atacadousa.com.py/cosmeticos/11775-serum-facial-medicube-collagen-glow-booster-15ml-339206.html;2026-10-02T19:24:26.348129+00:00;Medicube Facial Collagen Glow Booster Milk Serum;https://www.mercadolibre.com.ar/serum-collagen-glow-booster-milk-serum/p/MLA72692536;market-20.txt;2026-10-02;39840;https://www.mercadolibre.com.ar/serum-collagen-glow-booster-milk-serum/p/MLA72692536;2026-10-01T15:13:20+00:00;59;43900;True;14100.0;39.39
156233dc-6bbd-5105-aaf0-95ee11ec297f;MYA-KB-046;Medicube Collagen Glow Bubble Serum 100 ml;True;54000;18.5;1550;28675.0;18.5;USD;2026-10-01T14:41:54.713314+00:00;18.5;https://www.starcompany-py.com/cosmeticos-coreanos/17907-medicube-collagen-glow-bubble-serum-facial-100ml.html;60000.0;54000.0;54000.0;25325.0;25325.0;46.9;-3000.0;False;Aplicado;"Autorizado por el dueño y verificado en la API pública. Referencia ML indexada; gastos pendientes.";https://myaimportaciones.vercel.app/producto/medicube-collagen-glow-bubble-serum-100-ml-46;https://www.starcompany-py.com/cosmeticos-coreanos/17907-medicube-collagen-glow-bubble-serum-facial-100ml.html;2026-10-02T19:24:26.523258+00:00;Medicube Bubble Serum Collagen Glow;https://www.mercadolibre.com.ar/medicube-bubble-serum-collagen-glow/up/MLAU3966007147;market-single-12.txt;2026-10-02;60000;https://www.mercadolibre.com.ar/medicube-bubble-serum-collagen-glow/up/MLAU3966007147;2026-10-01T15:13:20+00:00;2;57000;True;25325.0;46.9
5e259db6-73ea-5fa2-be64-dffa04eb6227;MYA-KB-082;Medicube Collagen Jelly Cream 110 ml;True;58900;10.5;1550;16275.0;10.5;USD;2026-10-01T15:21:24.928708+00:00;10.5;https://atacadousa.com.py/cosmeticos/11366-creme-facial-medicube-collagen-jelly-cream-110ml-769903.html;65550.0;58900.0;58900.0;42625.0;42625.0;72.37;26000.0;False;Aplicado;"Autorizado por el dueño y verificado en la API pública. Referencia ML indexada; gastos pendientes.";https://myaimportaciones.vercel.app/producto/medicube-collagen-jelly-cream-110-ml-82;https://atacadousa.com.py/cosmeticos/11366-creme-facial-medicube-collagen-jelly-cream-110ml-769903.html;2026-10-02T19:24:26.754979+00:00;Medicube Collagen Jelly Cream - 110ml Aumenta La Hidratación;https://www.mercadolibre.com.ar/medicube-collagen-jelly-cream--110ml-aumenta-la-hidratacion/up/MLAU4222862832;market-20.txt;2026-10-02;60450;https://www.mercadolibre.com.ar/medicube-collagen-jelly-cream-momento-de-aplicacion-dianoche-tipo-de-piel-todo-tipo-de-piel/p/MLA37117930/;2026-10-01T15:13:20+00:00;134;32900;True;42625.0;72.37
d74e93dd-5b99-5035-a870-bbf8eb15f29a;MYA-KB-081;Medicube Collagen Jelly Cream 50 ml;True;45400;9.99;1550;15484.5;9.99;USD;2026-10-01T15:21:24.928708+00:00;9.5;https://www.starcompany-py.com/cosmeticos/14195-medicube-collagen-jelly-cream-50ml.html;50494.0;45400.0;45400.0;29915.5;29915.5;65.89;14500.0;False;Aplicado;"Autorizado por el dueño y verificado en la API pública. Referencia ML indexada; gastos pendientes.";https://myaimportaciones.vercel.app/producto/medicube-collagen-jelly-cream-50-ml-81;https://atacadousa.com.py/cosmeticos/10093-creme-facial-medicube-collagen-jelly-cream-50ml-x004e3i7i7.html;2026-10-02T19:24:27.468732+00:00;Medicube Crema De Jalea De Colágeno 50ml Hidratante;https://www.mercadolibre.com.ar/medicube-crema-de-jalea-de-colageno-50ml-hidratante/p/MLA61221792;market-single-13.txt;2026-10-02;50494;https://www.mercadolibre.com.ar/medicube-crema-de-jalea-de-colageno-50ml-hidratante/p/MLA61221792;2026-10-01T15:13:20+00:00;54;30900;True;29915.5;65.89
142f1003-fe12-5ad4-b1f5-baeda8657bc6;MYA-KB-083;Medicube Collagen Lifting Mask - 1 mascarilla / 27 g;True;5800;2.75;1550;4262.5;2.75;USD;2026-10-01T14:41:54.713314+00:00;2.75;https://atacadousa.com.py/cosmeticos/11702-mascara-facial-medicube-collagen-lieting-mask1unidad-27g411741.html;6499.0;5800.0;5800.0;1537.5;1537.5;26.51;-374.0;False;Aplicado;"Autorizado por el dueño y verificado en la API pública. Referencia ML indexada; gastos pendientes.";https://myaimportaciones.vercel.app/producto/medicube-collagen-lifting-mask-1-mascarilla-27-g-83;https://atacadousa.com.py/cosmeticos/11702-mascara-facial-medicube-collagen-lieting-mask1unidad-27g411741.html;2026-10-02T19:24:27.556701+00:00;Medicube Collagen Lifting Mask Triple Colágeno Efecto Lifti Normal A Sensible;https://www.mercadolibre.com.ar/medicube-collagen-lifting-mask-triple-colageno-efecto-lifti-normal-a-sensible/p/MLA49334812;market-24.txt;2026-10-02;6499;https://www.mercadolibre.com.ar/medicube-collagen-lifting-mask-triple-colageno-efecto-lifti-normal-a-sensible/p/MLA49334812;2026-10-01T15:13:20+00:00;68;6174;True;1537.5;26.51
8d4cef65-e791-5a04-bc04-d2a7e2a01d28;MYA-KB-094;Medicube Collagen Night Wrapping Mask 75 ml;True;62000;12.4;1550;19220.0;12.4;USD;2026-10-01T14:41:54.713314+00:00;12.4;https://www.starcompany-py.com/cosmeticos/14193-medicube-collagen-night-wrapping-mask.html;68999.0;62000.0;62000.0;42780.0;42780.0;69.0;20921.0;False;Aplicado;"Autorizado por el dueño y verificado en la API pública. Referencia ML indexada; gastos pendientes.";https://myaimportaciones.vercel.app/producto/medicube-collagen-night-wrapping-mask-75-ml-94;https://www.starcompany-py.com/cosmeticos/14193-medicube-collagen-night-wrapping-mask.html;2026-10-02T19:24:28.261633+00:00;Medicube Collagen Night Wrapping Mascarilla Nocturna 75ml;https://www.mercadolibre.com.ar/medicube-collagen-night-wrapping-mascarilla-nocturna-75ml/up/MLAU3465513221;market-24.txt;2026-10-02;43242;https://www.mercadolibre.com.ar/medicube-collagen-night-wrapping-mask-75ml-k-beauty-momento-de-aplicacion-noche-tipo-de-piel-todo-tipo-de-piel/p/MLA41026225;2026-10-01T15:13:20+00:00;197;41079;True;42780.0;69.0
79ae76af-4f0a-5c99-b1b8-33ef4e5877d5;MYA-KB-016;Medicube Crema Facial Exosome Cica 50 ml;True;41900;13.5;1550;20925.0;13.5;USD;2026-10-01T15:21:24.928708+00:00;13.5;https://atacadousa.com.py/cosmeticos/11488-medicube-creme-facial-exosome-cica-50ml112142.html;;;;;;;;False;Pendiente;falta comparable ML suficiente;https://myaimportaciones.vercel.app/producto/medicube-crema-facial-exosome-cica-50-ml-16;https://atacadousa.com.py/cosmeticos/11488-medicube-creme-facial-exosome-cica-50ml112142.html;2026-10-02T19:24:28.465086+00:00;;;;2026-10-02;;;;17;41900;False;20975.0;50.06
09ef8573-c0f6-51c6-8725-7f638121f900;MYA-KB-011;Medicube Deep Lifting Peptide Eye Cream 30 ml;True;43600;17.5;1550;27125.0;17.5;USD;2026-10-01T15:21:24.928708+00:00;17.5;https://atacadousa.com.py/cosmeticos/10759-medicube-deep-lifting-peptide-eye-cream-30ml-579838.html;48500.0;43600.0;43600.0;16475.0;16475.0;37.79;-11300.0;False;Aplicado;"Autorizado por el dueño y verificado en la API pública. Referencia ML indexada; gastos pendientes.";https://myaimportaciones.vercel.app/producto/medicube-deep-lifting-peptide-eye-cream-30-ml-11;https://atacadousa.com.py/cosmeticos/10759-medicube-deep-lifting-peptide-eye-cream-30ml-579838.html;2026-10-02T19:24:29.077630+00:00;Medicube Deep Lifting Peptide Crema Contorno De Ojos 30ml Momento De Aplicación Día/noche Tipo De Piel Todo Tipo De Piel;https://www.mercadolibre.com.ar/medicube-deep-lifting-peptide-crema-contorno-de-ojos-30ml-momento-de-aplicacion-dianoche-tipo-de-piel-todo-tipo-de-piel/p/MLA45976859;market-28.txt;2026-10-02;48500;https://www.mercadolibre.com.ar/medicube-deep-lifting-peptide-crema-contorno-de-ojos-30ml-momento-de-aplicacion-dianoche-tipo-de-piel-todo-tipo-de-piel/p/MLA45976859;2026-10-01T15:13:20+00:00;5;54900;True;16475.0;37.79
f38fee85-36e5-53fd-95ff-6f4d38f9fb5f;MYA-KB-060;Medicube Deep Peptide Radiance Mask - 1 mascarilla;False;0;2.99;1550;4634.5;2.99;USD;2026-10-01T14:41:54.713314+00:00;2.99;https://atacadousa.com.py/cosmeticos/11703-medicube-mascara-facial-deep-peptide-radiance-1unidad-576585.html;;;;;;;;False;Pendiente;falta comparable ML suficiente;https://myaimportaciones.vercel.app/producto/medicube-deep-peptide-radiance-mask-1-mascarilla-60;https://atacadousa.com.py/cosmeticos/11703-medicube-mascara-facial-deep-peptide-radiance-1unidad-576585.html;2026-10-02T19:24:29.082315+00:00;;;;2026-10-02;;;;17;0;False;;
6fbb7625-1e80-500f-9818-0fcf9806c3a8;MYA-KB-012;Medicube Deep Vita A Retinol Serum 30 ml;True;41000;14.9;1550;23095.0;14.9;USD;2026-10-01T15:21:24.928708+00:00;14.4;https://www.starcompany-py.com/cosmeticos-coreanos/16967-medicube-deep-vita-a-retinol-serum-30ml.html;45599.4;41000.0;41000.0;17905.0;17905.0;43.67;-5900.0;False;Aplicado;"Autorizado por el dueño y verificado en la API pública. Referencia ML indexada; gastos pendientes.";https://myaimportaciones.vercel.app/producto/medicube-deep-vita-a-retinol-serum-30-ml-12;https://atacadousa.com.py/cosmeticos/10762-medicube-deep-vita-a-retinol-serum-30ml-356620.html;2026-10-02T19:24:29.242633+00:00;Serum Deep Vita A Retinol Serum Medicube 30 Ml Tratamiento Antiedad y Textura;https://www.mercadolibre.com.ar/serum-deep-vita-a-retinol-serum-medicube-30-ml-tratamiento-antiedad-y-textura/p/MLA77925060;market-single-40.txt;2026-10-02;45599.4;https://www.mercadolibre.com.ar/serum-deep-vita-a-retinol-serum-medicube-30-ml-tratamiento-antiedad-y-textura/p/MLA77925060;2026-10-01T15:13:20+00:00;4;46900;True;17905.0;43.67
5986bfdc-d746-5ebd-ac17-9411bd4c45a4;MYA-KB-098;Medicube Deep Vita C Ampoule 14.5% - Pack de 3 x 10 g;False;0;18.0;1550;27900.0;18;USD;2026-10-01T14:41:54.713314+00:00;18.0;https://atacadousa.com.py/cosmeticos/10937-serum-facial-medicube-deep-vita-c-ampoule-145-3unid566944.html;;;;;;;;False;Pendiente;falta comparable ML suficiente;https://myaimportaciones.vercel.app/producto/medicube-deep-vita-c-ampoule-14-5-pack-de-3-x-10-g-98;https://atacadousa.com.py/cosmeticos/10937-serum-facial-medicube-deep-vita-c-ampoule-145-3unid566944.html;2026-10-02T19:24:29.861519+00:00;;;;2026-10-02;;;;33;0;False;;
d97f9f59-b597-5f66-9c53-16e253928fe4;MYA-KB-067;Medicube Deep Vita C Capsule Cream 55 g;True;46900;14.0;1550;21700.0;15;USD;2026-10-01T15:21:24.928708+00:00;14.0;https://atacadousa.com.py/cosmeticos/10094-creme-facial-medicube-deep-vita-c-capsule-cream-55g-x00481mra9.html;59999.0;53900.0;;32200.0;32200.0;59.74;7000.0;False;Pendiente;confirmar unidad/pack en ficha ML;https://myaimportaciones.vercel.app/producto/medicube-deep-vita-c-capsule-cream-55-g-67;https://atacadousa.com.py/cosmeticos/10094-creme-facial-medicube-deep-vita-c-capsule-cream-55g-x00481mra9.html;2026-10-02T19:24:29.864481+00:00;Crema En Cápsulas Medicube Para Una Piel Radiante Y De - Fragancia Deep Vita C;https://www.mercadolibre.com.ar/crema-en-capsulas-medicube-para-una-piel-radiante-y-de-fragancia-deep-vita-c/p/MLA65290442;market-28.txt;2026-10-02;59999;https://www.mercadolibre.com.ar/crema-en-capsulas-medicube-para-una-piel-radiante-y-de-fragancia-deep-vita-c/p/MLA65290442;2026-10-01T15:13:20+00:00;256;46900;False;25200.0;53.73
aed21d2c-7739-5b53-b192-07b6e617d80c;MYA-KB-045;Medicube Deep Vita C Capsule Serum 30 ml;True;58000;15.5;1550;24025.0;15.5;USD;2026-10-01T15:21:24.928708+00:00;14.9;https://www.starcompany-py.com/cosmeticos-coreanos/16966-medicube-deep-vita-c-capsule-serum-30ml.html;64504.08;58000.0;58000.0;33975.0;33975.0;58.58;9100.0;False;Aplicado;"Autorizado por el dueño y verificado en la API pública. Referencia ML indexada; gastos pendientes.";https://myaimportaciones.vercel.app/producto/medicube-deep-vita-c-capsule-serum-30-ml-45;https://atacadousa.com.py/cosmeticos/12491-medicube-deep-vita-c-capsule-serum-30ml-479977.html;2026-10-02T19:24:30.132326+00:00;Medicube Deep Vita C Capsule Serum 30ml - Ilumina La Piel Madura Noche;https://www.mercadolibre.com.ar/medicube-deep-vita-c-capsule-serum-30ml-ilumina-la-piel-madura-noche/p/MLA65423981;market-28.txt;2026-10-02;64504.08;https://www.mercadolibre.com.ar/medicube-deep-vita-c-capsule-serum-30ml-ilumina-la-piel-madura-noche/p/MLA65423981;2026-10-01T15:13:20+00:00;23;48900;True;33975.0;58.58
6db538c0-2ddc-5f46-83bd-00b3162af1f2;MYA-KB-014;Medicube Deep Vita C Daily Quick Mask - 30 mascarillas / 350 g;False;0;14.9;1550;23095.0;14.9;USD;2026-10-01T14:41:54.713314+00:00;14.9;https://www.starcompany-py.com/cosmeticos-coreanos/16968-medicube-deep-vita-c-daily-quick-mask-30un.html;;;;;;;;False;Pendiente;falta comparable ML suficiente;https://myaimportaciones.vercel.app/producto/medicube-deep-vita-c-daily-quick-mask-30-mascarillas-350-g-14;https://www.starcompany-py.com/cosmeticos-coreanos/16968-medicube-deep-vita-c-daily-quick-mask-30un.html;2026-10-02T19:24:30.698865+00:00;;;;2026-10-02;;;;20;0;False;;
4db8928e-a9e1-5f07-9422-6e90cbd1f8f1;MYA-KB-049;Medicube Deep Vita C Glutathione Brightening Mask - 1 mascarilla / 27 ml;False;0;4.0;1550;6200.0;4;USD;2026-10-01T14:41:54.713314+00:00;4.0;https://atacadousa.com.py/cosmeticos/12892-medicube-deep-vita-c-mask-glutathione-brightening-27ml-1unid.html;;;;;;;;False;Pendiente;falta comparable ML suficiente;https://myaimportaciones.vercel.app/producto/medicube-deep-vita-c-glutathione-brightening-mask-1-mascarilla-27-ml-49;https://atacadousa.com.py/cosmeticos/12892-medicube-deep-vita-c-mask-glutathione-brightening-27ml-1unid.html;2026-10-02T19:24:30.970598+00:00;;;;2026-10-02;;;;6;0;False;;
1eb9acc8-9a2b-5fb1-859b-0efe9e8ace4a;MYA-KB-093;Medicube Deep Vita C Pad - 70 pads / 150 g;True;37900;12.0;1550;18600.0;12;USD;2026-10-01T15:21:24.928708+00:00;12.0;https://atacadousa.com.py/cosmeticos/10072-tonico-facial-medicube-lenco-deep-vita-c-pad-70unid-150gx003keek87.html;;;;;;;;False;Pendiente;falta comparable ML suficiente;https://myaimportaciones.vercel.app/producto/medicube-deep-vita-c-pad-70-pads-150-g-93;https://atacadousa.com.py/cosmeticos/10072-tonico-facial-medicube-lenco-deep-vita-c-pad-70unid-150gx003keek87.html;2026-10-02T19:24:31.575429+00:00;;;;2026-10-02;59900;https://www.mercadolibre.com.ar/medicube-almohadillas-faciales-deep-vita-c/p/MLA45065566;2026-10-01T15:13:20+00:00;25;37900;False;19300.0;50.92
275a41f1-a0ee-544b-94dd-883d9b43748c;MYA-KB-113;Medicube EGF NAD Firming Serum 30 ml;True;80700;18.5;1550;28675.0;18.5;USD;2026-10-01T14:41:54.713314+00:00;18.5;https://www.starcompany-py.com/cosmeticos-coreanos/16969-medicube-egf-nad-firming-serum-30ml.html;89769.0;80700.0;80700.0;52025.0;52025.0;64.47;-4580.0;False;Aplicado;"Autorizado por el dueño y verificado en la API pública. Referencia ML indexada; gastos pendientes.";https://myaimportaciones.vercel.app/producto/medicube-egf-nad-firming-serum-30-ml-113;https://www.starcompany-py.com/cosmeticos-coreanos/16969-medicube-egf-nad-firming-serum-30ml.html;2026-10-02T19:24:31.644824+00:00;Medicube Egf Nad Firming - Serum 30ml Antiedad Madura Noche;https://www.mercadolibre.com.ar/medicube-egf-nad-firming-serum-30ml-antiedad-madura-noche/p/MLA72069090;market-32.txt;2026-10-02;89769;https://www.mercadolibre.com.ar/medicube-egf-nad-firming-serum-30ml-antiedad-madura-noche/p/MLA72069090;2026-10-01T15:13:20+00:00;40;85280;True;52025.0;64.47
13870068-f27a-52fa-aa57-445ed61bd112;MYA-KB-029;Medicube Glow Vanilla Hair Body Fragrance Mist 30 ml;False;0;10.0;1550;15500.0;10;USD;2026-10-01T14:41:54.713314+00:00;10.0;https://atacadousa.com.py/cosmeticos/12369-medicube-glow-vanilla-hair-body-fragrance-mist-30ml.html;;;;;;;;False;Pendiente;falta comparable ML suficiente;https://myaimportaciones.vercel.app/producto/medicube-glow-vanilla-hair-body-fragrance-mist-30-ml-29;https://atacadousa.com.py/cosmeticos/12369-medicube-glow-vanilla-hair-body-fragrance-mist-30ml.html;2026-10-02T19:24:31.731846+00:00;;;;2026-10-02;;;;13;0;False;;
1fcd8192-a275-5e02-a3b3-1f65ec69e6e5;MYA-KB-052;Medicube Glutathione Glow Serum 30 g;True;38900;12.5;1550;19375.0;12.5;USD;2026-10-01T15:21:24.928708+00:00;8.5;https://www.starcompany-py.com/cosmeticos-coreanos/16986-medicube-gluta-glow-capsule-cream-50ml.html;37949.5;34100.0;;14725.0;14725.0;43.18;-4800.0;False;Pendiente;unidad 30 g en MYA frente a 30 ml en título ML;https://myaimportaciones.vercel.app/producto/medicube-glutathione-glow-serum-30-g-52;https://atacadousa.com.py/cosmeticos/12479-medicube-glutathione-glow-serum-30g-115174.html;2026-10-02T19:24:32.267619+00:00;Medicube Age-r Glutathione Glow Serum 30ml Momento De Aplicación Día/noche Tipo De Piel Todo Tipo De Piel;https://www.mercadolibre.com.ar/medicube-age-r-glutathione-glow-serum-30ml-momento-de-aplicacion-dianoche-tipo-de-piel-todo-tipo-de-piel/p/MLA52586488;market-32.txt;2026-10-02;37949.5;https://www.mercadolibre.com.ar/medicube-age-r-glutathione-glow-serum-30ml-momento-de-aplicacion-dianoche-tipo-de-piel-todo-tipo-de-piel/p/MLA52586488;2026-10-01T15:13:20+00:00;4;38900;False;19525.0;50.19
c8e0602a-45d4-5712-bb3d-435b2433ce07;MYA-KB-126;Medicube Hyaluronic Ceramide Jelly Cream 50 ml;True;42000;14.4;1550;22320.0;14.4;USD;2026-10-01T14:41:54.713314+00:00;14.4;https://www.starcompany-py.com/cosmeticos-coreanos/16982-medicube-hyalu-ceramide-jelly-cream-50ml.html;46775.0;42000.0;42000.0;19680.0;19680.0;46.86;-2436.0;False;Aplicado;"Autorizado por el dueño y verificado en la API pública. Referencia ML indexada; gastos pendientes.";https://myaimportaciones.vercel.app/producto/medicube-hyaluronic-ceramide-jelly-cream-50-ml-126;https://www.starcompany-py.com/cosmeticos-coreanos/16982-medicube-hyalu-ceramide-jelly-cream-50ml.html;2026-10-02T19:24:32.676279+00:00;Medicube Hialuronico + Ceramidas 50ml . ¡super Hidratacion! Normal A Seca Día;https://www.mercadolibre.com.ar/medicube-hialuronico-ceramidas-50ml-super-hidratacion-normal-a-seca-dia/p/MLA65219803;market-single-29.txt;2026-10-02;46775;https://www.mercadolibre.com.ar/medicube-hialuronico-ceramidas-50ml-super-hidratacion-normal-a-seca-dia/p/MLA65219803;2026-10-01T15:13:20+00:00;40;44436;True;19680.0;46.86
e91b2c96-c5ab-5586-9eab-66bfd51b184f;MYA-KB-026;Medicube Hyaluronic Moisturizing Capsule Cream 55 g;True;48900;15.5;1550;24025.0;15.5;USD;2026-10-01T15:21:24.928708+00:00;14.7;https://www.starcompany-py.com/cosmeticos-coreanos/16983-medicube-hyaluro-moist-capsule-cream-55g.html;;;;;;;;False;Pendiente;falta comparable ML suficiente;https://myaimportaciones.vercel.app/producto/medicube-hyaluronic-moisturizing-capsule-cream-55-g-26;https://atacadousa.com.py/cosmeticos/12363-medicube-hyaluronic-moisturizing-capsule-cream-55g-477478.html;2026-10-02T19:24:32.804793+00:00;;;;2026-10-02;;;;6;48900;False;24875.0;50.87
3b941fed-b3bb-5768-ab04-3d1ba94b0224;MYA-KB-059;Medicube Hyaluronic Multi Peptide Serum 30 ml;True;57800;13.0;1550;20150.0;13;USD;2026-10-01T15:21:24.928708+00:00;12.9;https://www.starcompany-py.com/cosmeticos-coreanos/16984-medicube-hyalur-multi-peptide-serum-30ml.html;64309.06;57800.0;57800.0;37650.0;37650.0;65.14;16900.0;False;Aplicado;"Autorizado por el dueño y verificado en la API pública. Referencia ML indexada; gastos pendientes.";https://myaimportaciones.vercel.app/producto/medicube-hyaluronic-multi-peptide-serum-30-ml-59;https://atacadousa.com.py/cosmeticos/12366-medicube-hyaluronic-multi-peptide-serum-30ml-119141.html;2026-10-02T19:24:33.536182+00:00;Medicube Serum Hyaluronic Multi Peptide 30ml Día/noche Tipo De Piel Todo Tipo De Piel;https://www.mercadolibre.com.ar/medicube-hyaluronic-multi-peptide-serum-30ml-momento-de-aplicacion-dianoche-tipo-de-piel-todo-tipo-de-piel/p/MLA51485560;market-36.txt;2026-10-02;55242.5;https://www.mercadolibre.com.ar/medicube-serum-hyaluronic-multi-peptide-30ml-dianoche-tipo-de-piel-todo-tipo-de-piel/p/MLA51485560;2026-10-01T15:13:20+00:00;127;40900;True;37650.0;65.14
62cc3221-fb24-5599-8d22-331b0761ff1e;MYA-KB-087;Medicube Hypochlorous Acid Daily Facial Spray 125 ml;True;48600;12.0;1550;18600.0;12;USD;2026-10-01T15:21:24.928708+00:00;12.0;https://atacadousa.com.py/cosmeticos/11839-mist-facial-medicube-hypochlorous-acid-daily-spray-125ml479991.html;54090.0;48600.0;48600.0;30000.0;30000.0;61.73;10700.0;False;Aplicado;"Autorizado por el dueño y verificado en la API pública. Referencia ML indexada; gastos pendientes.";https://myaimportaciones.vercel.app/producto/medicube-hypochlorous-acid-daily-facial-spray-125-ml-87;https://atacadousa.com.py/cosmeticos/11839-mist-facial-medicube-hypochlorous-acid-daily-spray-125ml479991.html;2026-10-02T19:24:34.199890+00:00;Spray Facial Medicube 125 Ml Ácido Hipocloroso Y Niacinamida Todo Tipo De Piel;https://www.mercadolibre.com.ar/spray-facial-medicube-125-ml-acido-hipocloroso-y-niacinamida-todo-tipo-de-piel/p/MLA66897991;market-single-21.txt;2026-10-02;54090;https://www.mercadolibre.com.ar/spray-facial-medicube-125-ml-acido-hipocloroso-y-niacinamida-todo-tipo-de-piel/p/MLA66897991;2026-10-01T15:13:20+00:00;11;37900;True;30000.0;61.73
2eebc109-0e78-57df-8437-80201247a484;MYA-KB-086;Medicube Hypochlorous Acid Daily Facial Spray 50 ml;True;37700;9.5;1550;14725.0;9.5;USD;2026-10-01T15:21:24.928708+00:00;9.5;https://atacadousa.com.py/cosmeticos/11838-mist-facial-medicube-hypochlorous-acid-daily-spray-50ml479502.html;41920.86;37700.0;37700.0;22975.0;22975.0;60.94;7800.0;False;Aplicado;"Autorizado por el dueño y verificado en la API pública. Referencia ML indexada; gastos pendientes.";https://myaimportaciones.vercel.app/producto/medicube-hypochlorous-acid-daily-facial-spray-50-ml-86;https://atacadousa.com.py/cosmeticos/11838-mist-facial-medicube-hypochlorous-acid-daily-spray-50ml479502.html;2026-10-02T19:24:34.288828+00:00;Medicube Hypochlorous Acid Daily Spray Facial Calmante Normal A Sensible Día/noche;https://www.mercadolibre.com.ar/medicube-hypochlorous-acid-daily-spray-facial-calmante-normal-a-sensible-dianoche/p/MLA73886399;market-36.txt;2026-10-02;41920.86;https://www.mercadolibre.com.ar/medicube-hypochlorous-acid-daily-spray-facial-calmante-normal-a-sensible-dianoche/p/MLA73886399;2026-10-01T15:13:20+00:00;9;29900;True;22975.0;60.94
379b29e9-35bf-59c6-a08b-da9f116e3784;MYA-KB-124;Medicube Kojic Acid Turmeric Niacinamide Serum 30 ml;True;52400;13.5;1550;20925.0;13.5;USD;2026-10-01T14:41:54.713314+00:00;13.5;https://www.starcompany-py.com/cosmeticos-coreanos/16980-medicube-kojic-a-t-niacinamide-serum-30ml.html;58300.0;52400.0;52400.0;31475.0;31475.0;60.07;-2985.0;False;Aplicado;"Autorizado por el dueño y verificado en la API pública. Referencia ML indexada; gastos pendientes.";https://myaimportaciones.vercel.app/producto/medicube-kojic-acid-turmeric-niacinamide-serum-30-ml-124;https://www.starcompany-py.com/cosmeticos-coreanos/16980-medicube-kojic-a-t-niacinamide-serum-30ml.html;2026-10-02T19:24:34.541039+00:00;Medicube Kojic Acid Turmeric Niacinamide Serum 30ml Todo Tipo De Piel Día/noche;https://www.mercadolibre.com.ar/medicube-kojic-acid-turmeric-niacinamide-serum-30ml-todo-tipo-de-piel-dianoche/p/MLA60965681;market-40.txt;2026-10-02;58300;https://www.mercadolibre.com.ar/medicube-kojic-acid-turmeric-niacinamide-serum-30ml-todo-tipo-de-piel-dianoche/p/MLA60965681;2026-10-01T15:13:20+00:00;44;55385;True;31475.0;60.07
294c4932-fc10-5178-a3b5-a7aa1dbf3baa;MYA-KB-125;Medicube Kojic Acid Turmeric Night Wrapping Mask 75 ml;True;57800;13.9;1550;21545.0;13.9;USD;2026-10-01T14:41:54.713314+00:00;13.9;https://www.starcompany-py.com/cosmeticos-coreanos/16981-medicube-kojic-a-t-night-wrap-mask-75ml.html;64300.0;57800.0;57800.0;36255.0;36255.0;62.72;-3285.0;False;Aplicado;"Autorizado por el dueño y verificado en la API pública. Referencia ML indexada; gastos pendientes.";https://myaimportaciones.vercel.app/producto/medicube-kojic-acid-turmeric-night-wrapping-mask-75-ml-125;https://www.starcompany-py.com/cosmeticos-coreanos/16981-medicube-kojic-a-t-night-wrap-mask-75ml.html;2026-10-02T19:24:34.911485+00:00;Medicube Kojic Acid Turmeric Night Wrapping Mask 75ml;https://www.mercadolibre.com.ar/medicube-kojic-acid-turmeric-night-wrapping-mask-75ml/up/MLAU3248628159;market-40.txt;2026-10-02;64300;https://www.mercadolibre.com.ar/medicube-kojic-acid-turmeric-night-wrapping-mask-75ml/up/MLAU3248628159;2026-10-01T15:13:20+00:00;26;61085;True;36255.0;62.72
736bbd70-618e-5753-8331-fcd8d92113ba;MYA-KB-080;Medicube Kojic Acid Turmeric Pad - 70 pads / 160 ml;True;49900;16.0;1550;24800.0;16;USD;2026-10-01T15:21:24.928708+00:00;16.0;https://atacadousa.com.py/cosmeticos/12319-tonico-facial-medicube-lenco-kojic-acid-turmeric-pad-70un-160ml477386.html;;;;;;;;False;Pendiente;falta comparable ML suficiente;https://myaimportaciones.vercel.app/producto/medicube-kojic-acid-turmeric-pad-70-pads-160-ml-80;https://atacadousa.com.py/cosmeticos/12319-tonico-facial-medicube-lenco-kojic-acid-turmeric-pad-70un-160ml477386.html;2026-10-02T19:24:34.916232+00:00;;;;2026-10-02;67500;https://www.mercadolibre.com.ar/medicube-kojic-acid-turmeric-pad-todo-tipo-de-piel-dianoche/p/MLA61172783?offer_type=BEST_INSTALLMENTS;2026-10-01T15:13:20+00:00;6;49900;False;25100.0;50.3
868d64dd-3150-5e36-9a2d-a6eef9268d5d;MYA-KB-047;Medicube Kojic Acid Turmeric Peel Shot 80 ml;True;58100;17.0;1550;26350.0;17;USD;2026-10-01T14:41:54.713314+00:00;17.0;https://atacadousa.com.py/cosmeticos/12657-medicube-kojic-acid-turmeric-peel-shot-80ml-461217.html;64575.85;58100.0;58100.0;31750.0;31750.0;54.65;-3247.0;False;Aplicado;"Autorizado por el dueño y verificado en la API pública. Referencia ML indexada; gastos pendientes.";https://myaimportaciones.vercel.app/producto/medicube-kojic-acid-turmeric-peel-shot-80-ml-47;https://atacadousa.com.py/cosmeticos/12657-medicube-kojic-acid-turmeric-peel-shot-80ml-461217.html;2026-10-02T19:24:35.019948+00:00;Medicube Kojic Acid Turmeric Peel Shot Exfoliante Aclarador Todo Tipo De Piel Noche;https://www.mercadolibre.com.ar/medicube-kojic-acid-turmeric-peel-shot-exfoliante-aclarador-todo-tipo-de-piel-noche/p/MLA66199511;market-single-23.txt;2026-10-02;64575.85;https://www.mercadolibre.com.ar/medicube-kojic-acid-turmeric-peel-shot-exfoliante-aclarador-todo-tipo-de-piel-noche/p/MLA66199511;2026-10-01T15:13:20+00:00;7;61347;True;31750.0;54.65
71600ba1-9756-5baf-baba-6e70cec5e831;MYA-KB-085;Medicube Kojic Acid Turmeric Toning Cleanser 120 g;True;38600;14.0;1550;21700.0;14;USD;2026-10-01T14:41:54.713314+00:00;14.0;https://atacadousa.com.py/cosmeticos/11832-limpador-facial-medicube-kojic-acid-turmeric-toning-cleanser-120g7495.html;42999.0;38600.0;38600.0;16900.0;16900.0;43.78;-2249.0;False;Aplicado;"Autorizado por el dueño y verificado en la API pública. Referencia ML indexada; gastos pendientes.";https://myaimportaciones.vercel.app/producto/medicube-kojic-acid-turmeric-toning-cleanser-120-g-85;https://atacadousa.com.py/cosmeticos/11832-limpador-facial-medicube-kojic-acid-turmeric-toning-cleanser-120g7495.html;2026-10-02T19:24:35.426195+00:00;Limpiador Cuidado Facial Medicube Kojic Acid Turmeric Toning Todo Tipo De Piel Día/noche;https://www.mercadolibre.com.ar/limpiador-cuidado-facial-medicube-kojic-acid-turmeric-toning-todo-tipo-de-piel-dianoche/p/MLA67503870;market-single-24.txt;2026-10-02;42999;https://www.mercadolibre.com.ar/limpiador-cuidado-facial-medicube-kojic-acid-turmeric-toning-todo-tipo-de-piel-dianoche/p/MLA67503870;2026-10-01T15:13:20+00:00;22;40849;True;16900.0;43.78
67fc2c08-1862-546f-a003-b34c1a58d922;MYA-KB-042;Medicube Kojic Acid Turmeric Vita Bright Body Wash 400 ml;True;85500;18.0;1550;27900.0;18;USD;2026-10-01T14:41:54.713314+00:00;18.0;https://atacadousa.com.py/cosmeticos/12486-medicube-kojic-acid-turmeric-vita-bright-body-wash-400ml-479519.html;95000.0;85500.0;85500.0;57600.0;57600.0;67.37;-4750.0;False;Aplicado;"Autorizado por el dueño y verificado en la API pública. Referencia ML indexada; gastos pendientes.";https://myaimportaciones.vercel.app/producto/medicube-kojic-acid-turmeric-vita-bright-body-wash-400-ml-42;https://atacadousa.com.py/cosmeticos/12486-medicube-kojic-acid-turmeric-vita-bright-body-wash-400ml-479519.html;2026-10-02T19:24:35.719709+00:00;Medicube Kojic Acid Turmeric Vita Brightening Body Wash Neutra;https://www.mercadolibre.com.ar/medicube-kojic-acid-turmeric-vita-brightening-body-wash-neutra/p/MLA67333091;market-single-24.txt;2026-10-02;95000;https://www.mercadolibre.com.ar/medicube-kojic-acid-turmeric-vita-brightening-body-wash-neutra/p/MLA67333091;2026-10-01T15:13:20+00:00;9;90250;True;57600.0;67.37
c8ea3792-84d2-58e2-b73a-40689a33f150;MYA-KB-172;Medicube Kojic Acid Turmeric Vita Capsule Cleansing Foam 120 g;False;0;16.75;1550;25962.5;16.75;USD;2026-10-01T14:41:54.713314+00:00;16.75;https://www.starcompany-py.com/cosmeticos-coreanos/18066-medicube-kojic-a-t-vita-capsule-cleansing-foam-120g.html;;;;;;;;False;Pendiente;falta comparable ML suficiente;https://myaimportaciones.vercel.app/producto/medicube-kojic-acid-turmeric-vita-capsule-cleansing-foam-120-g-172;https://www.starcompany-py.com/cosmeticos-coreanos/18066-medicube-kojic-a-t-vita-capsule-cleansing-foam-120g.html;2026-10-02T19:24:35.801931+00:00;;;;2026-10-02;;;;24;0;False;;
93599540-bc14-5b45-b007-d5467422382d;MYA-KB-123;Medicube Kojic Acid Turmeric Vita Capsule Crema Facial 53 g;True;52100;14.75;1550;22862.5;14.75;USD;2026-10-01T14:41:54.713314+00:00;14.75;https://www.starcompany-py.com/cosmeticos-coreanos/16979-medicube-kojic-a-t-vita-capsule-cream-53g.html;57956.0;52100.0;52100.0;29237.5;29237.5;56.12;-2958.0;False;Aplicado;"Autorizado por el dueño y verificado en la API pública. Referencia ML indexada; gastos pendientes.";https://myaimportaciones.vercel.app/producto/medicube-kojic-acid-turmeric-vita-capsule-crema-facial-53-g-123;https://www.starcompany-py.com/cosmeticos-coreanos/16979-medicube-kojic-a-t-vita-capsule-cream-53g.html;2026-10-02T19:24:36.161548+00:00;Medicube Kojic Acid Turmeric Vita Capsule Cream 53g Todo Tipo De Piel Noche;https://www.mercadolibre.com.ar/medicube-kojic-acid-turmeric-vita-capsule-cream-53g-todo-tipo-de-piel-noche/p/MLA65454529;market-44.txt;2026-10-02;57956;https://www.mercadolibre.com.ar/medicube-kojic-acid-turmeric-vita-capsule-cream-53g-todo-tipo-de-piel-noche/p/MLA65454529;2026-10-01T15:13:20+00:00;124;55058;True;29237.5;56.12
f9a014d6-f820-5769-88e2-a1e6e4937930;MYA-KB-159;Medicube Kojic Acid Turmeric Vita Eye Gel Serum 30 ml;True;40200;15.75;1550;24412.5;15.75;USD;2026-10-01T14:41:54.713314+00:00;15.75;https://www.starcompany-py.com/cosmeticos-coreanos/17940-medicube-kojic-acid-turmeric-vita-eye-contorno-de-olhos-30ml.html;44763.05;40200.0;40200.0;15787.5;15787.5;39.27;-2324.0;False;Aplicado;"Autorizado por el dueño y verificado en la API pública. Referencia ML indexada; gastos pendientes.";https://myaimportaciones.vercel.app/producto/medicube-kojic-acid-turmeric-vita-eye-gel-serum-30-ml-159;https://www.starcompany-py.com/cosmeticos-coreanos/17940-medicube-kojic-acid-turmeric-vita-eye-contorno-de-olhos-30ml.html;2026-10-02T19:24:36.484843+00:00;Medicube Kojic Acid Turmeric Vita Eye Gel Serum 30ml Todo Tipo De Piel Día/noche;https://www.mercadolibre.com.ar/medicube-kojic-acid-turmeric-vita-eye-gel-serum-30ml-todo-tipo-de-piel-dianoche/p/MLA66114654;market-44.txt;2026-10-02;44763.05;https://www.mercadolibre.com.ar/medicube-kojic-acid-turmeric-vita-eye-gel-serum-30ml-todo-tipo-de-piel-dianoche/p/MLA66114654;2026-10-01T15:13:20+00:00;24;42524;True;15787.5;39.27
cf433eed-8bc9-5e8a-b068-5b8a30163afb;MYA-KB-037;Medicube Kojic Acid Turmeric Vita Jelly Mist Serum 100 ml;True;55899;16.5;1550;25575.0;16.5;USD;2026-10-01T14:41:54.713314+00:00;16.5;https://atacadousa.com.py/cosmeticos/12478-medicube-kojic-acid-turmeric-vita-jelly-mist-serum-100ml-479458.html;104999.0;94400.0;;68825.0;68825.0;72.91;38501.0;False;Pendiente;confirmar unidad/pack en ficha ML;https://myaimportaciones.vercel.app/producto/medicube-kojic-acid-turmeric-vita-jelly-mist-serum-100-ml-37;https://atacadousa.com.py/cosmeticos/12478-medicube-kojic-acid-turmeric-vita-jelly-mist-serum-100ml-479458.html;2026-10-02T19:24:36.505412+00:00;Medicube Jelly Mist Serum - Kojic Acid Turmeric 3.38 Fl Oz;https://www.mercadolibre.com.ar/medicube-jelly-mist-serum--kojic-acid-turmeric-338-fl-oz/up/MLAU3972716798;market-48.txt;2026-10-02;58841.1;https://www.mercadolibre.com.ar/medicube-kojic-acid-turmeric-vitamin-gold-jelly-mist-serum-t/up/MLAU3905688258;2026-10-01T15:13:20+00:00;9;55899;False;30324.0;54.25
f725a021-1c37-5f1d-afda-319c71926b62;MYA-KB-077;Medicube One Day Exosome Shot 2000 30 ml;True;39805;13.5;1550;20925.0;13.5;USD;2026-10-01T14:41:54.713314+00:00;13.5;https://www.starcompany-py.com/cosmeticos/14183-medicube-one-day-exosome-shot-pore-serum-2000-30ml.html;;;;;;;;False;Pendiente;falta comparable ML suficiente;https://myaimportaciones.vercel.app/producto/medicube-one-day-exosome-shot-2000-30-ml-77;https://www.starcompany-py.com/cosmeticos/14183-medicube-one-day-exosome-shot-pore-serum-2000-30ml.html;2026-10-02T19:24:36.678964+00:00;;;;2026-10-02;41900;https://www.mercadolibre.com.ar/medicube-one-day-exosome-shot-2000-ppm-facial-serum-momento-de-aplicacion-noche-tipo-de-piel-todo-tipo-de-piel/p/MLA47734944;2026-10-01T15:13:20+00:00;43;39805;False;18880.0;47.43
c5da84e1-acdc-5714-abdc-db3eab9fcde6;MYA-KB-073;Medicube One Day Exosome Shot 7500 30 ml;True;42900;14.0;1550;21700.0;14;USD;2026-10-01T15:21:24.928708+00:00;13.0;https://www.starcompany-py.com/cosmeticos/14184-medicube-one-day-exosome-shot-pore-serum-7500-30ml.html;;;;;;;;False;Pendiente;falta comparable ML suficiente;https://myaimportaciones.vercel.app/producto/medicube-one-day-exosome-shot-7500-30-ml-73;https://atacadousa.com.py/cosmeticos/12027-serum-facial-medicube-one-day-exosome-shot-7500-30ml768524.html;2026-10-02T19:24:37.275277+00:00;;;;2026-10-02;;;;115;42900;False;21200.0;49.42
29daa0f4-e2af-50d6-8caf-4fc700dd39cc;MYA-KB-155;Medicube One Day Exosome Shot Pore Serum 25000 13 ml;False;0;12.75;1550;19762.5;12.75;USD;2026-10-01T14:41:54.713314+00:00;12.75;https://www.starcompany-py.com/cosmeticos-coreanos/17920-medicube-one-day-exosome-shot-pore-serum-25000-13ml.html;;;;;;;;False;Pendiente;falta comparable ML suficiente;https://myaimportaciones.vercel.app/producto/medicube-one-day-exosome-shot-pore-serum-25000-13-ml-155;https://www.starcompany-py.com/cosmeticos-coreanos/17920-medicube-one-day-exosome-shot-pore-serum-25000-13ml.html;2026-10-02T19:24:37.883311+00:00;;;;2026-10-02;;;;48;0;False;;
4c3751db-537e-5a9c-a42e-84cf1dbc34ab;MYA-KB-099;Medicube PDRN Booster Gel 300 ml;True;46645;8.0;1550;12400.0;8;USD;2026-10-01T14:41:54.713314+00:00;8.0;https://www.starcompany-py.com/cosmeticos-coreanos/16976-medicube-pdrn-booster-gel-300ml.html;49100.0;44100.0;;31700.0;31700.0;71.88;-2545.0;False;Pendiente;confirmar unidad/pack en ficha ML;https://myaimportaciones.vercel.app/producto/medicube-pdrn-booster-gel-300-ml-99;https://www.starcompany-py.com/cosmeticos-coreanos/16976-medicube-pdrn-booster-gel-300ml.html;2026-10-02T19:24:37.887702+00:00;Medicube - Pdrn Booster Gel 300 Ml | Gel Lifting Momento De Aplicación Día/noche Tipo De Piel Todo Tipo De Piel;https://www.mercadolibre.com.ar/medicube-pdrn-booster-gel-300-ml-gel-lifting-momento-de-aplicacion-dianoche-tipo-de-piel-todo-tipo-de-piel/p/MLA47342824;market-48.txt;2026-10-02;49100;https://www.mercadolibre.com.ar/medicube-pdrn-booster-gel-300-ml-gel-lifting-momento-de-aplicacion-dianoche-tipo-de-piel-todo-tipo-de-piel/p/MLA47342824;2026-10-01T15:13:20+00:00;1;46645;False;34245.0;73.42
cfd321a4-fc63-5835-8767-0daaab3fd164;MYA-KB-036;Medicube PDRN Collagen Glow Jelly Serum 30 ml;True;48900;16.0;1550;24800.0;16;USD;2026-10-01T15:21:24.928708+00:00;16.0;https://atacadousa.com.py/cosmeticos/12477-medicube-pdrn-collagen-glow-jelly-serum-30ml-479496.html;;;;;;;;False;Pendiente;falta comparable ML suficiente;https://myaimportaciones.vercel.app/producto/medicube-pdrn-collagen-glow-jelly-serum-30-ml-36;https://atacadousa.com.py/cosmeticos/12477-medicube-pdrn-collagen-glow-jelly-serum-30ml-479496.html;2026-10-02T19:24:38.256054+00:00;;;;2026-10-02;77710.92;https://www.mercadolibre.com.ar/b-serum-hidratante-calmante-y-rellenador-de-colageno-pdrn-l/p/MLA2071435248;2026-10-01T15:13:20+00:00;7;48900;False;24100.0;49.28
952d8968-1584-5dee-8c16-2d77644612fd;MYA-KB-028;Medicube PDRN Collagen Gua Sha Neck Wrinkle Cream 5% Volufiline 90 g;True;85500;29.5;1550;45725.0;29.5;USD;2026-10-01T14:41:54.713314+00:00;29.5;https://atacadousa.com.py/cosmeticos/12368-medicube-pdrn-collagen-gua-sha-neck-wrinkle-cream-5-volufi-90g-240759.html;95000.0;85500.0;85500.0;39775.0;39775.0;46.52;-4750.0;False;Aplicado;"Autorizado por el dueño y verificado en la API pública. Referencia ML indexada; gastos pendientes.";https://myaimportaciones.vercel.app/producto/medicube-pdrn-collagen-gua-sha-neck-wrinkle-cream-5-volufiline-90-g-28;https://atacadousa.com.py/cosmeticos/12368-medicube-pdrn-collagen-gua-sha-neck-wrinkle-cream-5-volufi-90g-240759.html;2026-10-02T19:24:38.761820+00:00;Medicube Pdrn Collagen Gua Sha Neck Wrinkle Cream Todo Tipo De Piel Día/noche;https://www.mercadolibre.com.ar/medicube-pdrn-collagen-gua-sha-neck-wrinkle-cream-todo-tipo-de-piel-dianoche/p/MLA77206610;market-52.txt;2026-10-02;95000;https://www.mercadolibre.com.ar/medicube-pdrn-collagen-gua-sha-neck-wrinkle-cream-todo-tipo-de-piel-dianoche/p/MLA77206610;2026-10-01T15:13:20+00:00;6;90250;True;39775.0;46.52
551f7221-ca6b-5afa-930b-26667c0a57dc;MYA-KB-072;Medicube PDRN Hyaluronic Moisturizing Cream 50 ml;True;49400;12.25;1550;18987.5;12.25;USD;2026-10-01T14:41:54.713314+00:00;12.25;https://www.starcompany-py.com/cosmeticos-coreanos/17921-medicube-pdrn-pink-hyaluronic-creme-facial-hidratante-50ml.html;;;;;;;;False;Pendiente;falta comparable ML suficiente;https://myaimportaciones.vercel.app/producto/medicube-pdrn-hyaluronic-moisturizing-cream-50-ml-72;https://www.starcompany-py.com/cosmeticos-coreanos/17921-medicube-pdrn-pink-hyaluronic-creme-facial-hidratante-50ml.html;2026-10-02T19:24:38.768679+00:00;;;;2026-10-02;52000;https://www.mercadolibre.com.ar/medicube-pdrn-pink-hyaluronic-moisturizing-cream-50ml/up/MLAU4244225245;2026-10-01T15:13:20+00:00;43;49400;False;30412.5;61.56
291500dd-d464-54c3-b31d-fd5f0db311bf;MYA-KB-048;Medicube PDRN Hydrating Gel Cleanser 200 ml;True;79600;15.2;1550;23560.0;15.2;USD;2026-10-01T14:41:54.713314+00:00;15.2;https://atacadousa.com.py/cosmeticos/12888-medicube-pdrn-hydrating-gel-cleanser-200ml.html;88463.08;79600.0;79600.0;56040.0;56040.0;70.4;-4439.0;False;Aplicado;"Autorizado por el dueño y verificado en la API pública. Referencia ML indexada; gastos pendientes.";https://myaimportaciones.vercel.app/producto/medicube-pdrn-hydrating-gel-cleanser-200-ml-48;https://atacadousa.com.py/cosmeticos/12888-medicube-pdrn-hydrating-gel-cleanser-200ml.html;2026-10-02T19:24:38.969028+00:00;Medicube Pdrn Hydrating Gel Limpiador Facial En Gel, 200ml;https://www.mercadolibre.com.ar/medicube-pdrn-hydrating-gel-limpiador-facial-en-gel-200ml/up/MLAU3316614864;market-52.txt;2026-10-02;88463.08;https://www.mercadolibre.com.ar/medicube-pdrn-hydrating-gel-limpiador-facial-en-gel-200ml/up/MLAU3316614864;2026-10-01T15:13:20+00:00;11;84039;True;56040.0;70.4
3bb90677-2dbf-5afd-a9bf-c9561057a494;MYA-KB-050;Medicube PDRN Hydrating UV Serum SPF50+ PA++++ 50 ml;False;0;15.0;1550;23250.0;15;USD;2026-10-01T14:41:54.713314+00:00;15.0;https://atacadousa.com.py/cosmeticos/12933-medicube-protetor-solar-pdrn-hydrating-uv-spf-50pa-de-50ml.html;;;;;;;;False;Pendiente;falta comparable ML suficiente;https://myaimportaciones.vercel.app/producto/medicube-pdrn-hydrating-uv-serum-spf50-pa-50-ml-50;https://atacadousa.com.py/cosmeticos/12933-medicube-protetor-solar-pdrn-hydrating-uv-spf-50pa-de-50ml.html;2026-10-02T19:24:39.563546+00:00;;;;2026-10-02;;;;18;0;False;;
0211aa7f-db16-5f28-80c0-c8d1720bcfde;MYA-KB-171;Medicube PDRN Mild Cleansing Oil 195 ml;False;0;20.5;1550;31775.0;20.5;USD;2026-10-01T14:41:54.713314+00:00;20.5;https://www.starcompany-py.com/cosmeticos-coreanos/17922-medicube-pdrn-mild-cleansing-oil-limpador-195ml.html;;;;;;;;False;Pendiente;falta comparable ML suficiente;https://myaimportaciones.vercel.app/producto/medicube-pdrn-mild-cleansing-oil-195-ml-171;https://www.starcompany-py.com/cosmeticos-coreanos/17922-medicube-pdrn-mild-cleansing-oil-limpador-195ml.html;2026-10-02T19:24:39.712700+00:00;;;;2026-10-02;;;;48;0;False;;
29ac14cc-ac6a-5fe2-b605-a9e948f24e7e;MYA-KB-040;Medicube PDRN Pink Caffeine Night Wrapping Mask 75 ml;True;47200;12.9;1550;19995.0;12.9;USD;2026-10-01T14:41:54.713314+00:00;12.9;https://www.starcompany-py.com/cosmeticos-coreanos/16977-medicube-pdrn-cafeine-night-wrap-mask-75ml.html;52500.0;47200.0;47200.0;27205.0;27205.0;57.64;-2675.0;False;Aplicado;"Autorizado por el dueño y verificado en la API pública. Referencia ML indexada; gastos pendientes.";https://myaimportaciones.vercel.app/producto/medicube-pdrn-pink-caffeine-night-wrapping-mask-75-ml-40;https://www.starcompany-py.com/cosmeticos-coreanos/16977-medicube-pdrn-cafeine-night-wrap-mask-75ml.html;2026-10-02T19:24:40.323213+00:00;Máscara nocturna de cafeína Pdrn rosa de Medicube 75ml para todo tipo de piel tipo chicle;https://www.mercadolibre.com.ar/medicube-pdrn-pink-cafeina-noche-mascara-envolvente-75ml-todo-tipo-de-piel/p/MLA57373878;market-single-32.txt;2026-10-02;52500;https://www.mercadolibre.com.ar/medicube-pdrn-pink-cafeina-noche-mascara-envolvente-75ml-todo-tipo-de-piel/p/MLA57373878;2026-10-01T15:13:20+00:00;15;49875;True;27205.0;57.64
6364f99f-7c0b-5584-b1be-00a68a92459a;MYA-KB-096;Medicube PDRN Pink Collagen Capsule Cream 55 g;True;50000;19.0;1550;29450.0;19;USD;2026-10-01T15:21:24.928708+00:00;15.5;https://www.starcompany-py.com/cosmeticos-coreanos/17042-medicube-pdrn-pink-collagen-capsule-creme-facial-55g.html;55660.0;50000.0;50000.0;20550.0;20550.0;41.1;-9900.0;False;Aplicado;"Autorizado por el dueño y verificado en la API pública. Referencia ML indexada; gastos pendientes.";https://myaimportaciones.vercel.app/producto/medicube-pdrn-pink-collagen-capsule-cream-55-g-96;https://atacadousa.com.py/cosmeticos/10760-creme-facial-medicube-pdnr-pink-collagen-capsule-cream-55g118885.html;2026-10-02T19:24:40.822550+00:00;Medicube Pdrn Pink Collagen Capsule Cream X55g Todo Tipo De Piel Día/noche;https://www.mercadolibre.com.ar/crema-en-capsulas-de-colageno-rosa-medicube-pdrn/p/MLA75730777;market-single-34.txt;2026-10-02;51071;https://www.mercadolibre.com.ar/medicube-pdrn-pink-collagen-capsulas-en-crema-tipo-de-piel/up/MLAU4238327669;2026-10-01T15:13:20+00:00;121;59900;True;20550.0;41.1
be95f80b-ce34-5f38-ad71-4fb16dff4523;MYA-KB-095;Medicube PDRN Pink Collagen Gel Mask - 4 mascarillas de 28 g;True;54900;14.0;1550;21700.0;14;USD;2026-10-01T14:41:54.713314+00:00;14.0;https://atacadousa.com.py/cosmeticos/10096-mascara-facial-medicube-pdrn-pink-collagen-gel-28g-x004e5va2f.html;61000.0;54900.0;54900.0;33200.0;33200.0;60.47;-3050.0;False;Aplicado;"Autorizado por el dueño y verificado en la API pública. Referencia ML indexada; gastos pendientes.";https://myaimportaciones.vercel.app/producto/medicube-pdrn-pink-collagen-gel-mask-4-mascarillas-de-28-g-95;https://atacadousa.com.py/cosmeticos/10096-mascara-facial-medicube-pdrn-pink-collagen-gel-28g-x004e5va2f.html;2026-10-02T19:24:41.325378+00:00;Medicube mascaras faciales Pink Pdrn Colágeno Gel Mask 4 Unidades;https://www.mercadolibre.com.ar/medicube-mascaras-faciales-pink-pdrn-colageno-gel-mask-4-unidades/p/MLA68670463;market-56.txt;2026-10-02;61000;https://www.mercadolibre.com.ar/medicube-mascaras-faciales-pink-pdrn-colageno-gel-mask-4-unidades/p/MLA68670463;2026-10-01T15:13:20+00:00;31;57950;True;33200.0;60.47
bea399c9-b151-57c7-b82a-6c3bfa8b421f;MYA-KB-061;Medicube PDRN Pink Collagen Toning Gel Toner 70 pads - 120 ml;True;61836;13.9;1550;21545.0;13.9;USD;2026-10-01T14:41:54.713314+00:00;13.9;https://www.starcompany-py.com/cosmeticos-coreanos/16978-medicube-pdrn-collagen-toning-gel-pad-70un.html;;;;;;;;False;Pendiente;falta comparable ML suficiente;https://myaimportaciones.vercel.app/producto/medicube-pdrn-pink-collagen-toning-gel-toner-70-pads-120-ml-61;https://www.starcompany-py.com/cosmeticos-coreanos/16978-medicube-pdrn-collagen-toning-gel-pad-70un.html;2026-10-02T19:24:41.438452+00:00;;;;2026-10-02;65090.7;https://www.mercadolibre.com.ar/medicube-pdrn-pink-colageno-tonico-gel---70-almohadillas/up/MLAU3936831979;2026-10-01T15:13:20+00:00;285;61836;False;40291.0;65.16
e04b1bbe-f469-5f88-963d-edff9cf69407;MYA-KB-030;Medicube PDRN Pink Collagen Volume Multi Balm 5% Volufiline 10 g;False;0;;1550;;24.5;USD;2026-10-01T14:41:54.713314+00:00;;;;;;;;;;False;Pendiente;"falta cotización actual del proveedor vinculado; falta comparable ML suficiente";https://myaimportaciones.vercel.app/producto/medicube-pdrn-pink-collagen-volume-multi-balm-5-volufiline-10-g-30;https://atacadousa.com.py/cosmeticos/12400-medicube-pdrn-pink-collagen-volume-multi-balm-5-volufiline-10g-467707.html;2026-10-02T19:24:41.822349+00:00;;;;2026-10-02;;;;;0;False;;
a6f319f3-1143-549a-904f-2358a4bdf87a;MYA-KB-100;Medicube PDRN Pink Glutathione Serum Mist 100 ml;True;64600;14.75;1550;22862.5;14.75;USD;2026-10-01T14:41:54.713314+00:00;14.75;https://www.starcompany-py.com/cosmeticos/14199-medicube-pdrn-pink-glutathione-serum-mist-100ml.html;71800.0;64600.0;64600.0;41737.5;41737.5;64.61;-3610.0;False;Aplicado;"Autorizado por el dueño y verificado en la API pública. Referencia ML indexada; gastos pendientes.";https://myaimportaciones.vercel.app/producto/medicube-pdrn-pink-glutathione-serum-mist-100-ml-100;https://www.starcompany-py.com/cosmeticos/14199-medicube-pdrn-pink-glutathione-serum-mist-100ml.html;2026-10-02T19:24:42.079626+00:00;Medicube, Pdrn Pink Glutathione Serum Mist 100 Ml;https://www.mercadolibre.com.ar/medicube-pdrn-pink-glutathione-serum-mist-100-ml/up/MLAU3915081132;market-60.txt;2026-10-02;71800;https://www.mercadolibre.com.ar/medicube-pdrn-pink-glutathione-serum-mist-100-ml/up/MLAU3915081132;2026-10-01T15:13:20+00:00;6;68210;True;41737.5;64.61
791ece40-e702-53e9-9d54-1101817d5ff9;MYA-KB-157;Medicube PDRN Pink Niacinamide Whip Limpiador Facial 120 g;False;0;15.0;1550;23250.0;15;USD;2026-10-01T14:41:54.713314+00:00;15.0;https://www.starcompany-py.com/cosmeticos-coreanos/17923-medicube-pdrn-pink-niacinamide-whip-limpador-facial-120g.html;;;;;;;;False;Pendiente;falta comparable ML suficiente;https://myaimportaciones.vercel.app/producto/medicube-pdrn-pink-niacinamide-whip-limpiador-facial-120-g-157;https://www.starcompany-py.com/cosmeticos-coreanos/17923-medicube-pdrn-pink-niacinamide-whip-limpador-facial-120g.html;2026-10-02T19:24:42.232312+00:00;;;;2026-10-02;;;;43;0;False;;
7278aedc-a8b1-5869-b064-367b0a32eacd;MYA-KB-051;Medicube PDRN Pink Peptide Eye Cream 30 ml;True;44500;17.0;1550;26350.0;17;USD;2026-10-01T15:21:24.928708+00:00;17.0;https://atacadousa.com.py/cosmeticos/12476-medicube-pdrn-pink-peptide-eye-cream-30ml-119042.html;49500.0;44500.0;44500.0;18150.0;18150.0;40.79;-8400.0;False;Aplicado;"Autorizado por el dueño y verificado en la API pública. Referencia ML indexada; gastos pendientes.";https://myaimportaciones.vercel.app/producto/medicube-pdrn-pink-peptide-eye-cream-30-ml-51;https://atacadousa.com.py/cosmeticos/12476-medicube-pdrn-pink-peptide-eye-cream-30ml-119042.html;2026-10-02T19:24:42.324563+00:00;Medicube Pdrn Pink Peptide Eye Cream 30ml Contorno De Ojos;https://www.mercadolibre.com.ar/medicube-pdrn-pink-peptide-eye-cream-30ml-contorno-de-ojos/up/MLAU3444404047;market-60.txt;2026-10-02;49500;https://www.mercadolibre.com.ar/medicube-pdrn-pink-peptide-eye-cream-30ml-contorno-de-ojos/up/MLAU3444404047;2026-10-01T15:13:20+00:00;10;52900;True;18150.0;40.79
20128371-c2b7-5fea-91b4-9ba3f7c1ee4a;MYA-KB-068;Medicube PDRN Pink Peptide Serum 30 ml;True;48900;12.75;1550;19762.5;12.75;USD;2026-10-01T14:41:54.713314+00:00;12.75;https://www.starcompany-py.com/cosmeticos-coreanos/16972-medicube-pdrn-pink-peptide-serum-30ml.html;54416.0;48900.0;48900.0;29137.5;29137.5;59.59;-2795.0;False;Aplicado;"Autorizado por el dueño y verificado en la API pública. Referencia ML indexada; gastos pendientes.";https://myaimportaciones.vercel.app/producto/medicube-pdrn-pink-peptide-serum-30-ml-68;https://www.starcompany-py.com/cosmeticos-coreanos/16972-medicube-pdrn-pink-peptide-serum-30ml.html;2026-10-02T19:24:42.420297+00:00;Medicube Pdrn Pink Peptide Serum Facial Hidratante 30ml;https://www.mercadolibre.com.ar/medicube-pdrn-pink-peptide-serum-facial-hidratante-30ml/up/MLAU3465620009;market-76.txt;2026-10-02;54416;https://www.mercadolibre.com.ar/medicube-pdrn-pink-peptide-serum-facial-hidratante-30ml/up/MLAU3465620009;2026-10-01T15:13:20+00:00;701;51695;True;29137.5;59.59
d10afb16-7d2d-5e0e-83ba-58867e80ba2e;MYA-KB-018;Medicube PDRN Pink Peptide Serum Mask - 1 mascarilla / 23 ml;False;0;2.9;1550;4495.0;2.9;USD;2026-10-01T14:41:54.713314+00:00;2.9;https://www.starcompany-py.com/cosmeticos-coreanos/17249-medicube-pdrn-pink-peptide-serum-mascara-1pc.html;;;;;;;;False;Pendiente;falta comparable ML suficiente;https://myaimportaciones.vercel.app/producto/medicube-pdrn-pink-peptide-serum-mask-1-mascarilla-23-ml-18;https://www.starcompany-py.com/cosmeticos-coreanos/17249-medicube-pdrn-pink-peptide-serum-mascara-1pc.html;2026-10-02T19:24:43.138321+00:00;;;;2026-10-02;;;;30;0;False;;
1f9b8c06-f693-5398-838e-72b8b0503617;MYA-KB-055;Medicube PDRN Pink Peptide Serum Mask - 6 mascarillas de 23 ml;True;53247;15.0;1550;23250.0;15;USD;2026-10-01T14:41:54.713314+00:00;15.0;https://atacadousa.com.py/cosmeticos/12370-mascara-facial-medicube-pdrn-pink-peptide-serum-mask-6un-23ml-462559.html;;;;;;;;False;Pendiente;falta comparable ML suficiente;https://myaimportaciones.vercel.app/producto/medicube-pdrn-pink-peptide-serum-mask-6-mascarillas-de-23-ml-55;https://atacadousa.com.py/cosmeticos/12370-mascara-facial-medicube-pdrn-pink-peptide-serum-mask-6un-23ml-462559.html;2026-10-02T19:24:43.547562+00:00;;;;2026-10-02;56050;https://www.mercadolibre.com.ar/kit-6-mascaras-faciales-medicube-pore-pink-peptide-todo-tipo-de-piel/p/MLA78969126;2026-10-01T15:13:20+00:00;16;53247;False;29997.0;56.34
f1847b8e-a104-5509-bd8e-a322855105c7;MYA-KB-041;Medicube PDRN Pink Vita Coating Mask - 10 mascarillas de 22 g;False;0;16.0;1550;24800.0;16;USD;2026-10-01T14:41:54.713314+00:00;16.0;https://atacadousa.com.py/cosmeticos/12485-medicube-pdrn-pink-vita-coating-mask-22g-10unid-10ea-470172.html;;;;;;;;False;Pendiente;falta comparable ML suficiente;https://myaimportaciones.vercel.app/producto/medicube-pdrn-pink-vita-coating-mask-10-mascarillas-de-22-g-41;https://atacadousa.com.py/cosmeticos/12485-medicube-pdrn-pink-vita-coating-mask-22g-10unid-10ea-470172.html;2026-10-02T19:24:43.983754+00:00;;;;2026-10-02;;;;9;0;False;;
88414634-eceb-56e9-8a49-2af18688b139;MYA-KB-062;Medicube Red Acne Body Peeling Shot 110 g;False;0;14.0;1550;21700.0;14;USD;2026-10-01T14:41:54.713314+00:00;14.0;https://atacadousa.com.py/cosmeticos/11489-medicube-red-acne-body-peeling-shot-110g-576233.html;32564.0;29300.0;;7600.0;7600.0;25.94;29300.0;False;Pendiente;confirmar unidad/pack en ficha ML;https://myaimportaciones.vercel.app/producto/medicube-red-acne-body-peeling-shot-110-g-62;https://atacadousa.com.py/cosmeticos/11489-medicube-red-acne-body-peeling-shot-110g-576233.html;2026-10-02T19:24:44.008504+00:00;Medicube - Limpiador En Inyección Exfoliante Corporal Rojo (;https://www.mercadolibre.com.ar/medicube-limpiador-en-inyeccion-exfoliante-corporal-rojo-/p/MLA2038921454;market-184.txt;2026-10-02;;;;8;0;False;;
0c4b8284-6558-51b3-bf35-8427daab1dee;MYA-KB-084;Medicube Red Succinic Acid Peeling Pad - 70 pads / 155 g;True;46900;15.0;1550;23250.0;15;USD;2026-10-01T15:21:24.928708+00:00;7.0;https://www.starcompany-py.com/cosmeticos-coreanos/17926-medicube-almofadas-tonicas-red-succinic-peeling-pad-mild-70-unidades.html;;;;;;;;False;Pendiente;falta comparable ML suficiente;https://myaimportaciones.vercel.app/producto/medicube-red-succinic-acid-peeling-pad-70-pads-155-g-84;https://atacadousa.com.py/cosmeticos/11831-esfoliante-medicube-red-succing-acid-peeling-pad-70un1556170.html;2026-10-02T19:24:44.237574+00:00;;;;2026-10-02;84300;https://www.mercadolibre.com.ar/medicube-red-succinic-acid-peeling-pads-70-units-exfoliantes/up/MLAU3686243298;2026-10-01T15:13:20+00:00;34;46900;False;23650.0;50.43
c5e494d8-204f-534c-8c3a-e1d0a3b15173;MYA-KB-058;Medicube Retinol NMN Boosting Serum 1.9% 30 ml;True;32000;10.25;1550;15887.5;10.25;USD;2026-10-01T15:21:24.928708+00:00;10.0;https://www.starcompany-py.com/cosmeticos-coreanos/17812-medicube-retinol-nmn-boosting-serum-facial-30ml.html;;;;;;;;False;Pendiente;falta comparable ML suficiente;https://myaimportaciones.vercel.app/producto/medicube-retinol-nmn-boosting-serum-1-9-30-ml-58;https://atacadousa.com.py/cosmeticos/12488-medicube-retinol-nmn-boosting-serum-19-30ml-119325.html;2026-10-02T19:24:44.716525+00:00;;;;2026-10-02;;;;15;32000;False;16112.5;50.35
ada14f89-a8ec-58e5-bc1a-3e2c551f6569;MYA-KB-163;Medicube Rosemary PDRN Acondicionador 250 ml;False;0;13.9;1550;21545.0;13.9;USD;2026-10-01T14:41:54.713314+00:00;13.9;https://www.starcompany-py.com/cosmeticos-coreanos/17929-medicube-rosemary-pdrn-condicionador-250ml.html;;;;;;;;False;Pendiente;falta comparable ML suficiente;https://myaimportaciones.vercel.app/producto/medicube-rosemary-pdrn-acondicionador-250-ml-163;https://www.starcompany-py.com/cosmeticos-coreanos/17929-medicube-rosemary-pdrn-condicionador-250ml.html;2026-10-02T19:24:45.083983+00:00;;;;2026-10-02;;;;19;0;False;;
5168f39c-6087-57de-bbe7-33217cbd6853;MYA-KB-032;Medicube Rosemary PDRN Cooling Thickening Shampoo 400 ml;False;0;15.9;1550;24645.0;15.9;USD;2026-10-01T14:41:54.713314+00:00;15.9;https://www.starcompany-py.com/cosmeticos-coreanos/17927-medicube-rosemary-pdrn-cooling-thickening-shampoo-400ml.html;;;;;;;;False;Pendiente;falta comparable ML suficiente;https://myaimportaciones.vercel.app/producto/medicube-rosemary-pdrn-cooling-thickening-shampoo-400-ml-32;https://www.starcompany-py.com/cosmeticos-coreanos/17927-medicube-rosemary-pdrn-cooling-thickening-shampoo-400ml.html;2026-10-02T19:24:45.420018+00:00;;;;2026-10-02;;;;18;0;False;;
3c29927a-f807-52ee-8986-d5b39b1e9cbc;MYA-KB-063;Medicube Rosemary PDRN Damage Care Hair Mask 200 ml;False;0;14.9;1550;23095.0;14.9;USD;2026-10-01T14:41:54.713314+00:00;14.9;https://www.starcompany-py.com/cosmeticos-coreanos/17928-medicube-rosemary-pdrn-damage-care-hair-mask-200ml.html;;;;;;;;False;Pendiente;falta comparable ML suficiente;https://myaimportaciones.vercel.app/producto/medicube-rosemary-pdrn-damage-care-hair-mask-200-ml-63;https://www.starcompany-py.com/cosmeticos-coreanos/17928-medicube-rosemary-pdrn-damage-care-hair-mask-200ml.html;2026-10-02T19:24:45.772362+00:00;;;;2026-10-02;;;;23;0;False;;
13512c54-d95b-5c9b-8868-8881520372ad;MYA-KB-023;Medicube Sérum Facial Exosome Cica 30 ml;True;46900;15.0;1550;23250.0;15;USD;2026-10-01T15:21:24.928708+00:00;15.0;https://atacadousa.com.py/cosmeticos/12258-medicube-serum-facial-exosome-cica-30ml-112074.html;;;;;;;;False;Pendiente;falta comparable ML suficiente;https://myaimportaciones.vercel.app/producto/medicube-serum-facial-exosome-cica-30-ml-23;https://atacadousa.com.py/cosmeticos/12258-medicube-serum-facial-exosome-cica-30ml-112074.html;2026-10-02T19:24:46.263043+00:00;;;;2026-10-02;58279.35;https://www.mercadolibre.com.ar/medicube-ampolla-exosome-cica-tea-tree--reduce-rojeces-30ml/up/MLAU3273155148;2026-10-01T15:13:20+00:00;9;46900;False;23650.0;50.43
3c4564e0-91ca-5559-b8b0-49fab96f389e;MYA-KB-071;Medicube Sérum Facial PDRN Pink Collagen Exosome Shot 7500 30 ml;True;47000;13.0;1550;20150.0;13;USD;2026-10-01T15:21:24.928708+00:00;12.7;https://www.starcompany-py.com/cosmeticos-coreanos/16975-medicube-pdrn-col-exosome-shot-7500-30ml.html;52223.0;47000.0;47000.0;26850.0;26850.0;57.13;6100.0;False;Aplicado;"Autorizado por el dueño y verificado en la API pública. Referencia ML indexada; gastos pendientes.";https://myaimportaciones.vercel.app/producto/medicube-serum-facial-pdrn-pink-collagen-exosome-shot-7500-30-ml-71;https://atacadousa.com.py/cosmeticos/10765-serum-facial-medicube-pdrn-pink-collagen-exosome-shot-7500-30ml115549.html;2026-10-02T19:24:46.357082+00:00;Medicube Pdrn Pink Collagen Exosome Shot 7500 Serum Todo Tipo De Piel Día/noche;https://www.mercadolibre.com.ar/medicube-pdrn-pink-collagen-exosome-shot-7500-serum-todo-tipo-de-piel-dianoche/p/MLA67300367;market-64.txt;2026-10-02;52223;https://www.mercadolibre.com.ar/medicube-pdrn-pink-collagen-exosome-shot-7500-serum-todo-tipo-de-piel-dianoche/p/MLA67300367;2026-10-01T15:13:20+00:00;24;40900;True;26850.0;57.13
8225bcc4-2555-5dbb-982a-36b7cc16f570;MYA-KB-078;Medicube Sérum Facial PDRN Pink Exosome Shot 2000 30 ml;True;49399;12.7;1550;19685.0;12.7;USD;2026-10-01T14:41:54.713314+00:00;12.7;https://www.starcompany-py.com/cosmeticos-coreanos/16974-medicube-pdrn-col-exosome-shot-2000-30ml.html;58000.0;52200.0;;32515.0;32515.0;62.29;2801.0;False;Pendiente;confirmar unidad/pack en ficha ML;https://myaimportaciones.vercel.app/producto/medicube-serum-facial-pdrn-pink-exosome-shot-2000-30-ml-78;https://www.starcompany-py.com/cosmeticos-coreanos/16974-medicube-pdrn-col-exosome-shot-2000-30ml.html;2026-10-02T19:24:46.856857+00:00;Sérum Medicube Pdrn Pink Exosome Shot 2000, 30 ml, para revitalización facial;https://www.mercadolibre.com.ar/serum-medicube-pdrn-pink-exosome-shot-2000-30-ml-para-revitalizacion-facial/p/MLA74916420;market-68.txt;2026-10-02;51999.99;https://www.mercadolibre.com.ar/medicube-pdrn-pink-collagen-exosome-shot-2000-k-beauty-30ml-todo-tipo-de-piel-dianoche/p/MLA50577146;2026-10-01T15:13:20+00:00;34;49399;False;29714.0;60.15
ac7a3374-c8b7-5458-b91b-91cc8188454d;MYA-KB-033;Medicube Soymint Scaling Shampoo 490 ml;True;71900;19.0;1550;29450.0;19;USD;2026-10-01T14:41:54.713314+00:00;19.0;https://atacadousa.com.py/cosmeticos/12472-medicube-soymint-scaling-shampoo-490ml-112487.html;79990.0;71900.0;71900.0;42450.0;42450.0;59.04;-4090.0;False;Aplicado;"Autorizado por el dueño y verificado en la API pública. Referencia ML indexada; gastos pendientes.";https://myaimportaciones.vercel.app/producto/medicube-soymint-scaling-shampoo-490-ml-33;https://atacadousa.com.py/cosmeticos/12472-medicube-soymint-scaling-shampoo-490ml-112487.html;2026-10-02T19:24:47.066609+00:00;Soymint Scaling Shampoo Medicube 490ml;https://www.mercadolibre.com.ar/soymint-scaling-shampoo-medicube-490ml/up/MLAU3918749818;market-single-45.txt;2026-10-02;79990;https://www.mercadolibre.com.ar/soymint-scaling-shampoo-medicube-490ml/up/MLAU3918749818;2026-10-01T15:13:20+00:00;6;75990;True;42450.0;59.04
f1f55824-1381-563b-b08c-419dc472e9c5;MYA-KB-020;Medicube Tónico Facial Exosome Cica 210 ml;True;48900;15.5;1550;24025.0;15.5;USD;2026-10-01T15:21:24.928708+00:00;15.5;https://atacadousa.com.py/cosmeticos/11616-medicube-tonico-facial-exosome-cica-210ml112159.html;;;;;;;;False;Pendiente;falta comparable ML suficiente;https://myaimportaciones.vercel.app/producto/medicube-tonico-facial-exosome-cica-210-ml-20;https://atacadousa.com.py/cosmeticos/11616-medicube-tonico-facial-exosome-cica-210ml112159.html;2026-10-02T19:24:47.522199+00:00;;;;2026-10-02;;;;5;48900;False;24875.0;50.87
88c48936-9b30-5382-a799-9970a574deeb;MYA-KB-070;Medicube Tónico Facial PDRN Pink Cica Soothing 250 ml;True;25100;15.0;1550;23250.0;15;USD;2026-10-01T15:21:24.928708+00:00;15.0;https://atacadousa.com.py/cosmeticos/10763-tonico-facial-medicube-pdrn-pink-cica-soothing-250ml112234.html;27900.0;25100.0;25100.0;1850.0;1850.0;7.37;-21800.0;False;Aplicado;"Autorizado por el dueño y verificado en la API pública. Referencia ML indexada; gastos pendientes.";https://myaimportaciones.vercel.app/producto/medicube-tonico-facial-pdrn-pink-cica-soothing-250-ml-70;https://atacadousa.com.py/cosmeticos/10763-tonico-facial-medicube-pdrn-pink-cica-soothing-250ml112234.html;2026-10-02T19:24:47.675474+00:00;Tonico PDRN Pink Cica Soothing Toner Medicube 250 Ml Hidratante y Calmante para Piel Sensible;https://www.mercadolibre.com.ar/tonico-pdrn-pink-cica-soothing-toner-medicube-250-ml-hidratante-y-calmante-para-piel-sensible/p/MLA79043345;market-single-56.txt;2026-10-02;27900;https://www.mercadolibre.com.ar/tonico-pdrn-pink-cica-soothing-toner-medicube-250-ml-hidratante-y-calmante-para-piel-sensible/p/MLA79043345;2026-10-01T15:13:20+00:00;11;46900;True;1850.0;7.37
e5c2f84f-5ab6-5d8e-9cfd-66817ad00399;MYA-KB-076;Medicube Triple Collagen Cream 4.0 50 ml;True;65300;15.0;1550;23250.0;15;USD;2026-10-01T15:21:24.928708+00:00;12.5;https://www.starcompany-py.com/cosmeticos-coreanos/17910-medicube-triple-collagen-creme-facial-50ml.html;72599.0;65300.0;65300.0;42050.0;42050.0;64.4;18400.0;False;Aplicado;"Autorizado por el dueño y verificado en la API pública. Referencia ML indexada; gastos pendientes.";https://myaimportaciones.vercel.app/producto/medicube-triple-collagen-cream-4-0-50-ml-76;https://atacadousa.com.py/cosmeticos/12308-creme-facial-medicube-triple-collagen-cream-40-50ml-114313.html;2026-10-02T19:24:47.694922+00:00;Medicube Triple Collagen Cream 4.0 Facial Reafirmante 50ml;https://www.mercadolibre.com.ar/medicube-triple-collagen-cream-40-facial-reafirmante-50ml/up/MLAU3454961065;market-72.txt;2026-10-02;72599;https://www.mercadolibre.com.ar/medicube-triple-collagen-cream-40-facial-reafirmante-50ml/up/MLAU3454961065;2026-10-01T15:13:20+00:00;40;46900;True;42050.0;64.4
67cec773-87e5-58bb-bbb3-d8b0fea14d9e;MYA-KB-035;Medicube Triple Collagen Serum 4.0 55 ml;True;36600;10.7;1550;16585.0;10.7;USD;2026-10-01T14:41:54.713314+00:00;10.7;https://www.starcompany-py.com/cosmeticos/14192-medicube-triple-collagen-serum-40-55ml.html;40680.0;36600.0;36600.0;20015.0;20015.0;54.69;-2046.0;False;Aplicado;"Autorizado por el dueño y verificado en la API pública. Referencia ML indexada; gastos pendientes.";https://myaimportaciones.vercel.app/producto/medicube-triple-collagen-serum-4-0-55-ml-35;https://www.starcompany-py.com/cosmeticos/14192-medicube-triple-collagen-serum-40-55ml.html;2026-10-02T19:24:48.286089+00:00;Serum Triple Collagen Serum 4.0 Medicube 55 Ml Reafirmante y Elasticidad Facial;https://www.mercadolibre.com.ar/serum-triple-collagen-serum-40-medicube-55-ml-reafirmante-y-elasticidad-facial/p/MLA77926424;market-72.txt;2026-10-02;40680;https://www.mercadolibre.com.ar/serum-triple-collagen-serum-40-medicube-55-ml-reafirmante-y-elasticidad-facial/p/MLA77926424;2026-10-01T15:13:20+00:00;31;38646;True;20015.0;54.69
f70d9524-df2d-58de-8062-03e25deac564;MYA-KB-019;Medicube Triple Collagen Toner 4.0 140 ml;True;36900;11.75;1550;18212.5;11.75;USD;2026-10-01T15:21:24.928708+00:00;11.75;https://atacadousa.com.py/cosmeticos/11490-medicube-tonico-facial-triple-collagen-140ml114320.html;;;;;;;;False;Pendiente;falta comparable ML suficiente;https://myaimportaciones.vercel.app/producto/medicube-triple-collagen-toner-4-0-140-ml-19;https://atacadousa.com.py/cosmeticos/11490-medicube-tonico-facial-triple-collagen-140ml114320.html;2026-10-02T19:24:48.468925+00:00;;;;2026-10-02;57000;https://www.mercadolibre.com.ar/tonico-de-triple-colageno-medicube/p/MLA62437803;2026-10-01T15:13:20+00:00;6;36900;False;18687.5;50.64
4b31c7c0-d9c4-57da-8651-6b1af9537374;MYA-KB-069;Medicube TXA Niacinamide 15% Serum 30 ml;True;43200;14.4;1550;22320.0;14.4;USD;2026-10-01T14:41:54.713314+00:00;14.4;https://www.starcompany-py.com/cosmeticos-coreanos/16970-medicube-txa-niacinamide-15-serum-30ml.html;48000.0;43200.0;43200.0;20880.0;20880.0;48.33;-2400.0;False;Aplicado;"Autorizado por el dueño y verificado en la API pública. Referencia ML indexada; gastos pendientes.";https://myaimportaciones.vercel.app/producto/medicube-txa-niacinamide-15-serum-30-ml-69;https://www.starcompany-py.com/cosmeticos-coreanos/16970-medicube-txa-niacinamide-15-serum-30ml.html;2026-10-02T19:24:49.278786+00:00;Serum Medicube TXA + Niacinamide 15% día/noche Medicube;https://www.mercadolibre.com.ar/serum-medicube-txa-niacinamide-15-dianoche-medicube/p/MLA74433021;market-72.txt;2026-10-02;48000;https://www.mercadolibre.com.ar/serum-medicube-txa-niacinamide-15-dianoche-medicube/p/MLA74433021;2026-10-01T15:13:20+00:00;4;45600;True;20880.0;48.33
d3ea0921-9e25-51f6-b908-f8a55206b718;MYA-KB-074;Medicube TXA Niacinamide Capsule Cream 5% 55 g;True;54000;14.75;1550;22862.5;14.75;USD;2026-10-01T15:21:24.928708+00:00;14.75;https://atacadousa.com.py/cosmeticos/12144-creme-facial-medicube-hidratante-txa-niacinamide-capsula-55g-119660.html;60000.0;54000.0;54000.0;31137.5;31137.5;57.66;8100.0;False;Aplicado;"Autorizado por el dueño y verificado en la API pública. Referencia ML indexada; gastos pendientes.";https://myaimportaciones.vercel.app/producto/medicube-txa-niacinamide-capsule-cream-5-55-g-74;https://atacadousa.com.py/cosmeticos/12144-creme-facial-medicube-hidratante-txa-niacinamide-capsula-55g-119660.html;2026-10-02T19:24:49.349316+00:00;Medicube Txa Niacinamide Capsula Cream 5%;https://www.mercadolibre.com.ar/medicube-txa-niacinamide-capsula-cream-5/up/MLAU4555178736;market-single-48.txt;2026-10-02;60000;https://www.mercadolibre.com.ar/medicube-txa-niacinamide-capsula-cream-5/up/MLAU4555178736;2026-10-01T15:13:20+00:00;13;45900;True;31137.5;57.66
2d33df44-80c4-58a5-b3a9-1f873932ffb5;MYA-KB-043;Medicube Ultra Light PDRN Pink Peptide Serum 30 ml;True;42500;15.0;1550;23250.0;15;USD;2026-10-01T15:21:24.928708+00:00;13.9;https://www.starcompany-py.com/cosmeticos-coreanos/17925-medicube-pdrn-pink-peptide-serum-ultra-light-30ml.html;47272.03;42500.0;42500.0;19250.0;19250.0;45.29;-5400.0;False;Aplicado;"Autorizado por el dueño y verificado en la API pública. Referencia ML indexada; gastos pendientes.";https://myaimportaciones.vercel.app/producto/medicube-ultra-light-pdrn-pink-peptide-serum-30-ml-43;https://atacadousa.com.py/cosmeticos/12487-medicube-ultra-light-pdrn-pink-peptide-serum-30ml-462719.html;2026-10-02T19:24:50.167957+00:00;Sérum Medicube Ultra Light PDRN Pink Peptide para Piel Grasa 30 mL;https://www.mercadolibre.com.ar/medicube-ultra-light-pdrn-pink-peptide-serum-30ml-piel-grasa-grasa-dianoche/p/MLA74739315;market-76.txt;2026-10-02;47272.03;https://www.mercadolibre.com.ar/medicube-ultra-light-pdrn-pink-peptide-serum-30ml-piel-grasa-grasa-dianoche/p/MLA74739315;2026-10-01T15:13:20+00:00;18;47900;True;19250.0;45.29
9abf2862-d42c-58e2-84d9-e60afbf4849e;MYA-KB-164;Medicube Vita A Retinal Volume Booster Serum 15 ml;True;90250;18.75;1550;29062.5;18.75;USD;2026-10-01T14:41:54.713314+00:00;18.75;https://www.starcompany-py.com/cosmeticos-coreanos/17930-medicube-vita-a-retinal-volume-booster-serum-15ml.html;;;;;;;;False;Pendiente;falta comparable ML suficiente;https://myaimportaciones.vercel.app/producto/medicube-vita-a-retinal-volume-booster-serum-15-ml-164;https://www.starcompany-py.com/cosmeticos-coreanos/17930-medicube-vita-a-retinal-volume-booster-serum-15ml.html;2026-10-02T19:24:50.257525+00:00;;;;2026-10-02;95000;https://www.mercadolibre.com.ar/medicube-vita-a-retinal-booster/up/MLAU4657747004;2026-10-01T15:13:20+00:00;23;90250;False;61187.5;67.8
ec68730e-c627-55e6-8dd0-3702fd9457d4;MYA-KB-165;Medicube Zero Foam Cleanser 120 g;True;41700;12.9;1550;19995.0;12.9;USD;2026-10-01T14:41:54.713314+00:00;12.9;https://www.starcompany-py.com/cosmeticos-coreanos/17931-medicube-zero-pore-foam-cleanser-limpeza-facial-120gr.html;46408.95;41700.0;41700.0;21705.0;21705.0;52.05;850.0;False;Aplicado;"Autorizado por el dueño y verificado en la API pública. Referencia ML indexada; gastos pendientes.";https://myaimportaciones.vercel.app/producto/medicube-zero-foam-cleanser-120-g-165;https://www.starcompany-py.com/cosmeticos-coreanos/17931-medicube-zero-pore-foam-cleanser-limpeza-facial-120gr.html;2026-10-02T19:24:50.327067+00:00;Medicube Zero Foam Cleanser - Jabón Para Piel Grasa 120g;https://www.mercadolibre.com.ar/medicube-zero-foam-cleanser--jabon-para-piel-grasa-120g/up/MLAU3684557543;market-76.txt;2026-10-02;43000;https://www.mercadolibre.com.ar/medicube-zero-foam-cleanser-120ml-limpiador-facial-coreano/p/MLA73567546;2026-10-01T15:13:20+00:00;39;40850;True;21705.0;52.05
01fdab28-d646-5d08-8f0b-6fe27310f769;MYA-KB-167;Medicube Zero Pore 2.0 Sérum Facial 37 ml;True;50500;13.9;1550;21545.0;13.9;USD;2026-10-01T14:41:54.713314+00:00;13.9;https://www.starcompany-py.com/cosmeticos-coreanos/17933-medicube-zero-pore-20-serum-facial-37ml.html;56211.5;50500.0;50500.0;28955.0;28955.0;57.34;-2900.0;False;Aplicado;"Autorizado por el dueño y verificado en la API pública. Referencia ML indexada; gastos pendientes.";https://myaimportaciones.vercel.app/producto/medicube-zero-pore-2-0-serum-facial-37-ml-167;https://www.starcompany-py.com/cosmeticos-coreanos/17933-medicube-zero-pore-20-serum-facial-37ml.html;2026-10-02T19:24:50.995070+00:00;Medicube Zero Pore Serum 2.0 Todo Tipo De Piel Día/noche;https://www.mercadolibre.com.ar/medicube-zero-pore-serum-20-todo-tipo-de-piel-dianoche/p/MLA54444249;market-80.txt;2026-10-02;56211.5;https://www.mercadolibre.com.ar/medicube-zero-pore-serum-20-todo-tipo-de-piel-dianoche/p/MLA54444249;2026-10-01T15:13:20+00:00;47;53400;True;28955.0;57.34
ae65a8f8-0aee-59bc-a26c-9169c207c1a3;MYA-KB-022;Medicube Zero Pore Cooling Mask - 1 mascarilla / 27 g;True;10300;2.75;1550;4262.5;2.75;USD;2026-10-01T14:41:54.713314+00:00;2.75;https://atacadousa.com.py/cosmeticos/11837-medicube-zero-pore-cooling-mask-1unid-27g-569969.html;11461.0;10300.0;10300.0;6037.5;6037.5;58.62;-587.0;False;Aplicado;"Autorizado por el dueño y verificado en la API pública. Referencia ML indexada; gastos pendientes.";https://myaimportaciones.vercel.app/producto/medicube-zero-pore-cooling-mask-1-mascarilla-27-g-22;https://atacadousa.com.py/cosmeticos/11837-medicube-zero-pore-cooling-mask-1unid-27g-569969.html;2026-10-02T19:24:51.047093+00:00;Medicube Zero Pore Cooling Mask - Mascarilla Calmante 1 Pza Tipo De Piel Todo Tipo De Piel;https://www.mercadolibre.com.ar/medicube-zero-pore-cooling-mask-mascarilla-calmante-1-pza-tipo-de-piel-todo-tipo-de-piel/p/MLA47604991;market-80.txt;2026-10-02;11461;https://www.mercadolibre.com.ar/medicube-zero-pore-cooling-mask-mascarilla-calmante-1-pza-tipo-de-piel-todo-tipo-de-piel/p/MLA47604991;2026-10-01T15:13:20+00:00;3;10887;True;6037.5;58.62
88d6ae49-2e2c-5d33-8e52-8c8e1e069e96;MYA-KB-024;Medicube Zero Pore Cream 2.0 50 ml;True;42200;15.4;1550;23870.0;15.4;USD;2026-10-01T14:41:54.713314+00:00;15.4;https://www.starcompany-py.com/cosmeticos-coreanos/17935-medicube-zero-pore-creme-facial-20-50ml.html;46999.0;42200.0;42200.0;18330.0;18330.0;43.44;-2449.0;False;Aplicado;"Autorizado por el dueño y verificado en la API pública. Referencia ML indexada; gastos pendientes.";https://myaimportaciones.vercel.app/producto/medicube-zero-pore-cream-2-0-50-ml-24;https://www.starcompany-py.com/cosmeticos-coreanos/17935-medicube-zero-pore-creme-facial-20-50ml.html;2026-10-02T19:24:51.207850+00:00;Medicube Zero Pore Cream 2.0 - 50 Ml;https://www.mercadolibre.com.ar/medicube-zero-pore-cream-20-50-ml/p/MLA65737410;market-80.txt;2026-10-02;46999;https://www.mercadolibre.com.ar/medicube-zero-pore-cream-20-50-ml/p/MLA65737410;2026-10-01T15:13:20+00:00;31;44649;True;18330.0;43.44
9279a551-72c3-5ba5-92ac-9b431ee4cb45;MYA-KB-039;Medicube Zero Pore Moisture Sun Serum 50 ml;False;0;14.25;1550;22087.5;14.25;USD;2026-10-01T14:41:54.713314+00:00;14.0;https://atacadousa.com.py/cosmeticos/12483-medicube-zero-pore-moisture-sun-serum-50ml-119332.html;;;;;;;;False;Pendiente;falta comparable ML suficiente;https://myaimportaciones.vercel.app/producto/medicube-zero-pore-moisture-sun-serum-50-ml-39;https://www.starcompany-py.com/cosmeticos-coreanos/17932-medicube-zero-pore-moisture-sun-serum-spf50-protetor-solar-50ml.html;2026-10-02T19:24:51.843092+00:00;;;;2026-10-02;;;;42;0;False;;
394724b8-38e6-50d2-9aa3-657700c4b613;MYA-KB-097;Medicube Zero Pore One Day Cream 50 ml;True;57900;14.9;1550;23095.0;14.9;USD;2026-10-01T14:41:54.713314+00:00;14.9;https://www.starcompany-py.com/cosmeticos-coreanos/17856-medicube-zero-pore-one-day-creme-facial-50ml.html;64403.43;57900.0;57900.0;34805.0;34805.0;60.11;4700.0;False;Aplicado;"Autorizado por el dueño y verificado en la API pública. Referencia ML indexada; gastos pendientes.";https://myaimportaciones.vercel.app/producto/medicube-zero-pore-one-day-cream-50-ml-97;https://www.starcompany-py.com/cosmeticos-coreanos/17856-medicube-zero-pore-one-day-creme-facial-50ml.html;2026-10-02T19:24:51.966204+00:00;Medicube Zero Pore One Day Cream 50ml Momento De Aplicación Noche Tipo De Piel Todo Tipo De Piel;https://www.mercadolibre.com.ar/medicube-zero-pore-one-day-cream-50ml-momento-de-aplicacion-noche-tipo-de-piel-todo-tipo-de-piel/p/MLA52140259;market-80.txt;2026-10-02;56000;https://www.mercadolibre.com.ar/medicube-zero-pore-one-day-cream-17-poros-visiblemente-ma/p/MLA53019405;2026-10-01T15:13:20+00:00;52;53200;True;34805.0;60.11
da541c12-b051-51ab-8d3d-f5caf98639a5;MYA-KB-131;Medicube Zero Pore One Day Peptide Serum 30 ml;False;0;15.7;1550;24335.0;15.7;USD;2026-10-01T14:41:54.713314+00:00;15.7;https://www.starcompany-py.com/cosmeticos-coreanos/16987-medicube-zero-pore-one-day-peptide-serum-30ml.html;;;;;;;;False;Pendiente;falta comparable ML suficiente;https://myaimportaciones.vercel.app/producto/medicube-zero-pore-one-day-peptide-serum-30-ml-131;https://www.starcompany-py.com/cosmeticos-coreanos/16987-medicube-zero-pore-one-day-peptide-serum-30ml.html;2026-10-02T19:24:52.698000+00:00;;;;2026-10-02;;;;12;0;False;;
5db1a01f-1cf0-5aea-a659-902c3cdade46;MYA-KB-066;Medicube Zero Pore Pad 2.0 - 70 pads / 155 g;True;43900;13.75;1550;21312.5;13.75;USD;2026-10-01T15:21:24.928708+00:00;13.75;https://atacadousa.com.py/cosmeticos/10073-tonico-facial-medicube-lenco-zero-pore-pad-20-70unid-155gx0036owkid.html;52985.26;47600.0;;26287.5;26287.5;55.23;3700.0;False;Pendiente;precios indexados distintos para la misma publicación;https://myaimportaciones.vercel.app/producto/medicube-zero-pore-pad-2-0-70-pads-155-g-66;https://atacadousa.com.py/cosmeticos/10073-tonico-facial-medicube-lenco-zero-pore-pad-20-70unid-155gx0036owkid.html;2026-10-02T19:24:52.698150+00:00;Medicube Zero Pore 2.0 (70 Pads) Aha+bha Granos-poros Abiertos Momento De Aplicación Día/noche Tipo De Piel Todo Tipo De Piel;https://www.mercadolibre.com.ar/medicube-zero-pore-20-70-pads-ahabha-granos-poros-abiertos-momento-de-aplicacion-dianoche-tipo-de-piel-todo-tipo-de-piel/p/MLA46438699;market-single-53.txt;2026-10-02;52985.26;https://www.mercadolibre.com.ar/medicube-zero-pore-20-70-pads-ahabha-granos-poros-abiertos-momento-de-aplicacion-dianoche-tipo-de-piel-todo-tipo-de-piel/p/MLA46438699;2026-10-01T15:13:20+00:00;113;43900;False;22587.5;51.45
255dd4e0-7aa3-5237-8ba6-f1a235380a48;MYA-KB-015;Medicube Zero Pore Pad Mild - 70 pads / 155 g;True;32900;10.75;1550;16662.5;10.75;USD;2026-10-01T15:21:24.928708+00:00;10.75;https://atacadousa.com.py/cosmeticos/11070-medicube-zero-pore-pad-mild-155g-70-pads-414315.html;;;;;;;;False;Pendiente;falta comparable ML suficiente;https://myaimportaciones.vercel.app/producto/medicube-zero-pore-pad-mild-70-pads-155-g-15;https://atacadousa.com.py/cosmeticos/11070-medicube-zero-pore-pad-mild-155g-70-pads-414315.html;2026-10-02T19:24:52.814589+00:00;;;;2026-10-02;;;;60;32900;False;16237.5;49.35
5972d990-053f-5291-b723-cfb3b4da3b8e;MYA-KB-140;Medicube Zero Pore Peel Pad - 8 pads;False;0;10.9;1550;16895.0;10.9;USD;2026-10-01T14:41:54.713314+00:00;10.9;https://www.starcompany-py.com/cosmeticos-coreanos/17251-medicube-zero-pore-peel-pad-8-pc.html;;;;;;;;False;Pendiente;falta comparable ML suficiente;https://myaimportaciones.vercel.app/producto/medicube-zero-pore-peel-pad-8-pads-140;https://www.starcompany-py.com/cosmeticos-coreanos/17251-medicube-zero-pore-peel-pad-8-pc.html;2026-10-02T19:24:53.447062+00:00;;;;2026-10-02;;;;22;0;False;;
881b210b-1baa-5449-b578-ce5279bf607f;MYA-KB-170;Medicube Zero Pore Sa Clear Capsule Cleansing Foam 120 g;False;0;14.9;1550;23095.0;14.9;USD;2026-10-01T14:41:54.713314+00:00;14.9;https://www.starcompany-py.com/cosmeticos-coreanos/17936-medicube-zero-pore-sa-clear-capsule-cleansing-foam-120g.html;;;;;;;;False;Pendiente;falta comparable ML suficiente;https://myaimportaciones.vercel.app/producto/medicube-zero-pore-sa-clear-capsule-cleansing-foam-120-g-170;https://www.starcompany-py.com/cosmeticos-coreanos/17936-medicube-zero-pore-sa-clear-capsule-cleansing-foam-120g.html;2026-10-02T19:24:53.510430+00:00;;;;2026-10-02;;;;46;0;False;;
f42e72e8-eaa7-5194-92aa-2fc317cc18f2;MYA-KB-168;Medicube Zero Pore Tónico Facial 250 ml;False;0;15.9;1550;24645.0;15.9;USD;2026-10-01T14:41:54.713314+00:00;15.9;https://www.starcompany-py.com/cosmeticos-coreanos/17934-medicube-zero-pore-tonico-facial-250ml.html;;;;;;;;False;Pendiente;falta comparable ML suficiente;https://myaimportaciones.vercel.app/producto/medicube-zero-pore-tonico-facial-250-ml-168;https://www.starcompany-py.com/cosmeticos-coreanos/17934-medicube-zero-pore-tonico-facial-250ml.html;2026-10-02T19:24:53.676852+00:00;;;;2026-10-02;;;;21;0;False;;
313b2c06-112e-5e4c-a701-3080b8ea8fca;MYA-COS-013;Numbuzin No.5+ Glutathione Vitamin Toner Pads 70 unidades;True;55900;17.75;1550;27512.5;17.75;USD;2026-10-01T15:32:59.426387+00:00;17.75;https://www.starcompany-py.com/cosmeticos-coreanos/17049-numbuzin-almofadas-tonicas-no5-glutathio-vitamin-toner-pads-70-un.html;;;;;;;;False;Pendiente;falta comparable ML suficiente;https://myaimportaciones.vercel.app/producto/numbuzin-no-5-glutathione-vitamin-toner-pads-70-unidades;https://www.starcompany-py.com/cosmeticos-coreanos/17049-numbuzin-almofadas-tonicas-no5-glutathio-vitamin-toner-pads-70-un.html;2026-10-02T19:24:53.883033+00:00;;;;2026-10-02;78600;https://www.mercadolibre.com.ar/numbuzin-no5-glutathione-vitamin-concentrated-toner-pads/up/MLAU3937187109;2026-10-01T15:55:41.766498+00:00;21;55900;False;28387.5;50.78
748486ca-e5a7-5b30-acf5-034ea9693603;MYA-KB-064;SKIN1004 Centella Mascarilla Facial Poremizing Quick Clay Stick 27 g;True;37800;14.0;1550;21700.0;14;USD;2026-10-01T14:41:54.713314+00:00;14.0;https://www.starcompany-py.com/cosmeticos/14252-madagascar-centella-poremizing-quick-clay-stick-mask-27g.html;42000.0;37800.0;37800.0;16100.0;16100.0;42.59;-2100.0;False;Aplicado;"Autorizado por el dueño y verificado en la API pública. Referencia ML indexada; gastos pendientes.";https://myaimportaciones.vercel.app/producto/skin1004-centella-mascarilla-facial-poremizing-quick-clay-stick-27-g-64;https://www.starcompany-py.com/cosmeticos/14252-madagascar-centella-poremizing-quick-clay-stick-mask-27g.html;2026-10-02T19:24:54.346318+00:00;Skin1004 Madagascar Centella Poremizing Quick Clay Mascarilla Minimizadora de Poros en Barra 27g;https://www.mercadolibre.com.ar/skin1004-madagascar-centella-poremizing-quick-clay-stickmask-tipo-de-piel-normal/p/MLA35276142;market-84.txt;2026-10-02;42000;https://www.mercadolibre.com.ar/skin1004-madagascar-centella-poremizing-quick-clay-mascarilla-minimizadora-de-poros-en-barra-27g/p/MLA35276142;2026-10-01T15:13:20+00:00;47;39900;True;16100.0;42.59
f9b8e0f7-ec3d-5787-9277-5cc6daba570c;MYA-KB-065;SKIN1004 Madagascar Cente. Poremizing Deep Cleansing Foam 125 ml;True;85405;12.0;1550;18600.0;12;USD;2026-10-01T14:41:54.713314+00:00;12.0;https://www.starcompany-py.com/cosmeticos/14246-madagascar-centella-poremizing-deep-cleansing-foam-125ml.html;89900.0;80900.0;;62300.0;62300.0;77.01;-4505.0;False;Pendiente;confirmar unidad/pack en ficha ML;https://myaimportaciones.vercel.app/producto/skin1004-madagascar-cente-poremizing-deep-cleansing-foam-125-ml-65;https://www.starcompany-py.com/cosmeticos/14246-madagascar-centella-poremizing-deep-cleansing-foam-125ml.html;2026-10-02T19:24:54.713155+00:00;Skin1004 Madagascar Poremizing Deep Cleansing Foam - 125ml;https://www.mercadolibre.com.ar/skin1004-madagascar-poremizing-deep-cleansing-foam--125ml/up/MLAU3431514023;market-88.txt;2026-10-02;89900;https://www.mercadolibre.com.ar/skin1004-madagascar-poremizing-deep-cleansing-foam--125ml/up/MLAU3431514023;2026-10-01T15:13:20+00:00;2;85405;False;66805.0;78.22
3bf18b05-3ebc-5c5c-b5bf-ac8ac59c22e6;MYA-KB-185;SKIN1004 Madagascar Centella Air-Fit Suncream Light 50 ml;False;0;14.5;1550;22475.0;14.5;USD;2026-10-01T14:41:54.713314+00:00;14.5;https://www.starcompany-py.com/cosmeticos/14243-madagascar-centella-air-fit-suncream-light-50ml.html;;;;;;;;False;Pendiente;falta comparable ML suficiente;https://myaimportaciones.vercel.app/producto/skin1004-madagascar-centella-air-fit-suncream-light-50-ml-185;https://www.starcompany-py.com/cosmeticos/14243-madagascar-centella-air-fit-suncream-light-50ml.html;2026-10-02T19:24:55.196524+00:00;;;;2026-10-02;;;;10;0;False;;
a99ad2b8-c03c-530c-8ced-c63bcb056494;MYA-KB-056;SKIN1004 Madagascar Centella Ampoule 100 ml;True;56990;18.0;1550;27900.0;18;USD;2026-10-01T14:41:54.713314+00:00;18.0;https://atacadousa.com.py/cosmeticos/11667-serum-facial-skin1004-madagascar-centella-ampoule-100ml260663.html;29030.22;26100.0;;-1800.0;-1800.0;-6.9;-30890.0;False;Pendiente;"precios indexados distintos para la misma publicación; objetivo no supera compra y gastos registrados";https://myaimportaciones.vercel.app/producto/skin1004-madagascar-centella-ampoule-100-ml-56;https://atacadousa.com.py/cosmeticos/11667-serum-facial-skin1004-madagascar-centella-ampoule-100ml260663.html;2026-10-02T19:24:55.252079+00:00;Skin1004 Madagascar Centella Ampoule 100ml Momento De Aplicación Día/noche Tipo De Piel Sensible;https://www.mercadolibre.com.ar/skin1004-madagascar-centella-ampoule-100ml-momento-de-aplicacion-dianoche-tipo-de-piel-sensible/p/MLA24366503;market-single-59.txt;2026-10-02;59989.99;https://www.mercadolibre.com.ar/skin1004-madagascar-centella-asiatica-ampoule-facial-100-ml/p/MLA38519621;2026-10-01T15:13:20+00:00;67;56990;False;29090.0;51.04
625ec9df-0b61-5d34-ad78-6bc75ea5579d;MYA-KB-088;SKIN1004 Madagascar Centella Ampoule 55 ml;False;0;11.0;1550;17050.0;11;USD;2026-10-01T14:41:54.713314+00:00;11.0;https://www.starcompany-py.com/cosmeticos/14232-madagascar-centella-ampoule-55ml.html;62955.61;56600.0;;39550.0;39550.0;69.88;56600.0;False;Pendiente;confirmar unidad/pack en ficha ML;https://myaimportaciones.vercel.app/producto/skin1004-madagascar-centella-ampoule-55-ml-88;https://www.starcompany-py.com/cosmeticos/14232-madagascar-centella-ampoule-55ml.html;2026-10-02T19:24:55.567592+00:00;Sarum Facial Skin1004 Centella Madagascar 55ml Hidratante;https://www.mercadolibre.com.ar/skin1004-madagascar-centella-asiatica-ampoule-facial-serum/p/MLA2038504631;market-single-60.txt;2026-10-02;;;;5;0;False;;
d1dde7fe-552d-5052-adfe-ab0d3a449bfa;MYA-KB-007;SKIN1004 Madagascar Centella Ampoule Foam 125 ml;True;36232;15.0;1550;23250.0;15;USD;2026-10-01T14:41:54.713314+00:00;15.0;https://atacadousa.com.py/cosmeticos/12879-skin1004-madagascar-centella-ampoule-foam-125ml-261127.html;22180.68;19900.0;;-3350.0;-3350.0;-16.83;-16332.0;False;Pendiente;"precios indexados distintos para la misma publicación; objetivo no supera compra y gastos registrados";https://myaimportaciones.vercel.app/producto/skin1004-madagascar-centella-ampoule-foam-125-ml-7;https://atacadousa.com.py/cosmeticos/12879-skin1004-madagascar-centella-ampoule-foam-125ml-261127.html;2026-10-02T19:24:56.141648+00:00;Espuma de Limpieza Skin1004 Madagascar Centella Ampoule Foam 125ml;https://www.mercadolibre.com.ar/espuma-de-limpieza-skin1004-madagascar-centella-ampoule-foam-125ml/p/MLA34278102;market-single-80.txt;2026-10-02;38139;https://www.mercadolibre.com.ar/skin1004-madagascar-centella-ampoule-foam-125ml/p/MLA34278102;2026-10-01T15:13:20+00:00;3;36232;False;12982.0;35.83
ab79ff8b-3368-56c8-8042-2c43edbcbbf0;MYA-KB-092;SKIN1004 Madagascar Centella Contorno De Ojos Probio-Cica 20 ml;True;47499;14.5;1550;22475.0;14.5;USD;2026-10-01T14:41:54.713314+00:00;14.5;https://atacadousa.com.py/cosmeticos/11704-creme-contorno-olhos-skin1004-madagascar-centel-probio-cica-20ml30177.html;;;;;;;;False;Pendiente;falta comparable ML suficiente;https://myaimportaciones.vercel.app/producto/skin1004-madagascar-centella-contorno-de-ojos-probio-cica-20-ml-92;https://atacadousa.com.py/cosmeticos/11704-creme-contorno-olhos-skin1004-madagascar-centel-probio-cica-20ml30177.html;2026-10-02T19:24:56.659099+00:00;;;;2026-10-02;49999;https://www.mercadolibre.com.ar/crema-contorno-de-ojos-skin1004-madagascar-centella-probio-cica-bakuchiol-dianoche/p/MLA32621746;2026-10-01T15:13:20+00:00;3;47499;False;25024.0;52.68
83605e60-b24a-542b-9947-ce9417bb55cb;MYA-KB-006;SKIN1004 Madagascar Centella Hyalu-Cica Brightening Toner 210 ml;False;0;17.0;1550;26350.0;17;USD;2026-10-01T14:41:54.713314+00:00;17.0;https://atacadousa.com.py/cosmeticos/12765-skin1004-madag-centella-hyalu-cica-brightening-toner-210ml-260700.html;;;;;;;;False;Pendiente;falta comparable ML suficiente;https://myaimportaciones.vercel.app/producto/skin1004-madagascar-centella-hyalu-cica-brightening-toner-210-ml-6;https://atacadousa.com.py/cosmeticos/12765-skin1004-madag-centella-hyalu-cica-brightening-toner-210ml-260700.html;2026-10-02T19:24:56.928749+00:00;;;;2026-10-02;;;;3;0;False;;
56e9a5e5-a3b7-5776-8046-4ec62085013e;MYA-KB-005;SKIN1004 Madagascar Centella Hyalu-Cica First Ampoule 50 ml;False;0;12.5;1550;19375.0;12.5;USD;2026-10-01T14:41:54.713314+00:00;12.5;https://www.starcompany-py.com/cosmeticos/14254-madagascar-centella-hyalu-cica-first-ampoule-50ml.html;;;;;;;;False;Pendiente;falta comparable ML suficiente;https://myaimportaciones.vercel.app/producto/skin1004-madagascar-centella-hyalu-cica-first-ampoule-50-ml-5;https://www.starcompany-py.com/cosmeticos/14254-madagascar-centella-hyalu-cica-first-ampoule-50ml.html;2026-10-02T19:24:57.411476+00:00;;;;2026-10-02;;;;14;0;False;;
84fbba21-3271-518b-9b2c-1a29c47d5f57;MYA-KB-002;SKIN1004 Madagascar Centella Hyalu-Cica Moisture Cream 75 ml;True;43600;15.0;1550;23250.0;15;USD;2026-10-01T14:41:54.713314+00:00;15.0;https://www.starcompany-py.com/cosmeticos/14241-madagascar-centella-hyalu-cica-moisture-cream-75ml.html;48504.0;43600.0;43600.0;20350.0;20350.0;46.67;-2478.0;False;Aplicado;"Autorizado por el dueño y verificado en la API pública. Referencia ML indexada; gastos pendientes.";https://myaimportaciones.vercel.app/producto/skin1004-madagascar-centella-hyalu-cica-moisture-cream-75-ml-2;https://www.starcompany-py.com/cosmeticos/14241-madagascar-centella-hyalu-cica-moisture-cream-75ml.html;2026-10-02T19:24:57.558562+00:00;Skin1004 Hyalu-cica Moisture Cream Hidratante Piel Seca 75ml Seca Día/noche;https://www.mercadolibre.com.ar/skin1004-madagascar-centella-hyalu-cica-crema-humectante-25/p/MLA30949302;market-92.txt;2026-10-02;48504;https://www.mercadolibre.com.ar/skin1004-madagascar-centella-hyalu-cica-crema-humectante-25/p/MLA30949302;2026-10-01T15:13:20+00:00;4;46078;True;20350.0;46.67
4afac7dc-f827-5f74-93dd-5575af6ac580;MYA-KB-197;SKIN1004 Madagascar Centella Hyalu-Cica Silky-Fit Sun Stick 20 g;True;50350;17.5;1550;27125.0;17.5;USD;2026-10-01T14:41:54.713314+00:00;17.5;https://www.starcompany-py.com/cosmeticos/14255-madagascar-centella-hyalu-cica-silky-fit-sun-stick-20g.html;53000.0;47700.0;;20575.0;20575.0;43.13;-2650.0;False;Pendiente;"precios indexados distintos para la misma publicación; confirmar unidad/pack en ficha ML";https://myaimportaciones.vercel.app/producto/skin1004-madagascar-centella-hyalu-cica-silky-fit-sun-stick-20-g-197;https://www.starcompany-py.com/cosmeticos/14255-madagascar-centella-hyalu-cica-silky-fit-sun-stick-20g.html;2026-10-02T19:24:58.276941+00:00;Skin1004 Centella Hyalu-cica Silky-fit Sun Stick Spf50+ 20 G;https://www.mercadolibre.com.ar/protector-solar-en-barra-skin1004-madagascar-centella-hyalu/p/MLA2065084156;market-92.txt;2026-10-02;53000;https://www.mercadolibre.com.ar/protector-solar-en-barra-skin1004-madagascar-centella-hyalu/p/MLA2065084156;2026-10-01T15:13:20+00:00;424;50350;False;23225.0;46.13
aa6f28bc-ee9a-5d1a-a455-ef3dd6885741;MYA-KB-010;SKIN1004 Madagascar Centella Hyalu-Cica Sleeping Pack 100 ml;True;48200;13.0;1550;20150.0;13;USD;2026-10-01T14:41:54.713314+00:00;13.0;https://atacadousa.com.py/cosmeticos/12898-skin1004-madagascar-centella-hyalu-cica-sleeping-pack-100ml-260724.html;53600.0;48200.0;48200.0;28050.0;28050.0;58.2;-915.0;False;Aplicado;"Autorizado por el dueño y verificado en la API pública. Referencia ML indexada; gastos pendientes.";https://myaimportaciones.vercel.app/producto/skin1004-madagascar-centella-hyalu-cica-sleeping-pack-100-ml-10;https://atacadousa.com.py/cosmeticos/12898-skin1004-madagascar-centella-hyalu-cica-sleeping-pack-100ml-260724.html;2026-10-02T19:24:58.296759+00:00;Skin1004 Madagascar Centella Hyalu-cica Sleeping Pack 100ml;https://www.mercadolibre.com.ar/skin1004-madagascar-centella-hyalucica-sleeping-pack-100ml/up/MLAU4188874470;market-single-65.txt;2026-10-02;51700;https://www.mercadolibre.com.ar/crema-facial-noche-hyalucica-sleeping-pack-100ml-skin1004/up/MLAU3427824098;2026-10-01T15:13:20+00:00;6;49115;True;28050.0;58.2
fb38b0cd-1455-5410-9555-21a929ff6603;MYA-KB-009;SKIN1004 Madagascar Centella Hyalu-Cica Sleeping Pack 30 ml;True;18990;7.5;1550;11625.0;7.5;USD;2026-10-01T14:41:54.713314+00:00;7.5;https://atacadousa.com.py/cosmeticos/12897-skin1004-madagascar-centella-hyalu-cica-sleeping-pack-30ml-261004.html;;;;;;;;False;Pendiente;falta comparable ML suficiente;https://myaimportaciones.vercel.app/producto/skin1004-madagascar-centella-hyalu-cica-sleeping-pack-30-ml-9;https://atacadousa.com.py/cosmeticos/12897-skin1004-madagascar-centella-hyalu-cica-sleeping-pack-30ml-261004.html;2026-10-02T19:24:58.428833+00:00;;;;2026-10-02;19990;https://www.mercadolibre.com.ar/skin1004-centella-hyalu-cica-sleeping-pack-30-ml-mini-talla-momento-de-aplicacion-noche-tipo-de-piel-seca/p/MLA43787516;2026-10-01T15:13:20+00:00;6;18990;False;7365.0;38.78
1999358a-109a-5ea9-a33a-82842ad13fff;MYA-KB-053;SKIN1004 Madagascar Centella Hyalu-Cica Travel Kit - 4 productos;False;0;24.0;1550;37200.0;24;USD;2026-10-01T14:41:54.713314+00:00;24.0;https://www.starcompany-py.com/cosmeticos-coreanos/16947-skin-1004-madagascar-centella-travel-kit-hyalu-cica-4un.html;;;;;;;;False;Pendiente;falta comparable ML suficiente;https://myaimportaciones.vercel.app/producto/skin1004-madagascar-centella-hyalu-cica-travel-kit-4-productos-53;https://www.starcompany-py.com/cosmeticos-coreanos/16947-skin-1004-madagascar-centella-travel-kit-hyalu-cica-4un.html;2026-10-02T19:24:58.429746+00:00;;;;2026-10-02;;;;12;0;False;;
7c209919-0567-539d-854a-b723ff12f55e;MYA-KB-198;SKIN1004 Madagascar Centella Hyalu-Cica Water-Fit Sun Serum 15 ml;False;0;9.9;1550;15345.0;9.9;USD;2026-10-01T14:41:54.713314+00:00;9.9;https://www.starcompany-py.com/cosmeticos/14256-madagascar-centella-hyalu-cica-water-fit-sun-serum-15ml.html;;;;;;;;False;Pendiente;falta comparable ML suficiente;https://myaimportaciones.vercel.app/producto/skin1004-madagascar-centella-hyalu-cica-water-fit-sun-serum-15-ml-198;https://www.starcompany-py.com/cosmeticos/14256-madagascar-centella-hyalu-cica-water-fit-sun-serum-15ml.html;2026-10-02T19:24:59.157482+00:00;;;;2026-10-02;;;;38;0;False;;
c91003f0-2ea3-5115-942b-5ecaa6677615;MYA-KB-184;SKIN1004 Madagascar Centella Hyalu-Cica Water-Fit Sun Serum 50 ml;True;61750;14.4;1550;22320.0;14.4;USD;2026-10-01T14:41:54.713314+00:00;14.4;https://www.starcompany-py.com/cosmeticos/14242-madagascar-centella-hyalu-cica-water-fit-sun-serum-50ml.html;67440.5;60600.0;;38280.0;38280.0;63.17;-1150.0;False;Pendiente;confirmar unidad/pack en ficha ML;https://myaimportaciones.vercel.app/producto/skin1004-madagascar-centella-hyalu-cica-water-fit-sun-serum-50-ml-184;https://www.starcompany-py.com/cosmeticos/14242-madagascar-centella-hyalu-cica-water-fit-sun-serum-50ml.html;2026-10-02T19:24:59.241489+00:00;Protector Solar Skin1004 Hyalu-Cica Water-Fit Sun Serum SPF50+ 50ml;https://www.mercadolibre.com.ar/skin1004-hyalu-cica-water-fit-sun-serum-spf50-protector-solar-50ml/p/MLA24454808;market-96.txt;2026-10-02;65000;https://www.mercadolibre.com.ar/skin1004-hyalucica-waterfit-sun-serum-spf50-50ml/up/MLAU4612117323;2026-10-01T15:13:20+00:00;169;61750;False;39430.0;63.85
753b73f6-1ac4-5eea-a107-410bc854bca2;MYA-KB-054;SKIN1004 Madagascar Centella Light Cleansing Oil 200 ml;True;39800;12.0;1550;18600.0;12;USD;2026-10-01T14:41:54.713314+00:00;12.0;https://atacadousa.com.py/cosmeticos/12359-skin1004-madagascar-centella-light-cleansing-oil-200ml-261110.html;44284.15;39800.0;39800.0;21200.0;21200.0;53.27;-2269.0;False;Aplicado;"Autorizado por el dueño y verificado en la API pública. Referencia ML indexada; gastos pendientes.";https://myaimportaciones.vercel.app/producto/skin1004-madagascar-centella-light-cleansing-oil-200-ml-54;https://atacadousa.com.py/cosmeticos/12359-skin1004-madagascar-centella-light-cleansing-oil-200ml-261110.html;2026-10-02T19:24:59.374782+00:00;Aceite Limpiador Skin1004 Centella Light Cleansing Oil 200ml;https://www.mercadolibre.com.ar/aceite-limpiador-skin1004-centella-light-cleansing-oil-200ml/up/MLAU3856595586;market-single-68.txt;2026-10-02;44284.15;https://www.mercadolibre.com.ar/aceite-limpiador-skin1004-centella-light-cleansing-oil-200ml/up/MLAU3856595586;2026-10-01T15:13:20+00:00;3;42069;True;21200.0;53.27
f6d809c0-45cc-5475-b66e-7fd521bda8a0;MYA-KB-202;SKIN1004 Madagascar Centella Light Cleansing Oil 30 ml;True;32400;6.0;1550;9300.0;6;USD;2026-10-01T14:41:54.713314+00:00;6.0;https://www.starcompany-py.com/cosmeticos/14260-madagascar-centella-light-cleansing-oil-30ml.html;36000.0;32400.0;32400.0;23100.0;23100.0;71.3;-1800.0;False;Aplicado;"Autorizado por el dueño y verificado en la API pública. Referencia ML indexada; gastos pendientes.";https://myaimportaciones.vercel.app/producto/skin1004-madagascar-centella-light-cleansing-oil-30-ml-202;https://www.starcompany-py.com/cosmeticos/14260-madagascar-centella-light-cleansing-oil-30ml.html;2026-10-02T19:25:00.125426+00:00;Skin1004 Madagascar Centella Light Cleansing Oil 30ml Momento De Aplicación Día/noche Tipo De Piel Todo Tipo De Piel;https://www.mercadolibre.com.ar/skin1004-madagascar-centella-light-cleansing-oil-30ml-momento-de-aplicacion-dianoche-tipo-de-piel-todo-tipo-de-piel/p/MLA37718912;market-96.txt;2026-10-02;36000;https://www.mercadolibre.com.ar/skin1004-madagascar-centella-light-cleansing-oil-30ml-momento-de-aplicacion-dianoche-tipo-de-piel-todo-tipo-de-piel/p/MLA37718912;2026-10-01T15:13:20+00:00;5;34200;True;23100.0;71.3
5ca349c6-b6f2-5cba-86e6-7ddcfdac9a1b;MYA-KB-182;SKIN1004 Madagascar Centella Poremizing Clear Toner 210 ml;True;48829;10.0;1550;15500.0;10;USD;2026-10-01T14:41:54.713314+00:00;10.0;https://www.starcompany-py.com/cosmeticos/14240-madagascar-centella-poremizing-clear-toner-210ml.html;51399.0;46200.0;;30700.0;30700.0;66.45;-2629.0;False;Pendiente;confirmar unidad/pack en ficha ML;https://myaimportaciones.vercel.app/producto/skin1004-madagascar-centella-poremizing-clear-toner-210-ml-182;https://www.starcompany-py.com/cosmeticos/14240-madagascar-centella-poremizing-clear-toner-210ml.html;2026-10-02T19:25:00.129681+00:00;Tónico Exfoliante Skin1004 Centella Poremizing Clear 210ml;https://www.mercadolibre.com.ar/tonico-exfoliante-skin1004-centella-poremizing-clear-210ml/up/MLAU3538200744;market-96.txt;2026-10-02;51399;https://www.mercadolibre.com.ar/tonico-skin1004-poremizing-clear-toner-210-ml/up/MLAU3479230180;2026-10-01T15:13:20+00:00;4;48829;False;33329.0;68.26
c5ec63c1-034b-5f12-86e6-e85affac2da5;MYA-KB-057;SKIN1004 Madagascar Centella Poremizing Fresh Ampoule 100 ml;True;48500;15.99;1550;24784.5;15.99;USD;2026-10-01T14:41:54.713314+00:00;15.99;https://atacadousa.com.py/cosmeticos/12764-skin1004-madagascar-cente-poremizing-fresh-ampoule-100ml-261462.html;53910.0;48500.0;48500.0;23715.5;23715.5;48.9;-2714.0;False;Aplicado;"Autorizado por el dueño y verificado en la API pública. Referencia ML indexada; gastos pendientes.";https://myaimportaciones.vercel.app/producto/skin1004-madagascar-centella-poremizing-fresh-ampoule-100-ml-57;https://atacadousa.com.py/cosmeticos/12764-skin1004-madagascar-cente-poremizing-fresh-ampoule-100ml-261462.html;2026-10-02T19:25:00.226060+00:00;Ampoule Skin1004 Centella Madagascar Poremizing Fresh 100 Ml;https://www.mercadolibre.com.ar/ampoule-skin1004-centella-madagascar-poremizing-fresh-100-ml/p/MLA57773740;market-single-69.txt;2026-10-02;53910;https://www.mercadolibre.com.ar/ampoule-skin1004-centella-madagascar-poremizing-fresh-100-ml/p/MLA57773740;2026-10-01T15:13:20+00:00;3;51214;True;23715.5;48.9
1908c445-6545-5a6f-bcc6-08f245da1b27;MYA-KB-195;SKIN1004 Madagascar Centella Poremizing Fresh Ampoule 50 ml;True;43100;13.0;1550;20150.0;13;USD;2026-10-01T14:41:54.713314+00:00;13.0;https://www.starcompany-py.com/cosmeticos/14253-madagascar-centella-poremizing-fresh-ampoule-50ml.html;47900.0;43100.0;43100.0;22950.0;22950.0;53.25;-2405.0;False;Aplicado;"Autorizado por el dueño y verificado en la API pública. Referencia ML indexada; gastos pendientes.";https://myaimportaciones.vercel.app/producto/skin1004-madagascar-centella-poremizing-fresh-ampoule-50-ml-195;https://www.starcompany-py.com/cosmeticos/14253-madagascar-centella-poremizing-fresh-ampoule-50ml.html;2026-10-02T19:25:00.845165+00:00;Skin1004 Poremizing Fresh Ampolla Centella Madagascar 50ml;https://www.mercadolibre.com.ar/skin1004-poremizing-fresh-ampolla-centella-madagascar-50ml/up/MLAU4369025833;market-single-69.txt;2026-10-02;47900;https://www.mercadolibre.com.ar/skin1004-poremizing-fresh-ampolla-centella-madagascar-50ml/up/MLAU4369025833;2026-10-01T15:13:20+00:00;7;45505;True;22950.0;53.25
04a50cee-7ac5-582b-8468-6c34161c331f;MYA-KB-003;SKIN1004 Madagascar Centella Poremizing Light Gel Cream 75 ml;True;39500;15.9;1550;24645.0;15.9;USD;2026-10-01T14:41:54.713314+00:00;15.9;https://www.starcompany-py.com/cosmeticos/14245-madagascar-centella-poremizing-light-gel-cream-75ml.html;43999.12;39500.0;39500.0;14855.0;14855.0;37.61;-2299.0;False;Aplicado;"Autorizado por el dueño y verificado en la API pública. Referencia ML indexada; gastos pendientes.";https://myaimportaciones.vercel.app/producto/skin1004-madagascar-centella-poremizing-light-gel-cream-75-ml-3;https://www.starcompany-py.com/cosmeticos/14245-madagascar-centella-poremizing-light-gel-cream-75ml.html;2026-10-02T19:25:01.011116+00:00;Skin1004 Madagascar Centella Poremizing Light Gel Cream Momento De Aplicación Día/noche Tipo De Piel Todo Tipo De Piel;https://www.mercadolibre.com.ar/skin1004-madagascar-centella-poremizing-light-gel-cream-momento-de-aplicacion-dianoche-tipo-de-piel-todo-tipo-de-piel/p/MLA27021756;market-single-70.txt;2026-10-02;43999.12;https://www.mercadolibre.com.ar/skin1004-madagascar-centella-poremizing-light-gel-cream-momento-de-aplicacion-dianoche-tipo-de-piel-todo-tipo-de-piel/p/MLA27021756;2026-10-01T15:13:20+00:00;71;41799;True;14855.0;37.61
09ee7599-5f85-5882-b3d2-bd6d219181a9;MYA-KB-204;SKIN1004 Madagascar Centella Poremizing Travel Kit - 4 productos;True;94999;26.0;1550;40300.0;26;USD;2026-10-01T14:41:54.713314+00:00;26.0;https://www.starcompany-py.com/cosmeticos-coreanos/16948-skin-1004-madagascar-centella-travel-kit-poremizing-4un.html;;;;;;;;False;Pendiente;falta comparable ML suficiente;https://myaimportaciones.vercel.app/producto/skin1004-madagascar-centella-poremizing-travel-kit-4-productos-204;https://www.starcompany-py.com/cosmeticos-coreanos/16948-skin-1004-madagascar-centella-travel-kit-poremizing-4un.html;2026-10-02T19:25:01.091665+00:00;;;;2026-10-02;99999;https://www.mercadolibre.com.ar/skin1004-centella-poremizing-travel-kit-mini-4pcs-original/up/MLAU4047857622;2026-10-01T15:13:20+00:00;6;94999;False;54699.0;57.58
55babd8c-f8c9-5c64-a9aa-96795beca505;MYA-KB-192;SKIN1004 Madagascar Centella Probio-Cica Enrich Cream 50 ml;True;61750;19.25;1550;29837.5;19.25;USD;2026-10-01T14:41:54.713314+00:00;19.25;https://www.starcompany-py.com/cosmeticos/14250-madagascar-centella-probio-cica-enrich-cream-50ml.html;29945.06;26900.0;;-2937.5;-2937.5;-10.92;-34850.0;False;Pendiente;"objetivo no supera compra y gastos registrados; confirmar unidad/pack en ficha ML";https://myaimportaciones.vercel.app/producto/skin1004-madagascar-centella-probio-cica-enrich-cream-50-ml-192;https://www.starcompany-py.com/cosmeticos/14250-madagascar-centella-probio-cica-enrich-cream-50ml.html;2026-10-02T19:25:01.746731+00:00;Skin1004 Crema Probio-cica Centella Madagascar Calmante 50ml;https://articulo.mercadolibre.com.ar/MLA-3446539702-skin1004-crema-probio-cica-centella-madagascar-calmante-50ml-_JM;market-104.txt;2026-10-02;65000;https://www.mercadolibre.com.ar/skin1004-probio-cica-enrich-cream-crema-facial-50ml-dianoche-tipo-de-piel-pieles-maduras/p/MLA32975477;2026-10-01T15:13:20+00:00;2;61750;False;31912.5;51.68
988a0a45-85dc-5353-8933-543545cb5d09;MYA-KB-191;SKIN1004 Madagascar Centella Probio-Cica Intensive Ampoule 50 ml;True;73533;16.4;1550;25420.0;16.4;USD;2026-10-01T14:41:54.713314+00:00;16.4;https://www.starcompany-py.com/cosmeticos/14249-madagascar-centella-probio-cica-intensive-ampoule-50ml.html;74572.62;67100.0;;41680.0;41680.0;62.12;-6433.0;False;Pendiente;confirmar unidad/pack en ficha ML;https://myaimportaciones.vercel.app/producto/skin1004-madagascar-centella-probio-cica-intensive-ampoule-50-ml-191;https://www.starcompany-py.com/cosmeticos/14249-madagascar-centella-probio-cica-intensive-ampoule-50ml.html;2026-10-02T19:25:01.793343+00:00;Ampolla Skin1004 Centella Probio-cica De Madagascar 50 Ml;https://www.mercadolibre.com.ar/ampolla-skin1004-centella-probio-cica-de-madagascar-50-ml/p/MLA2060407644;market-single-72.txt;2026-10-02;77404.09;https://www.mercadolibre.com.ar/skin1004-probiocica-intensive-ampoule-pieles-madura-50ml/up/MLAU3089081383;2026-10-01T15:13:20+00:00;5;73533;False;48113.0;65.43
e52a8551-2452-5aee-a681-172928b1d684;MYA-KB-000;SKIN1004 Madagascar Centella Quick Calming Pad 70Pads/130 ml;True;102505;15.0;1550;23250.0;15;USD;2026-10-01T14:41:54.713314+00:00;15.0;https://atacadousa.com.py/cosmeticos/11776-skin1004-madagascar-centella-quick-calming-pad-70pads130ml-261387.html;;;;;;;;False;Pendiente;falta comparable ML suficiente;https://myaimportaciones.vercel.app/producto/skin1004-madagascar-centella-quick-calming-pad-70pads-130-ml-0;https://atacadousa.com.py/cosmeticos/11776-skin1004-madagascar-centella-quick-calming-pad-70pads130ml-261387.html;2026-10-02T19:25:02.066261+00:00;;;;2026-10-02;107900;https://www.mercadolibre.com.ar/skin1004-madagascar-centella-quick-calming-pad-70-pads/up/MLAU3430869283;2026-10-01T15:13:20+00:00;4;102505;False;79255.0;77.32
71446601-e0d0-57bd-ab3a-9ce4e6288029;MYA-KB-178;SKIN1004 Madagascar Centella Soothing Cream 75 ml;True;51200;16.25;1550;25187.5;16.25;USD;2026-10-01T14:41:54.713314+00:00;16.25;https://www.starcompany-py.com/cosmeticos/14236-madagascar-centella-soothing-cream-75ml.html;56999.0;51200.0;51200.0;26012.5;26012.5;50.81;-2949.0;False;Aplicado;"Autorizado por el dueño y verificado en la API pública. Referencia ML indexada; gastos pendientes.";https://myaimportaciones.vercel.app/producto/skin1004-madagascar-centella-soothing-cream-75-ml-178;https://www.starcompany-py.com/cosmeticos/14236-madagascar-centella-soothing-cream-75ml.html;2026-10-02T19:25:02.122935+00:00;Skin1004 Madagascar Centella Soothing Cream - 75ml Orginal;https://www.mercadolibre.com.ar/skin1004-madagascar-centella-soothing-cream--75ml-orginal/up/MLAU3808639020;market-single-74.txt;2026-10-02;56999;https://www.mercadolibre.com.ar/skin1004-madagascar-centella-soothing-cream--75ml-orginal/up/MLAU3808639020;2026-10-01T15:13:20+00:00;25;54149;True;26012.5;50.81
58903652-4ec1-5f5c-87bb-c9b703455a07;MYA-KB-193;SKIN1004 Madagascar Centella Tea-Trica B5 Cream 75 ml;True;50159;15.0;1550;23250.0;15;USD;2026-10-01T14:41:54.713314+00:00;15.0;https://www.starcompany-py.com/cosmeticos/14251-madagascar-centella-tea-trica-b5-cream-75ml.html;;;;;;;;False;Pendiente;falta comparable ML suficiente;https://myaimportaciones.vercel.app/producto/skin1004-madagascar-centella-tea-trica-b5-cream-75-ml-193;https://www.starcompany-py.com/cosmeticos/14251-madagascar-centella-tea-trica-b5-cream-75ml.html;2026-10-02T19:25:02.708634+00:00;;;;2026-10-02;52799;https://www.mercadolibre.com.ar/skin1004-teatrica-b5-crema-facial-hidratante-anti-acne-75ml/up/MLAU2527095256;2026-10-01T15:13:20+00:00;11;50159;False;26909.0;53.65
cd8217b2-769a-5ffe-aa0c-806f92d902d6;MYA-KB-190;SKIN1004 Madagascar Centella Tea-Trica BHA Foam 125 ml;True;36500;14.9;1550;23095.0;14.9;USD;2026-10-01T14:41:54.713314+00:00;14.9;https://www.starcompany-py.com/cosmeticos/14248-madagascar-centella-tea-trica-bha-foam-125ml.html;40564.05;36500.0;36500.0;13405.0;13405.0;36.73;-2035.0;False;Aplicado;"Autorizado por el dueño y verificado en la API pública. Referencia ML indexada; gastos pendientes.";https://myaimportaciones.vercel.app/producto/skin1004-madagascar-centella-tea-trica-bha-foam-125-ml-190;https://www.starcompany-py.com/cosmeticos/14248-madagascar-centella-tea-trica-bha-foam-125ml.html;2026-10-02T19:25:02.826744+00:00;Skin1004 Centella Tea Trica Bha Foam Limpiador Facial Espuma;https://www.mercadolibre.com.ar/skin1004-centella-tea-trica-bha-foam-limpiador-facial-espuma/up/MLAU2727738028;market-single-76.txt;2026-10-02;40564.05;https://www.mercadolibre.com.ar/skin1004-centella-tea-trica-bha-foam-limpiador-facial-espuma/up/MLAU2727738028;2026-10-01T15:13:20+00:00;1;38535;True;13405.0;36.73
888e94d3-232b-5e34-9116-ea2e39653dfd;MYA-KB-189;SKIN1004 Madagascar Centella Tea-Trica Relief Ampoule 100 ml;True;68300;14.0;1550;21700.0;14;USD;2026-10-01T14:41:54.713314+00:00;14.0;https://www.starcompany-py.com/cosmeticos/14247-madagascar-centella-tea-trica-relief-ampoule-100ml.html;75999.0;68300.0;68300.0;46600.0;46600.0;68.23;4461.0;False;Aplicado;"Autorizado por el dueño y verificado en la API pública. Referencia ML indexada; gastos pendientes.";https://myaimportaciones.vercel.app/producto/skin1004-madagascar-centella-tea-trica-relief-ampoule-100-ml-189;https://www.starcompany-py.com/cosmeticos/14247-madagascar-centella-tea-trica-relief-ampoule-100ml.html;2026-10-02T19:25:02.830467+00:00;Skin1004 Centella Madagascar Tea-trica Relief Ampoule 100ml;https://www.mercadolibre.com.ar/skin1004-centella-madagascar-teatrica-relief-ampoule-100ml/up/MLAU3089122302;market-108.txt;2026-10-02;67199;https://www.mercadolibre.com.ar/skin1004-ampolla-serum-anti-acne-tea-trica-relief-100ml/p/MLA38719413?offer_type=OFFICIAL_STORE;2026-10-01T15:13:20+00:00;36;63839;True;46600.0;68.23
de6ac651-1ee1-5ffb-803d-9b2d303da2da;MYA-KB-008;SKIN1004 Madagascar Centella Tea-Trica Travel Kit - 4 productos;False;0;24.0;1550;37200.0;24;USD;2026-10-01T14:41:54.713314+00:00;24.0;https://www.starcompany-py.com/cosmeticos-coreanos/16949-skin-1004-madagascar-centella-travel-kit-tea-trica-4un.html;;;;;;;;False;Pendiente;falta comparable ML suficiente;https://myaimportaciones.vercel.app/producto/skin1004-madagascar-centella-tea-trica-travel-kit-4-productos-8;https://www.starcompany-py.com/cosmeticos-coreanos/16949-skin-1004-madagascar-centella-travel-kit-tea-trica-4un.html;2026-10-02T19:25:03.174136+00:00;;;;2026-10-02;;;;3;0;False;;
bb7cc3f3-6846-5aee-9122-fb58796264c8;MYA-KB-090;SKIN1004 Madagascar Centella Tone Brightening Boosting Toner 210 ml;True;41500;18.0;1550;27900.0;18;USD;2026-10-01T14:41:54.713314+00:00;18.0;https://atacadousa.com.py/cosmeticos/11700-tonico-facial-skin1004-madagascar-centella-tone-brightening-210m61165.html;46155.0;41500.0;41500.0;13600.0;13600.0;32.77;-2347.0;False;Aplicado;"Autorizado por el dueño y verificado en la API pública. Referencia ML indexada; gastos pendientes.";https://myaimportaciones.vercel.app/producto/skin1004-madagascar-centella-tone-brightening-boosting-toner-210-ml-90;https://atacadousa.com.py/cosmeticos/11700-tonico-facial-skin1004-madagascar-centella-tone-brightening-210m61165.html;2026-10-02T19:25:04.013630+00:00;Skin1004 Tone Brightening Tónico Facial Anti Manchas 210ml Con Manchas Día/noche;https://www.mercadolibre.com.ar/skin1004-madagascar-centella-tone-brightening-boosting-210ml-toner-momento-de-aplicacion-dianoche-tipo-de-piel-todo-tipo-de-piel/p/MLA37945986;market-single-62.txt;2026-10-02;46155;https://www.mercadolibre.com.ar/skin1004-madagascar-centella-tone-brightening-boosting-210ml-toner-momento-de-aplicacion-dianoche-tipo-de-piel-todo-tipo-de-piel/p/MLA37945986;2026-10-01T15:13:20+00:00;3;43847;True;13600.0;32.77
a01bb880-e7db-549a-aed0-eccfbfa914ef;MYA-KB-200;SKIN1004 Madagascar Centella Tone Brightening Capsule Ampoule 50 ml;True;38000;16.0;1550;24800.0;16;USD;2026-10-01T14:41:54.713314+00:00;16.0;https://www.starcompany-py.com/cosmeticos/14258-madagascar-centella-tone-brightening-capsule-ampoule-50ml.html;;;;;;;;False;Pendiente;falta comparable ML suficiente;https://myaimportaciones.vercel.app/producto/skin1004-madagascar-centella-tone-brightening-capsule-ampoule-50-ml-200;https://www.starcompany-py.com/cosmeticos/14258-madagascar-centella-tone-brightening-capsule-ampoule-50ml.html;2026-10-02T19:25:04.113446+00:00;;;;2026-10-02;40000;https://www.mercadolibre.com.ar/serum-skin1004-madagascar-centella-ampolla-iluminadora-de-tono-50-ml/p/MLA38647979;2026-10-01T15:13:20+00:00;14;38000;False;13200.0;34.74
33ed4854-be05-53a8-8de9-397b26f55dad;MYA-KB-004;SKIN1004 Madagascar Centella Tone Brightening Capsule Cream 75 ml;False;0;15.9;1550;24645.0;15.9;USD;2026-10-01T14:41:54.713314+00:00;15.9;https://www.starcompany-py.com/cosmeticos/14244-madagascar-centella-tone-brightening-capsule-cream-75ml.html;54283.95;48800.0;48800.0;24155.0;24155.0;49.5;48800.0;False;Propuesta;"Referencia de búsqueda indexada; revisar vigencia y gastos antes de publicar";https://myaimportaciones.vercel.app/producto/skin1004-madagascar-centella-tone-brightening-capsule-cream-75-ml-4;https://www.starcompany-py.com/cosmeticos/14244-madagascar-centella-tone-brightening-capsule-cream-75ml.html;2026-10-02T19:25:04.329548+00:00;Skin1004 Tone Brightening Crema Facial Anti Manchas 75ml Con Manchas Día/noche;https://www.mercadolibre.com.ar/skin1004-madagascar-centella-tone-brightening-capsule-cream-momento-de-aplicacion-dianoche-tipo-de-piel-sensible/p/MLA37024216;market-single-79.txt;2026-10-02;;;;11;0;False;;
196a7f7d-4153-5cfa-a33c-114b0392c90b;MYA-KB-091;SKIN1004 Madagascar Centella Tone Brightening Cleansing Gel Foam 125 ml;False;0;11.9;1550;18445.0;11.9;USD;2026-10-01T14:41:54.713314+00:00;11.9;https://www.starcompany-py.com/cosmeticos/14238-madagascar-centella-tone-brightening-cleansing-gel-foam-125ml.html;;;;;;;;False;Pendiente;falta comparable ML suficiente;https://myaimportaciones.vercel.app/producto/skin1004-madagascar-centella-tone-brightening-cleansing-gel-foam-125-ml-91;https://www.starcompany-py.com/cosmeticos/14238-madagascar-centella-tone-brightening-cleansing-gel-foam-125ml.html;2026-10-02T19:25:04.810632+00:00;;;;2026-10-02;;;;10;0;False;;
b259650b-e2f1-51b0-aee8-165f33e03b8c;MYA-KB-001;SKIN1004 Madagascar Centella Toning Toner 210 ml;False;0;14.0;1550;21700.0;14;USD;2026-10-01T14:41:54.713314+00:00;14.0;https://www.starcompany-py.com/cosmeticos/14237-madagascar-centella-toning-toner-210ml.html;45390.0;40800.0;;19100.0;19100.0;46.81;40800.0;False;Pendiente;confirmar unidad/pack en ficha ML;https://myaimportaciones.vercel.app/producto/skin1004-madagascar-centella-toning-toner-210-ml-1;https://www.starcompany-py.com/cosmeticos/14237-madagascar-centella-toning-toner-210ml.html;2026-10-02T19:25:05.383245+00:00;Skin1004 Centella Toning Toner Tonico Facial 210ml Momento de aplicación Día/Noche Tipo de piel Sensible;https://www.mercadolibre.com.ar/skin1004-centella-toning-toner-tonico-facial-210ml-momento-de-aplicacion-dianoche-tipo-de-piel-sensible/p/MLA28395753;market-108.txt;2026-10-02;;;;9;0;False;;
024b3fe4-5068-5760-acf8-92abade63f1f;MYA-KB-201;SKIN1004 Madagascar Centella Toning Toner 30 ml;False;0;7.4;1550;11470.0;7.4;USD;2026-10-01T14:41:54.713314+00:00;7.4;https://www.starcompany-py.com/cosmeticos/14259-madagascar-centella-toning-toner-30ml.html;;;;;;;;False;Pendiente;falta comparable ML suficiente;https://myaimportaciones.vercel.app/producto/skin1004-madagascar-centella-toning-toner-30-ml-201;https://www.starcompany-py.com/cosmeticos/14259-madagascar-centella-toning-toner-30ml.html;2026-10-02T19:25:05.715780+00:00;;;;2026-10-02;;;;5;0;False;;
b0c874de-0953-5148-a391-b71261c25aef;MYA-KB-089;SKIN1004 Madagascar Centella Travel Kit - 5 productos;True;79156;29.75;1550;46112.5;29.75;USD;2026-10-01T14:41:54.713314+00:00;29.75;https://atacadousa.com.py/cosmeticos/11671-kit-facial-skin1004-madagascar-centella-travel261233.html;91899.0;82700.0;;36587.5;36587.5;44.24;3544.0;False;Pendiente;confirmar unidad/pack en ficha ML;https://myaimportaciones.vercel.app/producto/skin1004-madagascar-centella-travel-kit-5-productos-89;https://atacadousa.com.py/cosmeticos/11671-kit-facial-skin1004-madagascar-centella-travel261233.html;2026-10-02T19:25:05.786521+00:00;Skin1004 Madagascar Centella Travel Kit 5 Piezas;https://www.mercadolibre.com.ar/skin1004-madagascar-centella-travel-kit-5-piezas/up/MLAU3415062171;market-112.txt;2026-10-02;83323;https://www.mercadolibre.com.ar/skin1004-madagascar-centella-travel-5-piezas-mini-momento-de-aplicacion-dianoche-tipo-de-piel-todo-tipo-de-piel/p/MLA27139034;2026-10-01T15:13:20+00:00;5;79156;False;33043.5;41.74
f367f198-f282-593b-a5d7-21754ad8973a;MYA-KB-173;SKIN1004 Madagascar Centella Watergel Sheet Ampoule Mask - 1 mascarilla / 25 ml;True;6269;2.75;1550;4262.5;2.75;USD;2026-10-01T14:41:54.713314+00:00;2.75;https://www.starcompany-py.com/cosmeticos/14064-madagascar-centella-watergel-sheet-ampoule-mask-25ml.html;;;;;;;;False;Pendiente;falta comparable ML suficiente;https://myaimportaciones.vercel.app/producto/skin1004-madagascar-centella-watergel-sheet-ampoule-mask-1-mascarilla-25-ml-173;https://www.starcompany-py.com/cosmeticos/14064-madagascar-centella-watergel-sheet-ampoule-mask-25ml.html;2026-10-02T19:25:06.242534+00:00;;;;2026-10-02;6599;https://www.mercadolibre.com.ar/skin1004-madagascar-centella-watergel-sheet-ampoule-mask-1-pieza/p/MLA38013578;2026-10-01T15:13:20+00:00;71;6269;False;2006.5;32.01
c6adc160-129b-548e-9970-2d8627f5f788;158237;Total Amoladora angular 1500W 125mm TG11512536;True;230900;68.0;1550;105400.0;74.8;USD;2026-10-01T18:27:41.692973+00:00;68.0;https://www.totalherramientasoficial.com.py/produto/total-esmerilhadeira-angular-5-1500w-tg11512536-56027.html;;;;;;;;False;Pendiente;falta comparable ML suficiente;https://myaimportaciones.vercel.app/producto/total-amoladora-angular-1500w-125mm-tg11512536;https://www.totalherramientasoficial.com.py/produto/total-esmerilhadeira-angular-5-1500w-tg11512536-56027.html;2026-10-02T19:25:06.508385+00:00;;;;2026-10-02;;;;;230900;False;125500.0;54.35
2558e409-f511-5021-92d9-ce94d379cc1d;436281;Total Amoladora angular 2000W 180mm TG12018026;True;211900;69.99;1550;108484.5;76.99;USD;2026-10-01T18:27:42.396696+00:00;69.99;https://www.totalherramientasoficial.com.py/produto/total-rebarbadora--tg12018026-7-2000w---220v-34585.html;;;;;;;;False;Pendiente;falta comparable ML suficiente;https://myaimportaciones.vercel.app/producto/total-amoladora-angular-2000w-180mm-tg12018026;https://www.totalherramientasoficial.com.py/produto/total-rebarbadora--tg12018026-7-2000w---220v-34585.html;2026-10-02T19:25:06.638060+00:00;;;;2026-10-02;224000;https://www.mercadolibre.com.ar/amoladora-angular-industrial-2000w-180mm-total-turquesa-50-hz60-hz/p/MLA30847142;2026-10-01T20:17:30.177706+00:00;;211900;False;103415.5;48.8
af768185-6a29-50b4-911b-871af946609c;367400;Total Amoladora angular 2600W 230mm TG1262306;True;337200;88.0;1550;136400.0;96.8;USD;2026-10-01T18:27:42.173687+00:00;88.0;https://www.totalherramientasoficial.com.py/produto/total-lixadeira--tg1262306--9--2600w-27962.html;374774.27;337200.0;337200.0;200800.0;200800.0;59.55;37300.0;False;Aplicado;"Autorizado por el dueño y verificado en la API pública. Referencia ML indexada; gastos pendientes.";https://myaimportaciones.vercel.app/producto/total-amoladora-angular-2600w-230mm-tg1262306;https://www.totalherramientasoficial.com.py/produto/total-lixadeira--tg1262306--9--2600w-27962.html;2026-10-02T19:25:06.942132+00:00;Amoladora Angular Total Tg1262306 2600w 230mm Uso Industrial;https://www.mercadolibre.com.ar/amoladora-angular-total-tg1262306-2600w-230mm-uso-industrial/p/MLA21854502;market-116.txt;2026-10-02;374774.27;https://www.mercadolibre.com.ar/amoladora-angular-total-tg1262306-2600w-230mm-uso-industrial/p/MLA21854502;2026-10-01T20:17:30.177706+00:00;;299900;True;200800.0;59.55
0a36c60e-dcd4-5dc7-bd95-91f7ed38e41f;54515;Total Amoladora brushless 20V 900W 115mm TAGLI261522;True;222900;88.0;1550;136400.0;96.8;USD;2026-10-01T18:27:43.399658+00:00;88.0;https://www.totalherramientasoficial.com.py/produto/total-lixadeira--20v-motor-brushless-900w--tagli261522-55443.html;275121.0;247600.0;;111200.0;111200.0;44.91;24700.0;False;Pendiente;confirmar baterías, cargador y accesorios del kit equivalente;https://myaimportaciones.vercel.app/producto/total-amoladora-brushless-20v-900w-115mm-tagli261522;https://www.totalherramientasoficial.com.py/produto/total-lixadeira--20v-motor-brushless-900w--tagli261522-55443.html;2026-10-02T19:25:07.196170+00:00;Amoladora Inalámbrica Total 20v Industrial - Motor Sin Carbones 900w - 4.1/2 Pulgadas, 115mm - Con 2 Baterías 4.0ah Litio-ion, Cargador, 5 Discos Y Maletín - Tagli261522-4;https://www.mercadolibre.com.ar/amoladora-inalambrica-total-20v-industrial-motor-sin-carbones-900w-412-pulgadas-115mm-con-2-baterias-40ah-litio-ion-cargador-5-discos-y-maletin-tagli261522-4/p/MLA63336397;market-116.txt;2026-10-02;235530;https://www.mercadolibre.com.ar/amoladora-inalambrica-total-20v-industrial-motor-sin-carbones-900w-412-pulgadas-115mm-con-2-baterias-40ah-litio-ion-cargador-5-discos-y-maletin-tagli261522-4/p/MLA63336397?offer_type=BEST_INSTALLMENTS;2026-10-01T20:17:30.177706+00:00;;222900;False;86500.0;38.81
edc84172-365d-55f3-9eab-7677950174c1;564854;Total Amoladora brushless 42V 1280W 115mm TAGLI4128112;True;352900;127.0;1550;196850.0;139.7;USD;2026-10-01T18:27:43.520417+00:00;127.0;https://www.totalherramientasoficial.com.py/produto/total-lixadeira-42v-tagli4128112-54595.html;371882.0;334600.0;;137750.0;137750.0;41.17;-18300.0;False;Pendiente;confirmar baterías, cargador y accesorios del kit equivalente;https://myaimportaciones.vercel.app/producto/total-amoladora-brushless-42v-1280w-115mm-tagli4128112;https://www.totalherramientasoficial.com.py/produto/total-lixadeira-42v-tagli4128112-54595.html;2026-10-02T19:25:12.552537+00:00;Amoladora Inalámbrica Total 42v Industrial - Motor Sin Carbones 1280w - 4.1/2 Pulgadas, 115mm - Con 2 Baterías 2.5ah Litio-ion, Cargador, Discos Y Maletín - Tagli4128112;https://www.mercadolibre.com.ar/amoladora-inalambrica-total-42v-industrial-motor-sin-carbones-1280w-412-pulgadas-115mm-con-2-baterias-25ah-litio-ion-cargador-discos-y-maletin-tagli4128112/p/MLA53769171;market-single-85.txt;2026-10-02;371882;https://www.mercadolibre.com.ar/amoladora-inalambrica-total-42v-industrial-motor-sin-carbones-1280w-412-pulgadas-115mm-con-2-baterias-25ah-litio-ion-cargador-discos-y-maletin-tagli4128112/p/MLA53769171;2026-10-01T20:17:30.177706+00:00;;352900;False;156050.0;44.22
30221133-d120-5205-a2f7-d38ddb6993b9;436182;Total Atornillador de impacto brushless 20V 230Nm TIRLI2023;True;218900;77.0;1550;119350.0;84.7;USD;2026-10-01T18:27:42.444127+00:00;77.0;https://www.totalherramientasoficial.com.py/produto/total-parafusadeira-de-impacto-20v-pontas-encaxe-14-tirli2023-34574.html;285000.0;256500.0;;137150.0;137150.0;53.47;37600.0;False;Pendiente;confirmar baterías, cargador y accesorios del kit equivalente;https://myaimportaciones.vercel.app/producto/total-atornillador-de-impacto-brushless-20v-230nm-tirli2023;https://www.totalherramientasoficial.com.py/produto/total-parafusadeira-de-impacto-20v-pontas-encaxe-14-tirli2023-34574.html;2026-10-02T19:25:12.572105+00:00;Atornillador De Impacto 230nm 1/4 Brushless Total Tirli2023 Color Turquesa Frecuencia 50/60hz;https://www.mercadolibre.com.ar/atornillador-de-impacto-230nm-14-brushless-total-tirli2023-color-turquesa-frecuencia-5060hz/p/MLA44728112;market-single-86.txt;2026-10-02;285000;https://www.mercadolibre.com.ar/atornillador-de-impacto-230nm-14-brushless-total-tirli2023-color-turquesa-frecuencia-5060hz/p/MLA44728112;2026-10-01T20:17:30.177706+00:00;;218900;False;99550.0;45.48
8b49e6e4-aac8-54ff-bfa6-b2ac7c524dc3;501859;Total Atornillador de impacto brushless 20V 285Nm TIRLI2028;True;230900;88.99;1550;137934.5;97.89;USD;2026-10-01T18:27:42.813187+00:00;88.99;https://www.totalherramientasoficial.com.py/produto/total-chave-de-impacto-20v-tirli2028-ponta-de-encaixe--motor-sem-escovas-47469.html;402999.0;362600.0;;224665.5;224665.5;61.96;131700.0;False;Pendiente;confirmar baterías, cargador y accesorios del kit equivalente;https://myaimportaciones.vercel.app/producto/total-atornillador-de-impacto-brushless-20v-285nm-tirli2028;https://www.totalherramientasoficial.com.py/produto/total-chave-de-impacto-20v-tirli2028-ponta-de-encaixe--motor-sem-escovas-47469.html;2026-10-02T19:25:12.588960+00:00;Atornillador Impacto Brushless 285nm 20v Total Industrial;https://www.mercadolibre.com.ar/atornillador-impacto-brushless-285nm-20v-total-industrial/up/MLAU3830186616;market-120.txt;2026-10-02;244105;https://www.mercadolibre.com.ar/atornillador-de-impacto-brushless-total-incluye-2-baterias-cargador-y-accesorios/p/MLA37827107?offer_type=BEST_INSTALLMENTS;2026-10-01T20:17:30.177706+00:00;;230900;False;92965.5;40.26
1c9fa81b-4f4f-55dd-acc0-fc894f8baee5;381086;Total Fresadora industrial 1600W TR111216;True;229700;69.0;1550;106950.0;75.9;USD;2026-10-01T18:27:42.179815+00:00;69.0;https://www.totalherramientasoficial.com.py/produto/total-tupia-tr111216-1600w-roteador-industrial-29272.html;255299.0;229700.0;229700.0;122750.0;122750.0;53.44;-5200.0;False;Aplicado;"Autorizado por el dueño y verificado en la API pública. Referencia ML indexada; gastos pendientes.";https://myaimportaciones.vercel.app/producto/total-fresadora-industrial-1600w-tr111216;https://www.totalherramientasoficial.com.py/produto/total-tupia-tr111216-1600w-roteador-industrial-29272.html;2026-10-02T19:25:12.591682+00:00;Fresadora Router 1600w Industrial Total Tools Tr111216;https://www.mercadolibre.com.ar/fresadora-router-1600w-industrial-total-tools-tr111216/up/MLAU204617185;market-120.txt;2026-10-02;255299;https://www.mercadolibre.com.ar/fresadora-router-1600w-industrial-total-tools-tr111216/up/MLAU204617185;2026-10-01T20:17:30.177706+00:00;;234900;True;122750.0;53.44
b648df64-1622-59e6-bf7f-1a820ce1d008;415873;Total Fresadora industrial 2200W TR111226;True;288900;85.0;1550;131750.0;93.5;USD;2026-10-01T18:27:42.24883+00:00;85.0;https://www.totalherramientasoficial.com.py/produto/total-tupia-tr111226-2200w--roteador-industrial-32479.html;;;;;;;;False;Pendiente;falta comparable ML suficiente;https://myaimportaciones.vercel.app/producto/total-fresadora-industrial-2200w-tr111226;https://www.totalherramientasoficial.com.py/produto/total-tupia-tr111226-2200w--roteador-industrial-32479.html;2026-10-02T19:25:17.427898+00:00;;;;2026-10-02;;;;;288900;False;157150.0;54.4
975b60d0-68ba-5ff2-a205-a88157dc15c9;560702;Total Hidrolavadora 1400W 130bar TGT11316;False;177900;77.0;1550;119350.0;84.7;USD;2026-10-01T18:27:43.512481+00:00;77.0;https://www.totalherramientasoficial.com.py/produto/total-lava-jato-tgt11316-1400w-1900psi-54173.html;218316.74;196400.0;196400.0;77050.0;77050.0;39.23;18500.0;False;Propuesta;"Referencia de búsqueda indexada; revisar vigencia y gastos antes de publicar";https://myaimportaciones.vercel.app/producto/total-hidrolavadora-1400w-130bar-tgt11316;https://www.totalherramientasoficial.com.py/produto/total-lava-jato-tgt11316-1400w-1900psi-54173.html;2026-10-02T19:25:17.516512+00:00;Hidrolavadora Total Tgt11316-4 1400w 130bar Color Turquesa Frecuencia 50 Hz/60 Hz;https://www.mercadolibre.com.ar/hidrolavadora-total-tgt11316-4-1400w-130bar-color-turquesa-frecuencia-50-hz60-hz/p/MLA18615293;market-204.txt;2026-10-02;187617.4;https://www.mercadolibre.com.ar/hidrolavadora-total-tgt11316-4-1400w-130bar-color-turquesa-frecuencia-50-hz60-hz/p/MLA18615293;2026-10-01T20:17:30.177706+00:00;;177900;False;58550.0;32.91
d11e7007-8831-5d2a-9aa2-bf63fc347f96;381352;Total Hidrolavadora de inducción 2000W 150bar TGT11226;False;288900;149.99;1550;232484.5;164.99;USD;2026-10-01T18:27:42.343334+00:00;149.99;https://www.totalherramientasoficial.com.py/produto/total-lava-jato-tgt11226--2000w-12053.html;;;;;;;;False;Pendiente;falta comparable ML suficiente;https://myaimportaciones.vercel.app/producto/total-hidrolavadora-de-induccion-2000w-150bar-tgt11226;https://www.totalherramientasoficial.com.py/produto/total-lava-jato-tgt11226--2000w-12053.html;2026-10-02T19:25:17.610784+00:00;;;;2026-10-02;305000;https://listado.mercadolibre.com.ar/hidrolavadora-2000w-total;2026-10-01T20:17:30.177706+00:00;;288900;False;56415.5;19.53
77466800-3b0c-55a7-9c50-49e87747d007;381178;Total Inflador de neumáticos 12V 140PSI TTAC1406;True;62900;23.5;1550;36425.0;25.85;USD;2026-10-01T18:27:42.207735+00:00;23.5;https://www.totalherramientasoficial.com.py/produto/total-compresor-de-ar-ttac1406-12v--140psi-29281.html;;;;;;;;False;Pendiente;"falta comparable ML suficiente; confirmar baterías, cargador y accesorios del kit equivalente";https://myaimportaciones.vercel.app/producto/total-inflador-de-neumaticos-12v-140psi-ttac1406;https://www.totalherramientasoficial.com.py/produto/total-compresor-de-ar-ttac1406-12v--140psi-29281.html;2026-10-02T19:25:17.680409+00:00;;;;2026-10-02;66841.38;https://www.mercadolibre.com.ar/compresor-aire-mini-bateria-portatil-12v-total-ttac1406/up/MLAU3002581373;2026-10-01T20:17:30.177706+00:00;;62900;False;26475.0;42.09
4875472c-911c-5613-95ce-dfacb2e0446a;529259;Total Inflador de neumáticos 20V 160PSI TACLI2012;True;114900;41.5;1550;64325.0;45.65;USD;2026-10-01T18:27:46.408004+00:00;41.5;https://www.totalherramientasoficial.com.py/produto/total-compressor-de-ar-20v-display-digital--tacli2012-160psi-lion-50772.html;150575.0;135500.0;;71175.0;71175.0;52.53;20600.0;False;Pendiente;confirmar baterías, cargador y accesorios del kit equivalente;https://myaimportaciones.vercel.app/producto/total-inflador-de-neumaticos-20v-160psi-tacli2012;https://www.totalherramientasoficial.com.py/produto/total-compressor-de-ar-20v-display-digital--tacli2012-160psi-lion-50772.html;2026-10-02T19:25:22.527582+00:00;Inflador Inalámbrico 160psi 3 Picos Total 20v A Batería Auto;https://www.mercadolibre.com.ar/inflador-inalambrico-160psi-3-picos-total-20v-a-bateria-auto/up/MLAU3281078532;market-124.txt;2026-10-02;121928.03;https://www.mercadolibre.com.ar/inflador-inalambrico-160psi-3-picos-auto-bicicleta-total-color-turquesa-frecuencia/p/MLA45123193?offer_type=BEST_INSTALLMENTS;2026-10-01T20:17:30.177706+00:00;;114900;False;50575.0;44.02
c92530d8-e875-55ee-8043-066f5e3d6e5f;415347;Total Juego de 3 alicates aislados 1000V THT2K0302;True;55700;15.5;1550;24025.0;17.05;USD;2026-10-01T18:27:42.294477+00:00;15.5;https://www.totalherramientasoficial.com.py/produto/total-kit-alicate--3pcs--tht2k0302-32426.html;61980.0;55700.0;55700.0;31675.0;31675.0;56.87;6800.0;False;Aplicado;"Autorizado por el dueño y verificado en la API pública. Referencia ML indexada; gastos pendientes.";https://myaimportaciones.vercel.app/producto/total-juego-de-3-alicates-aislados-1000v-tht2k0302;https://www.totalherramientasoficial.com.py/produto/total-kit-alicate--3pcs--tht2k0302-32426.html;2026-10-02T19:25:22.626241+00:00;Juego, Set 3 Alicates Aislados Total, Pinzas 1000v, Línea Industrial - Tht2k0302;https://www.mercadolibre.com.ar/juego-set-3-alicates-aislados-total-pinzas-1000v-linea-industrial-tht2k0302/p/MLA70274958;market-124.txt;2026-10-02;61426.2;https://www.mercadolibre.com.ar/juego-set-3-alicates-aislados-total-pinzas-1000v-linea-industrial-tht2k0302/p/MLA70274958;2026-10-01T20:17:30.177706+00:00;;48900;True;31675.0;56.87
715c7a46-5b2a-5a82-b8d3-902e8bfa2020;502207;Total Juego de 3 alicates de acción compuesta THT2CK231S;True;49200;16.25;1550;25187.5;17.88;USD;2026-10-01T18:27:42.869531+00:00;16.25;https://www.totalherramientasoficial.com.py/produto/total-kit-de-alicate-de-acao-composto-3-pcs--tht2ck231s-47504.html;54745.98;49200.0;49200.0;24012.5;24012.5;48.81;-2700.0;False;Aplicado;"Autorizado por el dueño y verificado en la API pública. Referencia ML indexada; gastos pendientes.";https://myaimportaciones.vercel.app/producto/total-juego-de-3-alicates-de-accion-compuesta-tht2ck231s;https://www.totalherramientasoficial.com.py/produto/total-kit-de-alicate-de-acao-composto-3-pcs--tht2ck231s-47504.html;2026-10-02T19:25:22.720406+00:00;Set 3 Alicates Pinzas Acción Compuesta 8p Total Tht2ck231s;https://www.mercadolibre.com.ar/set-3-alicates-pinzas-accion-compuesta-8p--total-tht2ck231s/up/MLAU3558526845;market-single-90.txt;2026-10-02;54745.98;https://www.mercadolibre.com.ar/set-3-alicates-pinzas-accion-compuesta-8p--total-tht2ck231s/up/MLAU3558526845;2026-10-01T20:17:30.177706+00:00;;51900;True;24012.5;48.81
d264512d-78ac-53b1-ba73-23575436185b;436717;Total Juego de destornillador, puntas y tubos 55 piezas TACSD30556;True;39200;9.99;1550;15484.5;10.99;USD;2026-10-01T18:27:42.438056+00:00;9.99;https://www.totalherramientasoficial.com.py/produto/total-kit-chave-de-fenda--55pcs--tacsd30556-34633.html;43584.0;39200.0;39200.0;23715.5;23715.5;60.5;5300.0;False;Aplicado;"Autorizado por el dueño y verificado en la API pública. Referencia ML indexada; gastos pendientes.";https://myaimportaciones.vercel.app/producto/total-juego-de-destornillador-puntas-y-tubos-55-piezas-tacsd30556;https://www.totalherramientasoficial.com.py/produto/total-kit-chave-de-fenda--55pcs--tacsd30556-34633.html;2026-10-02T19:25:22.958827+00:00;Set Destornillador Puntas Y Tubos 55pzs Total Tacsd30556;https://www.mercadolibre.com.ar/set-destornillador-puntas-y-tubos-55pzs-total-tacsd30556/up/MLAU1856305374;market-128.txt;2026-10-02;43584;https://www.mercadolibre.com.ar/set-destornillador-puntas-y-tubos-55pzs-total-tacsd30556/up/MLAU1856305374;2026-10-01T20:17:30.177706+00:00;;33900;True;23715.5;60.5
2ea93466-7d33-52a5-8bda-d103ecdb2a31;456340;Total Juego de herramientas manuales 100 piezas THKTHP21006;True;408500;92.25;1550;142987.5;101.48;USD;2026-10-01T18:27:42.57574+00:00;92.25;https://www.totalherramientasoficial.com.py/produto/total-kit-feramenta--thkthp21006-100pcs-40702.html;453900.0;408500.0;408500.0;265512.5;265512.5;65.0;172600.0;False;Aplicado;"Autorizado por el dueño y verificado en la API pública. Referencia ML indexada; gastos pendientes.";https://myaimportaciones.vercel.app/producto/total-juego-de-herramientas-manuales-100-piezas-thkthp21006;https://www.totalherramientasoficial.com.py/produto/total-kit-feramenta--thkthp21006-100pcs-40702.html;2026-10-02T19:25:28.247495+00:00;Set De Herramientas Manuales Total Kit Juego De 100 Piezas M;https://www.mercadolibre.com.ar/set-de-herramientas-manuales-total-kit-juego-de-100-piezas-m/up/MLAU3342850837;market-128.txt;2026-10-02;248389.06;https://www.mercadolibre.com.ar/set-de-herramientas-manuales-total-kit-juego-de-100-piezas-maletin-calidad-industrial/p/MLA34859075;2026-10-01T20:17:30.177706+00:00;;235900;True;265512.5;65.0
95482ad2-3695-5bcc-b6ae-512a31fd742b;595360;Total Juego de herramientas manuales 160 piezas THKTHP61607;True;331900;115.0;1550;178250.0;126.5;USD;2026-10-01T18:27:43.613373+00:00;115.0;https://www.totalherramientasoficial.com.py/produto/total-kit-de-ferramentas-combinadas-160pcs--thkthp61607-57099.html;;;;;;;;False;Pendiente;falta comparable ML suficiente;https://myaimportaciones.vercel.app/producto/total-juego-de-herramientas-manuales-160-piezas-thkthp61607;https://www.totalherramientasoficial.com.py/produto/total-kit-de-ferramentas-combinadas-160pcs--thkthp61607-57099.html;2026-10-02T19:25:28.391363+00:00;;;;2026-10-02;350000;https://listado.mercadolibre.com.ar/juegos-rondi-herramientas;2026-10-01T20:17:30.177706+00:00;;331900;False;153650.0;46.29
2179912e-0fb0-54da-9e80-adb55bf74cae;609760;Total Juego de llaves de carraca 8 piezas THT103RK086;True;63900;19.0;1550;29450.0;20.9;USD;2026-10-01T18:27:43.827988+00:00;19.0;https://www.totalherramientasoficial.com.py/produto/total-kit-de-chaves-catraca---8pcs--tht103rk086-57357.html;;;;;;;;False;Pendiente;falta comparable ML suficiente;https://myaimportaciones.vercel.app/producto/total-juego-de-llaves-de-carraca-8-piezas-tht103rk086;https://www.totalherramientasoficial.com.py/produto/total-kit-de-chaves-catraca---8pcs--tht103rk086-57357.html;2026-10-02T19:25:28.550282+00:00;;;;2026-10-02;;;;;63900;False;34450.0;53.91
424e238b-eef0-5b03-8e59-bfb479f5c2be;609746;Total Juego de llaves de carraca flexible 6 piezas THT103RK066;True;45900;13.5;1550;20925.0;14.85;USD;2026-10-01T18:27:43.779276+00:00;13.5;https://www.totalherramientasoficial.com.py/produto/total--kit-chaves-catraca-6pcs--tht103rk066-57265.html;;;;;;;;False;Pendiente;falta comparable ML suficiente;https://myaimportaciones.vercel.app/producto/total-juego-de-llaves-de-carraca-flexible-6-piezas-tht103rk066;https://www.totalherramientasoficial.com.py/produto/total--kit-chaves-catraca-6pcs--tht103rk066-57265.html;2026-10-02T19:25:28.601270+00:00;;;;2026-10-02;;;;;45900;False;24975.0;54.41
ac8f26b1-2217-52be-b7ba-303a7e87f90c;531696;Total Juego de puntas de impacto 51 piezas TACSDL25106;True;54000;16.5;1550;25575.0;18.15;USD;2026-10-01T18:27:43.306877+00:00;16.5;https://www.totalherramientasoficial.com.py/produto/total-conjunto-de-chave-de-fenda-de-impacto-51pcs-tacsdl25106-51223.html;60000.0;54000.0;54000.0;28425.0;28425.0;52.64;7100.0;False;Aplicado;"Autorizado por el dueño y verificado en la API pública. Referencia ML indexada; gastos pendientes.";https://myaimportaciones.vercel.app/producto/total-juego-de-puntas-de-impacto-51-piezas-tacsdl25106;https://www.totalherramientasoficial.com.py/produto/total-conjunto-de-chave-de-fenda-de-impacto-51pcs-tacsdl25106-51223.html;2026-10-02T19:25:33.745253+00:00;Set Puntas Magnéticas Total Atornillador Impacto - 51 Piezas;https://www.mercadolibre.com.ar/set-puntas-magneticas-total-atornillador-impacto-51-piezas/p/MLA47857310;market-132.txt;2026-10-02;50000;https://www.mercadolibre.com.ar/set-puntas-magneticas-total-atornillador-impacto-51-piezas/p/MLA47857310;2026-10-01T20:17:30.177706+00:00;;46900;True;28425.0;52.64
940c233b-c38a-5788-9b9e-5d22a72ebe21;609876;Total Juego de tubos de impacto 1/2″ 14 piezas THISTD12146;True;63900;19.0;1550;29450.0;20.9;USD;2026-10-01T18:27:43.820938+00:00;19.0;https://www.totalherramientasoficial.com.py/produto/total-jogo-de-soquetes-de-impacto-12-14pcs--thistd12146-57261.html;;;;;;;;False;Pendiente;falta comparable ML suficiente;https://myaimportaciones.vercel.app/producto/total-juego-de-tubos-de-impacto-1-2-14-piezas-thistd12146;https://www.totalherramientasoficial.com.py/produto/total-jogo-de-soquetes-de-impacto-12-14pcs--thistd12146-57261.html;2026-10-02T19:25:33.935911+00:00;;;;2026-10-02;;;;;63900;False;34450.0;53.91
ada905d0-a70a-55c9-a550-14eab144a27f;609685;Total Juego de tubos de impacto 1/2″ 20 piezas THKISD12206L;True;108900;32.0;1550;49600.0;35.2;USD;2026-10-01T18:27:43.774215+00:00;32.0;https://www.totalherramientasoficial.com.py/produto/total-jogo-de-soquetes-de-impacto-12-20pcs--thkisd12206l-57362.html;;;;;;;;False;Pendiente;falta comparable ML suficiente;https://myaimportaciones.vercel.app/producto/total-juego-de-tubos-de-impacto-1-2-20-piezas-thkisd12206l;https://www.totalherramientasoficial.com.py/produto/total-jogo-de-soquetes-de-impacto-12-20pcs--thkisd12206l-57362.html;2026-10-02T19:25:34.144823+00:00;;;;2026-10-02;;;;;108900;False;59300.0;54.45
76c7318f-1ad2-5e28-ba8e-5b46b21591f2;583916;Total Kit de herramientas con taladro percutor 20V 166 piezas THKTHP41667;True;242900;88.0;1550;136400.0;96.8;USD;2026-10-01T18:27:43.593761+00:00;88.0;https://www.totalherramientasoficial.com.py/produto/total-kit-de-ferramentas-166pcs--thkthp41667-56815.html;250842.0;225700.0;;89300.0;89300.0;39.57;-17200.0;False;Pendiente;confirmar baterías, cargador y accesorios del kit equivalente;https://myaimportaciones.vercel.app/producto/total-kit-de-herramientas-con-taladro-percutor-20v-166-piezas-thkthp41667;https://www.totalherramientasoficial.com.py/produto/total-kit-de-ferramentas-166pcs--thkthp41667-56815.html;2026-10-02T19:25:34.251601+00:00;Set 166 Piezas Total: Taladro Percutor Y Atornillador 66nm Sin Carbones, Con Batería 2.0ah, Cargador, Herramientas Manuales Y Maletín THKTHP41667;https://www.mercadolibre.com.ar/set-166-piezas-total-taladro-percutor-y-atornillador-66nm-sin-carbones-con-bateria-20ah-cargador-herramientas-manuales-y-maletin-thkthp41667/p/MLA52308791;market-136.txt;2026-10-02;255983.84;https://www.mercadolibre.com.ar/set-166-piezas-total-taladro-percutor-y-atornillador-66nm-sin-carbones-con-bateria-20ah-cargador-herramientas-manuales-y-maletin-thkthp41667/p/MLA52308791?matt_tool=37267219&matt_word=web;2026-10-01T20:17:30.177706+00:00;;242900;False;106500.0;43.85
d937fc26-fcc1-5e78-8415-e995b1204522;512558;Total Lijadora de palma 20V TPSLI2014;True;84900;25.0;1550;38750.0;27.5;USD;2026-10-01T18:27:42.908628+00:00;25.0;https://www.totalherramientasoficial.com.py/produto/total--lixadera-tpsli2014--20v-treme-treme-48606.html;99000.0;89100.0;;50350.0;50350.0;56.51;4200.0;False;Pendiente;confirmar baterías, cargador y accesorios del kit equivalente;https://myaimportaciones.vercel.app/producto/total-lijadora-de-palma-20v-tpsli2014;https://www.totalherramientasoficial.com.py/produto/total--lixadera-tpsli2014--20v-treme-treme-48606.html;2026-10-02T19:25:38.361744+00:00;Lijadora Inalámbrica Orbital De Palma Total Tpsli2014 Color Turquesa;https://www.mercadolibre.com.ar/lijadora-inalambrica-orbital-de-palma-total-tpsli2014-color-turquesa/p/MLA42187899;market-136.txt;2026-10-02;99000;https://www.mercadolibre.com.ar/lijadora-inalambrica-orbital-de-palma-total-tpsli2014-color-turquesa/p/MLA42187899;2026-10-01T20:17:30.177706+00:00;;84900;False;46150.0;54.36
488b7f00-4c89-5045-a64d-604f70154bc3;251136;Total Lijadora de palma brushless 20V con batería TPSLI20241;True;146900;46.0;1550;71300.0;50.6;USD;2026-10-01T18:27:41.844923+00:00;46.0;https://www.totalherramientasoficial.com.py/produto/total-lixadeira-20v-motor-sem-escovas--tpsli20241-55480.html;;;;;;;;False;Pendiente;"falta comparable ML suficiente; confirmar baterías, cargador y accesorios del kit equivalente";https://myaimportaciones.vercel.app/producto/total-lijadora-de-palma-brushless-20v-con-bateria-tpsli20241;https://www.totalherramientasoficial.com.py/produto/total-lixadeira-20v-motor-sem-escovas--tpsli20241-55480.html;2026-10-02T19:25:38.759162+00:00;;;;2026-10-02;155294;https://listado.mercadolibre.com.ar/maquinas-lijadoras-industriales;2026-10-01T20:17:30.177706+00:00;;146900;False;75600.0;51.46
1f2a0c33-5667-5dd0-b522-d0fbc297a540;60790;Total Llave de impacto brushless 20V 230Nm TIWLI20236;False;305900;89.99;1550;139484.5;98.99;USD;2026-10-01T18:27:43.706233+00:00;89.99;https://www.totalherramientasoficial.com.py/produto/total-chave-de-impacto-12-com-encaixe-14-230nm-tiwli20236-35949.html;;;;;;;;False;Pendiente;"falta comparable ML suficiente; confirmar baterías, cargador y accesorios del kit equivalente";https://myaimportaciones.vercel.app/producto/total-llave-de-impacto-brushless-20v-230nm-tiwli20236;https://www.totalherramientasoficial.com.py/produto/total-chave-de-impacto-12-com-encaixe-14-230nm-tiwli20236-35949.html;2026-10-02T19:25:38.869386+00:00;;;;2026-10-02;;;;;305900;False;166415.5;54.4
62d5ec2a-f776-5cbb-b0c4-086568c5219f;609333;Total Llave de impacto brushless 20V 650Nm TIWLI2065;False;314900;144.0;1550;223200.0;158.4;USD;2026-10-01T18:27:43.674467+00:00;144.0;https://www.totalherramientasoficial.com.py/produto/total-chave-de-impacto-20v-650nm--tiwli2065-57148.html;364458.95;328000.0;;104800.0;104800.0;31.95;13100.0;False;Pendiente;confirmar baterías, cargador y accesorios del kit equivalente;https://myaimportaciones.vercel.app/producto/total-llave-de-impacto-brushless-20v-650nm-tiwli2065;https://www.totalherramientasoficial.com.py/produto/total-chave-de-impacto-20v-650nm--tiwli2065-57148.html;2026-10-02T19:25:39.378674+00:00;Llave, Pistola De Impacto Inalámbrica Total 20v Industrial - Motor Brushless, Sin Carbones, Encastre 1/2'', Torque 650nm - Con 2 Baterías 4.0ah Litio-ion, Cargador 4A, Dados Y Maletín - TIWLI2065;https://www.mercadolibre.com.ar/llave-pistola-de-impacto-inalambrica-total-20v-industrial-motor-brushless-sin-carbones-encastre-12-torque-650nm-con-2-baterias-40ah-litio-ion-cargador-4a-dados-y-maletin-tiwli2065/p/MLA75796579;market-208.txt;2026-10-02;332221;https://www.mercadolibre.com.ar/llave-pistola-de-impacto-inalambrica-total-20v-industrial-motor-brushless-sin-carbones-encastre-12-torque-650nm-con-2-baterias-40ah-litio-ion-cargador-4a-dados-y-maletin-tiwli2065/p/MLA75796579;2026-10-01T20:17:30.177706+00:00;;314900;False;91700.0;29.12
5b4d4bb3-4dc0-5002-b725-c7f1135e6631;595384;Total Medidor láser de distancia 35m TMT53055;True;45900;13.55;1550;21002.5;14.91;USD;2026-10-01T18:27:43.650059+00:00;13.55;https://www.totalherramientasoficial.com.py/produto/total--trena-laser-35m-tmt53055-57366.html;;;;;;;;False;Pendiente;falta comparable ML suficiente;https://myaimportaciones.vercel.app/producto/total-medidor-laser-de-distancia-35m-tmt53055;https://www.totalherramientasoficial.com.py/produto/total--trena-laser-35m-tmt53055-57366.html;2026-10-02T19:25:43.226975+00:00;;;;2026-10-02;;;;;45900;False;24897.5;54.24
8a4a5fbf-97e0-5e36-874c-1a53647860dc;595988;Total Medidor láser de distancia 85m TMT570268;True;77400;27.0;1550;41850.0;29.7;USD;2026-10-01T18:27:43.678527+00:00;27.0;https://www.totalherramientasoficial.com.py/produto/total--trena-laser-85m--tmt570268-57162.html;86090.0;77400.0;77400.0;35550.0;35550.0;45.93;4500.0;False;Aplicado;"Autorizado por el dueño y verificado en la API pública. Referencia ML indexada; gastos pendientes.";https://myaimportaciones.vercel.app/producto/total-medidor-laser-de-distancia-85m-tmt570268;https://www.totalherramientasoficial.com.py/produto/total--trena-laser-85m--tmt570268-57162.html;2026-10-02T19:25:43.715396+00:00;Medidor Láser Total 85m Preciso Área Y Volumen Con Estuche;https://www.mercadolibre.com.ar/medidor-laser-total-85m-preciso-area-y-volumen-con-estuche/up/MLAU2967403355;market-140.txt;2026-10-02;77221;https://www.mercadolibre.com.ar/medidor-laser-total-85m-preciso-area-y-volumen-con-estuche/p/MLA73437623;2026-10-01T20:17:30.177706+00:00;;72900;True;35550.0;45.93
cb1537d2-2e96-5184-856a-5bf15c30d514;526180;Total Multímetro Smart True RMS 1000V 9999 cuentas TMT5110004;False;87900;39.99;1550;61984.5;43.99;USD;2026-10-01T18:27:43.069117+00:00;39.99;https://www.totalherramientasoficial.com.py/produto/total-multimetro-digital-inteligente-9999-contagens--tmt5110004-50442.html;93430.88;84000.0;84000.0;22015.5;22015.5;26.21;-3900.0;False;Propuesta;"Referencia de búsqueda indexada; revisar vigencia y gastos antes de publicar";https://myaimportaciones.vercel.app/producto/total-multimetro-smart-true-rms-1000v-9999-cuentas-tmt5110004;https://www.totalherramientasoficial.com.py/produto/total-multimetro-digital-inteligente-9999-contagens--tmt5110004-50442.html;2026-10-02T19:25:44.031138+00:00;Tester Multimetro Digital 1000v Industrial Total;https://www.mercadolibre.com.ar/tester-multimetro-digital-1000v-industrial-total/up/MLAU3783314157;market-single-99.txt;2026-10-02;93430.88;https://www.mercadolibre.com.ar/tester-multimetro-digital-1000v-industrial-total/up/MLAU3783314157;2026-10-01T20:17:30.177706+00:00;;87900;False;25915.5;29.48
95c21774-065e-549a-b176-f17c9a1c35ff;521222;Total Multímetro True RMS 600V 6000 cuentas TMT516004;False;89900;26.5;1550;41075.0;29.15;USD;2026-10-01T18:27:43.020569+00:00;26.5;https://www.totalherramientasoficial.com.py/produto/total-multitester--600v--6000-digitos--tmt516004-49875.html;;;;;;;;False;Pendiente;falta comparable ML suficiente;https://myaimportaciones.vercel.app/producto/total-multimetro-true-rms-600v-6000-cuentas-tmt516004;https://www.totalherramientasoficial.com.py/produto/total-multitester--600v--6000-digitos--tmt516004-49875.html;2026-10-02T19:25:44.186735+00:00;;;;2026-10-02;;;;;89900;False;48825.0;54.31
8170e8a8-de4f-51d4-8464-bae1c06f6d3c;521390;Total Nivel láser rojo autonivelante 18m TLL156503;False;113900;47.0;1550;72850.0;51.7;USD;2026-10-01T18:27:43.001632+00:00;47.0;https://www.totalherramientasoficial.com.py/produto/total-nivel-laser--tll156503--18m--vermelho-2-linhas-49892.html;;;;;;;;False;Pendiente;falta comparable ML suficiente;https://myaimportaciones.vercel.app/producto/total-nivel-laser-rojo-autonivelante-18m-tll156503;https://www.totalherramientasoficial.com.py/produto/total-nivel-laser--tll156503--18m--vermelho-2-linhas-49892.html;2026-10-02T19:25:47.740304+00:00;;;;2026-10-02;119999;https://listado.mercadolibre.com.ar/nivel-laser-autonivelante-total;2026-10-01T20:17:30.177706+00:00;;113900;False;41050.0;36.04
c24085e3-a82e-5053-b755-fbab8085ceb0;288576;Total Nivel láser verde 360° 35m TLL306502;False;140900;75.0;1550;116250.0;82.5;USD;2026-10-01T18:27:41.915793+00:00;75.0;https://www.totalherramientasoficial.com.py/produto/total-nivel-a-laser-verde-5-linhas-35m--tll306502-56007.html;149000.0;134100.0;134100.0;17850.0;17850.0;13.31;-6800.0;False;Propuesta;"Referencia de búsqueda indexada; revisar vigencia y gastos antes de publicar";https://myaimportaciones.vercel.app/producto/total-nivel-laser-verde-360-35m-tll306502;https://www.totalherramientasoficial.com.py/produto/total-nivel-a-laser-verde-5-linhas-35m--tll306502-56007.html;2026-10-02T19:25:48.393274+00:00;Nivel Láser 360° Total, 35m, Autonivelante, Líneas Verdes - Incluye Estuche Organizador, Control Remoto Y Cable Usb-c Para Carga - Tll306502;https://www.mercadolibre.com.ar/nivel-laser-360-total-35m-autonivelante-lineas-verdes-incluye-estuche-organizador-control-remoto-y-cable-usb-c-para-carga-tll306502/p/MLA59227478;market-212.txt;2026-10-02;149000;https://www.mercadolibre.com.ar/nivel-laser-360-total-35m-autonivelante-lineas-verdes-incluye-estuche-organizador-control-remoto-y-cable-usb-c-para-carga-tll306502/p/MLA59227478;2026-10-01T20:17:30.177706+00:00;;140900;False;24650.0;17.49
6218385c-8169-58ec-9f5d-142ff429aa9e;53150;Total Pistola de pintura 530W 1000ml TT4506;True;90000;27.5;1550;42625.0;30.25;USD;2026-10-01T18:27:43.450705+00:00;27.5;https://www.totalherramientasoficial.com.py/produto/total-pistola-de-pintura-530w--tt4506-55487.html;100000.0;90000.0;90000.0;47375.0;47375.0;52.64;1100.0;False;Aplicado;"Autorizado por el dueño y verificado en la API pública. Referencia ML indexada; gastos pendientes.";https://myaimportaciones.vercel.app/producto/total-pistola-de-pintura-530w-1000ml-tt4506;https://www.totalherramientasoficial.com.py/produto/total-pistola-de-pintura-530w--tt4506-55487.html;2026-10-02T19:25:48.715435+00:00;Pistola Para Pintar Electrica Pulverizador 530w Total Tt4506 Unico;https://www.mercadolibre.com.ar/pistola-para-pintar-electrica-pulverizador-530w-total-tt4506-unico/p/MLA66833398;market-single-102.txt;2026-10-02;;;;;88900;True;47375.0;52.64
e8f77b7f-fcb3-5e40-87b1-9b720ac94efb;350914;Total Pistola de pintura HVLP 550W 800ml TT5006;True;88700;33.0;1550;51150.0;36.3;USD;2026-10-01T18:27:42.140231+00:00;33.0;https://www.totalherramientasoficial.com.py/produto/total-pistola-de-pintura-tt5006-550w-800ml--20m-11909.html;98599.0;88700.0;88700.0;37550.0;37550.0;42.33;-4200.0;False;Aplicado;"Autorizado por el dueño y verificado en la API pública. Referencia ML indexada; gastos pendientes.";https://myaimportaciones.vercel.app/producto/total-pistola-de-pintura-hvlp-550w-800ml-tt5006;https://www.totalherramientasoficial.com.py/produto/total-pistola-de-pintura-tt5006-550w-800ml--20m-11909.html;2026-10-02T19:25:48.914585+00:00;Máquina Pistola Equipo Pintar Total Hvlp 550w Tt5006;https://www.mercadolibre.com.ar/maquina-pistola-equipo-pintar-total-hvlp-550w-tt5006/up/MLAU184380292;market-single-103.txt;2026-10-02;98599;https://www.mercadolibre.com.ar/maquina-pistola-equipo-pintar-total-hvlp-550w-tt5006/up/MLAU184380292;2026-10-01T20:17:30.177706+00:00;;92900;True;37550.0;42.33
3bd43741-8d51-58a8-8eec-110314bfa8c8;286794;Total Rotomartillo brushless 20V 2,4J TRHLI202482;True;343900;125.0;1550;193750.0;137.5;USD;2026-10-01T18:27:41.872755+00:00;125.0;https://www.totalherramientasoficial.com.py/produto/total-martelo-rotativo--20v-24j--trhli202482-56404.html;;;;;;;;False;Pendiente;"falta comparable ML suficiente; confirmar baterías, cargador y accesorios del kit equivalente";https://myaimportaciones.vercel.app/producto/total-rotomartillo-brushless-20v-2-4j-trhli202482;https://www.totalherramientasoficial.com.py/produto/total-martelo-rotativo--20v-24j--trhli202482-56404.html;2026-10-02T19:25:52.673319+00:00;;;;2026-10-02;362499;https://listado.mercadolibre.com.ar/total-rotomartillo-20v-4-5j;2026-10-01T20:17:30.177706+00:00;;343900;False;150150.0;43.66
db279b83-0757-51d4-84f4-b1e0d2753f29;207546;Total Rotomartillo brushless 20V 4,5J TRHLI202862;True;424900;144.0;1550;223200.0;158.4;USD;2026-10-01T18:27:41.769175+00:00;144.0;https://www.totalherramientasoficial.com.py/produto/total-martelete-20v-28mm-trhli202862-56021.html;;;;;;;;False;Pendiente;"falta comparable ML suficiente; confirmar baterías, cargador y accesorios del kit equivalente";https://myaimportaciones.vercel.app/producto/total-rotomartillo-brushless-20v-4-5j-trhli202862;https://www.totalherramientasoficial.com.py/produto/total-martelete-20v-28mm-trhli202862-56021.html;2026-10-02T19:25:53.368372+00:00;;;;2026-10-02;447999;https://listado.mercadolibre.com.ar/rotomartillo-total-tools;2026-10-01T20:17:30.177706+00:00;;424900;False;201700.0;47.47
09e361d5-54e3-54ce-9918-ac353724ad94;455305;Total Rotomartillo SDS Plus 1500W 5,5J TH1153236;True;305900;89.99;1550;139484.5;98.99;USD;2026-10-01T18:27:42.4857+00:00;89.99;https://www.totalherramientasoficial.com.py/produto/total-martelete--th1153236--1500w-sds-plus-40591.html;;;;;;;;False;Pendiente;falta comparable ML suficiente;https://myaimportaciones.vercel.app/producto/total-rotomartillo-sds-plus-1500w-5-5j-th1153236;https://www.totalherramientasoficial.com.py/produto/total-martelete--th1153236--1500w-sds-plus-40591.html;2026-10-02T19:25:53.763766+00:00;;;;2026-10-02;;;;;305900;False;166415.5;54.4
c459f69c-c104-5d20-a33d-fd11a876c5ac;415033;Total Sierra circular 20V 140mm TSLI1401;True;153900;45.15;1550;69982.5;49.67;USD;2026-10-01T18:27:42.254822+00:00;45.15;https://www.totalherramientasoficial.com.py/produto/total-serra-circular-20v-tsli1401--madeira-5-32395.html;;;;;;;;False;Pendiente;"falta comparable ML suficiente; confirmar baterías, cargador y accesorios del kit equivalente";https://myaimportaciones.vercel.app/producto/total-sierra-circular-20v-140mm-tsli1401;https://www.totalherramientasoficial.com.py/produto/total-serra-circular-20v-tsli1401--madeira-5-32395.html;2026-10-02T19:25:53.932129+00:00;;;;2026-10-02;;;;;153900;False;83917.5;54.53
85ad60cd-fefc-5ecf-960f-842cb4a2e518;232111;Total Sierra circular brushless 20V 185mm TSLI18513;True;408900;120.0;1550;186000.0;132;USD;2026-10-01T18:27:41.835612+00:00;120.0;https://www.totalherramientasoficial.com.py/produto/total-serra-circular-20v-185mm--tsli18513-56024.html;480000.0;432000.0;;246000.0;246000.0;56.94;23100.0;False;Pendiente;confirmar baterías, cargador y accesorios del kit equivalente;https://myaimportaciones.vercel.app/producto/total-sierra-circular-brushless-20v-185mm-tsli18513;https://www.totalherramientasoficial.com.py/produto/total-serra-circular-20v-185mm--tsli18513-56024.html;2026-10-02T19:25:57.122216+00:00;Sierra Circular Total Tsli18513 20v Inalámbrica 185mm;https://www.mercadolibre.com.ar/sierra-circular-total-tsli18513-20v-inalambrica-185mm/up/MLAU4022801008;market-single-108.txt;2026-10-02;480000;https://www.mercadolibre.com.ar/sierra-circular-total-tsli18513-20v-inalambrica-185mm/up/MLAU4022801008;2026-10-01T20:17:30.177706+00:00;;408900;False;222900.0;54.51
ceb76750-c85e-5c21-b622-59204ab0ce3e;495585;Total Sierra sable 1200W TS1001201;True;285900;84.0;1550;130200.0;92.4;USD;2026-10-01T18:27:42.770306+00:00;84.0;https://www.totalherramientasoficial.com.py/produto/total-serra-sabre--ts1001201-1200w-46817.html;;;;;;;;False;Pendiente;falta comparable ML suficiente;https://myaimportaciones.vercel.app/producto/total-sierra-sable-1200w-ts1001201;https://www.totalherramientasoficial.com.py/produto/total-serra-sabre--ts1001201-1200w-46817.html;2026-10-02T19:25:57.951679+00:00;;;;2026-10-02;;;;;285900;False;155700.0;54.46
cb3322d8-ba59-5962-9dec-c0e931735bf4;521147;Total Soldadora inverter MMA 160A TW216069;True;337900;110.0;1550;170500.0;121;USD;2026-10-01T18:27:42.91958+00:00;110.0;https://www.totalherramientasoficial.com.py/produto/total-maquina-de-solda-tw216069-160a-mma-49867.html;;;;;;;;False;Pendiente;falta comparable ML suficiente;https://myaimportaciones.vercel.app/producto/total-soldadora-inverter-mma-160a-tw216069;https://www.totalherramientasoficial.com.py/produto/total-maquina-de-solda-tw216069-160a-mma-49867.html;2026-10-02T19:25:58.480772+00:00;;;;2026-10-02;356000;https://listado.mercadolibre.com.ar/soldadora-inverter-total;2026-10-01T20:17:30.177706+00:00;;337900;False;167400.0;49.54
ccbb28bd-1efd-5599-a58f-d825d50f5a15;502061;Total Soldadora inverter MMA 250A TW225069;True;378000;177.0;1550;274350.0;194.7;USD;2026-10-01T18:27:42.824166+00:00;177.0;https://www.totalherramientasoficial.com.py/produto/total-maquina-de-soldar-250a-tw225069-47490.html;420000.0;378000.0;378000.0;103650.0;103650.0;27.42;-20900.0;False;Aplicado;"Autorizado por el dueño y verificado en la API pública. Referencia ML indexada; gastos pendientes.";https://myaimportaciones.vercel.app/producto/total-soldadora-inverter-mma-250a-tw225069;https://www.totalherramientasoficial.com.py/produto/total-maquina-de-soldar-250a-tw225069-47490.html;2026-10-02T19:25:58.844209+00:00;Soldadora Igbt Inverter Total Mma 250a Electrodo, Industrial Color Turquesa Frecuencia 50/60hz;https://www.mercadolibre.com.ar/soldadora-igbt-inverter-total-mma-250a-electrodo-industrial-color-turquesa-frecuencia-5060hz/p/MLA42652316;market-single-111.txt;2026-10-02;420000;https://www.mercadolibre.com.ar/soldadora-igbt-inverter-total-mma-250a-electrodo-industrial-color-turquesa-frecuencia-5060hz/p/MLA42652316;2026-10-01T20:17:30.177706+00:00;;398900;True;103650.0;27.42
c799f433-765b-5a23-a272-13c89dc43039;350945;Total Soplador y aspirador eléctrico 800W TB8036;True;149100;39.99;1550;61984.5;43.99;USD;2026-10-01T18:27:42.088647+00:00;39.99;https://www.totalherramientasoficial.com.py/produto/total-sopradoraspirador-800w-tb8036-11890.html;165702.96;149100.0;149100.0;87115.5;87115.5;58.43;24200.0;False;Aplicado;"Autorizado por el dueño y verificado en la API pública. Referencia ML indexada; gastos pendientes.";https://myaimportaciones.vercel.app/producto/total-soplador-y-aspirador-electrico-800w-tb8036;https://www.totalherramientasoficial.com.py/produto/total-sopradoraspirador-800w-tb8036-11890.html;2026-10-02T19:26:01.713979+00:00;Sopladora Aspiradora Con Accesorios Total 800w Vel. Variable;https://www.mercadolibre.com.ar/sopladora-aspiradora-con-accesorios-total-800w-vel-variable/up/MLAU3453655201;market-148.txt;2026-10-02;131590;https://listado.mercadolibre.com.ar/sopladora-total-800w;2026-10-01T20:17:30.177706+00:00;;124900;True;87115.5;58.43
34dbff58-45ee-5b23-ae2d-599274d0754e;553278;Total Taladro atornillador 12V 20Nm TDLI12456;True;53900;18.0;1550;27900.0;19.8;USD;2026-10-01T18:27:43.450502+00:00;18.0;https://www.totalherramientasoficial.com.py/produto/total-parafusadeira-12v-tdli12456-20nm-1bt-53427.html;59299.0;53300.0;;25400.0;25400.0;47.65;-600.0;False;Pendiente;confirmar baterías, cargador y accesorios del kit equivalente;https://myaimportaciones.vercel.app/producto/total-taladro-atornillador-12v-20nm-tdli12456;https://www.totalherramientasoficial.com.py/produto/total-parafusadeira-12v-tdli12456-20nm-1bt-53427.html;2026-10-02T19:26:02.920597+00:00;Taladro Atornillador Inalámbrico 12v Total Tdli12456 20nm;https://www.mercadolibre.com.ar/taladro-atornillador-inalambrico-12v-total-tdli12456-20nm/up/MLAU3806143123;market-152.txt;2026-10-02;57180.53;https://www.mercadolibre.com.ar/taladro-inalambrico-12v-con-bateria-750rpm-20nm-total/up/MLAU3796884812;2026-10-01T20:17:30.177706+00:00;;53900;False;26000.0;48.24
715608c5-4a9e-5d0a-8de7-9812003ad9da;527330;Total Taladro atornillador brushless 20V 55Nm TDLI205582;True;122900;44.0;1550;68200.0;48.4;USD;2026-10-01T18:27:43.059183+00:00;44.0;https://www.totalherramientasoficial.com.py/produto/total-parafusadeira-compacta-20v-motor-sem-escovas-tdli205582-1bat-20ah-50558.html;158041.25;142200.0;;74000.0;74000.0;52.04;19300.0;False;Pendiente;confirmar baterías, cargador y accesorios del kit equivalente;https://myaimportaciones.vercel.app/producto/total-taladro-atornillador-brushless-20v-55nm-tdli205582;https://www.totalherramientasoficial.com.py/produto/total-parafusadeira-compacta-20v-motor-sem-escovas-tdli205582-1bat-20ah-50558.html;2026-10-02T19:26:03.261607+00:00;Taladro Total 20v Bl 2000 Rpm 55nm Industrial C/ Bat. Y Carg;https://www.mercadolibre.com.ar/taladro-total-20v-bl-2000-rpm-55nm-industrial-c-bat-y-carg/up/MLAU4102352065;market-single-112.txt;2026-10-02;130049;https://listado.mercadolibre.com.ar/tdli205582;2026-10-01T20:17:30.177706+00:00;;122900;False;54700.0;44.51
24c04a1d-f3f8-50cf-ba7e-bb148c9705bb;444460;Total Taladro percutor 710W 13mm TG1071366;True;73000;27.0;1550;41850.0;29.7;USD;2026-10-01T18:27:42.524079+00:00;27.0;https://www.totalherramientasoficial.com.py/produto/total-furadeira-tg1071366--13mm--710w--tg1071366-37994.html;81221.0;73000.0;73000.0;31150.0;31150.0;42.67;-3900.0;False;Aplicado;"Autorizado por el dueño y verificado en la API pública. Referencia ML indexada; gastos pendientes.";https://myaimportaciones.vercel.app/producto/total-taladro-percutor-710w-13mm-tg1071366;https://www.totalherramientasoficial.com.py/produto/total-furadeira-tg1071366--13mm--710w--tg1071366-37994.html;2026-10-02T19:26:03.650076+00:00;Taladro Percutor Total 710w Industrial - Mandril 13mm, 3000rpm, Velocidad Variable - TG1071366;https://www.mercadolibre.com.ar/taladro-percutor-total-710w-industrial-mandril-13mm-3000rpm-velocidad-variable-tg1071366/p/MLA45573965;market-single-113.txt;2026-10-02;81221;https://www.mercadolibre.com.ar/taladro-percutor-total-710w-industrial-mandril-13mm-3000rpm-velocidad-variable-tg1071366/p/MLA45573965;2026-10-01T20:17:30.177706+00:00;;76900;True;31150.0;42.67
586d5a87-4023-50bb-aebb-e8c85d7eb701;41614;Total Taladro percutor 900W 13mm TG1091366;True;75000;31.0;1550;48050.0;34.1;USD;2026-10-01T18:27:42.30443+00:00;31.0;https://www.totalherramientasoficial.com.py/produto/total-furadeira-de-impacto-900w--tg1091366-55844.html;83386.0;75000.0;75000.0;26950.0;26950.0;35.93;-3900.0;False;Aplicado;"Autorizado por el dueño y verificado en la API pública. Referencia ML indexada; gastos pendientes.";https://myaimportaciones.vercel.app/producto/total-taladro-percutor-900w-13mm-tg1091366;https://www.totalherramientasoficial.com.py/produto/total-furadeira-de-impacto-900w--tg1091366-55844.html;2026-10-02T19:26:06.243884+00:00;Taladro Percutor Total 900w Industrial - Mandril 13mm, 2800rpm - Tg1091366;https://www.mercadolibre.com.ar/taladro-percutor-total-900w-industrial-mandril-13mm-2800rpm-tg1091366/p/MLA63037724;market-single-114.txt;2026-10-02;83386;https://www.mercadolibre.com.ar/taladro-percutor-total-900w-industrial-mandril-13mm-2800rpm-tg1091366/p/MLA63037724;2026-10-01T20:17:30.177706+00:00;;78900;True;26950.0;35.93
5e7b4e78-a1f6-5936-98ab-60e23788a467;527354;Total Taladro percutor brushless 20V 55Nm TIDLI20558;True;166900;68.0;1550;105400.0;74.8;USD;2026-10-01T18:27:43.154128+00:00;68.0;https://www.totalherramientasoficial.com.py/produto/total-farudeira-e-parafusadeira-20v-tidli20558-50560.html;195616.96;176000.0;;70600.0;70600.0;40.11;9100.0;False;Pendiente;confirmar baterías, cargador y accesorios del kit equivalente;https://myaimportaciones.vercel.app/producto/total-taladro-percutor-brushless-20v-55nm-tidli20558;https://www.totalherramientasoficial.com.py/produto/total-farudeira-e-parafusadeira-20v-tidli20558-50560.html;2026-10-02T19:26:07.520902+00:00;Taladro Percutor Y Atornillador Inalámbrico Total Tidli20558;https://www.mercadolibre.com.ar/taladro-percutor-y-atornillador-inalambrico-total-tidli20558/up/MLAU4135772811;market-single-115.txt;2026-10-02;176430.83;https://www.mercadolibre.com.ar/taladro-percutor-y-atornillador-inalambrico-total-tidli20558/up/MLAU4135772811;2026-10-01T20:17:30.177706+00:00;;166900;False;61500.0;36.85
24fc326e-69c3-5a89-80e8-072630821c6e;518635;Total Taladro percutor brushless 20V 66Nm TIDLI20668;True;185900;79.99;1550;123984.5;87.99;USD;2026-10-01T18:27:42.964589+00:00;79.99;https://www.totalherramientasoficial.com.py/produto/total-furadeira-de-impacto-20v--66nm-tidli20668-49603.html;203699.03;183300.0;;59315.5;59315.5;32.36;-2600.0;False;Pendiente;confirmar baterías, cargador y accesorios del kit equivalente;https://myaimportaciones.vercel.app/producto/total-taladro-percutor-brushless-20v-66nm-tidli20668;https://www.totalherramientasoficial.com.py/produto/total-furadeira-de-impacto-20v--66nm-tidli20668-49603.html;2026-10-02T19:26:07.862244+00:00;Taladro Percutor Inalámbrico Brushless 20v 66Nm Con Baterias, Cargador y Maletín Total;https://www.mercadolibre.com.ar/taladro-percutor-inalambrico-brushless-20v-66nm-con-baterias-cargador-y-maletin-total/p/MLA45115958;market-156.txt;2026-10-02;196711;https://listado.mercadolibre.com.ar/tidli20668;2026-10-01T20:17:30.177706+00:00;;185900;False;61915.5;33.31
2c6a30cb-08d1-5f26-b438-444a1a031cb0;MYA-COS-046;Tree Hut Coco Colada Shea Sugar Scrub 510 g;True;38900;12.5;1550;19375.0;12.5;USD;2026-10-01T15:51:59.442337+00:00;12.5;https://www.starcompany-py.com/tree-hut/17651-tree-hut-scrub-coco-colada-510g.html;;;;;;;;False;Pendiente;falta comparable ML suficiente;https://myaimportaciones.vercel.app/producto/tree-hut-coco-colada-shea-sugar-scrub-510-g;https://www.starcompany-py.com/tree-hut/17651-tree-hut-scrub-coco-colada-510g.html;2026-10-02T19:26:08.223030+00:00;;;;2026-10-02;50000;https://www.mercadolibre.com.ar/exfoliante-corporal-tree-hut-coco-colada-510g/p/MLA24297000;2026-10-01T15:55:41.766498+00:00;4;38900;False;19525.0;50.19
d6cb2833-8afd-5903-9581-f84560a99b58;MYA-COS-047;Victoria's Secret Pure Seduction Body Mist 250 ml;True;33900;10.9;1550;16895.0;10.9;USD;2026-10-01T15:52:00.592076+00:00;10.9;https://www.starcompany-py.com/cosmeticos/10245-vs-splash-250ml-pure-seduction-2023.html;32999.0;29600.0;;12705.0;12705.0;42.92;-4300.0;False;Pendiente;"precios indexados distintos para la misma publicación; confirmar unidad/pack en ficha ML";https://myaimportaciones.vercel.app/producto/victoria-s-secret-pure-seduction-body-mist-250-ml;https://www.starcompany-py.com/cosmeticos/10245-vs-splash-250ml-pure-seduction-2023.html;2026-10-02T19:26:09.184364+00:00;Victoria's Secret Body Mist Pure Seduction 250ml;https://www.mercadolibre.com.ar/victorias-secret-body-mist-pure-seduction-250ml/p/MLA3820047;market-single-117.txt;2026-10-02;41999;https://www.mercadolibre.com.ar/body-splash-victorias-secret-pure-seduction-250ml/p/MLA22191362;2026-10-01T15:55:41.766498+00:00;451;33900;False;17005.0;50.16
d6347e12-37e3-5c4e-85b1-b29dce65d562;461801;Wadfow Amoladora angular 710W 115mm WAG15761;True;96600;26.0;1550;40300.0;28.6;USD;2026-10-01T18:27:42.665785+00:00;26.0;https://www.totalherramientasoficial.com.py/produto/wadfow-esmirilhadeira-angular-710w-wag15761--220v-41806.html;107359.0;96600.0;96600.0;56300.0;56300.0;58.28;8700.0;False;Aplicado;"Autorizado por el dueño y verificado en la API pública. Referencia ML indexada; gastos pendientes.";https://myaimportaciones.vercel.app/producto/wadfow-amoladora-angular-710w-115mm-wag15761;https://www.totalherramientasoficial.com.py/produto/wadfow-esmirilhadeira-angular-710w-wag15761--220v-41806.html;2026-10-02T19:26:10.245476+00:00;Amoladora Angular 115mm 710w Electrico Wadfow Wag15761;https://www.mercadolibre.com.ar/amoladora-angular-115mm-710w-electrico-wadfow-wag15761/up/MLAU4370040195;market-160.txt;2026-10-02;94631;https://www.mercadolibre.com.ar/amoladora-angular-710w-wag157614-wadfow/up/MLAU3390291012;2026-10-01T20:17:30.177706+00:00;;87900;True;56300.0;58.28
3459fa6a-ccfb-5d35-8672-e08b107da34d;110969;Wadfow Aspiradora seco y húmedo 30L 1200W WVR2A30;True;183900;54.0;1550;83700.0;59.4;USD;2026-10-01T18:27:41.678573+00:00;54.0;https://www.totalherramientasoficial.com.py/produto/wadfow-aspirador-secoumido--30l--wvr2a30-55237.html;;;;;;;;False;Pendiente;falta comparable ML suficiente;https://myaimportaciones.vercel.app/producto/wadfow-aspiradora-seco-y-humedo-30l-1200w-wvr2a30;https://www.totalherramientasoficial.com.py/produto/wadfow-aspirador-secoumido--30l--wvr2a30-55237.html;2026-10-02T19:26:10.685570+00:00;;;;2026-10-02;;;;;183900;False;100200.0;54.49
fcf4a47f-7f34-53d0-a91a-035fdd8cc3d1;225809;Wadfow Aspiradora seco y húmedo 35L 1100W WVR4A35;True;203900;59.99;1550;92984.5;65.99;USD;2026-10-01T18:27:41.733836+00:00;59.99;https://www.totalherramientasoficial.com.py/produto/wadfow-aspirador-de-po-seco-e-umido-35lt-1100w---wvr4a35-54886.html;;;;;;;;False;Pendiente;falta comparable ML suficiente;https://myaimportaciones.vercel.app/producto/wadfow-aspiradora-seco-y-humedo-35l-1100w-wvr4a35;https://www.totalherramientasoficial.com.py/produto/wadfow-aspirador-de-po-seco-e-umido-35lt-1100w---wvr4a35-54886.html;2026-10-02T19:26:12.122083+00:00;;;;2026-10-02;;;;;203900;False;110915.5;54.4
368eff5e-f34d-5d96-97c0-3bea6ed7b321;33367;Wadfow Kit de herramientas con taladro 12V 77 piezas WDT4B77;True;118900;35.0;1550;54250.0;38.5;USD;2026-10-01T18:27:42.149387+00:00;35.0;https://www.totalherramientasoficial.com.py/produto/wadfow-conjunto-de-ferramentas-furadeira-77pcs---wdt4b77-55195.html;;;;;;;;False;Pendiente;"falta comparable ML suficiente; confirmar baterías, cargador y accesorios del kit equivalente";https://myaimportaciones.vercel.app/producto/wadfow-kit-de-herramientas-con-taladro-12v-77-piezas-wdt4b77;https://www.totalherramientasoficial.com.py/produto/wadfow-conjunto-de-ferramentas-furadeira-77pcs---wdt4b77-55195.html;2026-10-02T19:26:12.429206+00:00;;;;2026-10-02;;;;;118900;False;64650.0;54.37
1c27707b-693a-5071-9e8b-67242a4c648f;463836;Wadfow Rotomartillo SDS Plus 800W 2,5J WRH1D26;True;136500;50.0;1550;77500.0;55;USD;2026-10-01T18:27:42.567441+00:00;50.0;https://www.totalherramientasoficial.com.py/produto/wadfow-martelete-sds-plus-800w---wrh1d26-42030.html;151715.0;136500.0;136500.0;59000.0;59000.0;43.22;-7400.0;False;Aplicado;"Autorizado por el dueño y verificado en la API pública. Referencia ML indexada; gastos pendientes.";https://myaimportaciones.vercel.app/producto/wadfow-rotomartillo-sds-plus-800w-2-5j-wrh1d26;https://www.totalherramientasoficial.com.py/produto/wadfow-martelete-sds-plus-800w---wrh1d26-42030.html;2026-10-02T19:26:14.844502+00:00;Rotomartillo Sds Plus 26mm 800w Wrh1d26-4 Wadfow;https://www.mercadolibre.com.ar/rotomartillo-sds-plus-26mm-800w-wrh1d264-wadfow/up/MLAU3390733404;market-164.txt;2026-10-02;151715;https://www.mercadolibre.com.ar/rotomartillo-sds-plus-26mm-800w-wrh1d264-wadfow/up/MLAU3390733404;2026-10-01T20:17:30.177706+00:00;;143900;True;59000.0;43.22
db5251b6-53fd-5df3-8461-84fa52687e22;461825;Wadfow Sierra caladora 400W WJS15401;True;69900;27.5;1550;42625.0;30.25;USD;2026-10-01T18:27:42.614231+00:00;27.5;https://www.totalherramientasoficial.com.py/produto/wadfow-tico-tico---400w---wjs15401--220v-41808.html;;;;;;;;False;Pendiente;falta comparable ML suficiente;https://myaimportaciones.vercel.app/producto/wadfow-sierra-caladora-400w-wjs15401;https://www.totalherramientasoficial.com.py/produto/wadfow-tico-tico---400w---wjs15401--220v-41808.html;2026-10-02T19:26:15.519946+00:00;;;;2026-10-02;;;;;69900;False;27275.0;39.02
1b407cf7-c0c0-544c-9328-f40d7b8f6dfb;102933;Wadfow Sierra caladora 570W pendular WJS15571;True;83600;31.5;1550;48825.0;34.65;USD;2026-10-01T18:27:41.684002+00:00;31.5;https://www.totalherramientasoficial.com.py/produto/wadfow-serra-tico-tico-570w--wjs15571-5661.html;92989.0;83600.0;83600.0;34775.0;34775.0;41.6;4700.0;False;Aplicado;"Autorizado por el dueño y verificado en la API pública. Referencia ML indexada; gastos pendientes.";https://myaimportaciones.vercel.app/producto/wadfow-sierra-caladora-570w-pendular-wjs15571;https://www.totalherramientasoficial.com.py/produto/wadfow-serra-tico-tico-570w--wjs15571-5661.html;2026-10-02T19:26:16.754937+00:00;Sierra Caladora Madera 570w Regulable 45° Wadfow Wjs15571;https://www.mercadolibre.com.ar/sierra-caladora-madera-570w-regulable-45-wadfow-wjs15571/p/MLA39286482;market-164.txt;2026-10-02;83150.35;https://www.mercadolibre.com.ar/sierra-caladora-madera-570w-regulable-45-wadfow-wjs15571/p/MLA39286482;2026-10-01T20:17:30.177706+00:00;;78900;True;34775.0;41.6
0a7b141d-d292-512a-8ae8-7fbc1010f19b;615174;Wadfow Sierra sable 750W WRS15752;True;135000;49.0;1550;75950.0;53.9;USD;2026-10-01T18:27:43.851358+00:00;49.0;https://www.totalherramientasoficial.com.py/produto/wadfow--serra-sabre---750w--wrs15752-220v-57183.html;150000.0;135000.0;135000.0;59050.0;59050.0;43.74;-6900.0;False;Aplicado;"Autorizado por el dueño y verificado en la API pública. Referencia ML indexada; gastos pendientes.";https://myaimportaciones.vercel.app/producto/wadfow-sierra-sable-750w-wrs15752;https://www.totalherramientasoficial.com.py/produto/wadfow--serra-sabre---750w--wrs15752-220v-57183.html;2026-10-02T19:26:17.028384+00:00;Sierra Sable Reciproca 115 Mm 750 W 3300 Rpm + Accesorios Wadfow WRS15752;https://www.mercadolibre.com.ar/sierra-sable-reciproca-115-mm-750-w-3300-rpm-accesorios-wadfow-wrs15752/p/MLA72742505;market-single-122.txt;2026-10-02;150000;https://www.mercadolibre.com.ar/sierra-sable-reciproca-115-mm-750-w-3300-rpm-accesorios-wadfow-wrs15752/p/MLA72742505;2026-10-01T20:17:30.177706+00:00;;141900;True;59050.0;43.74
b9ad6d51-9ef5-5d20-8d17-d106855e900d;471176;Wadfow Soplador eléctrico 400W WAB15401;True;55900;16.5;1550;25575.0;18.15;USD;2026-10-01T18:27:42.744315+00:00;16.5;https://www.totalherramientasoficial.com.py/produto/wadfow--soprador-electrico-400w--wab15401---220v-42801.html;;;;;;;;False;Pendiente;falta comparable ML suficiente;https://myaimportaciones.vercel.app/producto/wadfow-soplador-electrico-400w-wab15401;https://www.totalherramientasoficial.com.py/produto/wadfow--soprador-electrico-400w--wab15401---220v-42801.html;2026-10-02T19:26:19.362939+00:00;;;;2026-10-02;;;;;55900;False;30325.0;54.25
ee047303-00c9-40fd-8ba0-b42c1fef6175;;BODY SPLASH VICTORIA'S SECRET BARE VANILLA 250ML;True;35000;11.25;1550;17437.5;;;;;;;;;;;;;False;Pendiente;"Agregado durante la revisión; fuera de las 85 actualizaciones autorizadas; sin registro privado de costos. Búsqueda ML con precios contradictorios de listados; falta ficha comparable suficiente.";https://myaimportaciones.vercel.app/producto/body-splash-victoria-s-secret-bare-vanilla-250ml;https://atacadousa.com.py/perfumes/8399-body-splash-victoria-s-secret-bare-vanilla-250ml.html;;;;;2026-10-02;;;;745;35000;False;17562.5;50.18
