id;sku;producto;activo;solo_mayorista;visible_catalogo_minorista;precio_actual_ars;costo_base_pdf_ars_2026_09_21;venta_sobre_base;referencia_1_85_sobre_base_ars;brecha_a_referencia_ars;precio_proveedor_actual;moneda_proveedor;url_proveedor;fecha_revision_proveedor;precio_ML_comparable_ars;url_ML;comparacion_ML;observacion_ML;costo_puesto_confirmado;comparacion_ML_confirmada;estado_revision
000ca7e8-54e2-5ffd-91e9-65813201d812;486538;"Total bolsa de herramientas 16"" THT36L03";True;False;True;41800.0;26792.0;1.56;49600;7800;;;https://www.totalherramientasoficial.com.py/produto/total-bolsa-de--ferramentas--16--tht36l03-45869.html;;;;;;NO;NO;SIN_PRECIO_PROVEEDOR_ACTUAL
0020f458-926b-543b-9abe-4023eb1b4aaf;538862;Wadfow taladro de impacto motor sin escobillas WCDP7281 20V 2B;True;False;True;171600.0;110049.0;1.559;203600;32000;66.0;USD;https://www.totalherramientasoficial.com.py/produto/wadfow-parafusadeira-de-impacto--motor-sem-escovas--wcdp7281-20v-2b-2ah-72nm-51952.html;2026-09-27;;;;;NO;NO;DEBAJO_DE_1_75_COSTO_BASE
0022aac3-c96e-5d56-9af1-02871526081c;462815;"Wadfow llave trinquete 3/8"" WRW1238";True;False;True;13600.0;8753.0;1.554;16200;2600;5.25;USD;https://www.totalherramientasoficial.com.py/produto/wadfow-catraca-38----wrw1238-41928.html;2026-09-27;;;;;NO;NO;DEBAJO_DE_1_75_COSTO_BASE
002848db-7919-5873-b43c-922639e91899;609074;Total llave de impacto 20V 405NM TIWLI2045 2B;True;False;True;226200.0;145064.0;1.559;268400;42200;;;https://www.totalherramientasoficial.com.py/produto/total-chave-de-impacto-20v-405nm-tiwli2045-2b-57136.html;;;;;;NO;NO;SIN_PRECIO_PROVEEDOR_ACTUAL
0035be40-0641-5aa9-aaf2-ac2501221220;437158;Total socket hexagonal THTST12133L 1/2 13MM;True;False;True;13800.0;8826.0;1.564;16300;2500;;;https://www.totalherramientasoficial.com.py/produto/total-soquet-hexagonal-thtst12133l-12-13mm-34677.html;;;;;;NO;NO;SIN_PRECIO_PROVEEDOR_ACTUAL
003c1bc4-39f5-579f-8269-fa843d95200d;489430;Wadfow tripode 1.1MT para nivel laser WLE9301;True;False;True;137600.0;88256.0;1.559;163300;25700;;;https://www.totalherramientasoficial.com.py/produto/wadfow--nivel-laser-tripe--11mt--wle9301-46179.html;;;;;;NO;NO;SIN_PRECIO_PROVEEDOR_ACTUAL
00469646-4b07-55cf-9e81-866ca86ecfda;77835;Total porta manguera de 40 metros THHR40122;True;False;True;39600.0;25427.0;1.557;47000;7400;15.25;USD;https://www.totalherramientasoficial.com.py/produto/total-suporte-para-mangueira-de-40-metros-thhr40122-36565.html;2026-09-27;;;;;NO;NO;DEBAJO_DE_1_75_COSTO_BASE
004f0f2b-48b2-5861-b1fc-2c8ec1e451b1;511865;Total llave de impacto 20V 400NM UTIWLI2040;True;False;True;8800.0;5674.0;1.551;10500;1700;;;https://www.totalherramientasoficial.com.py/produto/total-chave-de-impacto-20v-400nm-utiwli2040-48537.html;;;;;;NO;NO;SIN_PRECIO_PROVEEDOR_ACTUAL
004fc0ec-19ae-506b-9e74-f1bfdd97c34e;528023;Total combo herramientas electricas 3PCS 20V TOSLI241192;True;False;True;368600.0;236400.0;1.559;437300;68700;;;https://www.totalherramientasoficial.com.py/produto/total-combo-ferramentas-eletricas--3pcs-20v-tosli241192-50631.html;;;;;;NO;NO;SIN_PRECIO_PROVEEDOR_ACTUAL
00548c84-d80b-55ef-ac15-34a4690e5b50;436229;Total hidrolavadora TPWLI20084 20V;True;False;True;157300.0;100864.0;1.56;186600;29300;;;https://www.totalherramientasoficial.com.py/produto/total-lava-jato--tpwli20084----20v-34578.html;;;;;;NO;NO;SIN_PRECIO_PROVEEDOR_ACTUAL
006d3266-168f-57a9-85d1-728f84e1e4b4;538510;Wadfow kit lima para madera 3PCS WSF1403;True;False;True;15600.0;10004.0;1.559;18500;2900;6.0;USD;https://www.totalherramientasoficial.com.py/produto/wadfow-kit-lima-para-madeira-3pcs-wsf1403-51917.html;2026-09-27;;;;;NO;NO;DEBAJO_DE_1_75_COSTO_BASE
00af6f1d-e327-5ca5-b7fd-1295d33d68ee;455244;Total cargador rápido TFCLI2003 20V;True;False;True;31900.0;20488.0;1.557;37900;6000;;;https://www.totalherramientasoficial.com.py/produto/total-caregador-rapido-tfcli2003-20v-40586.html;;;;;;NO;NO;SIN_PRECIO_PROVEEDOR_ACTUAL
00c045bc-e31f-5b87-8adc-64abee80f040;107709;Wadfow puntas de destornillador de impacto 2PCS 250MM WSV6K66;True;False;True;5600.0;3584.0;1.562;6600;1000;2.15;USD;https://www.totalherramientasoficial.com.py/produto/wadfow-brocas-de-chave-de-fenda-de-impacto-2pcs-250mm---wsv6k66-55236.html;2026-09-27;;;;;NO;NO;DEBAJO_DE_1_75_COSTO_BASE
00fa9046-3b11-50d3-8c69-467343c12479;460163;"Wadfow alicate corte diagonal 8"" WPL7C08";True;False;True;7200.0;4586.0;1.57;8500;1300;2.75;USD;https://www.totalherramientasoficial.com.py/produto/wadfow-alicate-corte--8--wpl7c08-41642.html;2026-09-27;;;;;NO;NO;DEBAJO_DE_1_75_COSTO_BASE
013720da-6d35-5fde-99fc-6d5f6747e293;446570;Total sierra policorte TS9243558 2400W;True;False;True;137600.0;88256.0;1.559;163300;25700;;;https://www.totalherramientasoficial.com.py/produto/total-serra-policorte--ts9243558-2400w-38685.html;;;;;;NO;NO;SIN_PRECIO_PROVEEDOR_ACTUAL
01383a76-9fba-5873-ab34-770af069cd2f;488815;"Wadfow torquímetro de 1/2""CRV WSA8101";True;False;True;17200.0;11032.0;1.559;20400;3200;;;https://www.totalherramientasoficial.com.py/produto/wadfow-torquimetro-de-12crv---wsa8101-46117.html;;;;;;NO;NO;SIN_PRECIO_PROVEEDOR_ACTUAL
0139ea6f-20c1-5eee-a716-1fa01d1186de;33367;Wadfow juego de herramientas taladro 77PCS WDT4B77;True;False;True;91000.0;58359.0;1.559;108000;17000;35.0;USD;https://www.totalherramientasoficial.com.py/produto/wadfow-conjunto-de-ferramentas-furadeira-77pcs---wdt4b77-55195.html;2026-09-27;;;;;NO;NO;DEBAJO_DE_1_75_COSTO_BASE
014af610-7f22-590b-98db-b9328848d28d;381703;Total kit herramienta THPTCS70971 97PCS;True;False;True;17200.0;11032.0;1.559;20400;3200;;;https://www.totalherramientasoficial.com.py/produto/total-kit-feramenta--thptcs70971-97pcs-29330.html;;;;;;NO;NO;SIN_PRECIO_PROVEEDOR_ACTUAL
018cfa73-40fc-555d-a6e5-13f1075334d7;436823;Total bolsa herramientas THT36L01;True;False;True;41800.0;26792.0;1.56;49600;7800;;;https://www.totalherramientasoficial.com.py/produto/total-bolsa-ferramenta-tht36l01-34644.html;;;;;;NO;NO;SIN_PRECIO_PROVEEDOR_ACTUAL
01990253-1b69-5054-816d-7ebaae1836ff;543705;Wadfow fresa rotativa 6MM-8MM WYE3K03;True;False;True;11700.0;7505.0;1.559;13900;2200;4.5;USD;https://www.totalherramientasoficial.com.py/produto/wadfow-fresa-rotativa-6mm8mm-wye3k03-52456.html;2026-09-27;;;;;NO;NO;DEBAJO_DE_1_75_COSTO_BASE
019a25de-f545-5749-8386-bb78036a9c58;341622;Total engrapadora industrial THT31141 4-14MM;True;False;True;13800.0;8826.0;1.564;16300;2500;;;https://www.totalherramientasoficial.com.py/produto/total-grampeador-industrial-tht31141-414mm-25623.html;;;;;;NO;NO;SIN_PRECIO_PROVEEDOR_ACTUAL
01b26b0a-2ebd-587f-b437-186c3e377edf;527415;Total pistola clavadora brad TCBNLI2005 15-35MM s/b;True;False;True;234000.0;150051.0;1.559;277600;43600;89.99;USD;https://www.totalherramientasoficial.com.py/produto/total-pistola-de-pregos-brad-tcbnli2005-1535mm--sb-50566.html;2026-09-27;;;;;NO;NO;DEBAJO_DE_1_75_COSTO_BASE
01e62004-674a-581d-8090-0edf9aeef7b7;381352;Total hidrolavadora TGT11226 2000W;True;False;True;390000.0;250095.0;1.559;462700;72700;149.99;USD;https://www.totalherramientasoficial.com.py/produto/total-lava-jato-tgt11226--2000w-12053.html;2026-09-27;;;;;NO;NO;DEBAJO_DE_1_75_COSTO_BASE
02037a62-ce4b-5f4f-9165-945f2157adf0;584739;Total combo 2PCS motosierra +podadora 20V UTOSLI251085;True;False;True;460200.0;295131.0;1.559;546000;85800;177.0;USD;https://www.totalherramientasoficial.com.py/produto/total-combo-2pcs-motosierra-podadora--20v--utosli251085-56897.html;2026-09-27;;;;;NO;NO;DEBAJO_DE_1_75_COSTO_BASE
021cf116-99bf-53a7-8a1f-85f3426f8bc6;436564;Total prensa hidráulica 70KN THCT0240;True;False;True;126100.0;80871.0;1.559;149600;23500;48.5;USD;https://www.totalherramientasoficial.com.py/produto/total-hidraulico-crimpagem-70kn-thct0240-34615.html;2026-09-27;;;;;NO;NO;DEBAJO_DE_1_75_COSTO_BASE
0238e86c-8d34-506d-85f6-0722f4484e4e;538589;Wadfow nivel laser autonivelante verde 360° WLE2M05;True;False;True;137600.0;88256.0;1.559;163300;25700;;;https://www.totalherramientasoficial.com.py/produto/wadfow-nivel-laser-autonivelante-verde-360-wle2m05-51924.html;;;;;;NO;NO;SIN_PRECIO_PROVEEDOR_ACTUAL
02913e55-8565-5758-ba82-9e7f78099ee1;436847;"Total prensa sargento g THT13141 4""";True;False;True;12900.0;8255.0;1.563;15300;2400;4.95;USD;https://www.totalherramientasoficial.com.py/produto/total-sargento-g---tht13141--4-34646.html;2026-09-27;;;;;NO;NO;DEBAJO_DE_1_75_COSTO_BASE
02a0856e-abf6-592d-9706-7bc4cc4b6644;442947;Total martillo de demolición TH309288 220V 950W;True;False;True;179400.0;115051.0;1.559;212800;33400;69.0;USD;https://www.totalherramientasoficial.com.py/produto/total-martlete-th309288--220v-950w-35286.html;2026-09-27;;;;;NO;NO;DEBAJO_DE_1_75_COSTO_BASE
02be3ceb-186e-5930-8acb-891d943e0eed;338448;Total corte de césped eléctrico 1600W TGT616151 motor de induc;True;False;True;382200.0;245109.0;1.559;453500;71300;147.0;USD;https://www.totalherramientasoficial.com.py/produto/total-corta-grama-eletrico-1600w--tgt616151-motor-de-inducao-12047.html;2026-09-27;;;;;NO;NO;DEBAJO_DE_1_75_COSTO_BASE
02ca9ad5-056e-5bba-a221-966c10f7c07a;33916;"Wadfow caja de herramientas de plástico 13"" WTB3313";True;False;True;27000.0;17336.0;1.557;32100;5100;;;https://www.totalherramientasoficial.com.py/produto/wadfow-caixa-de-ferramentas-de-plastico--13--wtb3313-54860.html;;;;;;NO;NO;SIN_PRECIO_PROVEEDOR_ACTUAL
02cfa78c-251d-58dc-a031-4c58838f0ac7;313872;"Total llave de impacto de aire TAT40341 3/4"" 1355NM";True;False;True;317200.0;203424.0;1.559;376300;59100;122.0;USD;https://www.totalherramientasoficial.com.py/produto/total-chave-de-impacto-de-ar-tat40341-34-1355nm-23100.html;2026-09-27;;;;;NO;NO;DEBAJO_DE_1_75_COSTO_BASE
02d340b4-829d-5ef7-aa35-2293d08b9200;461566;Wadfow gato de tijera 1.5TON WHJ4515;True;False;True;37700.0;24179.0;1.559;44700;7000;14.5;USD;https://www.totalherramientasoficial.com.py/produto/wadfow-macaco-de-tesoura--15ton----whj4515-41782.html;2026-09-27;;;;;NO;NO;DEBAJO_DE_1_75_COSTO_BASE
02d93ed3-dbdf-53d1-8269-0e2901fb0bab;487443;Total compresor de aire 24L UTC220248;True;False;True;270300.0;173360.0;1.559;320700;50400;;;https://www.totalherramientasoficial.com.py/produto/total-compressor-de-ar--24l--utc220248-45980.html;;;;;;NO;NO;SIN_PRECIO_PROVEEDOR_ACTUAL
02fb386f-34a0-5043-9219-05b888119d49;489836;Wadfow organizador modular transparente WTB8331;True;False;True;41800.0;26792.0;1.56;49600;7800;11.75;USD;https://www.totalherramientasoficial.com.py/produto/wdafow-organizador-modular-transparente-wtb8331-46219.html;2026-09-27;;;;;NO;NO;DEBAJO_DE_1_75_COSTO_BASE
0315d0e1-b00c-52d9-b0f2-cfe0d262e63f;501989;Total juego de hoja de sierras sable TAC521002;True;False;True;22100.0;14175.0;1.559;26200;4100;8.5;USD;https://www.totalherramientasoficial.com.py/produto/total-conjunto-de-lamina-de-serra-sabre---tac521002-47482.html;2026-09-27;;;;;NO;NO;DEBAJO_DE_1_75_COSTO_BASE
031b2c54-8693-5e45-b965-68170ef93e14;502108;Total bomba de agua sumergible TWP7150026 1500W 2HP;True;False;True;172000.0;110320.0;1.559;204100;32100;;;https://www.totalherramientasoficial.com.py/produto/total-bomba-de-agua-submersivel--twp7150026-1500w-2hp-47494.html;;;;;;NO;NO;SIN_PRECIO_PROVEEDOR_ACTUAL
03443f60-943b-5459-b07a-fe3d4af2303b;486866;Total cortacésped 20V TLMLI2014;True;False;True;17200.0;11032.0;1.559;20400;3200;;;https://www.totalherramientasoficial.com.py/produto/total-corta-grama--20v---tlmli2014-45921.html;;;;;;NO;NO;SIN_PRECIO_PROVEEDOR_ACTUAL
034b016f-4552-5f62-ad79-ef8d61cdc5b1;367660;Total juego de destornilladores THT250608 8PCS;True;False;True;15700.0;10086.0;1.557;18700;3000;5.5;USD;https://www.totalherramientasoficial.com.py/produto/total-kit-chave-fenda--tht250608-8pcs-27981.html;2026-09-27;;;;;NO;NO;DEBAJO_DE_1_75_COSTO_BASE
0354a08e-b9d8-5169-a39c-a6b0d34f7828;576680;Total generador a gasolina 2.0KW TP523006;True;False;True;1177800.0;755336.0;1.559;1397400;219600;453.0;USD;https://www.totalherramientasoficial.com.py/produto/total-gerador-a-gasolina-20kw--tp523006-56073.html;2026-09-27;;;;;NO;NO;DEBAJO_DE_1_75_COSTO_BASE
036cbe0d-0f5a-5138-9543-c4b60644603e;489478;Wadfow caja de herramientas con 5 gavetas WCS2A05;True;False;True;621400.0;398511.0;1.559;737200;115800;239.0;USD;https://www.totalherramientasoficial.com.py/produto/wadfow-caixa-de-ferramentas-com-5-gavetas-wcs2a05-46183.html;2026-09-27;;;;;NO;NO;DEBAJO_DE_1_75_COSTO_BASE
037abc42-9ec7-54f6-a4a9-d1b95226cb0b;501996;Total hoja de lija para lijadora excéntrica 125MM TAC125050;True;False;True;12300.0;7886.0;1.56;14600;2300;4.73;USD;https://www.totalherramientasoficial.com.py/produto/total-folha-de-lixa-para-lixadeira-excentrica-125mm--tac125050-47483.html;2026-09-27;;;;;NO;NO;DEBAJO_DE_1_75_COSTO_BASE
037dd87c-d314-5b17-be5c-b19b7f3b3792;536509;Total juego de brocas M2 hss 15PCS TACSDL51508;True;False;True;15700.0;10086.0;1.557;18700;3000;;;https://www.totalherramientasoficial.com.py/produto/total-kit-de-brocas-m2-hss-15-pcs--tacsdl51508-51711.html;;;;;;NO;NO;SIN_PRECIO_PROVEEDOR_ACTUAL
039fa74f-b59a-5e33-a502-dab8e4073ba5;576666;Total máquina de soldar 40A TCUT4058;True;False;True;206400.0;132384.0;1.559;244900;38500;;;https://www.totalherramientasoficial.com.py/produto/total-maquina-de-solda--40a---tcut4058-56071.html;;;;;;NO;NO;SIN_PRECIO_PROVEEDOR_ACTUAL
03a3dc6d-31df-5e46-82e7-247c36a83c45;442992;Total máquina de soldadura TW22506 220V 250A;True;False;True;206400.0;132384.0;1.559;244900;38500;;;https://www.totalherramientasoficial.com.py/produto/total--maquina-de-solda-tw22506-220v-250a-35291.html;;;;;;NO;NO;SIN_PRECIO_PROVEEDOR_ACTUAL
03bdc44f-9bae-5f02-b8a0-c46b02a6021d;490351;Wadfow carro de herramientas de 3 niveles WCS1A13;True;False;True;13800.0;8826.0;1.564;16300;2500;;;https://www.totalherramientasoficial.com.py/produto/wadfow-carrinho-de-ferramentas-de-3-niveis-wcs1a13-46271.html;;;;;;NO;NO;SIN_PRECIO_PROVEEDOR_ACTUAL
03e29dfd-b58f-5f13-a0c2-b646581a0190;49900;"Total lijadora de aire orbital 6"" TAT91512";True;False;True;108100.0;69344.0;1.559;128300;20200;;;https://www.totalherramientasoficial.com.py/produto/total-lixadeira-orbital-a-ar-6--tat91512-55441.html;;;;;;NO;NO;SIN_PRECIO_PROVEEDOR_ACTUAL
03e5edef-515c-59cc-a524-e2847077609e;430395;Total alicate punta larga THT220806;True;False;True;8800.0;5674.0;1.551;10500;1700;;;https://www.totalherramientasoficial.com.py/produto/total--alicate-bico-longo--tht220806-33977.html;;;;;;NO;NO;SIN_PRECIO_PROVEEDOR_ACTUAL
03e86ee3-a4da-51b9-87de-55e62dece9a7;340700;"Total llave de catraca 1/2"" 260MM THT106126";True;False;True;8800.0;5674.0;1.551;10500;1700;;;https://www.totalherramientasoficial.com.py/produto/total-chave-de-catraca--12--260mm-tht106126-25537.html;;;;;;NO;NO;SIN_PRECIO_PROVEEDOR_ACTUAL
03f5264e-84b0-5e10-9082-78f238afa9a6;532464;Total botas de seguridad TSP207IDSB.45 negro/rojo;True;False;True;57200.0;36683.0;1.559;67900;10700;22.0;USD;https://www.totalherramientasoficial.com.py/produto/total-botas-de-seguranca--tsp207idsb45--pretovermelho-51300.html;2026-09-27;;;;;NO;NO;DEBAJO_DE_1_75_COSTO_BASE
04088252-729d-5ba6-b25f-f9c1dc7a4976;583787;Total combo 3PCS detector + laser + cortador de azulejos TOS25;True;False;True;351000.0;225100.0;1.559;416400;65400;135.0;USD;https://www.totalherramientasoficial.com.py/produto/total-combo-3pcs-detector--laser--cortador-de-azulejos--tos250911-56802.html;2026-09-27;;;;;NO;NO;DEBAJO_DE_1_75_COSTO_BASE
041a3a24-5c3c-5057-8e72-5036f4a81eca;461948;Wadfow rectificador WAT5514;True;False;True;17200.0;11032.0;1.559;20400;3200;;;https://www.totalherramientasoficial.com.py/produto/wadfow-retifica----wat5514-41820.html;;;;;;NO;NO;SIN_PRECIO_PROVEEDOR_ACTUAL
0446058c-92de-55fa-9c20-b8da26dbac92;489706;Wadfow lubricador neumático de grasa de aire 12 litros WAL1A12;True;False;True;361400.0;231770.0;1.559;428800;67400;139.0;USD;https://www.totalherramientasoficial.com.py/produto/wadfow-lubrificante-de-graxa-de-ar-pneumatico-12-litros--wal1a12-46206.html;2026-09-27;;;;;NO;NO;DEBAJO_DE_1_75_COSTO_BASE
04584eb6-4348-50dc-8c0f-3fb8b9e711ff;201339;Wadfow llave combinada 22MM WSA5122;True;False;True;10100.0;6503.0;1.553;12000;1900;3.9;USD;https://www.totalherramientasoficial.com.py/produto/wadfow--chave-catraca-22mm--wsa5122-54881.html;2026-09-27;;;;;NO;NO;DEBAJO_DE_1_75_COSTO_BASE
045accdc-8f1c-5fdc-b741-81edab6c7c89;543187;Wadfow medidor de espesor 0-20MM WDTG1P03;True;False;True;31800.0;20425.0;1.557;37800;6000;12.25;USD;https://www.totalherramientasoficial.com.py/produto/wadfow-medidor-de-espessura-020mm-wdtg1p03-52404.html;2026-09-27;;;;;NO;NO;DEBAJO_DE_1_75_COSTO_BASE
0473eb07-ea0a-5086-ae43-2c40b8e449de;527538;Total broca espiral de tierra TEA55221-2 lamina;True;False;True;57200.0;36683.0;1.559;67900;10700;22.0;USD;https://www.totalherramientasoficial.com.py/produto/total-broca-de-terra-em-espiral-tea552212--lamina-50578.html;2026-09-27;;;;;NO;NO;DEBAJO_DE_1_75_COSTO_BASE
047403f3-2e05-5eea-bac2-108df363f05e;367844;"Total espatula de yeso THPUT38250 10""";True;False;True;12800.0;8195.0;1.562;15200;2400;;;https://www.totalherramientasoficial.com.py/produto/total-espatula-de-gesso-thput38250-10-27999.html;;;;;;NO;NO;SIN_PRECIO_PROVEEDOR_ACTUAL
047db6fe-f3da-56c3-a78e-25ff88128ca6;536349;"Total pulidora 20V 7"" TAPLI2018";True;False;True;163800.0;105047.0;1.559;194300;30500;;;https://www.totalherramientasoficial.com.py/produto/total-polidor-20v--7-tapli2018-51695.html;;;;;;NO;NO;SIN_PRECIO_PROVEEDOR_ACTUAL
04998b87-af9f-5903-a569-2b04147e8d46;554169;Total sierra de poda 330MM THPS3308;True;False;True;137600.0;88256.0;1.559;163300;25700;;;https://www.totalherramientasoficial.com.py/produto/total-serra-de-poda--330mm---thps3308-53516.html;;;;;;NO;NO;SIN_PRECIO_PROVEEDOR_ACTUAL
049c8d8f-3b4e-5ea6-a828-033ef3461a0e;521147;Total máquina de soldar TW216069 160A mma;True;False;True;286000.0;183415.0;1.559;339300;53300;110.0;USD;https://www.totalherramientasoficial.com.py/produto/total-maquina-de-solda-tw216069-160a-mma-49867.html;2026-09-27;;;;;NO;NO;DEBAJO_DE_1_75_COSTO_BASE
04d2d857-f318-5b1c-b482-0672c8b69e55;576611;Total amoladora 20V UTAGLI261521 900W motor sin escobillas;True;False;True;150800.0;96710.0;1.559;178900;28100;;;https://www.totalherramientasoficial.com.py/produto/total-esmirilhadeira-20v-utagli261521-900w-motor-sem-escovas-56066.html;;;;;;NO;NO;SIN_PRECIO_PROVEEDOR_ACTUAL
04e017b0-f682-59d5-afe2-cd13c5ef2c67;564854;Total amoladora angular 42V TAGLI4128112;True;False;True;330200.0;211761.0;1.559;391800;61600;127.0;USD;https://www.totalherramientasoficial.com.py/produto/total-lixadeira-42v-tagli4128112-54595.html;2026-09-27;;;;;NO;NO;DEBAJO_DE_1_75_COSTO_BASE
04e2aa36-ef77-5be7-b763-79e20ce3dd11;94252;Total puntas de destornillador de impacto PH3 25MM 2PCS TACIM7;True;False;True;1700.0;1084.0;1.568;2000;300;0.65;USD;https://www.totalherramientasoficial.com.py/produto/total-pontas-de-chave-de-impacto-ph3-25mm-2pcs--tacim71ph325-37182.html;2026-09-27;;;;;NO;NO;DEBAJO_DE_1_75_COSTO_BASE
04e920b8-877f-5127-9d8a-9f98e38f9432;486149;Total motosierra de iones de litio TGSLI20128 20V;True;False;True;46700.0;29944.0;1.56;55400;8700;;;https://www.totalherramientasoficial.com.py/produto/total-motosserra-de-ion-de-litio-tgsli20128-20v-45828.html;;;;;;NO;NO;SIN_PRECIO_PROVEEDOR_ACTUAL
04ff2776-f09a-594f-9121-b7f7b7a67794;488648;Wadfow martillo para tejados 600GR WHM3360;True;False;True;12400.0;7921.0;1.565;14700;2300;4.75;USD;https://www.totalherramientasoficial.com.py/produto/wadfow-martelo-de-telhado-600gr--whm3360-46100.html;2026-09-27;;;;;NO;NO;DEBAJO_DE_1_75_COSTO_BASE
0511a2a3-2574-5eac-97b3-a60b6a67f159;553865;Total combo taladro percutor + atornillador de impacto TCKLI20;True;False;True;288600.0;185082.0;1.559;342400;53800;111.0;USD;https://www.totalherramientasoficial.com.py/produto/total-combo-furadeira--parafusadeira-de-impacto-tckli20277-53486.html;2026-09-27;;;;;NO;NO;DEBAJO_DE_1_75_COSTO_BASE
05565919-291c-50b2-979e-7f3e7edd7bca;253;Wadfow cuerda de eslinga 4TX4M WWG1344;True;False;True;31200.0;20009.0;1.559;37000;5800;12.0;USD;https://www.totalherramientasoficial.com.py/produto/wadfow-corda-eslinga-4tx4m--wwg1344-55232.html;2026-09-27;;;;;NO;NO;DEBAJO_DE_1_75_COSTO_BASE
0557325d-e3b1-5ec9-8dab-26268bb9ee0a;600804;Total soplador inalámbrico 20V UTABLI20781;True;False;True;186800.0;119776.0;1.56;221600;34800;;;https://www.totalherramientasoficial.com.py/produto/total-soprador-sem-fio-20v-utabli20781-57089.html;;;;;;NO;NO;SIN_PRECIO_PROVEEDOR_ACTUAL
056abcbc-2c46-569d-a602-c3e6707592e7;529167;Total combo 20V 4PCS TOSLI241169;True;False;True;486600.0;312048.0;1.559;577300;90700;;;https://www.totalherramientasoficial.com.py/produto/total--combo-20v-4pcs--tosli241169-50763.html;;;;;;NO;NO;SIN_PRECIO_PROVEEDOR_ACTUAL
058b77b7-9fca-5a21-8272-8c42abf6e7eb;486934;"Total taladro de percusión 1/2"" 680W UTG1061356-9";True;False;True;63900.0;40976.0;1.559;75800;11900;;;https://www.totalherramientasoficial.com.py/produto/total-furadeira-percussao-12-680w-utg10613569-45928.html;;;;;;NO;NO;SIN_PRECIO_PROVEEDOR_ACTUAL
058d0b94-0553-5e03-9e6c-b3db8f11ef21;489584;"Wadfow rueda carretilla 16"" aire reforzada negra WWL1301";True;False;True;19900.0;12756.0;1.56;23600;3700;7.65;USD;https://www.totalherramientasoficial.com.py/produto/wadfow-roda-de-carrinho-a-ar-reforcado-preto-16--wwl1301-46194.html;2026-09-27;;;;;NO;NO;DEBAJO_DE_1_75_COSTO_BASE
0595c4d2-1f4e-5487-9939-10dfa8caeb7a;149730;Total juego de llaves combinadas 24PCS THT103RK246;True;False;True;59000.0;37824.0;1.56;70000;11000;;;https://www.totalherramientasoficial.com.py/produto/total--kit-chave-catraca-24pcs--tht103rk246-54826.html;;;;;;NO;NO;SIN_PRECIO_PROVEEDOR_ACTUAL
059dee3b-9088-5ad5-a0f6-425ec9f01d22;463546;Wadfow broca para madera set 8PCS WSJ6B08;True;False;True;15700.0;10086.0;1.557;18700;3000;;;https://www.totalherramientasoficial.com.py/produto/wadfow--broca-de-madeira-kit--8pcs--wsj6b08-42001.html;;;;;;NO;NO;SIN_PRECIO_PROVEEDOR_ACTUAL
05a0ed66-40a5-5c48-8e63-7b2edbc3ccc9;316538;Total cinta metrica TMT126081 8 metros;True;False;True;3900.0;2522.0;1.546;4700;800;;;https://www.totalherramientasoficial.com.py/produto/total-trena-metro--tmt126081-8-metros-23367.html;;;;;;NO;NO;SIN_PRECIO_PROVEEDOR_ACTUAL
05b63320-4cef-53d0-bfd6-594fa3473313;496124;"Wadfow alicate para ojales 6"" 150MM WLH3601";True;False;True;4400.0;2834.0;1.553;5200;800;1.7;USD;https://www.totalherramientasoficial.com.py/produto/wadfow-alicate-de-ilho--6-150mm---wlh3601-46888.html;2026-09-27;;;;;NO;NO;DEBAJO_DE_1_75_COSTO_BASE
05ba263e-a6cd-5325-a975-4b4e391c50fc;28295;Wadfow martillo drywall 16OZ WHM8195;True;False;True;20200.0;12923.0;1.563;23900;3700;7.75;USD;https://www.totalherramientasoficial.com.py/produto/wadfow--martelo-drywall16oz-whm8195-55194.html;2026-09-27;;;;;NO;NO;DEBAJO_DE_1_75_COSTO_BASE
05bed908-2855-577e-af19-5c876db5ced5;201322;Wadfow llave combinadas con ratchet cr-v 10MM WSA5110;True;False;True;5900.0;3782.0;1.56;7000;1100;;;https://www.totalherramientasoficial.com.py/produto/wadfow--chave-combinada-com-catraca-10mm--wsa5110-54880.html;;;;;;NO;NO;SIN_PRECIO_PROVEEDOR_ACTUAL
05cce0ac-d871-58dc-b802-57e5fdba8d3a;415385;Total kit llave fenda THTDC250401 4PCS;True;False;True;8800.0;5674.0;1.551;10500;1700;;;https://www.totalherramientasoficial.com.py/produto/total-kit-chave-fenda--thtdc250401-4pcs-32429.html;;;;;;NO;NO;SIN_PRECIO_PROVEEDOR_ACTUAL
05dc795c-4ef8-51c2-8220-6e7b096e14ee;488457;Total kit herramienta juego de llaves de vaso THT421802 82PCS;True;False;True;59000.0;37824.0;1.56;70000;11000;;;https://www.totalherramientasoficial.com.py/produto/total-kit-de-ferramentas-conjunto-de-chave-de-soquete--tht421802--82pcs-46081.html;;;;;;NO;NO;SIN_PRECIO_PROVEEDOR_ACTUAL
05faaad8-8573-58da-8ccf-f475016d4660;317238;Total sierra de copa 12 piezas TACSH1121 metal;True;False;True;137600.0;88256.0;1.559;163300;25700;;;https://www.totalherramientasoficial.com.py/produto/total-serra-copo-12-pecas-tacsh1121-metal-11886.html;;;;;;NO;NO;SIN_PRECIO_PROVEEDOR_ACTUAL
0603b09c-78e2-5c86-81b8-35a5d507a146;415828;Total hidráulica crimpado TCTLI2002;True;False;True;17200.0;11032.0;1.559;20400;3200;;;https://www.totalherramientasoficial.com.py/produto/total-hidraulica-crimpagem-tctli2002-32474.html;;;;;;NO;NO;SIN_PRECIO_PROVEEDOR_ACTUAL
0614e775-6203-50b2-af96-423912631841;542197;Wadfow juego de llaves combinada WSP1M12 12PCS;True;False;True;59000.0;37824.0;1.56;70000;11000;;;https://www.totalherramientasoficial.com.py/produto/wadfow-kit-chave-combinada-wsp1m12--12pcs-52305.html;;;;;;NO;NO;SIN_PRECIO_PROVEEDOR_ACTUAL
061bec21-514a-565f-926b-26f0dfd374b2;509435;Total accesorios para rectificador TAKB1012 10PCS;True;False;True;118000.0;75648.0;1.56;139900;21900;;;https://www.totalherramientasoficial.com.py/produto/total-acessorios-para-retificador-takb1012-10pcs-48244.html;;;;;;NO;NO;SIN_PRECIO_PROVEEDOR_ACTUAL
064a2724-9781-557e-8e87-2fbdaa823ffd;584821;Total martillo perforador 20V TRHLI262085 motor sin escobillas;True;False;True;338000.0;216747.0;1.559;401000;63000;129.99;USD;https://www.totalherramientasoficial.com.py/produto/total-martelete-20v--trhli262085--motor-sem-escovas-57091.html;2026-09-27;;;;;NO;NO;DEBAJO_DE_1_75_COSTO_BASE
06587bd8-6975-59d9-a4a8-c161cc80631b;515214;Total taladro atornillador 20V TDLI2002 s/b;True;False;True;57200.0;36683.0;1.559;67900;10700;22.0;USD;https://www.totalherramientasoficial.com.py/produto/total-furadeira-e-parafusadeira-20v--tdli2002-sb-48886.html;2026-09-27;;;;;NO;NO;DEBAJO_DE_1_75_COSTO_BASE
06598ab3-e4bb-5b2c-b641-95ab1f10457a;502092;Total máquina de soldar 200A UTW2200691;True;False;True;206400.0;132384.0;1.559;244900;38500;;;https://www.totalherramientasoficial.com.py/produto/total-maquina-de-solda-200a--utw2200691-47493.html;;;;;;NO;NO;SIN_PRECIO_PROVEEDOR_ACTUAL
065ffc0d-be7b-5abe-b16a-8a6ac6ccea33;502139;Total manguera de alta presión para hidrolavadora 5M TGTHPH526;True;False;True;216300.0;138688.0;1.56;256600;40300;;;https://www.totalherramientasoficial.com.py/produto/total-mangueira-de-alta-pressao-para-lava-jato--5m-tgthph526-47497.html;;;;;;NO;NO;SIN_PRECIO_PROVEEDOR_ACTUAL
067475d1-acd9-5633-bbc4-d8bb9f74b6d6;469784;Wadfow grifo de lavabo WZD1524;True;False;True;22100.0;14175.0;1.559;26200;4100;8.5;USD;https://www.totalherramientasoficial.com.py/produto/wadfow-torneira--de-pia----wzd1524-42662.html;2026-09-27;;;;;NO;NO;DEBAJO_DE_1_75_COSTO_BASE
0685105a-fb6c-501f-85f4-e81be70f4181;436618;Total kit de destornillador de 8 piezas THTDC250801;True;False;True;5400.0;3467.0;1.558;6400;1000;;;https://www.totalherramientasoficial.com.py/produto/total-kit-chave-fenda--8-pcs-thtdc250801-34620.html;;;;;;NO;NO;SIN_PRECIO_PROVEEDOR_ACTUAL
069e3602-5578-5642-9d06-ece937af4473;502085;Total máquina de soldar con inversor 160A UTW216069;True;False;True;335400.0;215096.0;1.559;397900;62500;129.0;USD;https://www.totalherramientasoficial.com.py/produto/total-maquina-de-soldar-com-inversor-160a--utw216069-47492.html;2026-09-27;;;;;NO;NO;DEBAJO_DE_1_75_COSTO_BASE
06bbebdc-eaf1-560c-8179-648c6a437089;489188;Wadfow bateria 20V 2AH indicador led de carga WLBP520;True;False;True;42900.0;27514.0;1.559;50900;8000;16.5;USD;https://www.totalherramientasoficial.com.py/produto/wadfow-bateria-20v-2ah-led-indicador-de-carga-wlbp520-46154.html;2026-09-27;;;;;NO;NO;DEBAJO_DE_1_75_COSTO_BASE
072d40bf-caed-524a-b239-759029c422d8;201636;Wadfow set cepillo de limpieza para taladro 11PCS WND5515;True;False;True;31800.0;20425.0;1.557;37800;6000;12.25;USD;https://www.totalherramientasoficial.com.py/produto/wadfow-kit-conjunto-de-escovas-para-limpeza-para-furadeiras-11pcs---wnd5515-55256.html;2026-09-27;;;;;NO;NO;DEBAJO_DE_1_75_COSTO_BASE
073043e9-1d80-56bf-b84c-414893bf817b;35835;Total sierra corta pared 3000W TWLC1301;True;False;True;569400.0;365162.0;1.559;675500;106100;219.0;USD;https://www.totalherramientasoficial.com.py/produto/total-serra-para-corte-de-parede-3000w--twlc1301-55843.html;2026-09-27;;;;;NO;NO;DEBAJO_DE_1_75_COSTO_BASE
0731336c-a156-5256-af92-14076fd84e74;518741;Total cincel hexagonal kit 4PCS TAC0304375;True;False;True;13800.0;8826.0;1.564;16300;2500;;;https://www.totalherramientasoficial.com.py/produto/total-kit-de-cinzel-hexagonal-4pcs-tac0304375-49614.html;;;;;;NO;NO;SIN_PRECIO_PROVEEDOR_ACTUAL
075290a1-3e03-54f3-b6b9-da1b49b5623f;490344;Wadfow raspador de hielo 1440MM WQA1313;True;False;True;22900.0;14707.0;1.557;27200;4300;8.82;USD;https://www.totalherramientasoficial.com.py/produto/wadfow-raspador-de-gelo-1440mm-wqa1313-46270.html;2026-09-27;;;;;NO;NO;DEBAJO_DE_1_75_COSTO_BASE
075734ac-8368-5518-bc93-7bd2c8e120a9;514965;Total gato de piso hidráulico THT108256 2.5 toneladas;True;False;True;13800.0;8826.0;1.564;16300;2500;;;https://www.totalherramientasoficial.com.py/produto/total-macaco-hidraulico-de-piso-tht108256---25-toneladas-48847.html;;;;;;NO;NO;SIN_PRECIO_PROVEEDOR_ACTUAL
077325c6-be2e-5ba4-8a1f-ef86acd44e20;553254;Total cargador TFCLI42021 42V 220VOL;True;False;True;52000.0;33348.0;1.559;61700;9700;20.0;USD;https://www.totalherramientasoficial.com.py/produto/total--carregador--tfcli42021-42v-220vol-53425.html;2026-09-27;;;;;NO;NO;DEBAJO_DE_1_75_COSTO_BASE
0785d0ee-c67b-5792-ab93-d125db479e54;609746;Total juego de llaves fijas de carraca 6PCS THT103RK066;True;False;True;31900.0;20488.0;1.557;37900;6000;;;https://www.totalherramientasoficial.com.py/produto/total--kit-chaves-catraca-6pcs--tht103rk066-57265.html;;;;;;NO;NO;SIN_PRECIO_PROVEEDOR_ACTUAL
079a7e8d-5c15-5546-aa63-846a5fc18eaf;436144;Total atornillador UTDLI20011;True;False;True;157300.0;100864.0;1.56;186600;29300;;;https://www.totalherramientasoficial.com.py/produto/total-parafusadeira-utdli20011-34570.html;;;;;;NO;NO;SIN_PRECIO_PROVEEDOR_ACTUAL
07afcfde-2b6f-5173-a9f3-fec76c573a1b;501804;Total taladro atornillador 20V TDLI204531 motor sin escobillas;True;False;True;122900.0;78800.0;1.56;145800;22900;;;https://www.totalherramientasoficial.com.py/produto/total-furadeira-e-parafuzadeira--20v--tdli204531-motor-sem-escovas-47464.html;;;;;;NO;NO;SIN_PRECIO_PROVEEDOR_ACTUAL
07b10cd9-0b8e-5252-ba46-55953d86b176;173391;Total amoladora UTG1201801 2000W;True;False;True;106500.0;68282.0;1.56;126300;19800;40.95;USD;https://www.totalherramientasoficial.com.py/produto/total-rebarbadora--utg1201801-2000w-11919.html;2026-09-27;;;;;NO;NO;DEBAJO_DE_1_75_COSTO_BASE
07c4fd37-8fa3-5b15-92f1-c0405a504119;576697;Total puntas de destornillador de impacto 2PCS TACIM71PZ225;True;False;True;1600.0;999.0;1.602;1800;200;0.6;USD;https://www.totalherramientasoficial.com.py/produto/total-pontas-de-chave-de-impacto-2pcs--tacim71pz225-56074.html;2026-09-27;;;;;NO;NO;DEBAJO_DE_1_75_COSTO_BASE
07cd9a51-fd8b-5864-9f92-ff98e895e3ed;553919;Total pistola calor 20V TBLI2006;True;False;True;108100.0;69344.0;1.559;128300;20200;;;https://www.totalherramientasoficial.com.py/produto/total-pistola-calor-20v-tbli2006-53491.html;;;;;;NO;NO;SIN_PRECIO_PROVEEDOR_ACTUAL
07ce3028-f38d-5c03-a81c-1625a455e981;201865;Wadfow llave combinada con ratchet 11MM 72T WSA5111;True;False;True;4800.0;3086.0;1.555;5700;900;;;https://www.totalherramientasoficial.com.py/produto/wadfow--chave-combinada-com-catraca-11mm-72t--wsa5111-54885.html;;;;;;NO;NO;SIN_PRECIO_PROVEEDOR_ACTUAL
07d4b5c1-7650-5d27-a193-3c3f26af1b4c;532303;Total combo inalambrica 4PCS TOSLI241297;True;False;True;486600.0;312048.0;1.559;577300;90700;;;https://www.totalherramientasoficial.com.py/produto/total-combo-sem-fio-4pcs--tosli241297-51284.html;;;;;;NO;NO;SIN_PRECIO_PROVEEDOR_ACTUAL
07fb2a12-9e8b-5bc4-a467-5fcc2b1034d6;380874;Total bateria TFBLI2001 20V 2,0AH;True;False;True;44200.0;28346.0;1.559;52400;8200;17.0;USD;https://www.totalherramientasoficial.com.py/produto/total-bateria-tfbli2001-20v-20ah-29250.html;2026-09-27;;;;;NO;NO;DEBAJO_DE_1_75_COSTO_BASE
0801a637-625d-53ea-ab8a-f8820e0ed0a9;613897;"Wadfow alicate para bomba de agua 12"" WPL9622";True;False;True;172000.0;110320.0;1.559;204100;32100;;;https://www.totalherramientasoficial.com.py/produto/wadfow-alicate-de-bomba-dagua-12---wpl9622-57221.html;;;;;;NO;NO;SIN_PRECIO_PROVEEDOR_ACTUAL
08185045-c7c3-5566-9244-26456bb02e1a;416016;Total nivel laser TLL156506 15MT rojo;True;False;True;137600.0;88256.0;1.559;163300;25700;;;https://www.totalherramientasoficial.com.py/produto/total-nivel-laser--tll156506-15mt-vermelho-32494.html;;;;;;NO;NO;SIN_PRECIO_PROVEEDOR_ACTUAL
081b8459-aebf-5211-98f8-81565d0b6213;232166;Total pistola clavadora 20V 35MM TCBNLI2008;True;False;True;108100.0;69344.0;1.559;128300;20200;;;https://www.totalherramientasoficial.com.py/produto/total-pistola-de-pregos-20v--35mm-tcbnli2008-18198.html;;;;;;NO;NO;SIN_PRECIO_PROVEEDOR_ACTUAL
083ffd4c-22f7-5216-b12a-fd066d7f0623;531689;Total set de mechas para metal , madera y mamposteria 16PCS ta;True;False;True;15700.0;10086.0;1.557;18700;3000;;;https://www.totalherramientasoficial.com.py/produto/total-brocas-kit-para-metal-madeira-e-alvenaria-16pcs---tacsdl11608-51222.html;;;;;;NO;NO;SIN_PRECIO_PROVEEDOR_ACTUAL
0848e468-ceb9-5647-ab61-3d9f97fcbabf;461016;"Wadfow llave cruzada 14"" WTH8314 17/19/21/23MM";True;False;True;8800.0;5674.0;1.551;10500;1700;;;https://www.totalherramientasoficial.com.py/produto/wadfow-chave-cruzada-14--wth8314-17192123mm-41727.html;;;;;;NO;NO;SIN_PRECIO_PROVEEDOR_ACTUAL
084f0b80-8c8d-5b40-bb7f-607fa4d4767b;553872;Total atornillador drywall 20V TDSLI204281;True;False;True;197600.0;126723.0;1.559;234400;36800;76.0;USD;https://www.totalherramientasoficial.com.py/produto/total-chave-de-fenda-drywall--20v--tdsli204281-53487.html;2026-09-27;;;;;NO;NO;DEBAJO_DE_1_75_COSTO_BASE
08756f0a-9d03-549a-8ff3-9f29ceedd7a5;341097;Total bolsa herramienta THT16P2031;True;False;True;41800.0;26792.0;1.56;49600;7800;;;https://www.totalherramientasoficial.com.py/produto/total-bolsa-ferramenta-tht16p2031-25579.html;;;;;;NO;NO;SIN_PRECIO_PROVEEDOR_ACTUAL
088ab71a-7b63-57f7-b756-64e0bd3079d2;469555;Wadfow cinta métrica de fibra de vidrio 12.5MM WMT3550 50M;True;False;True;30600.0;19593.0;1.562;36200;5600;11.75;USD;https://www.totalherramientasoficial.com.py/produto/wadfow-metro-de-fibra-de-vidro-125mm---wmt3550--50m-42639.html;2026-09-27;;;;;NO;NO;DEBAJO_DE_1_75_COSTO_BASE
08a32aa2-d251-516a-bb48-b92d90a0fb19;444156;"Total bolsa de herramientas 16"" THT56161";True;False;True;13800.0;8826.0;1.564;16300;2500;;;https://www.totalherramientasoficial.com.py/produto/total-bolsa-de-ferramentas-16--tht56161-37963.html;;;;;;NO;NO;SIN_PRECIO_PROVEEDOR_ACTUAL
08c3074d-a428-51df-be9d-0ca65f26c304;528573;Wadfow gato hidráulico 20T WHJ1520;True;False;True;59000.0;37824.0;1.56;70000;11000;;;https://www.totalherramientasoficial.com.py/produto/wadfow-macaco-20t--whj1520-50689.html;;;;;;NO;NO;SIN_PRECIO_PROVEEDOR_ACTUAL
08d1f208-01e3-50fd-af97-0e3cd7602495;444118;Total juego de destornilladores 26PCS THT250626;True;False;True;15700.0;10086.0;1.557;18700;3000;;;https://www.totalherramientasoficial.com.py/produto/total-kit-de-chave-fenda-26pcs---tht250626-37959.html;;;;;;NO;NO;SIN_PRECIO_PROVEEDOR_ACTUAL
08d9129c-5fd3-552f-8827-52acbb6b34ce;527361;Total taladro percutor y atornillador 20V UTIDLI20558;True;False;True;137600.0;88256.0;1.559;163300;25700;;;https://www.totalherramientasoficial.com.py/produto/total-furadeira-e-parafusadeira-20v--utidli20558-50561.html;;;;;;NO;NO;SIN_PRECIO_PROVEEDOR_ACTUAL
08e556e6-df57-5f15-bc1b-fc937a2fbffc;489409;Wadfow llave dinanométrica 40-220NM WWQ1D12;True;False;True;8800.0;5674.0;1.551;10500;1700;;;https://www.totalherramientasoficial.com.py/produto/wadfow-chave-de-torque-40220-nm-wwq1d12-46176.html;;;;;;NO;NO;SIN_PRECIO_PROVEEDOR_ACTUAL
09104f23-e41f-5af8-ae17-c73e45426ef1;527514;Total taladro 12V TDLI1228 1.5 ah 2B;True;False;True;71300.0;45704.0;1.56;84600;13300;;;https://www.totalherramientasoficial.com.py/produto/total-furadeira-12v-tdli1228-15-ah-2b-50576.html;;;;;;NO;NO;SIN_PRECIO_PROVEEDOR_ACTUAL
091e972b-3734-51c8-ad0c-b1ce9c6b8a57;462358;"Wadfow alicate extensión WPL6310 10"" aislado";True;False;True;8800.0;5674.0;1.551;10500;1700;;;https://www.totalherramientasoficial.com.py/produto/wadfow-alicate-de-extensao---wpl6310-10-isolada-41861.html;;;;;;NO;NO;SIN_PRECIO_PROVEEDOR_ACTUAL
091f6f8a-4eab-5aba-a1fa-78f632bd49c8;367639;"Total llave caño THT171206 12""";True;False;True;17600.0;11256.0;1.564;20800;3200;6.75;USD;https://www.totalherramientasoficial.com.py/produto/total-chave-grifo--tht171206-12-27979.html;2026-09-27;;;;;NO;NO;DEBAJO_DE_1_75_COSTO_BASE
094e9e73-fdbc-5bcb-8e5a-0f48ccd6983e;538930;Wadfow lamina para regla vibratoria WSFP1A188;True;False;True;135200.0;86705.0;1.559;160400;25200;52.0;USD;https://www.totalherramientasoficial.com.py/produto/wadfow--betonilha-lamina--wsfp1a188-51959.html;2026-09-27;;;;;NO;NO;DEBAJO_DE_1_75_COSTO_BASE
097c073b-67b1-52ae-a05f-24b35981d7a6;109420;Wadfow talha manual 3 toneladas WCK2583;True;False;True;213200.0;136727.0;1.559;252900;39700;82.0;USD;https://www.totalherramientasoficial.com.py/produto/wadfow-talha-manual--3-toneladas--wck2583-54635.html;2026-09-27;;;;;NO;NO;DEBAJO_DE_1_75_COSTO_BASE
0983821d-4673-5c45-b46c-bf4383b1eee5;415811;Total aspirador wet-dry TVLI20055E li-on;True;False;True;186800.0;119776.0;1.56;221600;34800;;;https://www.totalherramientasoficial.com.py/produto/total-aspirador-wetdry-tvli20055e-lion-32473.html;;;;;;NO;NO;SIN_PRECIO_PROVEEDOR_ACTUAL
098bb8ca-a61b-5b42-b0cf-08fbe6284016;415521;Total super pegamento THT3521 12PCS/SET;True;False;True;17200.0;11032.0;1.559;20400;3200;;;https://www.totalherramientasoficial.com.py/produto/total-super-cola--tht3521--12pcsset-32444.html;;;;;;NO;NO;SIN_PRECIO_PROVEEDOR_ACTUAL
09e00edf-92f0-5331-96f9-08b868d57e6f;511896;Total llave de impacto 20V 850NM TIWLI20851;True;False;True;8800.0;5674.0;1.551;10500;1700;;;https://www.totalherramientasoficial.com.py/produto/total-chave-de-impacto-20v-850nm--tiwli20851-48540.html;;;;;;NO;NO;SIN_PRECIO_PROVEEDOR_ACTUAL
09e21e95-0d38-59bf-adf5-15ebe1d4cfac;472388;"Total llave caño 48"" THT171486";True;False;True;85800.0;55024.0;1.559;101800;16000;33.0;USD;https://www.totalherramientasoficial.com.py/produto/total-chave-grifo-48-tht171486-43672.html;2026-09-27;;;;;NO;NO;DEBAJO_DE_1_75_COSTO_BASE
09fcb23d-fc17-5b2e-af06-a5fc30279219;109661;Medicube Deep Vita C Pad 70Unid 150 g;True;False;True;34500.0;;;;;12.0;USD;https://atacadousa.com.py/cosmeticos/10072-tonico-facial-medicube-lenco-deep-vita-c-pad-70unid-150gx003keek87.html;2026-09-27;;;;;NO;NO;SIN_COSTO_BASE_DOCUMENTADO
0a070484-28f1-5dd6-b5a8-7cc2b2daef6b;88435;Wadfow llave combinada con ratchet flexible 10MM 180° WSA6110;True;False;True;5800.0;3751.0;1.546;6900;1100;2.25;USD;https://www.totalherramientasoficial.com.py/produto/wadfow-chave-combinada-com-catraca-10mm-180--wsa6110-55205.html;2026-09-27;;;;;NO;NO;DEBAJO_DE_1_75_COSTO_BASE
0a109d3e-9656-5772-911d-7fbfe5027d0b;501149;Wadfow prensa hidráulica de taller 20 toneladas WHQ4A20;True;False;True;728000.0;466874.0;1.559;863700;135700;280.0;USD;https://www.totalherramientasoficial.com.py/produto/wadfow-prensa-hidraulica-de-20-toneladas---whq4a20-47397.html;2026-09-27;;;;;NO;NO;DEBAJO_DE_1_75_COSTO_BASE
0a180f56-e1b1-5467-b1f4-0c972c21701a;367516;Total lijadera neumática TAT91501 airi;True;False;True;108100.0;69344.0;1.559;128300;20200;;;https://www.totalherramientasoficial.com.py/produto/total-lixadeira--pneumatica-tat91501-ar-12038.html;;;;;;NO;NO;SIN_PRECIO_PROVEEDOR_ACTUAL
0a21be88-dc8c-59a7-9c95-13805542572f;469760;"Wadfow grifo 4"" WZD1518";True;False;True;45800.0;29345.0;1.561;54300;8500;17.6;USD;https://www.totalherramientasoficial.com.py/produto/wadfow--torneira-4--wzd1518-42660.html;2026-09-27;;;;;NO;NO;DEBAJO_DE_1_75_COSTO_BASE
0a3b82f0-7732-5aac-a8d6-c4008d62329a;460835;"Wadfow llave de trinquete WRW1212 1/2""";True;False;True;16900.0;10840.0;1.559;20100;3200;6.5;USD;https://www.totalherramientasoficial.com.py/produto/wadfow-chave-catraca---wrw1212--12-41709.html;2026-09-27;;;;;NO;NO;DEBAJO_DE_1_75_COSTO_BASE
0a772743-fee4-54c5-891d-4e11426d3ffb;531696;Total juego de destornilladores de impacto 51PCS TACSDL25106;True;False;True;42900.0;27514.0;1.559;50900;8000;16.5;USD;https://www.totalherramientasoficial.com.py/produto/total-conjunto-de-chave-de-fenda-de-impacto-51pcs-tacsdl25106-51223.html;2026-09-27;;;;;NO;NO;DEBAJO_DE_1_75_COSTO_BASE
0a8ce194-f156-512e-a008-febc1495f1e9;114979;Medicube PDRN Booster Gel 300 ml;True;False;True;30900.0;;;;;11.9;USD;https://atacadousa.com.py/cosmeticos/12294-gel-facial-medicube-pdrn-booster-300ml-114979.html;2026-09-27;;;;;NO;NO;SIN_COSTO_BASE_DOCUMENTADO
0aa1ce98-5bac-549c-80de-dab94ece289d;366588;Total kit llave combinada THT102386 8PZS;True;False;True;5900.0;3782.0;1.56;7000;1100;;;https://www.totalherramientasoficial.com.py/produto/total-kit-chave-combinada--tht102386-8pcs-27881.html;;;;;;NO;NO;SIN_PRECIO_PROVEEDOR_ACTUAL
0ab648b1-ac75-5223-88f6-c5a916998010;316330;Total cortador de tubos 3-32MM THT53321;True;False;True;13800.0;8826.0;1.564;16300;2500;;;https://www.totalherramientasoficial.com.py/produto/total-cortador-de-tubos-332mm--tht53321-23346.html;;;;;;NO;NO;SIN_PRECIO_PROVEEDOR_ACTUAL
0abc73e4-20e6-50a6-8082-872e10c031d9;437417;Total multimetro digital TMT46001;True;False;True;31900.0;20488.0;1.557;37900;6000;;;https://www.totalherramientasoficial.com.py/produto/total-multitester---tmt46001-34704.html;;;;;;NO;NO;SIN_PRECIO_PROVEEDOR_ACTUAL
0acb0450-5c4e-5cc3-8360-43487d509b00;612272;Total soplador 20V TABLI20508;True;False;True;186800.0;119776.0;1.56;221600;34800;;;https://www.totalherramientasoficial.com.py/produto/total-soprador-20v-tabli20508-57239.html;;;;;;NO;NO;SIN_PRECIO_PROVEEDOR_ACTUAL
0aceacaa-78d4-58ae-89fa-29792ac077f7;228756;Wadfow roscador de tubos manual 9PCS WJK1D61;True;False;True;143000.0;91707.0;1.559;169700;26700;55.0;USD;https://www.totalherramientasoficial.com.py/produto/wadfow-rosqueador-de-tubos-manual-9pcs-wjk1d61-17974.html;2026-09-27;;;;;NO;NO;DEBAJO_DE_1_75_COSTO_BASE
0adda05a-e9f7-5a58-9fd7-bde778f9ad33;415392;Total kit llave fenda THTDC250601 6PCS;True;False;True;8800.0;5674.0;1.551;10500;1700;;;https://www.totalherramientasoficial.com.py/produto/total-kit-chave-fenda--thtdc250601-6pcs-32430.html;;;;;;NO;NO;SIN_PRECIO_PROVEEDOR_ACTUAL
0b19b7b3-5cfe-5757-a97b-04837344055f;113137;Wadfow soplador 20V WBLP522 1BAT;True;False;True;186800.0;119776.0;1.56;221600;34800;;;https://www.totalherramientasoficial.com.py/produto/wadfow-soprador-20v--wblp522-1bat-54638.html;;;;;;NO;NO;SIN_PRECIO_PROVEEDOR_ACTUAL
0b308743-0036-5104-afc3-6e2e27565b81;397070;Total atornillador 20V UTDLI2002 2BT 2VOL;True;False;True;57200.0;36683.0;1.559;67900;10700;;;https://www.totalherramientasoficial.com.py/produto/total-parafusadeira-20v-utdli2002-2bt-2vol-30628.html;;;;;;NO;NO;SIN_PRECIO_PROVEEDOR_ACTUAL
0b363b38-fc54-53bb-adcd-9504a4e0b6e3;444071;"Total alicate de sujeción THT111113 11""";True;False;True;15000.0;9588.0;1.564;17700;2700;5.75;USD;https://www.totalherramientasoficial.com.py/produto/total-alicate-de-pressao-tht111113-11-37955.html;2026-09-27;;;;;NO;NO;DEBAJO_DE_1_75_COSTO_BASE
0b57b5d8-cdcb-5741-a38f-62d97ffaa8e2;22903;Total caballete 2PCS 10 toneladas THJS1001;True;False;True;278200.0;178413.0;1.559;330100;51900;107.0;USD;https://www.totalherramientasoficial.com.py/produto/total-cavalete-2pcs-10-toneladas--thjs1001-55234.html;2026-09-27;;;;;NO;NO;DEBAJO_DE_1_75_COSTO_BASE
0b91ba89-6064-5689-8afb-a3f02f380f60;542395;Wadfow limpador a vapor de aire acondicionado WSTC1501;True;False;True;17200.0;11032.0;1.559;20400;3200;54.0;USD;https://www.totalherramientasoficial.com.py/produto/wadfow-limpador-a-vapor-para-ar-condicionado--wstc1501-52325.html;2026-09-27;;;;;NO;NO;DEBAJO_DE_1_75_COSTO_BASE
0b9c2bd8-e825-5a99-9782-31dbd45f3fdb;470674;"Wadfow válvula esfera 1/2""ACERO WVV5832";True;False;True;12200.0;7804.0;1.563;14400;2200;4.68;USD;https://www.totalherramientasoficial.com.py/produto/wadfow-valvula-esfera-12aco--wvv5832-42751.html;2026-09-27;;;;;NO;NO;DEBAJO_DE_1_75_COSTO_BASE
0b9d6cbe-9327-52e9-ad0e-28b1e2e63e3b;456715;Total botas de lluvia TSP303L.44;True;False;True;16300.0;10421.0;1.564;19300;3000;;;https://www.totalherramientasoficial.com.py/produto/total-botas-de-chuva--tsp303l44-40739.html;;;;;;NO;NO;SIN_PRECIO_PROVEEDOR_ACTUAL
0bb1b0f3-3441-598a-ab61-78b82ae0235f;530491;Total hidrolavadora 2400W UTGT11176;True;False;True;324400.0;208032.0;1.559;384900;60500;;;https://www.totalherramientasoficial.com.py/produto/total-lava-jato-2400w--utgt11176-51102.html;;;;;;NO;NO;SIN_PRECIO_PROVEEDOR_ACTUAL
0bb691e5-fbb4-52a5-938f-75e23500f3ce;351171;Total soplador aspiradora UTB2066 600W;True;False;True;137600.0;88256.0;1.559;163300;25700;;;https://www.totalherramientasoficial.com.py/produto/total-soprador-aspirador--utb2066-600w-26464.html;;;;;;NO;NO;SIN_PRECIO_PROVEEDOR_ACTUAL
0bbe4d14-6d5b-5c60-b6c6-91462508550d;465441;Total alicate circlip THTJ21803 7' 1.8MM;True;False;True;14300.0;9172.0;1.559;17000;2700;5.5;USD;https://www.totalherramientasoficial.com.py/produto/total-alicate-de-freio-thtj21803-7-18mm-42191.html;2026-09-27;;;;;NO;NO;DEBAJO_DE_1_75_COSTO_BASE
0bd08e0f-b860-5ec5-abc5-9da24c9032ef;553636;Total martillo rotativo TRHLI202682 20V;True;False;True;235900.0;151296.0;1.559;279900;44000;;;https://www.totalherramientasoficial.com.py/produto/total-martelete-trhli202682-20v-53463.html;;;;;;NO;NO;SIN_PRECIO_PROVEEDOR_ACTUAL
0be58f25-09db-5eed-9080-2a69d20c069c;489027;Wadfow set caballete soporte plegable 3 toneladas WHJ3503;True;False;True;61100.0;39186.0;1.559;72500;11400;23.5;USD;https://www.totalherramientasoficial.com.py/produto/wadfow-macaco-suporte-dobravel-3-toneladas--whj3503-46138.html;2026-09-27;;;;;NO;NO;DEBAJO_DE_1_75_COSTO_BASE
0bfbca3e-c8c1-55d2-b37b-7dfe01ab0500;583732;Total combo inalámbrico 20V 4PCS UTOSLI251082;True;False;True;488800.0;313473.0;1.559;579900;91100;188.0;USD;https://www.totalherramientasoficial.com.py/produto/total-combo-sem-fio--20v-4pcs--utosli251082-56797.html;2026-09-27;;;;;NO;NO;DEBAJO_DE_1_75_COSTO_BASE
0c190cdb-6caf-5dc3-8c02-e116512057e8;580090;Wadfow cargador de bateria 4A WFCP540;True;False;True;33200.0;21260.0;1.562;39300;6100;12.75;USD;https://www.totalherramientasoficial.com.py/produto/wadfow-caregador-de-bateria-4a--wfcp540-56433.html;2026-09-27;;;;;NO;NO;DEBAJO_DE_1_75_COSTO_BASE
0c1fe4ad-5217-5e32-854a-ba60406e9a28;489133;Wadfow kit de llave de impacto +atornillador 20V WCK2017;True;False;True;193800.0;124305.0;1.559;230000;36200;74.55;USD;https://www.totalherramientasoficial.com.py/produto/wadfow-kit-chave-de-impacto--parafusadeira--20v--wck2017-46149.html;2026-09-27;;;;;NO;NO;DEBAJO_DE_1_75_COSTO_BASE
0c323295-bc4b-5b92-ac92-56da4b73e032;496179;"Wadfow llave trinquete con cabeza flex 3/8"" WRW4238";True;False;True;24700.0;15842.0;1.559;29300;4600;9.5;USD;https://www.totalherramientasoficial.com.py/produto/wadfow-chave-catraca-com-cabeca-flex-38--wrw4238-46893.html;2026-09-27;;;;;NO;NO;DEBAJO_DE_1_75_COSTO_BASE
0c442b97-a0b3-5954-bb34-550257b497a6;444255;Total llave de catraca TCSPAR131;True;False;True;5700.0;3669.0;1.554;6800;1100;2.2;USD;https://www.totalherramientasoficial.com.py/produto/total-chave-de-catraca--tcspar131-37973.html;2026-09-27;;;;;NO;NO;DEBAJO_DE_1_75_COSTO_BASE
0c458984-b157-548c-a42d-527f87abb870;538107;Wadfow winche manual 100LBS WJW1101;True;False;True;49400.0;31681.0;1.559;58600;9200;19.0;USD;https://www.totalherramientasoficial.com.py/produto/wadfow-guincho-manual-100lbs---wjw1101-51876.html;2026-09-27;;;;;NO;NO;DEBAJO_DE_1_75_COSTO_BASE
0c5531b6-221a-5e03-9cb5-34371957d3a0;469852;Wadfow grifo de agua fria WZD2504;True;False;True;20800.0;13339.0;1.559;24700;3900;8.0;USD;https://www.totalherramientasoficial.com.py/produto/wadfow--torneira-de-agua-fria---wzd2504-42669.html;2026-09-27;;;;;NO;NO;DEBAJO_DE_1_75_COSTO_BASE
0c66b05d-4844-5245-bb9a-3d53b1ccb63e;489256;Wadfow aspiradora robot 1300PA inteligente WVN1513;True;False;True;218400.0;140062.0;1.559;259100;40700;84.0;USD;https://www.totalherramientasoficial.com.py/produto/wadfow-aspirador-inteligente-robot-1300-pa-wvn-1513-46161.html;2026-09-27;;;;;NO;NO;DEBAJO_DE_1_75_COSTO_BASE
0c845028-14f3-5eb5-9f7d-25c9ba4d8050;512497;Total tijera de poda 8'' 200MM THT0109;True;False;True;12300.0;7880.0;1.561;14600;2300;;;https://www.totalherramientasoficial.com.py/produto/total-tesoura-de-poda-8-200mm--tht0109-48600.html;;;;;;NO;NO;SIN_PRECIO_PROVEEDOR_ACTUAL
0c979682-5b58-5eda-a965-f557ee774af1;74346;Total inflador de pie 150PSI TMPP5511;True;False;True;32500.0;20844.0;1.559;38600;6100;12.5;USD;https://www.totalherramientasoficial.com.py/produto/total-inflador-de-pedal-150psi-tmpp5511-36469.html;2026-09-27;;;;;NO;NO;DEBAJO_DE_1_75_COSTO_BASE
0c9c851d-a2d5-5242-b8c2-3418631add88;538916;Wadfow hidrolavora de alta presion a gasolina WGPS2A32;True;False;True;923000.0;591930.0;1.559;1095100;172100;355.0;USD;https://www.totalherramientasoficial.com.py/produto/wadfow-lava-jato-de-alta-pressao-a-gasolina---wgps2a32-51957.html;2026-09-27;;;;;NO;NO;DEBAJO_DE_1_75_COSTO_BASE
0c9f1dc2-3513-5d4e-a968-3a2609a211ce;62;Total máquina de soldar mag/mig /mma /tig 160A UTMGT16058;True;False;True;206400.0;132384.0;1.559;244900;38500;;;https://www.totalherramientasoficial.com.py/produto/total-maquina-de-solda-magmig-mma-tig-160a-utmgt16058-55482.html;;;;;;NO;NO;SIN_PRECIO_PROVEEDOR_ACTUAL
0ccabcc4-595c-5b30-bc3f-762bdbfec052;132602;Total martillo de mecánico 1000GR THMH621000;True;False;True;15600.0;9989.0;1.562;18500;2900;5.99;USD;https://www.totalherramientasoficial.com.py/produto/total-martelo-de-mecanico-1000gr--thmh621000-13439.html;2026-09-27;;;;;NO;NO;DEBAJO_DE_1_75_COSTO_BASE
0cdf7012-2b96-5104-827e-c4f93a0e9385;583817;Total amoladora 20V 1200W TAGLI2120252;True;False;True;152400.0;97712.0;1.56;180800;28400;;;https://www.totalherramientasoficial.com.py/produto/total-lixadeira-20v-1200w--tagli2120252-56805.html;;;;;;NO;NO;SIN_PRECIO_PROVEEDOR_ACTUAL
0cfd1e0a-18c9-5e53-8adb-68761b201afd;528559;Wadfow caja de harramientas 2PCS WTB6A02;True;False;True;65000.0;41685.0;1.559;77100;12100;;;https://www.totalherramientasoficial.com.py/produto/wadfow-caixa-de-ferramentas-2pcs---wtb6a02-50687.html;;;;;;NO;NO;SIN_PRECIO_PROVEEDOR_ACTUAL
0d0ce507-0c67-558d-b186-39deeb1af739;486217;Total bomba de tranferencia de agua TTPLI2001 20V;True;False;True;172000.0;110320.0;1.559;204100;32100;;;https://www.totalherramientasoficial.com.py/produto/total---bomba-de-tranferencia-de-agua-ttpli2001-20v-45837.html;;;;;;NO;NO;SIN_PRECIO_PROVEEDOR_ACTUAL
0d37651d-85db-54f5-b6cd-4dcbed8e004c;415071;Total ventilador TFALI2001 lithium;True;False;True;17200.0;11032.0;1.559;20400;3200;;;https://www.totalherramientasoficial.com.py/produto/total-ventilador--tfali2001-lithium-32399.html;;;;;;NO;NO;SIN_PRECIO_PROVEEDOR_ACTUAL
0d9aaf8f-63a6-59e7-998f-f9081f2a3b97;468916;Total amoladora angular TG1091156 950W 115MM;True;False;True;87500.0;56106.0;1.56;103800;16300;;;https://www.totalherramientasoficial.com.py/produto/total-rebarbadora--tg1091156--950w-115mm-42575.html;;;;;;NO;NO;SIN_PRECIO_PROVEEDOR_ACTUAL
0d9dacf9-2cf3-53a5-b0af-3c538d3802e5;469753;"Wadfow grifo mezcladora 4"" WZD1519";True;False;True;45800.0;29345.0;1.561;54300;8500;17.6;USD;https://www.totalherramientasoficial.com.py/produto/wadfow-torneira-misturadora-4---wzd1519-42659.html;2026-09-27;;;;;NO;NO;DEBAJO_DE_1_75_COSTO_BASE
0da807b2-3e0f-5af2-8108-2b4c02f6ba7a;444057;Total martillo mareta THT750516;True;False;True;70800.0;45436.0;1.558;84100;13300;;;https://www.totalherramientasoficial.com.py/produto/total-martelo-mareta-tht750516-37953.html;;;;;;NO;NO;SIN_PRECIO_PROVEEDOR_ACTUAL
0de09807-639c-5b59-a4a7-f50bdea2e3a7;463799;Wadfow bateria 12V WLBS5150 1.5AH;True;False;True;22100.0;14184.0;1.558;26200;4100;;;https://www.totalherramientasoficial.com.py/produto/wadfow-bateria-12v---wlbs5150-15ah-42026.html;;;;;;NO;NO;SIN_PRECIO_PROVEEDOR_ACTUAL
0de1fdff-3f20-5dd0-a22e-4157b21894fa;538626;Wadfow dent puller (ventosa vidrio) WKR1G75;True;False;True;17900.0;11505.0;1.556;21300;3400;6.9;USD;https://www.totalherramientasoficial.com.py/produto/wadfow-dent-puller-ventosa-vidro--wkr1g75-51928.html;2026-09-27;;;;;NO;NO;DEBAJO_DE_1_75_COSTO_BASE
0de47cb7-a435-522e-97ff-6084798b7167;381260;Total control de bomba de agua pozo TWP522001-SB;True;False;True;172000.0;110320.0;1.559;204100;32100;;;https://www.totalherramientasoficial.com.py/produto/total-controle-de-bomba-de-agua-de-poco-twp522001sb-29290.html;;;;;;NO;NO;SIN_PRECIO_PROVEEDOR_ACTUAL
0dfdf367-f9b0-5e62-b880-a172bfde6d6f;33572;"Total juego de dados de impacto 1/2"" 5PCS THKISD12052L";True;False;True;18800.0;12088.0;1.555;22400;3600;7.25;USD;https://www.totalherramientasoficial.com.py/produto/total-jogo-de-soquetes-de-impacto-12-5pcs---thkisd12052l-55438.html;2026-09-27;;;;;NO;NO;DEBAJO_DE_1_75_COSTO_BASE
0e1b05de-9c04-5318-b570-c97644a7a39b;468817;Total juego de puntas de destornillador TACSD10306 30PCS;True;False;True;11400.0;7338.0;1.554;13600;2200;4.4;USD;https://www.totalherramientasoficial.com.py/produto/total-jogo-de-pontas-para-chave-de-fenda-tacsd10306-30pcs-42565.html;2026-09-27;;;;;NO;NO;DEBAJO_DE_1_75_COSTO_BASE
0e1d1f35-f7a6-59f3-bc77-4cb0fada98ef;341325;Total taladro percutor TG109136 850W 13MM;True;False;True;88500.0;56736.0;1.56;105000;16500;;;https://www.totalherramientasoficial.com.py/produto/total-furadeira-tg109136--850w--13mm-25598.html;;;;;;NO;NO;SIN_PRECIO_PROVEEDOR_ACTUAL
0e49a3da-ee42-523b-8a2d-498a94325b4f;609753;Total juego de llaves de carraca flexibles 6PCS THT103RK566;True;False;True;42300.0;27095.0;1.561;50100;7800;16.25;USD;https://www.totalherramientasoficial.com.py/produto/total-kit-de-chaves-catraca-flexiveis-6pcs---tht103rk566-57266.html;2026-09-27;;;;;NO;NO;DEBAJO_DE_1_75_COSTO_BASE
0e4b0488-0d87-51b8-9d49-897eddb93ca7;527712;Total juego de destornilladores con llave mango t TACSD30316 3;True;False;True;15700.0;10086.0;1.557;18700;3000;;;https://www.totalherramientasoficial.com.py/produto/total-kit-de-chaves-de-fenda-com-cabo-em-t-tacsd30316-31pcs-50596.html;;;;;;NO;NO;SIN_PRECIO_PROVEEDOR_ACTUAL
0e5aeba7-d365-5e05-bbf8-f60c3ebffd9a;490061;Wadfow escalera telescópica de aluminio 10 escalones 150KG wld;True;False;True;234000.0;150051.0;1.559;277600;43600;89.99;USD;https://www.totalherramientasoficial.com.py/produto/wadfow-escada-telescopica-de-aluminio-10-passos-150kg--wld5h10-46242.html;2026-09-27;;;;;NO;NO;DEBAJO_DE_1_75_COSTO_BASE
0e5bb1bc-6264-567a-9714-1eefbf318112;469487;Wadfow kit herramienta 85PCS WHS3B85;True;False;True;72800.0;46687.0;1.559;86400;13600;28.0;USD;https://www.totalherramientasoficial.com.py/produto/wadfow-kit-ferramenta-85pcs---whs3b85-42632.html;2026-09-27;;;;;NO;NO;DEBAJO_DE_1_75_COSTO_BASE
0ea695fe-1310-5d1d-8821-14b7731355f3;444088;Total pinza pelacable THT152429;True;False;True;8800.0;5674.0;1.551;10500;1700;;;https://www.totalherramientasoficial.com.py/produto/total-alicate-pelacable-tht152429-37956.html;;;;;;NO;NO;SIN_PRECIO_PROVEEDOR_ACTUAL
0eb0be8e-acef-55b7-8df5-76cd63b0344c;470742;"Wadfow válvula de retención tipo horizontal 3/4"" WVV6854";True;False;True;17200.0;11004.0;1.563;20400;3200;6.6;USD;https://www.totalherramientasoficial.com.py/produto/wadfow-valvula-de-retencao-horizontal--34--wvv6854-42758.html;2026-09-27;;;;;NO;NO;DEBAJO_DE_1_75_COSTO_BASE
0eb2f5a8-6975-5a3d-9ba4-a443b9d0463f;340236;Total martillo mecánico 660GR THT74246;True;False;True;10800.0;6934.0;1.558;12800;2000;;;https://www.totalherramientasoficial.com.py/produto/total-martelo-mecanico-660gr--tht74246-25489.html;;;;;;NO;NO;SIN_PRECIO_PROVEEDOR_ACTUAL
0ecd41fd-b035-5e6d-823f-e2bf7eb82aba;415255;Total alisador gasolina TP9361-2 helicot;True;False;True;17200.0;11032.0;1.559;20400;3200;;;https://www.totalherramientasoficial.com.py/produto/total-alisador-gasolina-tp93612-helicot-32417.html;;;;;;NO;NO;SIN_PRECIO_PROVEEDOR_ACTUAL
0ee7151c-61e8-5982-b4eb-b09df5d3ca99;527521;Total broca terreno TEA55221-1 1.4KW;True;False;True;470600.0;301801.0;1.559;558300;87700;181.0;USD;https://www.totalherramientasoficial.com.py/produto/total-broca-de-terra-tea552211-14kw-50577.html;2026-09-27;;;;;NO;NO;DEBAJO_DE_1_75_COSTO_BASE
0f0629a4-d7ed-53b5-a353-1fed73f3e2eb;488983;Wadfow lona 6X8 metros azul WTQ1868;True;False;True;62400.0;40002.0;1.56;74000;11600;23.99;USD;https://www.totalherramientasoficial.com.py/produto/wadfow-lona-6x8-metros-azul-wtq1868-46134.html;2026-09-27;;;;;NO;NO;DEBAJO_DE_1_75_COSTO_BASE
0f3ef3c9-775c-5af9-bd74-8ac8d9a8ab35;489591;Wadfow rueda sólida compacta para carretillas de 130KG WWL1302;True;False;True;24700.0;15842.0;1.559;29300;4600;9.5;USD;https://www.totalherramientasoficial.com.py/produto/wadfow-roda-macica-compacta-para-empilhadeiras-de-130kg--wwl1302-46195.html;2026-09-27;;;;;NO;NO;DEBAJO_DE_1_75_COSTO_BASE
0f4d163f-d640-58a8-af73-73d923c28d73;531924;Total engrapadora manual 2 en 1 THT31146;True;False;True;26000.0;16658.0;1.561;30800;4800;;;https://www.totalherramientasoficial.com.py/produto/total-pistola-de-grampo-manual-2-em-1-tht31146-51246.html;;;;;;NO;NO;SIN_PRECIO_PROVEEDOR_ACTUAL
0f5b8c27-889e-5f27-9409-3413c0717ef1;461856;Wadfow soldador de tubo pvc 800W WWM1L15;True;False;True;54600.0;35016.0;1.559;64800;10200;21.0;USD;https://www.totalherramientasoficial.com.py/produto/wadfowsoldador-de-tubos--800w-pvc--wwm1l15-41811.html;2026-09-27;;;;;NO;NO;DEBAJO_DE_1_75_COSTO_BASE
0f6235fd-b161-5274-a83b-a8a34328a406;542982;Wadfow alicate para pernos de expansión WGU8448;True;False;True;14300.0;9172.0;1.559;17000;2700;5.5;USD;https://www.totalherramientasoficial.com.py/produto/wadfow-alicate-para-parafusos-de-expansao--wgu8448-52384.html;2026-09-27;;;;;NO;NO;DEBAJO_DE_1_75_COSTO_BASE
0f64c9d4-66b5-5dd6-85ce-5a87eecce0d7;381642;Total juego de destornillador TACSD30336 33PCS;True;False;True;5400.0;3467.0;1.558;6400;1000;;;https://www.totalherramientasoficial.com.py/produto/total-jogo-de-chaves-de-fenda-tacsd30336--33pcs-29324.html;;;;;;NO;NO;SIN_PRECIO_PROVEEDOR_ACTUAL
0f7defd3-8d20-553f-8b6a-fc8199909e02;436304;Total sierra sable TS100806 750W;True;False;True;127800.0;81952.0;1.559;151600;23800;;;https://www.totalherramientasoficial.com.py/produto/total-serra-sabre--ts100806--750w-34587.html;;;;;;NO;NO;SIN_PRECIO_PROVEEDOR_ACTUAL
0f8f4d05-fb0a-5d3a-bb69-78f211a6864e;33954;"Wadfow caja de herramientas de plástico 16"" WTB3316";True;False;True;27000.0;17336.0;1.557;32100;5100;;;https://www.totalherramientasoficial.com.py/produto/wadfow-caixa-de-ferramentas-de-plastico-16--wtb3316-54861.html;;;;;;NO;NO;SIN_PRECIO_PROVEEDOR_ACTUAL
0f9f52ec-4868-56ca-aa60-565113b7cd04;444323;Total monocomando para fregadero TSLBM23401;True;False;True;110100.0;70614.0;1.559;130600;20500;42.35;USD;https://www.totalherramientasoficial.com.py/produto/total-torneira-para-pia--tslbm23401-37980.html;2026-09-27;;;;;NO;NO;DEBAJO_DE_1_75_COSTO_BASE
0fa43f5d-f3af-5bbb-9a8f-81a7a4654a20;528733;"Wadfow motosierra 20V 5"" WCLP552";True;False;True;46700.0;29944.0;1.56;55400;8700;;;https://www.totalherramientasoficial.com.py/produto/wadfow--motoserra-20v-5--wclp552-50705.html;;;;;;NO;NO;SIN_PRECIO_PROVEEDOR_ACTUAL
0fa93855-8c9a-5ce1-b2eb-cab5a000b2d4;489690;Wadfow juego de barra de extensión 3PCS WMS7403;True;False;True;17200.0;11032.0;1.559;20400;3200;;;https://www.totalherramientasoficial.com.py/produto/wadfow-conjunto-de-barra-de-extensao--3pcs--wms7403-46205.html;;;;;;NO;NO;SIN_PRECIO_PROVEEDOR_ACTUAL
0fbbb467-0e87-5887-af37-d63041148de1;240628;"Total motosierra 20V 8"" TGSLI20882";True;False;True;46700.0;29944.0;1.56;55400;8700;;;https://www.totalherramientasoficial.com.py/produto/total-motoserra-20v-8-tgsli20882-10828.html;;;;;;NO;NO;SIN_PRECIO_PROVEEDOR_ACTUAL
0fed2878-c4d3-588b-be97-e6e959a02a24;367561;"Total alicate combinada 8"" 200MM THT110806P";True;False;True;11800.0;7565.0;1.56;14000;2200;;;https://www.totalherramientasoficial.com.py/produto/total-alicate-combinada-8-200mm-tht110806p-27973.html;;;;;;NO;NO;SIN_PRECIO_PROVEEDOR_ACTUAL
0ff1596a-26db-534c-bf45-00b916e9ad5a;469166;"Wadfow alicate combinado 6"" WPL1C06";True;False;True;6500.0;4170.0;1.559;7700;1200;2.5;USD;https://www.totalherramientasoficial.com.py/produto/wadfow--alicate-de-combinacao-6-wpl1c06-42600.html;2026-09-27;;;;;NO;NO;DEBAJO_DE_1_75_COSTO_BASE
10062c09-ddfb-5f5e-b135-f1faa9763672;341042;Total capa de lluvia THTRS031.L;True;False;True;29900.0;19177.0;1.559;35500;5600;11.5;USD;https://www.totalherramientasoficial.com.py/produto/total-capa-de-chuva--thtrs031l-25574.html;2026-09-27;;;;;NO;NO;DEBAJO_DE_1_75_COSTO_BASE
100731bc-c192-545f-ad96-164187ad6e88;531771;Total cepillo para hidrolavadora TGTWB1781;True;False;True;12400.0;7921.0;1.565;14700;2300;4.75;USD;https://www.totalherramientasoficial.com.py/produto/total-escova-para-lavadora-de-pressao--tgtwb1781-51231.html;2026-09-27;;;;;NO;NO;DEBAJO_DE_1_75_COSTO_BASE
100bd0e3-f806-5b3c-b185-34c810661741;536370;Total combo 2PCS pistola de calor + multi-herramientas TOSLI23;True;False;True;285100.0;182816.0;1.559;338200;53100;;;https://www.totalherramientasoficial.com.py/produto/total-combo-2pcs-pistola-de-ar-quentemultiferramentas-tosli230705-51698.html;;;;;;NO;NO;SIN_PRECIO_PROVEEDOR_ACTUAL
102113b8-cb36-56fd-a52a-fef664dadcd8;528375;Wadfow kit de herramientas juego de dados WST3D43 43PCS;True;False;True;102700.0;65864.0;1.559;121800;19100;39.5;USD;https://www.totalherramientasoficial.com.py/produto/wadfow-kit-de-ferramentas-de-conjunto-de-dados-wst3d43--43pcs-50669.html;2026-09-27;;;;;NO;NO;DEBAJO_DE_1_75_COSTO_BASE
103488a6-da49-521d-a4f5-cada711fa208;495585;Total sierra sable TS1001201 1200W;True;False;True;218400.0;140062.0;1.559;259100;40700;84.0;USD;https://www.totalherramientasoficial.com.py/produto/total-serra-sabre--ts1001201-1200w-46817.html;2026-09-27;;;;;NO;NO;DEBAJO_DE_1_75_COSTO_BASE
108721d7-d588-5f0e-99e6-fd96e0ec7cfb;490078;Wadfow escalera telescópica de aluminio 12 escalones WLD5H12;True;False;True;286000.0;183415.0;1.559;339300;53300;110.0;USD;https://www.totalherramientasoficial.com.py/produto/wadfow-escada-telescopica-de-aluminio-12-degraus--wld5h12-46243.html;2026-09-27;;;;;NO;NO;DEBAJO_DE_1_75_COSTO_BASE
10a4d833-e450-525b-a69a-0a11d47c0120;489515;Wadfow traje de lluvia 100% pvc WRC3XXL;True;False;True;22100.0;14175.0;1.559;26200;4100;8.5;USD;https://www.totalherramientasoficial.com.py/produto/wadfow-capa-de-chuva-100-pvc----wrc3xxl-46187.html;2026-09-27;;;;;NO;NO;DEBAJO_DE_1_75_COSTO_BASE
10b365ad-d9f5-57aa-b19e-6bdc50d824c8;488358;Total atornillador 20V TDLI20602 2BT 2.0 motor brushless;True;False;True;122900.0;78800.0;1.56;145800;22900;;;https://www.totalherramientasoficial.com.py/produto/total-parafusadeira--20v-tdli20602---2bt-20-motor-brushless-46071.html;;;;;;NO;NO;SIN_PRECIO_PROVEEDOR_ACTUAL
10d253aa-c14c-5f5f-ba8c-fff1bf63f35d;612234;Total amoladora 20V 1250W TAGLI235162;True;False;True;152400.0;97712.0;1.56;180800;28400;;;https://www.totalherramientasoficial.com.py/produto/total-lixadeira-20v--1250w--tagli235162-57236.html;;;;;;NO;NO;SIN_PRECIO_PROVEEDOR_ACTUAL
10e8f0d2-888f-5b25-889d-3d3b088ce7b7;538824;Wadfow cargador de bateria 12/24V 10A/20A WPY1A201;True;False;True;179400.0;115051.0;1.559;212800;33400;69.0;USD;https://www.totalherramientasoficial.com.py/produto/wadfow-carregador--de--bateria-1224v-10a20a---wpy1a201-51948.html;2026-09-27;;;;;NO;NO;DEBAJO_DE_1_75_COSTO_BASE
11398ca6-02fa-59d9-9925-416888bce637;518758;Total pistola calor 2000W TB20056;True;False;True;108100.0;69344.0;1.559;128300;20200;;;https://www.totalherramientasoficial.com.py/produto/total-pistola-de-calor-2000w-tb20056-49615.html;;;;;;NO;NO;SIN_PRECIO_PROVEEDOR_ACTUAL
114e1b54-722f-5467-8f52-a1bd39a4c035;486118;Total multi-herramienta de iones de litio TMLI2022;True;False;True;75400.0;48355.0;1.559;89500;14100;;;https://www.totalherramientasoficial.com.py/produto/total-multiferramenta-de-ion-de-litio-tmli2022-45825.html;;;;;;NO;NO;SIN_PRECIO_PROVEEDOR_ACTUAL
116f7873-33a5-5f50-8b6f-ee02eb334913;340120;Total martillo maquinista 1500GR THT7110006;True;False;True;20800.0;13339.0;1.559;24700;3900;8.0;USD;https://www.totalherramientasoficial.com.py/produto/total-martelo-de-maquinista--1500gr-tht7110006-25483.html;2026-09-27;;;;;NO;NO;DEBAJO_DE_1_75_COSTO_BASE
1190b30d-62a5-56e3-9a2b-c4a06e55cd91;42079;Total combo 4PCS 20V motor sin escobillas TOSLI250695;True;False;True;486600.0;312048.0;1.559;577300;90700;;;https://www.totalherramientasoficial.com.py/produto/total-combo-4pcs-20v--motor-sem-escovas--tosli250695-55511.html;;;;;;NO;NO;SIN_PRECIO_PROVEEDOR_ACTUAL
11cd1e9e-5c70-559e-9789-62c15204940e;351003;Total vibrador hormigón manguera TPVP1382B 38MM;True;False;True;17200.0;11032.0;1.559;20400;3200;;;https://www.totalherramientasoficial.com.py/produto/total-vibrador-concreto-manguera-tpvp1382b-38mm-26449.html;;;;;;NO;NO;SIN_PRECIO_PROVEEDOR_ACTUAL
11dbb294-464b-5015-8509-9618a7b56a07;232272;"Wadfow alicate de presión con cadena 10"" WLP5510";True;False;True;16300.0;10421.0;1.564;19300;3000;6.25;USD;https://www.totalherramientasoficial.com.py/produto/wadfow-alicate-de-pressao-com-corrente-10-wlp5510-18209.html;2026-09-27;;;;;NO;NO;DEBAJO_DE_1_75_COSTO_BASE
11efb9a2-bcb3-5c6a-ab39-ff9996cc3550;512176;Total cortasetos 40V motor sin escobillas THTLI400282 2BATERIA;True;False;True;31900.0;20488.0;1.557;37900;6000;;;https://www.totalherramientasoficial.com.py/produto/total-aparador-motor-sem-escovas-40v-thtli400282--2-bateriascarregador-48568.html;;;;;;NO;NO;SIN_PRECIO_PROVEEDOR_ACTUAL
11fd6c1c-6eca-5a61-ace6-6aa114e671be;613989;"Wadfow llave dinamométrica 1/2"" 220NM WWQ7D21";True;False;True;8800.0;5674.0;1.551;10500;1700;;;https://www.totalherramientasoficial.com.py/produto/wadfow-chave-dinamometrica-12-220nm--wwq7d21-57212.html;;;;;;NO;NO;SIN_PRECIO_PROVEEDOR_ACTUAL
11ff7163-f720-5451-bf36-a71f4c962649;576123;Total juego de alicates multi función 3PCS THT2MK231;True;False;True;38400.0;24595.0;1.561;45500;7100;14.75;USD;https://www.totalherramientasoficial.com.py/produto/total-conjunto-de-alicates-multifuncionais-3pcs--tht2mk231-56008.html;2026-09-27;;;;;NO;NO;DEBAJO_DE_1_75_COSTO_BASE
1227fb3d-7a36-5249-b4ca-5b5c7d0c1aec;543699;Wadfow fresa rotativa 6MM-8MM WYE3K02;True;False;True;11700.0;7505.0;1.559;13900;2200;4.5;USD;https://www.totalherramientasoficial.com.py/produto/wadfow-fresa-rotativa-6mm8mm-wye3k02-52455.html;2026-09-27;;;;;NO;NO;DEBAJO_DE_1_75_COSTO_BASE
12599738-40f3-58ab-9f25-00428e2238c7;495554;Total taladro de impacto 1100W TG211166;True;False;True;118000.0;75648.0;1.56;139900;21900;;;https://www.totalherramientasoficial.com.py/produto/total--furadeira-de-impacto-1100w--tg211166-46814.html;;;;;;NO;NO;SIN_PRECIO_PROVEEDOR_ACTUAL
12635041-4568-5740-9c00-2d79138d0cdd;313759;Total sierra ingletadora TS42142101 1400W;True;False;True;368600.0;236400.0;1.559;437300;68700;;;https://www.totalherramientasoficial.com.py/produto/total-serra-esquadria-ts42142101-1400w-12045.html;;;;;;NO;NO;SIN_PRECIO_PROVEEDOR_ACTUAL
12745689-fb85-5c7c-a236-3387e721e2c2;367875;Total kit llave de trinquete THT102RK086 8PCS;True;False;True;8800.0;5674.0;1.551;10500;1700;;;https://www.totalherramientasoficial.com.py/produto/total-kit-chave-catraca--tht102rk086-8pcs-28002.html;;;;;;NO;NO;SIN_PRECIO_PROVEEDOR_ACTUAL
128f5c82-ca1a-533c-a84c-bc69c93e39fd;609890;Total motosierra de combustión interna 50CC TG5502011;True;False;True;345800.0;221765.0;1.559;410300;64500;133.0;USD;https://www.totalherramientasoficial.com.py/produto/total-moto-serra-de-combustao-interna-50cc-tg5502011-57269.html;2026-09-27;;;;;NO;NO;DEBAJO_DE_1_75_COSTO_BASE
1299ab4a-308b-5c63-8768-980e0454d74b;553575;Total dados hexagonales 3/4 50MM THHAST34501;True;False;True;18200.0;11672.0;1.559;21600;3400;7.0;USD;https://www.totalherramientasoficial.com.py/produto/total-soquetes-hexagonais-34--50mm--thhast34501-53457.html;2026-09-27;;;;;NO;NO;DEBAJO_DE_1_75_COSTO_BASE
12a28ef4-962d-5e5e-8465-a3fe0b370c99;340588;Total sierra hierro THT54102 300MM cuadro;True;False;True;137600.0;88256.0;1.559;163300;25700;;;https://www.totalherramientasoficial.com.py/produto/total-serra-ferro---tht54102-300mm-quadro-25526.html;;;;;;NO;NO;SIN_PRECIO_PROVEEDOR_ACTUAL
12adb8fa-b97b-53a0-aef6-43a11cbff019;489119;Wadfow taladro atornillador 20V WCDP511 20V 1.5AH;True;False;True;93400.0;59888.0;1.56;110800;17400;;;https://www.totalherramientasoficial.com.py/produto/wadfow-furadeira-e-parafuzadeira-20v--wcdp511-20v-15ah-46147.html;;;;;;NO;NO;SIN_PRECIO_PROVEEDOR_ACTUAL
12c48ea5-f04f-5e83-962b-b594d9edc170;341608;"Total alicate de carpintero 10"" 250MM THT28101";True;False;True;8800.0;5674.0;1.551;10500;1700;;;https://www.totalherramientasoficial.com.py/produto/total-alicate-carpinteiro-10-250mm-tht28101-25621.html;;;;;;NO;NO;SIN_PRECIO_PROVEEDOR_ACTUAL
12d120f2-3eeb-5f67-a03c-f69338dcb814;115532;Medicube Sérum Facial PDRN Pink Exosome Shot 2000 30 ml;True;False;True;33800.0;;;;;13.0;USD;https://atacadousa.com.py/cosmeticos/12316-serum-facial-medicube-pdrn-pink-exosome-shot-2000-30ml115532.html;2026-09-27;;;;;NO;NO;SIN_COSTO_BASE_DOCUMENTADO
12fd7dbb-dccb-5576-ada6-fa7df58b93b7;538480;Wadfow martillo de demolicion 12LB WHM4312;True;False;True;46500.0;29846.0;1.558;55200;8700;17.9;USD;https://www.totalherramientasoficial.com.py/produto/wadfow-martelo-marreta-12lb-whm4312-51914.html;2026-09-27;;;;;NO;NO;DEBAJO_DE_1_75_COSTO_BASE
13020204-630f-5e7c-b6d2-14cc4ab141c3;157162;"Total barra de motosierra 6"" TGTSB50618";True;False;True;46700.0;29944.0;1.56;55400;8700;;;https://www.totalherramientasoficial.com.py/produto/total-barra-de-motosserra--6-tgtsb50618-14353.html;;;;;;NO;NO;SIN_PRECIO_PROVEEDOR_ACTUAL
13183090-2077-5b30-91c9-4c77d5237a3c;461863;Wadfow pistola de calor WHG1514 1800W;True;False;True;40300.0;25846.0;1.559;47800;7500;;;https://www.totalherramientasoficial.com.py/produto/wadfow-pistola-de-calor---whg1514---1800w-41812.html;;;;;;NO;NO;SIN_PRECIO_PROVEEDOR_ACTUAL
13214c2c-6c05-5a8a-8abf-5e33fc9f9137;417457;Total botas seguridad TSP201SB.43;True;False;True;57200.0;36683.0;1.559;67900;10700;;;https://www.totalherramientasoficial.com.py/produto/total-botas-seguranca-tsp201sb43-32646.html;;;;;;NO;NO;SIN_PRECIO_PROVEEDOR_ACTUAL
134372ff-6cd1-5fed-b1f4-5d9214c912a9;528832;Wadfow cabrestante eléctrico 800W WETH1A01;True;False;True;306800.0;196754.0;1.559;364000;57200;118.0;USD;https://www.totalherramientasoficial.com.py/produto/wadfow-guincho-eletrico-800w--weth1a01-50715.html;2026-09-27;;;;;NO;NO;DEBAJO_DE_1_75_COSTO_BASE
135697f8-e55b-53df-aea1-39b1dac22e9e;512749;Total sierra copa bimetalica para plomero y electricista tacsh;True;False;True;92800.0;59526.0;1.559;110100;17300;35.7;USD;https://www.totalherramientasoficial.com.py/produto/total-serra-copo-bimetalica-para-canalizador-e-eletricista-tacsh0021--9pcs-48625.html;2026-09-27;;;;;NO;NO;DEBAJO_DE_1_75_COSTO_BASE
135bda83-a2d2-5133-8080-79e2e5dab9d3;239752;Total generador a gasolina UTP18001 0,8KVA;True;False;True;236600.0;151734.0;1.559;280700;44100;91.0;USD;https://www.totalherramientasoficial.com.py/produto/total-generador-a-gasolina---utp18001--08kva-18493.html;2026-09-27;;;;;NO;NO;DEBAJO_DE_1_75_COSTO_BASE
13ab6568-ca17-570c-8c43-d9f39188b139;231848;Total escalera de 3 peldaños THLAD09031;True;False;True;12800.0;8195.0;1.562;15200;2400;;;https://www.totalherramientasoficial.com.py/produto/total-escada-de-3-degraus-thlad09031-54832.html;;;;;;NO;NO;SIN_PRECIO_PROVEEDOR_ACTUAL
13c46976-756a-547f-a11b-c33300f948d1;488006;Total cortasetos inálambrico 20V THTLI20461;True;False;True;208000.0;133377.0;1.559;246700;38700;79.99;USD;https://www.totalherramientasoficial.com.py/produto/total-aparador-sem-fio-20v-thtli20461-46036.html;2026-09-27;;;;;NO;NO;DEBAJO_DE_1_75_COSTO_BASE
142b79d1-46b3-541c-9073-3703d8dea686;487627;Total juego de destornilladores THT2506100 100PCS;True;False;True;15700.0;10086.0;1.557;18700;3000;;;https://www.totalherramientasoficial.com.py/produto/total-kit-chave-de-fenda--tht2506100-100pcs-45998.html;;;;;;NO;NO;SIN_PRECIO_PROVEEDOR_ACTUAL
143cb91f-f6f7-5820-9d0d-559382681c3d;190077;Total cepilladora eléctrica 550W TL5508216;True;False;True;108100.0;69344.0;1.559;128300;20200;;;https://www.totalherramientasoficial.com.py/produto/total-plainador-eletrico-550w-tl5508216-55848.html;;;;;;NO;NO;SIN_PRECIO_PROVEEDOR_ACTUAL
1448c891-1a46-5c0f-984f-284afaf50340;340519;Total llave philips THTISPH060 isolado;True;False;True;8800.0;5674.0;1.551;10500;1700;;;https://www.totalherramientasoficial.com.py/produto/total-chave-philips--thtisph060-isolado-25519.html;;;;;;NO;NO;SIN_PRECIO_PROVEEDOR_ACTUAL
1483ffc0-b2d9-5821-90ea-014719e44731;465380;"Total tijera aviacion THT520106K 3PCS 10""";True;False;True;13800.0;8826.0;1.564;16300;2500;;;https://www.totalherramientasoficial.com.py/produto/total-tesoura-lata-tht520106k-3pcs-10-42185.html;;;;;;NO;NO;SIN_PRECIO_PROVEEDOR_ACTUAL
149fdb30-0b7b-5f60-a6d1-bd48f240f400;536417;Total amoladora angular TG11012536 1100W;True;False;True;118000.0;75648.0;1.56;139900;21900;;;https://www.totalherramientasoficial.com.py/produto/total-esmirilhadeira-angular--tg11012536--1100w-51702.html;;;;;;NO;NO;SIN_PRECIO_PROVEEDOR_ACTUAL
14a82e24-a0cd-55cd-a4c1-97e91d871861;380904;Total cargador UTFCLI2001 20V 110V;True;False;True;36400.0;23344.0;1.559;43200;6800;;;https://www.totalherramientasoficial.com.py/produto/total-caregador-utfcli2001-20v-110v-29253.html;;;;;;NO;NO;SIN_PRECIO_PROVEEDOR_ACTUAL
14baf1cb-6c4f-5b3f-b643-3e835bbfcb35;397162;Total taladro TG1061336 650W;True;False;True;63900.0;40976.0;1.559;75800;11900;;;https://www.totalherramientasoficial.com.py/produto/total-furadeira-tg1061336-650w-30636.html;;;;;;NO;NO;SIN_PRECIO_PROVEEDOR_ACTUAL
14ca7d53-c278-5b22-95db-c6487657859c;442909;Total cortasetos 20V THTLI20018;True;False;True;46700.0;29944.0;1.56;55400;8700;;;https://www.totalherramientasoficial.com.py/produto/total--aparador--20v--thtli20018-35282.html;;;;;;NO;NO;SIN_PRECIO_PROVEEDOR_ACTUAL
14cd6069-993d-56b0-801c-b81e3480c43a;528757;Wadfow mini lijadora de banda inalámbrica 20V WLBS1501;True;False;True;94900.0;60862.0;1.559;112600;17700;36.5;USD;https://www.totalherramientasoficial.com.py/produto/wadfow-mini-lixadeira-de-cinta-sem-fio-20v-wlbs1501-50707.html;2026-09-27;;;;;NO;NO;DEBAJO_DE_1_75_COSTO_BASE
14fbf56a-af1d-5222-a6a5-09b0876a1664;512510;Total kit industrial inalámbrico 9PCS TCKLI2098;True;False;True;17200.0;11032.0;1.559;20400;3200;;;https://www.totalherramientasoficial.com.py/produto/total-kit-industrial-sem-fio-9pcs-tckli2098-48602.html;;;;;;NO;NO;SIN_PRECIO_PROVEEDOR_ACTUAL
150053b6-ab67-5334-bc72-b7c7717a0d52;436991;Total kit llave torx 9PCS THT106391;True;False;True;8800.0;5674.0;1.551;10500;1700;;;https://www.totalherramientasoficial.com.py/produto/total-kit-chave--torx-9pcs-tht106391-34661.html;;;;;;NO;NO;SIN_PRECIO_PROVEEDOR_ACTUAL
15120f33-00be-5d8e-98db-14068c31ad87;487481;Total set de mechas escalonadas 4PCS TACSD2041;True;False;True;49400.0;31681.0;1.559;58600;9200;19.0;USD;https://www.totalherramientasoficial.com.py/produto/total--kit-brocas-escalonadas--4pcs--tacsd2041-45984.html;2026-09-27;;;;;NO;NO;DEBAJO_DE_1_75_COSTO_BASE
1519163d-d0cc-5604-a133-b2e97230dbce;487573;Total paleta de mezcla UTAC331120;True;False;True;20800.0;13339.0;1.559;24700;3900;8.0;USD;https://www.totalherramientasoficial.com.py/produto/total-paleta-de-mistura-utac331120-45993.html;2026-09-27;;;;;NO;NO;DEBAJO_DE_1_75_COSTO_BASE
155e40aa-7b2c-563f-943b-4fe544ca3038;228909;Total macacon de trabajo TSP6033.XXL;True;False;True;57200.0;36683.0;1.559;67900;10700;22.0;USD;https://www.totalherramientasoficial.com.py/produto/total-macacao-de-trabalho--tsp6033xxl-17986.html;2026-09-27;;;;;NO;NO;DEBAJO_DE_1_75_COSTO_BASE
15602bbc-274a-55d1-bb3a-bf731f4f0547;553209;Total taladro de impacto 42V 69NM TIDLI426981;True;False;True;63900.0;40976.0;1.559;75800;11900;;;https://www.totalherramientasoficial.com.py/produto/total-parafusadeira--de-impacto--42v-69nm--tidli426981-53420.html;;;;;;NO;NO;SIN_PRECIO_PROVEEDOR_ACTUAL
157cdfc7-f08e-5ef3-8e70-08e649cd1f00;340397;Total llave philips THT22636 8X150M PH3;True;False;True;3500.0;2251.0;1.555;4200;700;1.35;USD;https://www.totalherramientasoficial.com.py/produto/total-chave-philips--tht22636-8x150m-ph3-25505.html;2026-09-27;;;;;NO;NO;DEBAJO_DE_1_75_COSTO_BASE
158321b9-7a8e-5970-aa91-1548493f942e;518635;Total taladro de impacto 20V 66NM TIDLI20668;True;False;True;137600.0;88256.0;1.559;163300;25700;;;https://www.totalherramientasoficial.com.py/produto/total-furadeira-de-impacto-20v--66nm-tidli20668-49603.html;;;;;;NO;NO;SIN_PRECIO_PROVEEDOR_ACTUAL
158bd98a-8d54-529f-928b-4e39bae86a76;460200;"Wadfow alicate carpintero WPL8908 8""";True;False;True;7900.0;5053.0;1.563;9300;1400;3.03;USD;https://www.totalherramientasoficial.com.py/produto/wadfow-alicate-carpinteiro--wpl8908--8-41646.html;2026-09-27;;;;;NO;NO;DEBAJO_DE_1_75_COSTO_BASE
1596b748-9c71-51df-aff1-726595a341ed;501897;Total amoladora angular 20V TAGLI211542 motor sin escobillas 2;True;False;True;33400.0;21434.0;1.558;39700;6300;;;https://www.totalherramientasoficial.com.py/produto/total-esmirilhadeira-angular--20v-tagli211542--motor-sem-escovas-2-baterias-47473.html;;;;;;NO;NO;SIN_PRECIO_PROVEEDOR_ACTUAL
1599851e-02ea-5c64-a58a-76e486d0f67d;455336;Total llave impacto neumática TAT41112 1'' 1800NM;True;False;True;322400.0;206759.0;1.559;382500;60100;124.0;USD;https://www.totalherramientasoficial.com.py/produto/total-chave-impacto-ar-tat41112-1-1800nm-40594.html;2026-09-27;;;;;NO;NO;DEBAJO_DE_1_75_COSTO_BASE
159f68c7-beab-5193-b1b5-f9a3c1d3c77e;538398;Wadfow llave de tubo 12'' 19-43MM WPW0A12;True;False;True;16900.0;10840.0;1.559;20100;3200;6.5;USD;https://www.totalherramientasoficial.com.py/produto/wadfow--chave-de-tubo-12-1943mm--wpw0a12-51905.html;2026-09-27;;;;;NO;NO;DEBAJO_DE_1_75_COSTO_BASE
15d80feb-3b23-57a7-b901-8a7cf0594597;595988;Total medidor laser 85M TMT570268;True;False;True;31900.0;20488.0;1.557;37900;6000;;;https://www.totalherramientasoficial.com.py/produto/total--trena-laser-85m--tmt570268-57162.html;;;;;;NO;NO;SIN_PRECIO_PROVEEDOR_ACTUAL
15dd36a8-3cdc-5b33-a5f2-05b874c6958b;460590;Wadfow martillo mecánico 660G WHM5324;True;False;True;9800.0;6254.0;1.567;11600;1800;3.75;USD;https://www.totalherramientasoficial.com.py/produto/wadfow-martelo-bola--660g---whm5324-41685.html;2026-09-27;;;;;NO;NO;DEBAJO_DE_1_75_COSTO_BASE
15f02760-8b47-5bd4-a2dc-1737469690c6;380898;Total cargador TFCLI2001 20V 220V;True;False;True;36400.0;23344.0;1.559;43200;6800;14.0;USD;https://www.totalherramientasoficial.com.py/produto/total-caregador-tfcli2001-20v-220v-29252.html;2026-09-27;;;;;NO;NO;DEBAJO_DE_1_75_COSTO_BASE
16022fa5-472e-57e7-ad82-11bef0786c70;436588;Total hidráulico corta acero THSC012B lamina;True;False;True;20700.0;13257.0;1.561;24500;3800;7.95;USD;https://www.totalherramientasoficial.com.py/produto/total-hidrauli-cocortar-aco-thsc012b-lamina-34617.html;2026-09-27;;;;;NO;NO;DEBAJO_DE_1_75_COSTO_BASE
163717a2-55a3-52b6-b261-35da4a96e383;462792;Wadfow set de herramientas 77PCS WDT1B77;True;False;True;111800.0;71699.0;1.559;132600;20800;43.0;USD;https://www.totalherramientasoficial.com.py/produto/wadfow-kit-ferramenta-77pcs---wdt1b77-41926.html;2026-09-27;;;;;NO;NO;DEBAJO_DE_1_75_COSTO_BASE
163b0d4b-951e-598c-834f-485b7c0b92fb;536547;Total puntas de destornillador TACIM71PH1100 PH1X100MM;True;False;True;5400.0;3467.0;1.558;6400;1000;;;https://www.totalherramientasoficial.com.py/produto/total--bits-philips-tacim71ph1100---ph1x100mm-51715.html;;;;;;NO;NO;SIN_PRECIO_PROVEEDOR_ACTUAL
16429ab9-ce85-55f4-a855-2b3f7d327d83;341288;Total gasolina cortacésped TP425381 25CC 750W;True;False;True;205400.0;131725.0;1.559;243700;38300;79.0;USD;https://www.totalherramientasoficial.com.py/produto/total-cortador-de-grama-gasolina-tp425381-25cc-750w-12050.html;2026-09-27;;;;;NO;NO;DEBAJO_DE_1_75_COSTO_BASE
164900ba-cd0d-52f0-b638-9adc613c2fff;350839;Total martillo rotativo TH116386 1600W sds max;True;False;True;270300.0;173360.0;1.559;320700;50400;;;https://www.totalherramientasoficial.com.py/produto/total-martlete--th116386-1600w-sds-max-26437.html;;;;;;NO;NO;SIN_PRECIO_PROVEEDOR_ACTUAL
164a4c61-cb56-5f38-a179-3b6f576029e2;488600;Wadfow llave para tuberias WPW3102 45°;True;False;True;8800.0;5674.0;1.551;10500;1700;;;https://www.totalherramientasoficial.com.py/produto/wadfow--chave-tubo-sueco-wpw3102--45-46096.html;;;;;;NO;NO;SIN_PRECIO_PROVEEDOR_ACTUAL
16718bd9-e83d-52d4-8ddb-0dff2fb52c2d;501163;"Wadfow rampa para mecánico 40"" 8.5KG WYC0140";True;False;True;124800.0;80036.0;1.559;148100;23300;48.0;USD;https://www.totalherramientasoficial.com.py/produto/wadfow-carrinho-para-mecanico--40-85kg---wyc0140-47399.html;2026-09-27;;;;;NO;NO;DEBAJO_DE_1_75_COSTO_BASE
169f78a9-34d6-57ee-b16c-9ce259ff64ac;536356;Total taladro rotomartillo 20V 16MM TRHLI20168;True;False;True;235900.0;151296.0;1.559;279900;44000;;;https://www.totalherramientasoficial.com.py/produto/total--martelete-20v--16mm--trhli20168-51696.html;;;;;;NO;NO;SIN_PRECIO_PROVEEDOR_ACTUAL
16b6e84a-6458-54ec-bc7e-f0f1dce25a5c;38263;Wadfow cable de arranque de bateria 600A WBTC1902;True;False;True;27300.0;17509.0;1.559;32400;5100;10.5;USD;https://www.totalherramientasoficial.com.py/produto/wadfow--cabo-chupeta-600a-wbtc1902-54863.html;2026-09-27;;;;;NO;NO;DEBAJO_DE_1_75_COSTO_BASE
16fa19b4-57ec-5967-8e2d-f6de9de5ed27;615297;Total pistola clavadora de ladrillos TCBNLI38136 25MM 2B;True;False;True;108100.0;69344.0;1.559;128300;20200;;;https://www.totalherramientasoficial.com.py/produto/total-pistola-de-pregos-para-tijolos--tcbnli38136--25mm--2b-57189.html;;;;;;NO;NO;SIN_PRECIO_PROVEEDOR_ACTUAL
16fd6d98-8f35-5be3-b5f2-138cff686365;462785;Wadfow llave hexagonal WHK2281 8PCS;True;False;True;8800.0;5674.0;1.551;10500;1700;;;https://www.totalherramientasoficial.com.py/produto/wadfow--chave-torx-bola--whk2281-8pcs-41925.html;;;;;;NO;NO;SIN_PRECIO_PROVEEDOR_ACTUAL
16ff7e64-0f07-5bee-92d4-14f5f1d8391d;487603;Total kit alicate de anillo de seguridad THTJ214042;True;False;True;8800.0;5674.0;1.551;10500;1700;;;https://www.totalherramientasoficial.com.py/produto/total--kit-alicate-de-anel-de-bloqueio--thtj214042-45996.html;;;;;;NO;NO;SIN_PRECIO_PROVEEDOR_ACTUAL
170ae1de-7c98-58b3-80da-c0942607fd40;239844;Total mandril com llave TAC451301 13mm;True;False;True;8400.0;5418.0;1.55;10000;1600;3.25;USD;https://www.totalherramientasoficial.com.py/produto/total-mandril-com-chave-tac451301-13mm-8448.html;2026-09-27;;;;;NO;NO;DEBAJO_DE_1_75_COSTO_BASE
172f1ff7-f24e-54b4-8f3b-f617ca114874;542746;"Wadfow alicate de punta doblada WPL4718 8""";True;False;True;8400.0;5418.0;1.55;10000;1600;3.25;USD;https://www.totalherramientasoficial.com.py/produto/wadfow-alicate-de-ponta-dobrada-wpl4718--8-52360.html;2026-09-27;;;;;NO;NO;DEBAJO_DE_1_75_COSTO_BASE
1744ce66-4391-5ddc-b8d2-235bec43d0e7;350976;Total aspirador wet-dry TVC14301 1400W;True;False;True;186800.0;119776.0;1.56;221600;34800;;;https://www.totalherramientasoficial.com.py/produto/total-aspirador-wetdry-tvc14301---1400w-26446.html;;;;;;NO;NO;SIN_PRECIO_PROVEEDOR_ACTUAL
174cb0da-da9b-5221-aa71-5931fd6dd7ac;528610;Wadfow carrito de mano 300KG WWB1330;True;False;True;41800.0;26792.0;1.56;49600;7800;53.5;USD;https://www.totalherramientasoficial.com.py/produto/wadfow-carrinho-de-mao-300kg-wwb1330-50693.html;2026-09-27;;;;;NO;NO;DEBAJO_DE_1_75_COSTO_BASE
174dacbc-06a9-5dae-b9c6-ba9ff77021a9;579865;Total filtro para aspiradora de ar TVCAIHP03;True;False;True;21400.0;13755.0;1.556;25400;4000;8.25;USD;https://www.totalherramientasoficial.com.py/produto/total-filtro-para-aspirador-de-ar--tvcaihp03-56410.html;2026-09-27;;;;;NO;NO;DEBAJO_DE_1_75_COSTO_BASE
176e8378-7fc8-5404-a04f-d6ac903e857a;490115;Wadfow mechas escalonadas WJD3404 kit 3PCS;True;False;True;37700.0;24179.0;1.559;44700;7000;14.5;USD;https://www.totalherramientasoficial.com.py/produto/wadfow--broca-etapas-wjd3404-kit-3pcs-46247.html;2026-09-27;;;;;NO;NO;DEBAJO_DE_1_75_COSTO_BASE
177a72fd-0b02-5218-bc99-21ea4cc563b0;443159;Total presurizador TSCM120 120W;True;False;True;17200.0;11032.0;1.559;20400;3200;;;https://www.totalherramientasoficial.com.py/produto/total-pressurizador-tscm120-120w-35308.html;;;;;;NO;NO;SIN_PRECIO_PROVEEDOR_ACTUAL
17893df6-224d-507e-a96f-4b224bb4eddf;446556;"Total lijadora orbital UTF2031256 5"" 320W";True;False;True;108100.0;69344.0;1.559;128300;20200;;;https://www.totalherramientasoficial.com.py/produto/total-lixadora-orbital-utf2031256-5-320w-38683.html;;;;;;NO;NO;SIN_PRECIO_PROVEEDOR_ACTUAL
17a0ff02-550b-58a2-a9ea-2088935d1dea;88473;Wadfow llave combinada con ratchet flexible 11MM 180° WSA6111;True;False;True;6000.0;3836.0;1.564;7100;1100;2.3;USD;https://www.totalherramientasoficial.com.py/produto/wadfow--chave-combinada-com-catraca-11mm-180--wsa6111-55206.html;2026-09-27;;;;;NO;NO;DEBAJO_DE_1_75_COSTO_BASE
17b58e71-1a08-5f96-a6ba-6772a3895643;462341;"Wadfow alicate corte diagonal WPL3936 7"" aislado";True;False;True;8800.0;5674.0;1.551;10500;1700;;;https://www.totalherramientasoficial.com.py/produto/wadfow-alicate-de-corte-diagonal--wpl3936--7-isolada-41860.html;;;;;;NO;NO;SIN_PRECIO_PROVEEDOR_ACTUAL
17c9b54d-5973-5c31-879a-818db4691f62;521093;Total pistola de pintura TSGLI20406 1BATERIA;True;False;True;31900.0;20488.0;1.557;37900;6000;;;https://www.totalherramientasoficial.com.py/produto/total-pistola-de-pintura-tsgli20406--1bateria-49862.html;;;;;;NO;NO;SIN_PRECIO_PROVEEDOR_ACTUAL
17cd89f9-7968-5421-9c3d-56bbc0269795;462402;Wadfow prensa sargento kit 4PCS WCZ4E21;True;False;True;16900.0;10840.0;1.559;20100;3200;6.5;USD;https://www.totalherramientasoficial.com.py/produto/wadfow--bracadeira--kit-4pcs--wcz4e21-41887.html;2026-09-27;;;;;NO;NO;DEBAJO_DE_1_75_COSTO_BASE
17e0a008-6927-5060-811c-545894a19c75;313773;Total sierra ingletadora TS42163051 1600W 12'';True;False;True;368600.0;236400.0;1.559;437300;68700;;;https://www.totalherramientasoficial.com.py/produto/total-serra-esquadria-ts42163051-1600w-12-23096.html;;;;;;NO;NO;SIN_PRECIO_PROVEEDOR_ACTUAL
17e6dac8-4a33-5341-9c6d-a679525be7d2;554107;Total botas de lluvia TSP302LAB.40;True;False;True;59000.0;37824.0;1.56;70000;11000;;;https://www.totalherramientasoficial.com.py/produto/total-botas-de-chuva--tsp302lab40-53510.html;;;;;;NO;NO;SIN_PRECIO_PROVEEDOR_ACTUAL
17e77634-60ef-5a3b-a7e3-9fd53c88b714;461399;Wadfow limpiador de cañerias 10M WDD2310;True;False;True;24100.0;15423.0;1.563;28500;4400;9.25;USD;https://www.totalherramientasoficial.com.py/produto/wadfow-trado-drenagem-10m-wdd2310-41765.html;2026-09-27;;;;;NO;NO;DEBAJO_DE_1_75_COSTO_BASE
17eefd5d-f50d-57fe-abe6-14f364b353ff;456470;Total llave y THYSW081012 8X10X12MM;True;False;True;9100.0;5838.0;1.559;10800;1700;3.5;USD;https://www.totalherramientasoficial.com.py/produto/total-chave-soquete-y-thysw081012--8x10x12mm-40715.html;2026-09-27;;;;;NO;NO;DEBAJO_DE_1_75_COSTO_BASE
183e2386-46b4-5437-add0-1e60caa4025a;446587;"Total sierra ingletadora TS42152557 1800W 10""";True;False;True;368600.0;236400.0;1.559;437300;68700;;;https://www.totalherramientasoficial.com.py/produto/total-serra-de-esquadria-ts42152557--1800w-10-38686.html;;;;;;NO;NO;SIN_PRECIO_PROVEEDOR_ACTUAL
1849ccac-d52b-5f0d-8933-e554e0ed65a4;442961;Total martillo de demolición 2200W 30KG TH220502;True;False;True;10800.0;6934.0;1.558;12800;2000;;;https://www.totalherramientasoficial.com.py/produto/total-martelete-demolizao-2200w--30kg--th220502-35288.html;;;;;;NO;NO;SIN_PRECIO_PROVEEDOR_ACTUAL
18515ed9-718a-5a6d-b98d-4bac3d1a7913;436281;"Total amoladora angular TG12018026 7"" 2000W 220V";True;False;True;182000.0;116703.0;1.56;215900;33900;69.99;USD;https://www.totalherramientasoficial.com.py/produto/total-rebarbadora--tg12018026-7-2000w---220v-34585.html;2026-09-27;;;;;NO;NO;DEBAJO_DE_1_75_COSTO_BASE
1885e513-52bc-56ab-85f2-6377f734c00f;469883;Wadfow grifo de agua fria WZD2505;True;False;True;28600.0;18341.0;1.559;33900;5300;11.0;USD;https://www.totalherramientasoficial.com.py/produto/wadfow--torneira-de-agua-fria---wzd2505-42672.html;2026-09-27;;;;;NO;NO;DEBAJO_DE_1_75_COSTO_BASE
18a47e3d-ab45-550f-8542-a1a8ab729427;436595;Total hidraulico corta acero THSC022;True;False;True;200200.0;128390.0;1.559;237500;37300;77.0;USD;https://www.totalherramientasoficial.com.py/produto/total-hidraulico-corta-aco-thsc022-34618.html;2026-09-27;;;;;NO;NO;DEBAJO_DE_1_75_COSTO_BASE
18c9afcd-2fb0-5a82-b1fc-56de9d82b9c0;228442;Total chaqueta de trabajo TSP6011.XXL;True;False;True;57800.0;37099.0;1.558;68600;10800;22.25;USD;https://www.totalherramientasoficial.com.py/produto/total-jaqueta-de-trabalho-tsp6011xxl-56392.html;2026-09-27;;;;;NO;NO;DEBAJO_DE_1_75_COSTO_BASE
18de39d2-dc07-5cba-bb67-e29856f9a074;380836;Total atornillador 20V TDLI2002 2BT;True;False;True;57200.0;36683.0;1.559;67900;10700;;;https://www.totalherramientasoficial.com.py/produto/total-parafusadeira-20v-tdli2002-2bt-29246.html;;;;;;NO;NO;SIN_PRECIO_PROVEEDOR_ACTUAL
18e33068-11d6-5ff6-8832-1581828602b1;436762;Total kit herramienta THKTV02H111 11PCS;True;False;True;17200.0;11032.0;1.559;20400;3200;;;https://www.totalherramientasoficial.com.py/produto/total-kit-feramenta--thktv02h111-11pcs-34638.html;;;;;;NO;NO;SIN_PRECIO_PROVEEDOR_ACTUAL
192ba7d8-6db9-5346-895c-a44ee2b0ae9f;350853;Total sierra circular TS1222356 2200W madera;True;False;True;137600.0;88256.0;1.559;163300;25700;;;https://www.totalherramientasoficial.com.py/produto/total-serra-circular-ts1222356--2200w-madeira-11908.html;;;;;;NO;NO;SIN_PRECIO_PROVEEDOR_ACTUAL
19340d05-a3de-5f06-9e1b-34539ede185a;537834;Wadfow mascara de soldar uv/ir DIN16 WWH3502;True;False;True;47400.0;30429.0;1.558;56300;8900;;;https://www.totalherramientasoficial.com.py/produto/wadfow-mascara-de-soldagem-uvir-din16---wwh3502-51849.html;;;;;;NO;NO;SIN_PRECIO_PROVEEDOR_ACTUAL
193f42d8-0150-5a0d-b498-3960fce69c50;528726;Wadfow amoladora angular inalámbrica 20V WLAP522;True;False;True;152400.0;97712.0;1.56;180800;28400;;;https://www.totalherramientasoficial.com.py/produto/wadfow-esmerilhadeira-angular-sem-fio-20v--wlap522-50704.html;;;;;;NO;NO;SIN_PRECIO_PROVEEDOR_ACTUAL
1961c6aa-7190-53e1-a0cb-d827746bfd69;732829;Anua Aceite Facial Heartleaf Pore Control Cleansing Oil 200 ml;True;False;True;44200.0;;;;;17.0;USD;https://atacadousa.com.py/cosmeticos/12340-oleo-facial-anua-heartleaf-pore-control-cleansing-oil-200ml-732829.html;2026-09-27;;;;;NO;NO;SIN_COSTO_BASE_DOCUMENTADO
199b1910-95ea-5705-aa6f-ab3da80b36d5;580113;Wadfow cortador azulejos 800MM WTR8508;True;False;True;111800.0;71699.0;1.559;132600;20800;43.0;USD;https://www.totalherramientasoficial.com.py/produto/wadfow-cortador-azulejos-800mm-wtr8508-56435.html;2026-09-27;;;;;NO;NO;DEBAJO_DE_1_75_COSTO_BASE
19a283e9-b36f-5fc9-8120-2598cd0e290e;2806;Wadfow hacha de mano 600G WHM8166;True;False;True;23400.0;15007.0;1.559;27800;4400;9.0;USD;https://www.totalherramientasoficial.com.py/produto/wadfow--machado-de-mao-600g--whm8166-55185.html;2026-09-27;;;;;NO;NO;DEBAJO_DE_1_75_COSTO_BASE
19bdeb10-40dc-5ea2-90b9-ed418499d524;487085;"Total juego de llaves de trinquete 1/4"" 20PCS THT141201";True;False;True;59000.0;37824.0;1.56;70000;11000;;;https://www.totalherramientasoficial.com.py/produto/total-kit-de-chave-de-catraca--14-20pcs--tht141201-45943.html;;;;;;NO;NO;SIN_PRECIO_PROVEEDOR_ACTUAL
19be42c5-66f6-58d9-85a2-791b4d983a9b;437608;Total tijeras para poda THEPS25281;True;False;True;49400.0;31681.0;1.559;58600;9200;19.0;USD;https://www.totalherramientasoficial.com.py/produto/total-tesoura-para-poda-theps25281-34723.html;2026-09-27;;;;;NO;NO;DEBAJO_DE_1_75_COSTO_BASE
19d71234-aa21-5c52-a66c-fb733b46a554;437110;Total socket hexagonal THTST12103L 1/2 10MM;True;False;True;13800.0;8826.0;1.564;16300;2500;;;https://www.totalherramientasoficial.com.py/produto/total-soquet-hexagonal-thtst12103l-12-10mm-34673.html;;;;;;NO;NO;SIN_PRECIO_PROVEEDOR_ACTUAL
19d82822-87ad-506d-96c0-5be80ac80d61;512534;"Total sierra circular TSLI16521 madera 6""";True;False;True;137600.0;88256.0;1.559;163300;25700;;;https://www.totalherramientasoficial.com.py/produto/total-serra-circular-tsli16521-madeira--6-48604.html;;;;;;NO;NO;SIN_PRECIO_PROVEEDOR_ACTUAL
19eb0e99-b16e-5eb6-b989-6c3e52ad9d84;487412;Total martillo demoledor TH217068 1700W hex 14KG;True;False;True;421200.0;270120.0;1.559;499700;78500;162.0;USD;https://www.totalherramientasoficial.com.py/produto/total-martelete--th217068-1700w-hex-14kg-45977.html;2026-09-27;;;;;NO;NO;DEBAJO_DE_1_75_COSTO_BASE
1a174ea8-6b6e-597a-875e-74bb03172022;543583;Wadfow sierra copa de diamante 28MM WQR1328;True;False;True;50700.0;32516.0;1.559;60200;9500;19.5;USD;https://www.totalherramientasoficial.com.py/produto/wadfow-serra-copo-de-diamante--28mm-wqr1328-52444.html;2026-09-27;;;;;NO;NO;DEBAJO_DE_1_75_COSTO_BASE
1a1b61c4-09ba-597f-9420-0800fce80c1c;48316;Wadfow auricular protector WEM2922;True;False;True;17200.0;11032.0;1.559;20400;3200;;;https://www.totalherramientasoficial.com.py/produto/wadfow-protetor-de-fone-de-ouvido-wem2922-55226.html;;;;;;NO;NO;SIN_PRECIO_PROVEEDOR_ACTUAL
1a436a6c-6109-5835-b8ba-59b68cf132d3;470902;Wadfow cargador de bateria 6V 2A WBY1501;True;False;True;31900.0;20488.0;1.557;37900;6000;;;https://www.totalherramientasoficial.com.py/produto/wadfow--carregador-de-bateria-6v-2a---wby1501-42774.html;;;;;;NO;NO;SIN_PRECIO_PROVEEDOR_ACTUAL
1a4b9f21-7543-51e3-a76b-6b75e2297a41;174916;Total combo 2PCS 20V llave de impacto + lámpara de trabajo tos;True;False;True;285100.0;182816.0;1.559;338200;53100;;;https://www.totalherramientasoficial.com.py/produto/total-combo-2pcs-20v-chave-de-impacto--lampada-de-trabalho--tosli23056-3001.html;;;;;;NO;NO;SIN_PRECIO_PROVEEDOR_ACTUAL
1a69035d-fe66-5d71-8d17-cf445d9271f5;460293;Wadfow prensa WCP4306 60X150MM;True;False;True;12300.0;7880.0;1.561;14600;2300;;;https://www.totalherramientasoficial.com.py/produto/wadfow-bracadeira-wcp4306--60x150mm-41655.html;;;;;;NO;NO;SIN_PRECIO_PROVEEDOR_ACTUAL
1a70a68f-c300-52bb-849c-23bc60f781aa;609081;Total combo 3PCS llaves de impacto + lampara de trabajo 20V to;True;False;True;444600.0;285127.0;1.559;527500;82900;;;https://www.totalherramientasoficial.com.py/produto/total-combo-3pcs-chaves-de-impacto--lampada-de-trabalho--20v-tosli260285-57132.html;;;;;;NO;NO;SIN_PRECIO_PROVEEDOR_ACTUAL
1a7e76d5-53cd-513b-9412-9d84f4cebc33;495561;Total martillo rotativo TH309288-2 950W sds plus;True;False;True;179400.0;115051.0;1.559;212800;33400;;;https://www.totalherramientasoficial.com.py/produto/total--martlete--th3092882--950w-sds-plus-46815.html;;;;;;NO;NO;SIN_PRECIO_PROVEEDOR_ACTUAL
1a848f1e-7f99-5fa5-8fd2-2f9258a752fc;443234;Total atornillador 20V TDLI200215;True;False;True;93400.0;59888.0;1.56;110800;17400;;;https://www.totalherramientasoficial.com.py/produto/total-parafusadeira-20v-tdli200215-35316.html;;;;;;NO;NO;SIN_PRECIO_PROVEEDOR_ACTUAL
1a9f672d-523a-5db1-b83e-7b61a31dc66d;443098;Total pistola de pintura TAT10605 600CC 1.3MM;True;False;True;221200.0;141840.0;1.56;262400;41200;;;https://www.totalherramientasoficial.com.py/produto/total-pistola-de--pintura--tat10605-600cc-13mm-35302.html;;;;;;NO;NO;SIN_PRECIO_PROVEEDOR_ACTUAL
1aa7a9cd-2f7d-5181-bbdc-815d5e1d9e38;64583;Total rotomartillo 20V TRHLI202689 motor sin escobillas;True;False;True;390000.0;250111.0;1.559;462700;72700;150.0;USD;https://www.totalherramientasoficial.com.py/produto/total-martelete-20v-trhli202689--motor-sem-escovas-36092.html;2026-09-27;;;;;NO;NO;DEBAJO_DE_1_75_COSTO_BASE
1ad9aea4-c85c-50d8-993d-a0ed594b28b4;527774;Total manguera de agua con carrete 20M THHR20124;True;False;True;78000.0;50006.0;1.56;92500;14500;29.99;USD;https://www.totalherramientasoficial.com.py/produto/total-mangueira-de-agua-com-carretel-20m--thhr20124-50602.html;2026-09-27;;;;;NO;NO;DEBAJO_DE_1_75_COSTO_BASE
1aeba82f-cb33-5463-bc8a-794ff6c3293a;583626;Total bateria 20V 8.0AH TFBLI2108;True;False;True;33400.0;21434.0;1.558;39700;6300;;;https://www.totalherramientasoficial.com.py/produto/total-bateria-20v-80ah-tfbli2108-56786.html;;;;;;NO;NO;SIN_PRECIO_PROVEEDOR_ACTUAL
1aef4dcb-17df-574d-a1d7-f57de475d633;338394;Total máquina de soldadura TW21806 220V 180A puerta;True;False;True;206400.0;132384.0;1.559;244900;38500;;;https://www.totalherramientasoficial.com.py/produto/total-maquina-de-solda--tw21806-220v-180a-porta-25319.html;;;;;;NO;NO;SIN_PRECIO_PROVEEDOR_ACTUAL
1af79e90-45a9-51e2-b6db-18160075261f;149808;Wadfow amoladora angular 20V 1150W WLAPB522;True;False;True;152400.0;97712.0;1.56;180800;28400;;;https://www.totalherramientasoficial.com.py/produto/wadfow-lixadeira-20v-1150w--wlapb522-54681.html;;;;;;NO;NO;SIN_PRECIO_PROVEEDOR_ACTUAL
1afa1f64-a877-5a6f-8a1d-d513f53b65df;528177;Wadfow juego de cuchillos con hoja desmontable WSK2204;True;False;True;12300.0;7880.0;1.561;14600;2300;;;https://www.totalherramientasoficial.com.py/produto/wadfow-conjunto-de-estiletes-com-lamina-removivel-wsk2204-50649.html;;;;;;NO;NO;SIN_PRECIO_PROVEEDOR_ACTUAL
1b0e587d-268e-51b1-9a7c-33c985591227;461627;Wadfow juego de 12 puntas de destornillador WBS2601;True;False;True;5700.0;3669.0;1.554;6800;1100;2.2;USD;https://www.totalherramientasoficial.com.py/produto/wadfow-bits-kit-para-chave-de-fenda--wbs2601-41788.html;2026-09-27;;;;;NO;NO;DEBAJO_DE_1_75_COSTO_BASE
1b2da442-20d9-5423-ac44-c40f3df32bac;436045;Total alicate cable de red THCPL1506;True;False;True;31800.0;20425.0;1.557;37800;6000;12.25;USD;https://www.totalherramientasoficial.com.py/produto/total-alicate-cabo-de-rede-thcpl1506-34560.html;2026-09-27;;;;;NO;NO;DEBAJO_DE_1_75_COSTO_BASE
1b473779-9760-5423-9cf6-23beb7405b8e;251204;Total llave de impacto 20V 1050NM TIWLI20105;True;False;True;8800.0;5674.0;1.551;10500;1700;;;https://www.totalherramientasoficial.com.py/produto/total-chave-de-impacto-20v-1050nm-tiwli20105-19068.html;;;;;;NO;NO;SIN_PRECIO_PROVEEDOR_ACTUAL
1babba9b-cc86-534f-9589-10866cb01a80;538442;"Wadfow alicate presión 10"" WLP1C10";True;False;True;8400.0;5418.0;1.55;10000;1600;3.25;USD;https://www.totalherramientasoficial.com.py/produto/wadfow-alicate-presao-10-wlp1c10-51910.html;2026-09-27;;;;;NO;NO;DEBAJO_DE_1_75_COSTO_BASE
1bb1403a-eaee-55dc-81cf-6a3ee81d45ca;538077;Wadfow combo de gato hidráulico /caballete 3PCS WHJS2202;True;False;True;368600.0;236400.0;1.559;437300;68700;;;https://www.totalherramientasoficial.com.py/produto/wadfow-macaco-hidraulico--cavalete-3pcs--whjs2202-51873.html;;;;;;NO;NO;SIN_PRECIO_PROVEEDOR_ACTUAL
1bb508a5-3a32-517b-bbb9-af591e60cd2e;246;Wadfow cuerda de eslinga 2TX4M WWG1324;True;False;True;15600.0;10004.0;1.559;18500;2900;6.0;USD;https://www.totalherramientasoficial.com.py/produto/wadfow-corda-eslinga--2tx4m--wwg1324-55231.html;2026-09-27;;;;;NO;NO;DEBAJO_DE_1_75_COSTO_BASE
1bbee626-ef28-5a38-afb5-956fe480da6e;470865;Wadfow botas de lluvia 44 blanco WRB2L44;True;False;True;22900.0;14673.0;1.561;27100;4200;8.8;USD;https://www.totalherramientasoficial.com.py/produto/wadfow-botas-de-chuva--44-branca--wrb2l44-42770.html;2026-09-27;;;;;NO;NO;DEBAJO_DE_1_75_COSTO_BASE
1bc5885a-6790-5804-a901-a9aa30fb5ef7;442923;Total atornillador 12V UTDLI1211 1.5AH;True;False;True;71300.0;45704.0;1.56;84600;13300;;;https://www.totalherramientasoficial.com.py/produto/total-parafusadeira-12v-utdli1211-15ah-35284.html;;;;;;NO;NO;SIN_PRECIO_PROVEEDOR_ACTUAL
1bc73952-40bc-56d4-bb69-9dd1455ca05a;502245;"Total bolsa de herramientas 16"" THT261625";True;False;True;13800.0;8826.0;1.564;16300;2500;;;https://www.totalherramientasoficial.com.py/produto/total-bolsa-de-ferramentas-16-tht261625-47508.html;;;;;;NO;NO;SIN_PRECIO_PROVEEDOR_ACTUAL
1bf3a1e5-9291-5666-af4c-2635e39ec1fc;381314;Total motosierra TG945182 2800MIN indst;True;False;True;118000.0;75648.0;1.56;139900;21900;;;https://www.totalherramientasoficial.com.py/produto/total-motoserra-tg945182-2800min-indst-12049.html;;;;;;NO;NO;SIN_PRECIO_PROVEEDOR_ACTUAL
1c3ce935-986e-5f73-9610-4b61b0162879;415859;Total sierra caladora TS206656 570W;True;False;True;78600.0;50432.0;1.559;93300;14700;;;https://www.totalherramientasoficial.com.py/produto/total-tico-tico--ts206656-570w-32477.html;;;;;;NO;NO;SIN_PRECIO_PROVEEDOR_ACTUAL
1c8099ca-cac3-53b6-9f57-4b9c42ad9be1;380850;Total llave de impacto TIWLI2001 30KG 2BAT motor sin escobilla;True;False;True;8800.0;5674.0;1.551;10500;1700;;;https://www.totalherramientasoficial.com.py/produto/total-chave-de-impacto-tiwli2001-30kg-2batmotor-sem-escovas-29248.html;;;;;;NO;NO;SIN_PRECIO_PROVEEDOR_ACTUAL
1c823bdf-268d-58bf-840e-1d5fbba33ae8;340274;"Total llave de caño TAT171142 14""";True;False;True;22100.0;14184.0;1.558;26200;4100;;;https://www.totalherramientasoficial.com.py/produto/total-chave-tubulacao--tat171142-14-25493.html;;;;;;NO;NO;SIN_PRECIO_PROVEEDOR_ACTUAL
1c8440bd-315d-5ef5-8bb8-363b2bac346e;511926;Total kit combinado industrial inalámbrico 5PCS TCKLI2058;True;False;True;17200.0;11032.0;1.559;20400;3200;;;https://www.totalherramientasoficial.com.py/produto/total-kit-de-combinacao-industrial-sem-fio-5-pcs-tckli2058-48543.html;;;;;;NO;NO;SIN_PRECIO_PROVEEDOR_ACTUAL
1c9177ab-8ed1-5a2d-ab03-57c548298b4e;341738;Total martillo de orejas THTS7308 8 oz;True;False;True;10800.0;6934.0;1.558;12800;2000;;;https://www.totalherramientasoficial.com.py/produto/total-martelo-de-unha---thts7308---8-oz-25634.html;;;;;;NO;NO;SIN_PRECIO_PROVEEDOR_ACTUAL
1ca213cf-de58-581d-af00-0cb21e3a4b82;479502;Medicube Hypochlorous Acid Daily Facial Spray 50 ml;True;False;True;26000.0;;;;;9.5;USD;https://atacadousa.com.py/cosmeticos/11838-mist-facial-medicube-hypochlorous-acid-daily-spray-50ml479502.html;2026-09-27;;;;;NO;NO;SIN_COSTO_BASE_DOCUMENTADO
1cb17674-e6ee-5cfe-9683-02c62bb5c159;167741;"Total caja de herramientas 19"" 25KG TPBXS103";True;False;True;27000.0;17336.0;1.557;32100;5100;;;https://www.totalherramientasoficial.com.py/produto/total-caixa-de-ferramenta-19-25kg-tpbxs103-5538.html;;;;;;NO;NO;SIN_PRECIO_PROVEEDOR_ACTUAL
1cd8b5b1-2fca-5284-98d7-362e816431b4;538374;Wadfow alicate combinado multifunción WPL1778;True;False;True;15600.0;10004.0;1.559;18500;2900;6.0;USD;https://www.totalherramientasoficial.com.py/produto/wadfow-alicate-combinado-multifuncao-wpl1778-51903.html;2026-09-27;;;;;NO;NO;DEBAJO_DE_1_75_COSTO_BASE
1cdbff28-c12f-5f5e-bef7-865a52b4e7ac;613774;Wadfow llave de impacto 20V 530NM WCD1B53 53K 2B 2A;True;False;True;8800.0;5674.0;1.551;10500;1700;;;https://www.totalherramientasoficial.com.py/produto/wadfow-chave-de-impacto-20v-530nm--wcd1b53-53k-2b-2a-57170.html;;;;;;NO;NO;SIN_PRECIO_PROVEEDOR_ACTUAL
1d0c8802-d4b2-5648-8ca5-4cef7e401c9f;487030;Total bits philips TACIM16PH1103 PH2X50M;True;False;True;36400.0;23344.0;1.559;43200;6800;14.0;USD;https://www.totalherramientasoficial.com.py/produto/total--bits-philips-tacim16ph1103-ph2x50m-45938.html;2026-09-27;;;;;NO;NO;DEBAJO_DE_1_75_COSTO_BASE
1d3d95ba-69d6-5c1e-aa49-40b7cebf4629;584784;Total juego de herramientas 396PCS THPTCS83962;True;False;True;255600.0;163904.0;1.559;303200;47600;;;https://www.totalherramientasoficial.com.py/produto/total-kit-de-ferramentas---396pcs--thptcs83962-56902.html;;;;;;NO;NO;SIN_PRECIO_PROVEEDOR_ACTUAL
1d57b290-0ad3-52bf-915d-7aa7dae48700;487450;Total compresor de aire 50L UTC225508;True;False;True;368600.0;236400.0;1.559;437300;68700;;;https://www.totalherramientasoficial.com.py/produto/total--compressor-de-ar--50l-utc225508-45981.html;;;;;;NO;NO;SIN_PRECIO_PROVEEDOR_ACTUAL
1d723aab-59d3-5f61-9c03-ab7a70497d8a;197915;Wadfow lijadora orbital 20V WRAP5010;True;False;True;57200.0;36683.0;1.559;67900;10700;22.0;USD;https://www.totalherramientasoficial.com.py/produto/wadfow--lixadeira-treme-treme-20v--wrap5010-54683.html;2026-09-27;;;;;NO;NO;DEBAJO_DE_1_75_COSTO_BASE
1d9ed428-1713-5da1-8fb2-eec4b1debad9;436861;Total prensa sargento f THT1320501;True;False;True;13800.0;8826.0;1.564;16300;2500;;;https://www.totalherramientasoficial.com.py/produto/total-sargento-f--tht1320501-34648.html;;;;;;NO;NO;SIN_PRECIO_PROVEEDOR_ACTUAL
1da9d77b-5bec-599d-9441-a68295742e37;461788;Wadfow cortadora de pasto 20V WGTP511;True;False;True;12300.0;7880.0;1.561;14600;2300;;;https://www.totalherramientasoficial.com.py/produto/wadfow-cortador-de-grama--20v--wgtp511-41804.html;;;;;;NO;NO;SIN_PRECIO_PROVEEDOR_ACTUAL
1dcba435-c387-5413-b86d-d35e9a8970d7;239714;Total rectificador 400W TG504062;True;False;True;118000.0;75648.0;1.56;139900;21900;;;https://www.totalherramientasoficial.com.py/produto/total-retificador-400w--tg504062-18490.html;;;;;;NO;NO;SIN_PRECIO_PROVEEDOR_ACTUAL
1ddb2cc3-2f65-5d5e-851b-5f9041d00a8a;531832;Total kit de puntas para destornillador de impacto + brocas 33;True;False;True;31800.0;20425.0;1.557;37800;6000;12.25;USD;https://www.totalherramientasoficial.com.py/produto/total-kit-brocas-para-chave-de-impacto--brocas-33pcs-tacsdl11303-51237.html;2026-09-27;;;;;NO;NO;DEBAJO_DE_1_75_COSTO_BASE
1dece2ce-60b2-5d60-9da7-809319ea7c7e;536615;Total juego de llaves combinadas 12 pcs THT1022121;True;False;True;59000.0;37824.0;1.56;70000;11000;;;https://www.totalherramientasoficial.com.py/produto/total-kit-chaves-combinadas-12-pcs--tht1022121-51722.html;;;;;;NO;NO;SIN_PRECIO_PROVEEDOR_ACTUAL
1e0f177e-ebd3-5e6e-8d3b-c6f78826bdd3;609883;Total bomba agua 750W TWP37506 9M 220V;True;False;True;260000.0;166725.0;1.559;308400;48400;99.99;USD;https://www.totalherramientasoficial.com.py/produto/total-bomba-de-agua--750w-twp37506-9m--220v-57268.html;2026-09-27;;;;;NO;NO;DEBAJO_DE_1_75_COSTO_BASE
1e10e735-b8d1-5206-9ba1-f01524a91ad1;486477;Total mezclador 160MM UTAC331160;True;False;True;23400.0;15007.0;1.559;27800;4400;9.0;USD;https://www.totalherramientasoficial.com.py/produto/total-misturador---160mm--utac331160-45863.html;2026-09-27;;;;;NO;NO;DEBAJO_DE_1_75_COSTO_BASE
1e423aad-cd5c-53d1-a1ef-d9fbfba4e1ec;488266;Total bits magnéticas de impacto TACIM16PH285;True;False;True;157300.0;100864.0;1.56;186600;29300;;;https://www.totalherramientasoficial.com.py/produto/total--bits-philips-magneticos-de-impacto-tacim16ph285-46062.html;;;;;;NO;NO;SIN_PRECIO_PROVEEDOR_ACTUAL
1e4c54aa-24b5-54ba-8257-7dd9aeb34e2b;430418;Total alicate set 3 piezas THT1K0311;True;False;True;8800.0;5674.0;1.551;10500;1700;;;https://www.totalherramientasoficial.com.py/produto/total-conjunto-de-alicate-3-pecas-tht1k0311-33979.html;;;;;;NO;NO;SIN_PRECIO_PROVEEDOR_ACTUAL
1e5106b8-f635-5647-a46c-9f6d66e21da0;501408;Wadfow sierra copa de diamante 35MM WKJ7635;True;False;True;137600.0;88256.0;1.559;163300;25700;;;https://www.totalherramientasoficial.com.py/produto/wadfow-serra-copo-diamante-35mm--wkj7635-47423.html;;;;;;NO;NO;SIN_PRECIO_PROVEEDOR_ACTUAL
1e59acf1-6fd9-5c8a-9892-b2d29f70c0ee;553995;Total pistola de soldar con alimentador 900W TET160732;True;False;True;17200.0;11032.0;1.559;20400;3200;;;https://www.totalherramientasoficial.com.py/produto/total-pistola-de-solda-com-alimentador-900w--tet160732-53499.html;;;;;;NO;NO;SIN_PRECIO_PROVEEDOR_ACTUAL
1e5d4c01-7b35-5fab-8eae-98288b76809d;566896;"Total caja de herramientas 16"" 15KG TPBXS101";True;False;True;27000.0;17336.0;1.557;32100;5100;;;https://www.totalherramientasoficial.com.py/produto/total-caixa-de--ferramentas-16-15kg--tpbxs101-54853.html;;;;;;NO;NO;SIN_PRECIO_PROVEEDOR_ACTUAL
1e72f63a-1c69-5214-9667-29277ddca4e6;583718;Total amoladora angular 750W TG10711556;True;False;True;87500.0;56106.0;1.56;103800;16300;;;https://www.totalherramientasoficial.com.py/produto/total-esmerilhadeira-angular-750w-tg10711556-56795.html;;;;;;NO;NO;SIN_PRECIO_PROVEEDOR_ACTUAL
1e856484-1394-514c-a68b-0b0747cb843f;461740;Wadfow taladro de impacto inalámbrico de iones de litio UWCDP5;True;False;True;63900.0;40976.0;1.559;75800;11900;;;https://www.totalherramientasoficial.com.py/produto/wadfow-furadeira-de-impacto-sem-fio-de-ion-de-litio-uwcdp522-41800.html;;;;;;NO;NO;SIN_PRECIO_PROVEEDOR_ACTUAL
1e98a183-4fe3-55f3-b5dc-9aa92dc41a95;532341;Total fresa rotativa metal TAKC1002;True;False;True;13000.0;8337.0;1.559;15400;2400;5.0;USD;https://www.totalherramientasoficial.com.py/produto/total-fresa--rotativo-de-metal--takc1002-51288.html;2026-09-27;;;;;NO;NO;DEBAJO_DE_1_75_COSTO_BASE
1e9d2b3b-48d9-5ef3-aa18-92328a20460e;367769;Total cuchilla TG5121806 18X100MM;True;False;True;118000.0;75648.0;1.56;139900;21900;;;https://www.totalherramientasoficial.com.py/produto/total-estilete-tg5121806-18x100mm-27991.html;;;;;;NO;NO;SIN_PRECIO_PROVEEDOR_ACTUAL
1eb83ee8-dc2f-5106-a53c-2d5b1dc81aa5;437318;Total regla TMT646003;True;False;True;25700.0;16507.0;1.557;30500;4800;9.9;USD;https://www.totalherramientasoficial.com.py/produto/total-regua-----------tmt646003-34694.html;2026-09-27;;;;;NO;NO;DEBAJO_DE_1_75_COSTO_BASE
1ebc4e3d-3961-57b1-9ec3-ab0de1da9285;486828;"Total motosierra 20V 8"" TGSLI2085";True;False;True;46700.0;29944.0;1.56;55400;8700;;;https://www.totalherramientasoficial.com.py/produto/total-motosserra-20v--8--tgsli2085-45898.html;;;;;;NO;NO;SIN_PRECIO_PROVEEDOR_ACTUAL
1ec78264-c571-54d7-8002-62dfdbe44b98;487924;Total martillo rotativo TRHLI202081 20V motor brushless;True;False;True;368600.0;236400.0;1.559;437300;68700;;;https://www.totalherramientasoficial.com.py/produto/total-martelete-trhli202081-20v-motor-brushless-46028.html;;;;;;NO;NO;SIN_PRECIO_PROVEEDOR_ACTUAL
1ec9048f-0a4f-52d4-9b24-6706533160cb;162647;Total taladro compacto 20V 50NM TDLI205062 motor sin escobilla;True;False;True;122900.0;78800.0;1.56;145800;22900;;;https://www.totalherramientasoficial.com.py/produto/total-parafusadeira-compacta-20v-50nm--tdli205062-motor-sem-escovas-56397.html;;;;;;NO;NO;SIN_PRECIO_PROVEEDOR_ACTUAL
1ecdf4c5-84b5-5fba-8a70-6b5ca37f91d9;537254;Wadfow alicate para carpintero 200MM WPL9C08;True;False;True;7800.0;5002.0;1.559;9300;1500;3.0;USD;https://www.totalherramientasoficial.com.py/produto/wadfow-alicate-de-carpinteiro-200mm---wpl9c08-51791.html;2026-09-27;;;;;NO;NO;DEBAJO_DE_1_75_COSTO_BASE
1edf2cd1-813d-5431-a2d2-51bdc2e9d6b6;108053;Medicube PDRN Pink Peptide Serum 30 ml;True;False;True;33800.0;;;;;12.85;USD;https://atacadousa.com.py/cosmeticos/10098-serum-facial-medicube-pdrn-pink-peptide-serum-30ml-x004ezy3b5.html;2026-09-27;;;;;NO;NO;SIN_COSTO_BASE_DOCUMENTADO
1ef8b2c9-69be-5a44-8673-e5b1b74c1ec3;514941;Total caja de herramientas 3PCS TPBXK0031;True;False;True;27000.0;17336.0;1.557;32100;5100;;;https://www.totalherramientasoficial.com.py/produto/total-caixa-de-ferramentas-3pcs--tpbxk0031-48845.html;;;;;;NO;NO;SIN_PRECIO_PROVEEDOR_ACTUAL
1f20c21c-4191-5107-ab54-9effe63bbfe3;538558;Wadfow nivel de burbuja 60CM WSL2G60;True;False;True;13800.0;8826.0;1.564;16300;2500;;;https://www.totalherramientasoficial.com.py/produto/wadfow-nivel-manual-60cm--wsl2g60-51921.html;;;;;;NO;NO;SIN_PRECIO_PROVEEDOR_ACTUAL
1f26faaa-a45a-5592-b776-75da7704a27f;537360;Wadfow extractor de engranajes 8'' WGP3A08 3 mandibulas;True;False;True;17200.0;11032.0;1.559;20400;3200;;;https://www.totalherramientasoficial.com.py/produto/wadfow--puxador-de--engranagem-8-wgp3a08--3-mandibulas-51802.html;;;;;;NO;NO;SIN_PRECIO_PROVEEDOR_ACTUAL
1f46e37f-b555-5e64-ba36-51cc6b7070fc;613996;Wadfow kit de prueba de compresion 8PCS WART4D08;True;False;True;42900.0;27514.0;1.559;50900;8000;16.5;USD;https://www.totalherramientasoficial.com.py/produto/wadfow-kit-de-teste-de-compressao--8pcs--wart4d08-57219.html;2026-09-27;;;;;NO;NO;DEBAJO_DE_1_75_COSTO_BASE
1f5118a9-0da6-54e9-b71f-cf06e60ac795;341295;Total vibrador hormigón a gasolina 5.5HP TP630-2;True;False;True;17200.0;11032.0;1.559;20400;3200;;;https://www.totalherramientasoficial.com.py/produto/total-vibrador-concreto-a-gasolina-55hp--tp6302-25597.html;;;;;;NO;NO;SIN_PRECIO_PROVEEDOR_ACTUAL
1f558bc8-18c6-51d1-b2f3-c3ffca397d33;487870;Total amoladora angular 20V TAGLI211541;True;False;True;152400.0;97712.0;1.56;180800;28400;;;https://www.totalherramientasoficial.com.py/produto/total-esmirilhadeira-angular-20v--tagli211541-46023.html;;;;;;NO;NO;SIN_PRECIO_PROVEEDOR_ACTUAL
1f74b2d7-e6b9-50c5-9b91-140fe658ffc2;367950;Total martillo UTH1153216 1500W sds plus;True;False;True;10800.0;6934.0;1.558;12800;2000;;;https://www.totalherramientasoficial.com.py/produto/total-martlete--uth1153216-1500w-sds-plus-28011.html;;;;;;NO;NO;SIN_PRECIO_PROVEEDOR_ACTUAL
1f9ab700-3ed8-5c19-91d5-eea11c2e2db6;543170;Wadfow medidor de espesor 0-20MM WDTG1P02;True;False;True;31800.0;20425.0;1.557;37800;6000;12.25;USD;https://www.totalherramientasoficial.com.py/produto/wadfow-medidor-espessura-020mm-wdtg1p02-52403.html;2026-09-27;;;;;NO;NO;DEBAJO_DE_1_75_COSTO_BASE
1fdd1941-097e-5915-9d04-fb9e43a8d997;549196;Total combo sierra+lijadora +taladro 3PCS TOSLI250181;True;False;True;368600.0;236400.0;1.559;437300;68700;;;https://www.totalherramientasoficial.com.py/produto/total-combo-serralixadeirafuradeira-3pcs--tosli250181-53010.html;;;;;;NO;NO;SIN_PRECIO_PROVEEDOR_ACTUAL
20000000-0000-0000-0000-000000000001;;Celimax Heartleaf BHA Peeling Pad 60 Pads;True;False;True;38500.0;;;;;;;;;;;;;NO;NO;SIN_COSTO_BASE_DOCUMENTADO
20000000-0000-0000-0000-000000000002;;Celimax Retinal Shot Tightening Booster 15 ml;True;False;True;42900.0;;;;;;;;;;;;;NO;NO;SIN_COSTO_BASE_DOCUMENTADO
20000000-0000-0000-0000-000000000003;;Celimax Retinol Shot Tightening Serum 30 ml;True;False;True;45800.0;;;;;;;;;;;;;NO;NO;SIN_COSTO_BASE_DOCUMENTADO
20000000-0000-0000-0000-000000000004;;Dr. Althea 147 Barrier Cream 50 ml;True;False;True;44500.0;;;;;;;;;;;;;NO;NO;SIN_COSTO_BASE_DOCUMENTADO
20000000-0000-0000-0000-000000000005;;Dr. Althea 345 Relief Cream Mask - Pack X4;True;False;True;32000.0;;;;;;;;;;;;;NO;NO;SIN_COSTO_BASE_DOCUMENTADO
20000000-0000-0000-0000-000000000006;;Dr. Althea PDRN Reju 5000 Cream 20 g;True;False;True;48900.0;;;;;;;;;;;;;NO;NO;SIN_COSTO_BASE_DOCUMENTADO
20000000-0000-0000-0000-000000000007;;Medicube Collagen Jelly Cream 50 ml;True;False;True;49500.0;;;;;;;;;;;;;NO;NO;SIN_COSTO_BASE_DOCUMENTADO
20000000-0000-0000-0000-000000000008;;Medicube Exosome Shot 2000 30 ml;True;False;True;54000.0;;;;;;;;;;;;;NO;NO;SIN_COSTO_BASE_DOCUMENTADO
20000000-0000-0000-0000-000000000009;;Medicube Hyaluronic Ceramide Jelly Cream 50 ml;True;False;True;47500.0;;;;;;;;;;;;;NO;NO;SIN_COSTO_BASE_DOCUMENTADO
20000000-0000-0000-0000-000000000010;;Medicube Kojic Acid Turmeric Vita Capsule Cream 53 g;True;False;True;51000.0;;;;;;;;;;;;;NO;NO;SIN_COSTO_BASE_DOCUMENTADO
20000000-0000-0000-0000-000000000011;;Medicube One Day Exosome Shot 2000 30 ml;True;False;True;52500.0;;;;;;;;;;;;;NO;NO;SIN_COSTO_BASE_DOCUMENTADO
20000000-0000-0000-0000-000000000012;;Medicube One Day Exosome Shot 7500 30 ml;True;False;True;62000.0;;;;;;;;;;;;;NO;NO;SIN_COSTO_BASE_DOCUMENTADO
20000000-0000-0000-0000-000000000013;;Medicube PDRN Pink Collagen Capsule Cream 55 g;True;False;True;56000.0;;;;;;;;;;;;;NO;NO;SIN_COSTO_BASE_DOCUMENTADO
20000000-0000-0000-0000-000000000014;;SKIN1004 Centella Light Cleansing Oil 200 ml;True;False;True;39900.0;;;;;;;;;;;;;NO;NO;SIN_COSTO_BASE_DOCUMENTADO
20000000-0000-0000-0000-000000000015;;SKIN1004 Madagascar Centella Ampoule 55 ml;True;False;True;37900.0;;;;;;;;;;;;;NO;NO;SIN_COSTO_BASE_DOCUMENTADO
20000000-0000-0000-0000-000000000016;;SKIN1004 Madagascar Centella Ampoule Foam 125 ml;True;False;True;34500.0;;;;;;;;;;;;;NO;NO;SIN_COSTO_BASE_DOCUMENTADO
20000000-0000-0000-0000-000000000017;;SKIN1004 Madagascar Centella Poremizing Travel Kit X4;True;False;True;41500.0;;;;;;;;;;;;;NO;NO;SIN_COSTO_BASE_DOCUMENTADO
20000000-0000-0000-0000-000000000018;;SKIN1004 Madagascar Centella Probio-Cica Enrich Cream 50 ml;True;False;True;43000.0;;;;;;;;;;;;;NO;NO;SIN_COSTO_BASE_DOCUMENTADO
20000000-0000-0000-0000-000000000019;;SKIN1004 Madagascar Centella Tea-Trica Travel Kit X4;True;False;True;41500.0;;;;;;;;;;;;;NO;NO;SIN_COSTO_BASE_DOCUMENTADO
20000000-0000-0000-0000-000000000020;;SKIN1004 Madagascar Centella Tone Brightening Travel Kit X4;True;False;True;41500.0;;;;;;;;;;;;;NO;NO;SIN_COSTO_BASE_DOCUMENTADO
20000000-0000-0000-0000-000000000021;;SKIN1004 Poremizing Quick Clay Stick Mask 27 g;True;False;True;36900.0;;;;;;;;;;;;;NO;NO;SIN_COSTO_BASE_DOCUMENTADO
20000000-0000-0000-0000-000000000022;;Karseell Collagen Hair Mask 500 ml;True;False;True;43500.0;;;;;;;;;;;;;NO;NO;SIN_COSTO_BASE_DOCUMENTADO
20000000-0000-0000-0000-000000000023;;Apple iPhone 13 128GB - Meia Noite / Black;True;False;False;680000.0;;;;;;;;;;;;;NO;NO;SIN_COSTO_BASE_DOCUMENTADO
20000000-0000-0000-0000-000000000024;;Apple iPhone 13 Pro Max 256GB - Sierra Blue;True;False;False;895000.0;;;;;;;;;;;;;NO;NO;SIN_COSTO_BASE_DOCUMENTADO
20000000-0000-0000-0000-000000000025;;Apple iPhone 12 128GB - White;True;False;False;495000.0;;;;;;;;;;;;;NO;NO;SIN_COSTO_BASE_DOCUMENTADO
201beafd-cd96-5511-b34b-f942211d2ccf;598293;Total taladro de multiples cabezales 20V 66NM TDLI206686;True;False;True;291200.0;186750.0;1.559;345500;54300;;;https://www.totalherramientasoficial.com.py/produto/total-parafusadeira-de-multiplas-cabecas-20v-66nm-tdli206686-57109.html;;;;;;NO;NO;SIN_PRECIO_PROVEEDOR_ACTUAL
209327cd-2921-5444-b641-5080adcc073f;218399;Wadfow soldadora para plasticos 220V 400°C WWDPA015;True;False;True;186800.0;119776.0;1.56;221600;34800;;;https://www.totalherramientasoficial.com.py/produto/wadfow-soldador-de-plastico-220v-400c--wwdpa015-54652.html;;;;;;NO;NO;SIN_PRECIO_PROVEEDOR_ACTUAL
20a069bc-ff09-5c51-9383-c4ef57a86f37;611947;Total juego de herramientas combinadas 218PCS THKTHP42187;True;False;True;255600.0;163904.0;1.559;303200;47600;;;https://www.totalherramientasoficial.com.py/produto/total-kit-de-ferramenta-combinadas--218pcs--thkthp42187-57249.html;;;;;;NO;NO;SIN_PRECIO_PROVEEDOR_ACTUAL
20ae1ca8-ae08-5de8-98a4-8a799ff56d7f;341318;Total lijadora TF1032301 350W lixadera;True;False;True;108100.0;69344.0;1.559;128300;20200;;;https://www.totalherramientasoficial.com.py/produto/total-lixadeira--tf1032301-350w-treme-tre-11891.html;;;;;;NO;NO;SIN_PRECIO_PROVEEDOR_ACTUAL
20cc86c2-575e-5891-864d-3ea1b28f1109;381918;Total soldador electrico TET1406 40WATT;True;False;True;18800.0;12088.0;1.555;22400;3600;7.25;USD;https://www.totalherramientasoficial.com.py/produto/total-ferro-de-solda--tet1406--40watt-29352.html;2026-09-27;;;;;NO;NO;DEBAJO_DE_1_75_COSTO_BASE
20f1141b-526a-569a-a821-164de1c2b326;532419;Total anemómetro de alta precisión TETAN031;True;False;True;17200.0;11032.0;1.559;20400;3200;;;https://www.totalherramientasoficial.com.py/produto/total-anemometro-de-alta-precisao-tetan031-51295.html;;;;;;NO;NO;SIN_PRECIO_PROVEEDOR_ACTUAL
20f87fb7-83a9-5d02-bf6b-0bb9e8d39320;564991;Total máquina de soldar 200A mig/mag/mma/tig UTMGT20058;True;False;True;206400.0;132384.0;1.559;244900;38500;;;https://www.totalherramientasoficial.com.py/produto/total-maquina-de-solda--200a--migmagmmatig-utmgt20058-54609.html;;;;;;NO;NO;SIN_PRECIO_PROVEEDOR_ACTUAL
21566fc1-31ee-56eb-985c-e54d390b7fef;368025;"Total alicate universal 7"" THT110706P";True;False;True;8800.0;5674.0;1.551;10500;1700;;;https://www.totalherramientasoficial.com.py/produto/total-alicate-combinada-7-tht110706p-28018.html;;;;;;NO;NO;SIN_PRECIO_PROVEEDOR_ACTUAL
217b0be1-f710-5237-ab0e-3f00ce4d3019;528689;Wadfow juego de puntas para destornillador de impacto 50PCS ws;True;False;True;37700.0;24179.0;1.559;44700;7000;14.5;USD;https://www.totalherramientasoficial.com.py/produto/wadfow-conjunto-de-brocas-para-chave-de-impacto-50pcs-wsv2005-50700.html;2026-09-27;;;;;NO;NO;DEBAJO_DE_1_75_COSTO_BASE
217e7918-ecc9-5ebe-a1a5-6d25b89705b9;583824;Total sierra ingleteadora 20V TMSLI20212;True;False;True;460200.0;295131.0;1.559;546000;85800;177.0;USD;https://www.totalherramientasoficial.com.py/produto/total-serra-de-esquadria--20v--tmsli20212-56806.html;2026-09-27;;;;;NO;NO;DEBAJO_DE_1_75_COSTO_BASE
21824c0c-f243-592b-91cd-0396423b6290;543446;Wadfow gato hidráulico 6T WHJ1506;True;False;True;59000.0;37824.0;1.56;70000;11000;;;https://www.totalherramientasoficial.com.py/produto/wadfow-macaco-6t-whj1506-52430.html;;;;;;NO;NO;SIN_PRECIO_PROVEEDOR_ACTUAL
21d6e500-43ac-5104-ac6c-0a2b6f79cb0c;25683;"Wadfow alicate de eje deslizante 8"" WPL6C08";True;False;True;5500.0;3502.0;1.571;6500;1000;2.1;USD;https://www.totalherramientasoficial.com.py/produto/wadfow-alicate-de-eixo-deslizante-8-wpl6c08-55192.html;2026-09-27;;;;;NO;NO;DEBAJO_DE_1_75_COSTO_BASE
21eb8fc8-ee5c-52d9-bdea-09acd2647f03;612494;Total hacha de mano 1250G THAX061250;True;False;True;17200.0;11032.0;1.559;20400;3200;;;https://www.totalherramientasoficial.com.py/produto/total-machado-de-mao--1250g--thax061250-57192.html;;;;;;NO;NO;SIN_PRECIO_PROVEEDOR_ACTUAL
225a9096-bb43-5bb7-8771-3efe06eddb89;531825;Total juego de mechas para concreto 12 pcs TACSDL12206;True;False;True;15700.0;10086.0;1.557;18700;3000;;;https://www.totalherramientasoficial.com.py/produto/total-jogo-de-brocas-para-concreto-12-pcs-tacsdl12206-51236.html;;;;;;NO;NO;SIN_PRECIO_PROVEEDOR_ACTUAL
2279c753-fef7-5db5-b461-ab9fbd440b83;462822;Wadfow juego de llaves l kit 5PCS WTH4205;True;False;True;31900.0;20488.0;1.557;37900;6000;;;https://www.totalherramientasoficial.com.py/produto/wadfow-chave-l-kit-5pcs---wth4205-41929.html;;;;;;NO;NO;SIN_PRECIO_PROVEEDOR_ACTUAL
22887856-a58f-5bc3-9a6d-385ba872d8e4;471992;Wadfow llaves combinadas 5PCS WSP1205;True;False;True;12700.0;8170.0;1.554;15100;2400;4.9;USD;https://www.totalherramientasoficial.com.py/produto/wadfow-chaves--combinadas---5pcs---wsp1205-43210.html;2026-09-27;;;;;NO;NO;DEBAJO_DE_1_75_COSTO_BASE
22b2217d-8466-5742-8a74-3a94903f6bb1;527699;Total hidráulica crimpado 16-400MMM TCTLI2005;True;False;True;17200.0;11032.0;1.559;20400;3200;;;https://www.totalherramientasoficial.com.py/produto/total--hidraulica-crimpagem--16400mm--tctli2005-50594.html;;;;;;NO;NO;SIN_PRECIO_PROVEEDOR_ACTUAL
22bb0b77-22a1-5d4d-b563-412255376add;469654;Wadfow bolsa de herramientas WTG5101;True;False;True;41800.0;26792.0;1.56;49600;7800;;;https://www.totalherramientasoficial.com.py/produto/wadfow-bolsa-de-ferramentas--wtg5101-42649.html;;;;;;NO;NO;SIN_PRECIO_PROVEEDOR_ACTUAL
22bf0d35-0a26-5e17-b5e0-b77adb21c72e;242684;Wadfow multímetro digital lcd 600V WDM2506;True;False;True;18200.0;11656.0;1.561;21600;3400;6.99;USD;https://www.totalherramientasoficial.com.py/produto/wadfow--multitester-digital-lcd-600v---wdm2506-54654.html;2026-09-27;;;;;NO;NO;DEBAJO_DE_1_75_COSTO_BASE
22e002fe-cfd3-5672-b992-4e32912a5c24;543545;Wadfow juego de sierras copo bimetálicas 9PCS WKJ3491;True;False;True;48100.0;30849.0;1.559;57100;9000;18.5;USD;https://www.totalherramientasoficial.com.py/produto/wadfow-conjunto-serra-copo-bimetalicas-9pcs-wkj3491-52440.html;2026-09-27;;;;;NO;NO;DEBAJO_DE_1_75_COSTO_BASE
22f14608-f1c4-5176-aed1-c0149f9611b6;035765;Karseell Maca Power Volume Shampoo 500 ml;True;False;True;22100.0;;;;;7.5;USD;https://atacadousa.com.py/cosmeticos/12564-karseell-maca-power-volume-shampoo-500ml-035765.html;2026-09-27;;;;;NO;NO;SIN_COSTO_BASE_DOCUMENTADO
22f3581d-d883-586e-91a1-66a5e5a31147;2752;Wadfow hacha 1500G WHM6315;True;False;True;17200.0;11032.0;1.559;20400;3200;;;https://www.totalherramientasoficial.com.py/produto/wadfow--machado-1500g--whm6315-55184.html;;;;;;NO;NO;SIN_PRECIO_PROVEEDOR_ACTUAL
2346dba7-8837-5152-a4d6-0837465f633c;437271;Total nivel de burbuja magnetico TMT215056 150CM;True;False;True;67600.0;43353.0;1.559;80200;12600;26.0;USD;https://www.totalherramientasoficial.com.py/produto/total-nivel---magnetico---tmt215056--150cm-34690.html;2026-09-27;;;;;NO;NO;DEBAJO_DE_1_75_COSTO_BASE
23539af2-0d1a-5405-a8b2-f6386656a5c9;527583;Total medidor de distancia láser TMT57026 0.05-70M;True;False;True;31900.0;20488.0;1.557;37900;6000;;;https://www.totalherramientasoficial.com.py/produto/total-trena-de-distancia-a-laser-tmt57026--00570m-50583.html;;;;;;NO;NO;SIN_PRECIO_PROVEEDOR_ACTUAL
237490b4-1269-5dc6-90b2-9d0f73304f81;314145;Total cincel plano sds plus TAC15121411 14X20X250MM;True;False;True;12800.0;8195.0;1.562;15200;2400;;;https://www.totalherramientasoficial.com.py/produto/total-broca-ma-tac15121411-14x20x250-mm-plus-23128.html;;;;;;NO;NO;SIN_PRECIO_PROVEEDOR_ACTUAL
237b20da-6223-5da7-9f81-3e1cb50e702f;158237;"Total amoladora angular 5"" 1500W TG11512536";True;False;True;176800.0;113384.0;1.559;209800;33000;68.0;USD;https://www.totalherramientasoficial.com.py/produto/total-esmerilhadeira-angular-5-1500w-tg11512536-56027.html;2026-09-27;;;;;NO;NO;DEBAJO_DE_1_75_COSTO_BASE
239e003b-6fbf-546c-8330-f62e2edad8ac;301312;"Total sierra de podar 12"" THT51130026";True;False;True;15600.0;10004.0;1.559;18500;2900;6.0;USD;https://www.totalherramientasoficial.com.py/produto/total-sierra-de-podar-12--tht51130026-22258.html;2026-09-27;;;;;NO;NO;DEBAJO_DE_1_75_COSTO_BASE
23a9a5a2-080d-51be-9894-129d77186a09;543736;Wadfow kit de herramientas WDT4B91 91PCS;True;False;True;17200.0;11032.0;1.559;20400;3200;;;https://www.totalherramientasoficial.com.py/produto/wadfow-kit-de-herramientas-wdt4b91-91pcs-52459.html;;;;;;NO;NO;SIN_PRECIO_PROVEEDOR_ACTUAL
23af6555-c804-5d2d-a6c8-5137c8256360;239110;Total atornillador 18V UTD318103 nicd 110 volt;True;False;True;157300.0;100864.0;1.56;186600;29300;;;https://www.totalherramientasoficial.com.py/produto/total-parafusadeira-18v-utd318103-nicd-110-volt-18468.html;;;;;;NO;NO;SIN_PRECIO_PROVEEDOR_ACTUAL
23c47abf-52da-5fca-be64-c208264564a7;536639;Total llave combinada 19MM TCSPAR191;True;False;True;8400.0;5418.0;1.55;10000;1600;3.25;USD;https://www.totalherramientasoficial.com.py/produto/total-chave-catraca-19mm--tcspar191-51724.html;2026-09-27;;;;;NO;NO;DEBAJO_DE_1_75_COSTO_BASE
23e0c8e2-9c0e-57ae-98ed-e526960cf918;486880;Total sierra sable 20V TRSLI1152 li-ion;True;False;True;186800.0;119776.0;1.56;221600;34800;;;https://www.totalherramientasoficial.com.py/produto/total--serra-de-sabre--20v--trsli1152-liion-45923.html;;;;;;NO;NO;SIN_PRECIO_PROVEEDOR_ACTUAL
24088bcf-2f4d-5557-858e-872f30ab9603;4374;Total capa de lluvia THTRC031.M;True;False;True;27300.0;17509.0;1.559;32400;5100;10.5;USD;https://www.totalherramientasoficial.com.py/produto/total-capa-de-chuva-thtrc031m-55484.html;2026-09-27;;;;;NO;NO;DEBAJO_DE_1_75_COSTO_BASE
2419e43b-5bb6-5d6b-a43c-44eb40cb960d;122771;Wadfow martillo de lapidación 5KG WHM2350;True;False;True;42300.0;27095.0;1.561;50100;7800;16.25;USD;https://www.totalherramientasoficial.com.py/produto/wadfow-martelo-marreta-5kg--whm2350-1577.html;2026-09-27;;;;;NO;NO;DEBAJO_DE_1_75_COSTO_BASE
2430c5cd-05e2-5e15-9ec6-bcb867650133;25317;"Wadfow alicate tenaza 9"" 228MM WPL8609";True;False;True;7200.0;4586.0;1.57;8500;1300;2.75;USD;https://www.totalherramientasoficial.com.py/produto/wadfow--alicate-de-rabeta-9-228mm--wpl8609-55191.html;2026-09-27;;;;;NO;NO;DEBAJO_DE_1_75_COSTO_BASE
243b2608-e02d-5c62-822a-16fd7dd1ea7d;455312;Total lijadora triangular TMS6505 65W;True;False;True;84800.0;54356.0;1.56;100600;15800;32.6;USD;https://www.totalherramientasoficial.com.py/produto/total-lixadera-triangular--tms6505-65w-40592.html;2026-09-27;;;;;NO;NO;DEBAJO_DE_1_75_COSTO_BASE
244b17b4-2051-5633-9cf8-456c1c51a499;512039;Total kit alicates de presion TOS23091 5PCS;True;False;True;13800.0;8826.0;1.564;16300;2500;;;https://www.totalherramientasoficial.com.py/produto/total-kit-de-alicate-de-pressao-tos23091---5pcs-48554.html;;;;;;NO;NO;SIN_PRECIO_PROVEEDOR_ACTUAL
24a592ee-3131-5a0e-8afb-5639d1b0cf74;543026;Wadfow martillo de lapidación WHM2340 4KG;True;False;True;35100.0;22512.0;1.559;41600;6500;13.5;USD;https://www.totalherramientasoficial.com.py/produto/wadfow-martelo-de-lapidacao-whm2340-4kg-52388.html;2026-09-27;;;;;NO;NO;DEBAJO_DE_1_75_COSTO_BASE
24c16be0-42cc-59c7-acad-c49ef86ca0b2;468886;Total vibrador hormigón TCVLI2023013;True;False;True;17200.0;11032.0;1.559;20400;3200;;;https://www.totalherramientasoficial.com.py/produto/total-vibrador-concreto-tcvli2023013-42572.html;;;;;;NO;NO;SIN_PRECIO_PROVEEDOR_ACTUAL
24d2405e-6b98-5ea7-9829-8fa92da0ca05;316439;"Total arrancador de engranaje 3"" THTGP236 2 mandibulas";True;False;True;18200.0;11672.0;1.559;21600;3400;7.0;USD;https://www.totalherramientasoficial.com.py/produto/total-puxador-de-engrnagem--3-thtgp236-2-mandibulas-23356.html;2026-09-27;;;;;NO;NO;DEBAJO_DE_1_75_COSTO_BASE
24e4158c-e0fd-574b-9dcd-68bfb8742262;580007;Wadfow pulidora inalámbrica 20V WHL2B151;True;False;True;221000.0;141730.0;1.559;262200;41200;85.0;USD;https://www.totalherramientasoficial.com.py/produto/wadfow-polidora-sem-fio-20v--whl2b151-56424.html;2026-09-27;;;;;NO;NO;DEBAJO_DE_1_75_COSTO_BASE
24e75f63-0fbf-572d-91e5-595d39d889c2;456876;Total alicate para soldadura THT1921003;True;False;True;17600.0;11256.0;1.564;20800;3200;6.75;USD;https://www.totalherramientasoficial.com.py/produto/total-alicate-para-soldagem--tht1921003-40755.html;2026-09-27;;;;;NO;NO;DEBAJO_DE_1_75_COSTO_BASE
24f8af7e-1c0e-5e62-b88b-ef0352bbd8e3;381680;"Total juegos de dados THT141253 24PCS 1/2""";True;False;True;122200.0;78368.0;1.559;145000;22800;47.0;USD;https://www.totalherramientasoficial.com.py/produto/total-kit-de-catraca--tht141253-24pcs--12-29328.html;2026-09-27;;;;;NO;NO;DEBAJO_DE_1_75_COSTO_BASE
2530bda7-3e0c-5205-b2b4-5394d4f61e03;415972;Total kit lima de hierro 5PZS THT918516;True;False;True;32500.0;20844.0;1.559;38600;6100;12.5;USD;https://www.totalherramientasoficial.com.py/produto/total-kit-lixa-ferro-5pcs--tht918516-32490.html;2026-09-27;;;;;NO;NO;DEBAJO_DE_1_75_COSTO_BASE
253ca8da-5434-5888-8dd4-aa2a733372fa;67690;Total taladro de impacto 20V 166NM TIDLI201668;True;False;True;137600.0;88256.0;1.559;163300;25700;;;https://www.totalherramientasoficial.com.py/produto/total-parafusadeira-de-impacto-20v-166nm--tidli201668-55512.html;;;;;;NO;NO;SIN_PRECIO_PROVEEDOR_ACTUAL
2545b116-d630-5e7e-86b1-69daab8aec0c;468992;Total cuchilla TG511815 18X100MM;True;False;True;118000.0;75648.0;1.56;139900;21900;;;https://www.totalherramientasoficial.com.py/produto/total-estilete--tg511815--18x100mm-42583.html;;;;;;NO;NO;SIN_PRECIO_PROVEEDOR_ACTUAL
255eae0b-b2b9-5c6a-9a4c-24064565c258;613965;"Wadfow llave dinamométrica 1/4"" 6NM WWQ5D01";True;False;True;43600.0;27930.0;1.561;51700;8100;16.75;USD;https://www.totalherramientasoficial.com.py/produto/wadfow-chave-dinamometrica-14-6nm--wwq5d01-57210.html;2026-09-27;;;;;NO;NO;DEBAJO_DE_1_75_COSTO_BASE
258fc159-f254-5815-9dd5-311ce7053e64;367752;Total sierra hierro THT54106 300MM cuadro;True;False;True;137600.0;88256.0;1.559;163300;25700;;;https://www.totalherramientasoficial.com.py/produto/total-serra-ferro---tht54106-300mm-quadro-27990.html;;;;;;NO;NO;SIN_PRECIO_PROVEEDOR_ACTUAL
259f73c8-c49c-560f-b670-b0541c13c2cb;460248;Wadfow alicate corta cable WCT2910;True;False;True;12400.0;7921.0;1.565;14700;2300;4.75;USD;https://www.totalherramientasoficial.com.py/produto/wadfow-corta-cabo-alicate--wct2910-41650.html;2026-09-27;;;;;NO;NO;DEBAJO_DE_1_75_COSTO_BASE
25dd71fd-c2e5-59f6-a34f-2badda74c053;488020;Total soplador aspirador 20V TABLI204282;True;False;True;186800.0;119776.0;1.56;221600;34800;;;https://www.totalherramientasoficial.com.py/produto/total-soprador-aspirador-20v-tabli204282-46038.html;;;;;;NO;NO;SIN_PRECIO_PROVEEDOR_ACTUAL
25e4ee39-9669-5cbc-9ada-06aab98a7590;488433;Total martillo para techo magnético THCH61060 600G;True;False;True;12700.0;8170.0;1.554;15100;2400;4.9;USD;https://www.totalherramientasoficial.com.py/produto/total-martelo-magnetico-de-telhado-thch61060--600g-46079.html;2026-09-27;;;;;NO;NO;DEBAJO_DE_1_75_COSTO_BASE
25e823e6-0711-5055-9e25-b0fce231a2b4;162456;Total pantalones de trabajo TSP6022.XXL;True;False;True;50700.0;32516.0;1.559;60200;9500;19.5;USD;https://www.totalherramientasoficial.com.py/produto/total-calca-de-trabalho-tsp6022xxl-56391.html;2026-09-27;;;;;NO;NO;DEBAJO_DE_1_75_COSTO_BASE
25eb752b-cbdf-598c-87cc-91df1a984141;512336;"Total alicate de corte diagonal 7"" 180MM THT130706P";True;False;True;7500.0;4835.0;1.551;8900;1400;2.9;USD;https://www.totalherramientasoficial.com.py/produto/total-alicate-de-corte-diagonal--7-180m---tht130706p-48584.html;2026-09-27;;;;;NO;NO;DEBAJO_DE_1_75_COSTO_BASE
2604dc7b-8010-51d3-895c-85d519304c37;74094;"Wadfow dado hexagonal 3/4"" 36MM WSC4536";True;False;True;13800.0;8826.0;1.564;16300;2500;;;https://www.totalherramientasoficial.com.py/produto/wadfow-soquete-hexagonal--34-36mm--wsc4536-54629.html;;;;;;NO;NO;SIN_PRECIO_PROVEEDOR_ACTUAL
261b167e-1b0a-55ab-a877-73cea63ab4b3;576130;Total taladro de impacto 42V 69NM UTIDLI426981;True;False;True;179400.0;115051.0;1.559;212800;33400;69.0;USD;https://www.totalherramientasoficial.com.py/produto/total-parafusadeira-de-impacto--42v-69nm-utidli426981-56009.html;2026-09-27;;;;;NO;NO;DEBAJO_DE_1_75_COSTO_BASE
26260e9a-71c4-5fb8-9f1e-07fc78901fd0;470650;"Wadfow válvula esfera 1"" acero WVV5831";True;False;True;31500.0;20176.0;1.561;37300;5800;12.1;USD;https://www.totalherramientasoficial.com.py/produto/wadfow---valvula-esfera--1-aco-wvv5831-42749.html;2026-09-27;;;;;NO;NO;DEBAJO_DE_1_75_COSTO_BASE
263586f5-7273-5730-a3db-5411163e3aa1;461719;Wadfow taladro inálambrico 12V WCDS540;True;False;True;71300.0;45704.0;1.56;84600;13300;;;https://www.totalherramientasoficial.com.py/produto/wadfow-parafusadeira-sem-fio--12v--wcds540-41797.html;;;;;;NO;NO;SIN_PRECIO_PROVEEDOR_ACTUAL
26413a83-0699-53a9-965a-a7a5f467e6c5;443067;Total escuadro magnetico TAMWH6002;True;False;True;17200.0;11032.0;1.559;20400;3200;;;https://www.totalherramientasoficial.com.py/produto/total-esquadro-magnetico-tamwh6002-35299.html;;;;;;NO;NO;SIN_PRECIO_PROVEEDOR_ACTUAL
2658a695-ae67-506c-a120-27c8b997f28e;526074;Total juego de brocas para taladro TOS24094;True;False;True;63900.0;40976.0;1.559;75800;11900;;;https://www.totalherramientasoficial.com.py/produto/total-conjunto-de-brocas-para-furadeira--tos24094-50431.html;;;;;;NO;NO;SIN_PRECIO_PROVEEDOR_ACTUAL
26660954-5d41-5f60-8e26-75620cc27a2f;529242;Total cepillo eléctrico de madera 20V TRLI20401 320W;True;False;True;108100.0;69344.0;1.559;128300;20200;;;https://www.totalherramientasoficial.com.py/produto/total--plaina-eletrica-de-madeira--20v--trli20401--320w-50771.html;;;;;;NO;NO;SIN_PRECIO_PROVEEDOR_ACTUAL
2698337b-cc29-5bc5-aabe-12bab71e1cbb;537674;Wadfow palanca de neumático 500X25X9MM WQB2320;True;False;True;14300.0;9172.0;1.559;17000;2700;5.5;USD;https://www.totalherramientasoficial.com.py/produto/wadfow--barra-de-alavanca-500x25x9mm--wqb2320-51833.html;2026-09-27;;;;;NO;NO;DEBAJO_DE_1_75_COSTO_BASE
26a68616-0b0e-515c-9b18-732d1f29e430;521420;Total termómetro infrarrojo THIT0155028;True;False;True;26000.0;16658.0;1.561;30800;4800;;;https://www.totalherramientasoficial.com.py/produto/total-termometro-infravermelho--thit0155028-49895.html;;;;;;NO;NO;SIN_PRECIO_PROVEEDOR_ACTUAL
26be6aad-b5ea-5dcd-baa4-fc32956d6092;612388;"Total juego de llave de vaso de 1/4"" 52PCS THT421526";True;False;True;8800.0;5674.0;1.551;10500;1700;;;https://www.totalherramientasoficial.com.py/produto/total--jogo-de-chaves-de-soquete-de-14--52pcs---tht421526-57284.html;;;;;;NO;NO;SIN_PRECIO_PROVEEDOR_ACTUAL
26d78c15-0819-5b2c-9a3d-b0fbe5ac740b;37884;Wadfow martillo rotativo 20V WLM15225;True;False;True;239200.0;153402.0;1.559;283800;44600;92.0;USD;https://www.totalherramientasoficial.com.py/produto/wadfow--martelete--20v-wlm15225-54626.html;2026-09-27;;;;;NO;NO;DEBAJO_DE_1_75_COSTO_BASE
2735aab1-229e-5ffa-a16a-83fd4e81a183;456807;Total candado 63MM TLK31631 508G;True;False;True;8800.0;5674.0;1.551;10500;1700;;;https://www.totalherramientasoficial.com.py/produto/total-cadiado-63mm--tlk31631-508g-40748.html;;;;;;NO;NO;SIN_PRECIO_PROVEEDOR_ACTUAL
2740ace4-d823-5faf-aac3-b97ea3bf6ec9;584920;Total llave de impacto 20V 405NM UTIWLI2045;True;False;True;226200.0;145064.0;1.559;268400;42200;;;https://www.totalherramientasoficial.com.py/produto/total-chave-de-impacto-20v-405nm---utiwli2045-56916.html;;;;;;NO;NO;SIN_PRECIO_PROVEEDOR_ACTUAL
2742b72f-2832-5432-8436-cd0aaaea38ce;490092;Wadfow escalera extensible 3 secciones x 9 escalones aluminio;True;False;True;319800.0;205091.0;1.559;379400;59600;123.0;USD;https://www.totalherramientasoficial.com.py/produto/wadfow-escada-extensivel-3-secoes-x-9-degraus-de-aluminio-wld6h39-46245.html;2026-09-27;;;;;NO;NO;DEBAJO_DE_1_75_COSTO_BASE
2749c6c8-a136-554e-8855-caae448e732a;456623;Total cinta metrica TMT126652 5MX25MM;True;False;True;5900.0;3782.0;1.56;7000;1100;;;https://www.totalherramientasoficial.com.py/produto/total-trena-metro--tmt126652---5mx25mm-40730.html;;;;;;NO;NO;SIN_PRECIO_PROVEEDOR_ACTUAL
275d9f06-6052-5886-affe-3d992ff88954;542111;Total botas de seguridad TSP207IDSB.40 negro/rojo;True;False;True;57200.0;36683.0;1.559;67900;10700;;;https://www.totalherramientasoficial.com.py/produto/total-botas-de-seguranca-tsp207idsb40--pretovermelho-52297.html;;;;;;NO;NO;SIN_PRECIO_PROVEEDOR_ACTUAL
275d9f6e-e2a6-5340-a524-00a5e9209b25;538756;Wadfow mosquetón 50MM 4PCS WQL2K02;True;False;True;17200.0;11032.0;1.559;20400;3200;;;https://www.totalherramientasoficial.com.py/produto/wadfow--chaveiro-mosquetao-50mm--4pcs---wql2k02-51941.html;;;;;;NO;NO;SIN_PRECIO_PROVEEDOR_ACTUAL
276f5c64-809c-5179-b319-4c9192704913;537759;Wadfow caja fuerte 72L 65X35X40CM WEB1565;True;False;True;41800.0;26792.0;1.56;49600;7800;105.0;USD;https://www.totalherramientasoficial.com.py/produto/wadfow-cofre-72l-65x35x40cm--web1565-51841.html;2026-09-27;;;;;NO;NO;DEBAJO_DE_1_75_COSTO_BASE
2777410c-f513-524f-bd19-92f2e0d7c1ab;334235;Total lijadora orbital motor sin escobillas 20V TSHSLI20241;True;False;True;124800.0;80036.0;1.559;148100;23300;48.0;USD;https://www.totalherramientasoficial.com.py/produto/total-lixadeira-orbital-motor-sem-escovas-20v-tshsli20241-24962.html;2026-09-27;;;;;NO;NO;DEBAJO_DE_1_75_COSTO_BASE
2777bec7-be36-503f-bd45-f7168a2eeb4e;580137;Wadfow bolsa para herramientas 3PCS 80KG WTG2107;True;False;True;41800.0;26792.0;1.56;49600;7800;;;https://www.totalherramientasoficial.com.py/produto/wadfow-bolsa-para-ferramentas-com-3-pecas--wtg2107-56437.html;;;;;;NO;NO;SIN_PRECIO_PROVEEDOR_ACTUAL
277a49fc-bc2a-5188-b449-e866aecc2c51;616621;Wadfow extractor e instalador de polea 6PCS WGP6D06;True;False;True;17200.0;11032.0;1.559;20400;3200;;;https://www.totalherramientasoficial.com.py/produto/wadfow---extrator-e-instalador-de-polias--6pcs---wgp6d06-57225.html;;;;;;NO;NO;SIN_PRECIO_PROVEEDOR_ACTUAL
27879514-2e39-5285-b3d8-b06df18d8afc;527477;"Total espada para motosierras 16"" TGTSB51603";True;False;True;22100.0;14175.0;1.559;26200;4100;8.5;USD;https://www.totalherramientasoficial.com.py/produto/total-barra-de-motosserra-de-16-tgtsb51603-50572.html;2026-09-27;;;;;NO;NO;DEBAJO_DE_1_75_COSTO_BASE
27a74d20-1eb4-5b32-941a-9a9490b62251;489973;Wadfow escalera de 3 peldaños 150KG WLD1H03;True;False;True;67600.0;43353.0;1.559;80200;12600;26.0;USD;https://www.totalherramientasoficial.com.py/produto/wadfow-escada-de-3-passos-150kg--wld1h03-46233.html;2026-09-27;;;;;NO;NO;DEBAJO_DE_1_75_COSTO_BASE
27b10b63-dd5d-5852-9772-b6dc28add2cb;521055;Total combo 31PCS llave de impacto TOSLI240966;True;False;True;319500.0;204880.0;1.559;379000;59500;;;https://www.totalherramientasoficial.com.py/produto/total-chave-de-impacto-combo-31pcs-tosli240966-49858.html;;;;;;NO;NO;SIN_PRECIO_PROVEEDOR_ACTUAL
27c4b2a5-2c4e-5947-b4a0-dbba7793f87f;488808;"Wadfow trinquete cabeza flexible 1/2"" WRW4212";True;False;True;31200.0;20009.0;1.559;37000;5800;12.0;USD;https://www.totalherramientasoficial.com.py/produto/wadfow--chave-catraca-de-cabeca-flexivel--12---wrw4212-46116.html;2026-09-27;;;;;NO;NO;DEBAJO_DE_1_75_COSTO_BASE
27c5ab87-3eca-587b-b6c7-4b670a808280;436243;Total atornillador 4V TSDLI0402 lithum 2VOL;True;False;True;157300.0;100864.0;1.56;186600;29300;;;https://www.totalherramientasoficial.com.py/produto/total-parafusadeira-4v-tsdli0402-lithum-2vol-34580.html;;;;;;NO;NO;SIN_PRECIO_PROVEEDOR_ACTUAL
27f2c6c7-df26-5e61-a292-ed5cedb4a8d8;501200;Wadfow cono tráfico reflectivo 90CM WYJ1A90;True;False;True;44200.0;28346.0;1.559;52400;8200;17.0;USD;https://www.totalherramientasoficial.com.py/produto/wadfow-cone-refletivo-de-trafego-90cm---wyj1a90-47403.html;2026-09-27;;;;;NO;NO;DEBAJO_DE_1_75_COSTO_BASE
281c5e6f-c15e-51e3-97dd-f353b2f0156f;543750;Wadfow juego de 36 puntas de destornillador WBS4B36;True;False;True;21400.0;13755.0;1.556;25400;4000;8.25;USD;https://www.totalherramientasoficial.com.py/produto/wadfow-jogo-de-36-pontas-de-bits--wbs4b36-52461.html;2026-09-27;;;;;NO;NO;DEBAJO_DE_1_75_COSTO_BASE
282bdbc9-dd30-51e1-bc6d-f257878f2318;239196;Total llave de impacto T121201 12V;True;False;True;31200.0;20009.0;1.559;37000;5800;12.0;USD;https://www.totalherramientasoficial.com.py/produto/total-chave-de-impacto-t121201-12v-8452.html;2026-09-27;;;;;NO;NO;DEBAJO_DE_1_75_COSTO_BASE
283f7263-879c-51cf-b1a3-2b26347734df;470797;Wadfow botas de lluvia 40 WRB1L40;True;False;True;20200.0;12923.0;1.563;23900;3700;7.75;USD;https://www.totalherramientasoficial.com.py/produto/wadfow--botas-de-chuva--40--wrb1l40-42763.html;2026-09-27;;;;;NO;NO;DEBAJO_DE_1_75_COSTO_BASE
28501fa2-0920-5054-8bad-d194ae4b898c;489614;"Wadfow rueda neumática 16"" para carretilla de 150KG WWL8301";True;False;True;24700.0;15842.0;1.559;29300;4600;9.5;USD;https://www.totalherramientasoficial.com.py/produto/wadfow-roda-pneumatica-16-para-carrinho-de-150-kg--wwl8301-46197.html;2026-09-27;;;;;NO;NO;DEBAJO_DE_1_75_COSTO_BASE
28529932-9c92-5c17-82d9-7ce56786f249;104609;Total botas de seguridad TSP206SB45 negro;True;False;True;62400.0;40018.0;1.559;74000;11600;24.0;USD;https://www.totalherramientasoficial.com.py/produto/total-botas-de-seguranca-tsp206sb45-preto-3482.html;2026-09-27;;;;;NO;NO;DEBAJO_DE_1_75_COSTO_BASE
2856387b-2243-5e47-8ee6-81399c7c0120;495660;Total puntas de destornillador de impacto TACSD18306 25MM 30PC;True;False;True;18200.0;11672.0;1.559;21600;3400;7.0;USD;https://www.totalherramientasoficial.com.py/produto/total-bits-de-impacto-tacsd18306-25mm-30pcs-46825.html;2026-09-27;;;;;NO;NO;DEBAJO_DE_1_75_COSTO_BASE
28a07563-05d8-5ca1-a1f6-eca44613a0f1;528238;Wadfow prensa sargento en f WCP2121;True;False;True;13000.0;8337.0;1.559;15400;2400;5.0;USD;https://www.totalherramientasoficial.com.py/produto/wadfow-abracadeira-em-f--wcp2121-50655.html;2026-09-27;;;;;NO;NO;DEBAJO_DE_1_75_COSTO_BASE
28bed1fd-16d1-566f-b5c8-1127d91dca63;456227;"Total alicate combinada THT210606 6""";True;False;True;8800.0;5674.0;1.551;10500;1700;;;https://www.totalherramientasoficial.com.py/produto/total-alicate-combinada--tht210606--6-40690.html;;;;;;NO;NO;SIN_PRECIO_PROVEEDOR_ACTUAL
28c0cc5b-a124-571c-815c-30353252e9dc;529372;Total juego de 44 puntas de destornillador de impacto magnétic;True;False;True;5400.0;3467.0;1.558;6400;1000;;;https://www.totalherramientasoficial.com.py/produto/total-kit-de-44-bits-de-chave-de-fenda-e-porcas-magneticas-tacsdl24408-50784.html;;;;;;NO;NO;SIN_PRECIO_PROVEEDOR_ACTUAL
28c85fef-60fc-5638-a324-571c445010b4;465342;Total alicate circlip THTJ21802 7' 1.8MM;True;False;True;8800.0;5674.0;1.551;10500;1700;;;https://www.totalherramientasoficial.com.py/produto/total-alicate-de-freio-thtj21802-7-18mm-42181.html;;;;;;NO;NO;SIN_PRECIO_PROVEEDOR_ACTUAL
290616ec-508f-574f-992a-446c81c32df2;529396;Total gato hidráulico 2 toneladas industrial THT10822;True;False;True;13800.0;8826.0;1.564;16300;2500;;;https://www.totalherramientasoficial.com.py/produto/total--macaco-hidraulico--2-toneladas--industrial--tht10822-50786.html;;;;;;NO;NO;SIN_PRECIO_PROVEEDOR_ACTUAL
292737d5-d4dc-5d16-8c8b-7639703fa163;350914;Total pistola de pintura TT5006 550W 800ML 2.0M;True;False;True;85800.0;55024.0;1.559;101800;16000;33.0;USD;https://www.totalherramientasoficial.com.py/produto/total-pistola-de-pintura-tt5006-550w-800ml--20m-11909.html;2026-09-27;;;;;NO;NO;DEBAJO_DE_1_75_COSTO_BASE
292c65f0-6987-5841-95ce-9c288dd90822;462396;"Wadfow alicate pelacable WPL5617 7""";True;False;True;9300.0;5970.0;1.558;11000;1700;3.58;USD;https://www.totalherramientasoficial.com.py/produto/wadfow-alicate-de-cabo--wpl5617-7-41886.html;2026-09-27;;;;;NO;NO;DEBAJO_DE_1_75_COSTO_BASE
293eb1c0-0497-542e-b6fc-c548e140bf6c;164511;Total combo 2PCS motosierra +podadora 20V TOSLI251085;True;False;True;460200.0;295131.0;1.559;546000;85800;;;https://www.totalherramientasoficial.com.py/produto/total-combo-2pcs-motoserra-podadora-20v--tosli251085-6173.html;;;;;;NO;NO;SIN_PRECIO_PROVEEDOR_ACTUAL
2943044b-fe2d-5d9e-bb79-08e43186e1ae;461412;Wadfow caja fuerte digital 7L 18X28X18CM WEB1518;True;False;True;91000.0;58359.0;1.559;108000;17000;35.0;USD;https://www.totalherramientasoficial.com.py/produto/wadfow-cofre--digital-7l--18x28x18cm-----web1518-41767.html;2026-09-27;;;;;NO;NO;DEBAJO_DE_1_75_COSTO_BASE
294685d0-387a-592b-a1e5-99aeebc3ebb5;495547;Total taladro atornillador 12V TDLI12428;True;False;True;71300.0;45704.0;1.56;84600;13300;;;https://www.totalherramientasoficial.com.py/produto/total-furadeira-e-parafusadeira-12v-tdli12428-46813.html;;;;;;NO;NO;SIN_PRECIO_PROVEEDOR_ACTUAL
29547b47-64d2-54e1-85cf-6cc87b23d6c2;496162;"Wadfow llave trinquete con cabeza flex 1/4"" WRW4214";True;False;True;17600.0;11256.0;1.564;20800;3200;6.75;USD;https://www.totalherramientasoficial.com.py/produto/wadfow--chave-catraca--com-cabeca-flex-14--wrw4214-46892.html;2026-09-27;;;;;NO;NO;DEBAJO_DE_1_75_COSTO_BASE
297093e9-9495-5434-8aa0-2b96e2651b12;313797;Total taladro de banco TDP133501 350W 13MM;True;False;True;275600.0;176745.0;1.559;327000;51400;106.0;USD;https://www.totalherramientasoficial.com.py/produto/total-furadeira-fixa-tdp133501-350w-13mm-23098.html;2026-09-27;;;;;NO;NO;DEBAJO_DE_1_75_COSTO_BASE
299a67a6-24ae-51b0-a24d-dd94e57a537f;531870;"Total alicate de presion 7"" THT190703";True;False;True;13800.0;8826.0;1.564;16300;2500;;;https://www.totalherramientasoficial.com.py/produto/total-alicate-de-pressao-7-tht190703-51241.html;;;;;;NO;NO;SIN_PRECIO_PROVEEDOR_ACTUAL
299e97b8-78d9-57ac-8755-8c420f41ec74;528337;Wadfow bomba de aceite manual WHY2525;True;False;True;17200.0;11032.0;1.559;20400;3200;;;https://www.totalherramientasoficial.com.py/produto/wadfow-bomba-de-oleo-manual-why2525-50665.html;;;;;;NO;NO;SIN_PRECIO_PROVEEDOR_ACTUAL
29a8267a-0b1d-5f6b-a7c0-a4154e1cf4e4;489140;Wadfow kit de taladro atornillador de 1/4 20V WCK2016;True;False;True;93400.0;59888.0;1.56;110800;17400;;;https://www.totalherramientasoficial.com.py/produto/wadfow-kit-furadeira-parafuzadeira-14--20v--wck2016-46150.html;;;;;;NO;NO;SIN_PRECIO_PROVEEDOR_ACTUAL
29c3db34-d48c-5260-b327-901982f9c783;185844;Total hidrolavadora alta presión 40V TPWLI4006;True;False;True;216300.0;138688.0;1.56;256600;40300;;;https://www.totalherramientasoficial.com.py/produto/total-lava-jato-de-alta-pressao-40v--tpwli4006-6322.html;;;;;;NO;NO;SIN_PRECIO_PROVEEDOR_ACTUAL
29ce517c-2212-5e9d-ba64-40632714996f;96430;"Wadfow llave combinada con rachet flexible 15"" WSA6115";True;False;True;7000.0;4501.0;1.555;8300;1300;2.7;USD;https://www.totalherramientasoficial.com.py/produto/wadfow-chave-com-catraca-dobravel-15-wsa6115-54866.html;2026-09-27;;;;;NO;NO;DEBAJO_DE_1_75_COSTO_BASE
29fff59d-c476-592b-b6bc-82b9c68e9bbc;436748;Total kit herramienta TKTTSK0162 16PCS;True;False;True;42900.0;27514.0;1.559;50900;8000;16.5;USD;https://www.totalherramientasoficial.com.py/produto/total-kit-feramenta--tkttsk0162--16pcs-34636.html;2026-09-27;;;;;NO;NO;DEBAJO_DE_1_75_COSTO_BASE
2a158f66-c91d-5b60-a8f9-a8820809b564;381192;"Total llave de impacto de aire TAT40122 1/2""610N 7K";True;False;True;124800.0;80036.0;1.559;148100;23300;48.0;USD;https://www.totalherramientasoficial.com.py/produto/total-chave-de-impacto-de-ar-tat40122-12610n-7k-29283.html;2026-09-27;;;;;NO;NO;DEBAJO_DE_1_75_COSTO_BASE
2a3d7d37-2921-57bb-a75e-c788b0509cd8;514972;Total juego de niveles de burbuja 3PCS THT10203;True;False;True;13800.0;8826.0;1.564;16300;2500;;;https://www.totalherramientasoficial.com.py/produto/total-conjunto-de-nivel-de-bolha-3pcs-tht10203-48848.html;;;;;;NO;NO;SIN_PRECIO_PROVEEDOR_ACTUAL
2a55ae95-d770-58e8-8c9f-2b0503ea9f6c;612005;"Total juego de llaves de impacto 1/2"" 18PCS THISTD12186";True;False;True;59000.0;37824.0;1.56;70000;11000;;;https://www.totalherramientasoficial.com.py/produto/total--jogo-de-chaves-de-impacto-12-18pcs---thistd12186-57233.html;;;;;;NO;NO;SIN_PRECIO_PROVEEDOR_ACTUAL
2a627a04-13c0-59a2-9894-405c1a71cf6a;397131;Total pistola de pintura TAT10401 400ML 1.5MM;True;False;True;221200.0;141840.0;1.56;262400;41200;;;https://www.totalherramientasoficial.com.py/produto/total-pistola-de-pintura-tat10401-----400ml-15mm-30633.html;;;;;;NO;NO;SIN_PRECIO_PROVEEDOR_ACTUAL
2a81be62-e27f-56c1-9d1a-246d9d9b1b07;461559;Wadfow gato hidráulico 2T WHJ2502;True;False;True;72800.0;46687.0;1.559;86400;13600;28.0;USD;https://www.totalherramientasoficial.com.py/produto/wadfow-macaco-2t---whj2502-41781.html;2026-09-27;;;;;NO;NO;DEBAJO_DE_1_75_COSTO_BASE
2aaaa465-9497-5958-a26a-6bc78d8a3369;461443;Wadfow caja fuerte digital 27L 20X43X35CM WEB1535;True;False;True;161200.0;103379.0;1.559;191300;30100;62.0;USD;https://www.totalherramientasoficial.com.py/produto/wadfow-cofre---digital-27l--20x43x35cm---web1535-41770.html;2026-09-27;;;;;NO;NO;DEBAJO_DE_1_75_COSTO_BASE
2aab6e8f-ae6d-5c99-92f8-73f065c80d68;446563;Total pistola calor UTB20036 2000W soplador;True;False;True;108100.0;69344.0;1.559;128300;20200;;;https://www.totalherramientasoficial.com.py/produto/total-pistola-calor-utb20036-2000w-soprador-38684.html;;;;;;NO;NO;SIN_PRECIO_PROVEEDOR_ACTUAL
2ac66187-0302-58ee-9e6a-9814d71f8c69;470773;"Wadfow válvula de compuerta 3/4"" WVV7814";True;False;True;15000.0;9639.0;1.556;17800;2800;5.78;USD;https://www.totalherramientasoficial.com.py/produto/wadfow--valvula-de--gaveta-34---wvv7814-42761.html;2026-09-27;;;;;NO;NO;DEBAJO_DE_1_75_COSTO_BASE
2ac6d3df-a5d1-59b4-9998-834e8fb375c3;543415;Wadfow mosquetones 2PCS WQL1K02;True;False;True;17200.0;11032.0;1.559;20400;3200;;;https://www.totalherramientasoficial.com.py/produto/wadfow-mosquetones-2pcs--wql1k02-52427.html;;;;;;NO;NO;SIN_PRECIO_PROVEEDOR_ACTUAL
2adda36b-ffa0-56fd-ab81-b58722fb224f;200288;Total medidor laser 0.05-100M TMT51036;True;False;True;31900.0;20488.0;1.557;37900;6000;;;https://www.totalherramientasoficial.com.py/produto/total-trena-laser--005100m--tmt51036-55245.html;;;;;;NO;NO;SIN_PRECIO_PROVEEDOR_ACTUAL
2ae0bad6-bf7f-58e7-afef-6e6ae343c24d;430388;Total martillo machnista THT715006;True;False;True;24100.0;15423.0;1.563;28500;4400;9.25;USD;https://www.totalherramientasoficial.com.py/produto/total-martelo-machnista-tht715006-33976.html;2026-09-27;;;;;NO;NO;DEBAJO_DE_1_75_COSTO_BASE
2af7a940-0563-5da5-a9e9-93f5769f2b4a;381550;Total kit alicate THT1K0301 3PCS;True;False;True;8800.0;5674.0;1.551;10500;1700;;;https://www.totalherramientasoficial.com.py/produto/total-kit-alicate--tht1k0301-3pcs-29317.html;;;;;;NO;NO;SIN_PRECIO_PROVEEDOR_ACTUAL
2b01d5fb-205f-5f6d-a566-b34b1cda22a0;512169;"Total motosierra 20V motor sin escobillas 12"" TGSLI201286";True;False;True;46700.0;29944.0;1.56;55400;8700;;;https://www.totalherramientasoficial.com.py/produto/total-motoserra-20v-motor-sem-escovas-12-tgsli201286-48567.html;;;;;;NO;NO;SIN_PRECIO_PROVEEDOR_ACTUAL
2b071ffb-7793-55b0-ac4c-d9be6ced0ff4;381239;Total bomba agua TWP515001 2HP 1500W 135M;True;False;True;172000.0;110320.0;1.559;204100;32100;;;https://www.totalherramientasoficial.com.py/produto/total-bomba-agua-twp515001-2hp-1500w-135m-29287.html;;;;;;NO;NO;SIN_PRECIO_PROVEEDOR_ACTUAL
2b5faa83-2959-5a0c-94a1-125b7e4e3c84;612326;"Total alicate de corte diagonal 50% 180MM 7"" THT231708S";True;False;True;8800.0;5674.0;1.551;10500;1700;;;https://www.totalherramientasoficial.com.py/produto/total-alicate-de-corte-diagonal--50-180mm-7--tht231708s-57245.html;;;;;;NO;NO;SIN_PRECIO_PROVEEDOR_ACTUAL
2b60f84d-63d8-54a6-b49a-532c2a7c2351;512565;Total soplador/aspirador 20V TABLI200282;True;False;True;186800.0;119776.0;1.56;221600;34800;;;https://www.totalherramientasoficial.com.py/produto/total-sopradoraspirador-20v-tabli200282-48607.html;;;;;;NO;NO;SIN_PRECIO_PROVEEDOR_ACTUAL
2b7ac096-b987-5392-946f-806d5fc0a0b4;240147;Total sierra caladora de banco UTS88501 85W;True;False;True;234000.0;150067.0;1.559;277600;43600;90.0;USD;https://www.totalherramientasoficial.com.py/produto/total-serra-eletrica-bancada-uts88501-85w-18505.html;2026-09-27;;;;;NO;NO;DEBAJO_DE_1_75_COSTO_BASE
2b8a3803-43c6-5515-af46-d4fb950a5108;565011;Total caja de herramientas 2 cajones THPTC202;True;False;True;27000.0;17336.0;1.557;32100;5100;;;https://www.totalherramientasoficial.com.py/produto/total-caixa-de-ferramentas-com-2-gavetas--thptc202-54611.html;;;;;;NO;NO;SIN_PRECIO_PROVEEDOR_ACTUAL
2baa3041-b187-5cb6-a80b-022eb6c198c5;417464;Total botas seguridad TSP201SB.44;True;False;True;57200.0;36683.0;1.559;67900;10700;22.0;USD;https://www.totalherramientasoficial.com.py/produto/total-botas-seguranca-tsp201sb44-32647.html;2026-09-27;;;;;NO;NO;DEBAJO_DE_1_75_COSTO_BASE
2bd00fc7-3cc5-5fb2-a813-17e4e31007a8;583831;Total sierra circular 42V TSLI4218512;True;False;True;137600.0;88256.0;1.559;163300;25700;;;https://www.totalherramientasoficial.com.py/produto/total-serra-circular--42v--tsli4218512-56807.html;;;;;;NO;NO;SIN_PRECIO_PROVEEDOR_ACTUAL
2bebf9b5-9e74-5dbe-83c3-f491f82ab6a0;21920;Total soldador electrico con control de temperatura 120W TET01;True;False;True;19500.0;12507.0;1.559;23100;3600;7.5;USD;https://www.totalherramientasoficial.com.py/produto/total-ferro-de-soldar-eletrico-com-controle-de-temperatura-120w--tet01610-55434.html;2026-09-27;;;;;NO;NO;DEBAJO_DE_1_75_COSTO_BASE
2bf9bfdb-2666-5ee7-bd01-4644f96bd578;543804;Wadfow hidrolavadora 1885PSI WHP4A16 1600W 220V;True;False;True;325000.0;208426.0;1.559;385600;60600;125.0;USD;https://www.totalherramientasoficial.com.py/produto/wadfow-lava-jato-1885psi-whp4a16-1600w-220v-52466.html;2026-09-27;;;;;NO;NO;DEBAJO_DE_1_75_COSTO_BASE
2c227149-e626-5f41-8132-32e57a0abe58;537308;Wadfow prensa sargento de banco 70MM WATV1528;True;False;True;15600.0;10004.0;1.559;18500;2900;6.0;USD;https://www.totalherramientasoficial.com.py/produto/wadfow-sargento-bancada-70mm--watv1528-51796.html;2026-09-27;;;;;NO;NO;DEBAJO_DE_1_75_COSTO_BASE
2c2fa43e-7a68-5057-8419-a7dd49080e26;528399;Wadfow llave en t 17MM WTH1117;True;False;True;4600.0;2919.0;1.576;5400;800;1.75;USD;https://www.totalherramientasoficial.com.py/produto/wadfow-chave-em-t-17mm--wth1117-50671.html;2026-09-27;;;;;NO;NO;DEBAJO_DE_1_75_COSTO_BASE
2c30d737-1988-5087-9306-aab0b8431c98;463911;Wadfow pistola de aire WGA1504 600CC;True;False;True;17200.0;11032.0;1.559;20400;3200;;;https://www.totalherramientasoficial.com.py/produto/wadfow--pistola-de-ar---wga1504-600cc-42038.html;;;;;;NO;NO;SIN_PRECIO_PROVEEDOR_ACTUAL
2c3ffb5c-cd51-58aa-bbd4-3c7bb66ba12f;543163;Wadfow calibrador digital 300MM WVC2B30;True;False;True;91000.0;58359.0;1.559;108000;17000;35.0;USD;https://www.totalherramientasoficial.com.py/produto/wadfow-calibrador-digital--300mm-wvc2b30-52402.html;2026-09-27;;;;;NO;NO;DEBAJO_DE_1_75_COSTO_BASE
2c750380-485d-5348-a154-7c062dedc87f;346184;Total juego de brocas para metal, hormigón y madera TACSD6165;True;False;True;15700.0;10086.0;1.557;18700;3000;;;https://www.totalherramientasoficial.com.py/produto/total-conjunto-de-broca-para-metal-betao-e-madeira-tacsd6165-16pcs-25992.html;;;;;;NO;NO;SIN_PRECIO_PROVEEDOR_ACTUAL
2c8aeba3-7dc2-578e-8a06-f8d4f40cd563;527651;Total amoladora 20V TAGLI27153 1000W;True;False;True;152400.0;97712.0;1.56;180800;28400;;;https://www.totalherramientasoficial.com.py/produto/total-lixadeira-20v-tagli27153-1000w-50590.html;;;;;;NO;NO;SIN_PRECIO_PROVEEDOR_ACTUAL
2c95d74a-d4c0-5d1f-b691-7ccb268569be;380966;Total cargador TOC228120 12V 220V;True;False;True;20600.0;13238.0;1.556;24500;3900;;;https://www.totalherramientasoficial.com.py/produto/total-caregador--toc228120-12v-220v-29259.html;;;;;;NO;NO;SIN_PRECIO_PROVEEDOR_ACTUAL
2c98ad68-ba6c-5f1d-98a4-630455f2eb87;471183;Wadfow bomba periférica WWPVA03;True;False;True;17200.0;11032.0;1.559;20400;3200;48.0;USD;https://www.totalherramientasoficial.com.py/produto/wadfow-bomba-periferica----wwpva03-42802.html;2026-09-27;;;;;NO;NO;DEBAJO_DE_1_75_COSTO_BASE
2ca703b9-faa0-5206-a60a-242aedb1425b;488730;"Wadfow llave para lavabo 10"" 25MM WBF1732";True;False;True;15600.0;10004.0;1.559;18500;2900;6.0;USD;https://www.totalherramientasoficial.com.py/produto/wadfow-chave-de-pia-10-25mm-wbf1732-46109.html;2026-09-27;;;;;NO;NO;DEBAJO_DE_1_75_COSTO_BASE
2cbfccf3-c34a-5a2e-a051-4d010c5b1b5f;10765;Medicube Sérum Facial PDRN Pink Collagen Exosome Shot 7500 30 ml;True;False;True;33800.0;;;;;13.0;USD;https://atacadousa.com.py/cosmeticos/10765-serum-facial-medicube-pdrn-pink-collagen-exosome-shot-7500-30ml115549.html;2026-09-27;;;;;NO;NO;SIN_COSTO_BASE_DOCUMENTADO
2cc93e4f-1658-5961-9417-537d440f6528;436670;Total juego de destornilladores TACSD302462 24IN1;True;False;True;15700.0;10086.0;1.557;18700;3000;;;https://www.totalherramientasoficial.com.py/produto/total-kit-chave-de-fenda-tacsd302462-24in1-34627.html;;;;;;NO;NO;SIN_PRECIO_PROVEEDOR_ACTUAL
2ce3856a-f29d-5c57-83f9-b801322a1700;116640;Total martillo de garra 560GR THCH61020;True;False;True;10800.0;6934.0;1.558;12800;2000;;;https://www.totalherramientasoficial.com.py/produto/total--martillo-de-garra--560gr-thch61020-13021.html;;;;;;NO;NO;SIN_PRECIO_PROVEEDOR_ACTUAL
2ceaf46e-3146-57b1-9786-f1ead6fd6145;460422;Wadfow remachadora manual WHR3517;True;False;True;16300.0;10421.0;1.564;19300;3000;6.25;USD;https://www.totalherramientasoficial.com.py/produto/wadfow-rebitador-mao----whr3517-41668.html;2026-09-27;;;;;NO;NO;DEBAJO_DE_1_75_COSTO_BASE
2cfa24a7-a257-5a36-a442-3ac3e8632f85;583909;Total juego de alicate 4PCS THT2K0498;True;False;True;8800.0;5674.0;1.551;10500;1700;;;https://www.totalherramientasoficial.com.py/produto/total-kit-de-alicates-4pcs-tht2k0498-56814.html;;;;;;NO;NO;SIN_PRECIO_PROVEEDOR_ACTUAL
2d38db42-ecac-56fe-bf42-bc6221f6b33c;456821;Total taladro percutor y atornillador 20V TIDLI20145 2 bateria;True;False;True;33400.0;21434.0;1.558;39700;6300;;;https://www.totalherramientasoficial.com.py/produto/total--parafusadeira-furadeira--20v-tidli20145--2-baterias-40750.html;;;;;;NO;NO;SIN_PRECIO_PROVEEDOR_ACTUAL
2d4e8915-4bb0-515f-b340-548f79f27d4a;526197;Total pinza amperimétrica ac 400A TMT762001;True;False;True;44200.0;28346.0;1.559;52400;8200;17.0;USD;https://www.totalherramientasoficial.com.py/produto/total-pinca-amperimetro--ac-400a--tmt762001-50443.html;2026-09-27;;;;;NO;NO;DEBAJO_DE_1_75_COSTO_BASE
2d61ac21-5940-57c6-8c2e-9a452d302563;239387;Total pistola calor UTB1201 2000W soprad;True;False;True;108100.0;69344.0;1.559;128300;20200;;;https://www.totalherramientasoficial.com.py/produto/total-pistola-calor-utb1201-2000w-soprad-18476.html;;;;;;NO;NO;SIN_PRECIO_PROVEEDOR_ACTUAL
2d9c37c9-0503-574b-8dbd-286254f3921f;512008;Total hidrolavadora comercial 2400W TGT11176;True;False;True;324400.0;208032.0;1.559;384900;60500;;;https://www.totalherramientasoficial.com.py/produto/total--lavadora-de-pressao-comercial-2400w-tgt11176-48551.html;;;;;;NO;NO;SIN_PRECIO_PROVEEDOR_ACTUAL
2d9e0fd6-9503-5850-b23f-6d55059382c3;21234;Wadfow dados de impacto hexagonales 8PCS 78MM crmo WMS3408;True;False;True;157300.0;100864.0;1.56;186600;29300;;;https://www.totalherramientasoficial.com.py/produto/wadfow--soquetes-de-impacto-hexagonal-8pcs---78mm--crmo-wms3408-54856.html;;;;;;NO;NO;SIN_PRECIO_PROVEEDOR_ACTUAL
2de78106-5a36-54f5-871a-71821f47ecf4;341080;Total bolsa herramienta THT16P1011;True;False;True;41800.0;26792.0;1.56;49600;7800;;;https://www.totalherramientasoficial.com.py/produto/total-bolsa-ferramenta-tht16p1011-25578.html;;;;;;NO;NO;SIN_PRECIO_PROVEEDOR_ACTUAL
2e01b407-5bf1-569e-8ae5-33d5eef4dfdd;501972;Total kit de bateria +cargador 20V TFBCLI20245;True;False;True;33400.0;21434.0;1.558;39700;6300;;;https://www.totalherramientasoficial.com.py/produto/total-kit-de-bateria--carregador-20v-tfbcli20245-47481.html;;;;;;NO;NO;SIN_PRECIO_PROVEEDOR_ACTUAL
2e26539d-fa26-5855-83a8-c88ec1a73ce2;614085;Wadfow candado 30MM WPD1430;True;False;True;6100.0;3918.0;1.557;7200;1100;2.35;USD;https://www.totalherramientasoficial.com.py/produto/wadfow-cadiado-30mm--wpd1430-57215.html;2026-09-27;;;;;NO;NO;DEBAJO_DE_1_75_COSTO_BASE
2e58d966-b7ff-5c80-98bb-318e3a0d0d20;463836;Wadfow rotomartillo sds plus 800W WRH1D26;True;False;True;130000.0;83370.0;1.559;154200;24200;50.0;USD;https://www.totalherramientasoficial.com.py/produto/wadfow-martelete-sds-plus-800w---wrh1d26-42030.html;2026-09-27;;;;;NO;NO;DEBAJO_DE_1_75_COSTO_BASE
2e58ff94-f752-5e51-952d-43b51a00e7b3;542944;Wadfow extractor de engranaje 130X100MM WGP4A02;True;False;True;17200.0;11032.0;1.559;20400;3200;;;https://www.totalherramientasoficial.com.py/produto/wadfow-puxador-engranagem-130x100mm-wgp4a02-52380.html;;;;;;NO;NO;SIN_PRECIO_PROVEEDOR_ACTUAL
2e9da543-7b99-5a23-a742-e1def47eb99a;316194;Total tecle de cadena 1TON 3M THT1611;True;False;True;59000.0;37824.0;1.56;70000;11000;;;https://www.totalherramientasoficial.com.py/produto/total-talha-1ton-3m--tht1611-23333.html;;;;;;NO;NO;SIN_PRECIO_PROVEEDOR_ACTUAL
2eb17691-5646-5b57-b2a9-9a7437a768ae;239943;Total bateria TOBP1803 18V;True;False;True;27300.0;17509.0;1.559;32400;5100;10.5;USD;https://www.totalherramientasoficial.com.py/produto/total-bateria-tobp1803--18v-18502.html;2026-09-27;;;;;NO;NO;DEBAJO_DE_1_75_COSTO_BASE
2eb28444-eb35-5422-80a5-e1bb5382bc50;446679;"Total conector de manguera de plástico 1"" - 3/4"" THHC604101";True;False;True;13000.0;8321.0;1.562;15400;2400;4.99;USD;https://www.totalherramientasoficial.com.py/produto/total-conector-de-mangueira-de-plastico-1--34-thhc604101-38695.html;2026-09-27;;;;;NO;NO;DEBAJO_DE_1_75_COSTO_BASE
2ebe2ccc-fd79-5683-9da9-dc8533e58e6d;313742;Total esmeril de bancada TBG35020 350W;True;False;True;120100.0;77035.0;1.559;142500;22400;46.2;USD;https://www.totalherramientasoficial.com.py/produto/total-esmeril-de-bancada--tbg35020-350w-23094.html;2026-09-27;;;;;NO;NO;DEBAJO_DE_1_75_COSTO_BASE
2f5d3436-9c70-5d39-a2b7-ed8cdb7008e3;456302;"Total tijera de electricista 5.5"" 145MM THT1155871";True;False;True;13800.0;8826.0;1.564;16300;2500;;;https://www.totalherramientasoficial.com.py/produto/total-tesoura-eletrecista--55-145mm---tht1155871-40698.html;;;;;;NO;NO;SIN_PRECIO_PROVEEDOR_ACTUAL
2f65f26d-d0a4-55b5-ba6d-1068801b0488;463232;Wadfow candado 60MM WPD1460;True;False;True;15000.0;9588.0;1.564;17700;2700;5.75;USD;https://www.totalherramientasoficial.com.py/produto/wadfow-cadiado--60mm-----wpd1460-41970.html;2026-09-27;;;;;NO;NO;DEBAJO_DE_1_75_COSTO_BASE
2f8ed992-8131-581e-a30c-9c6e1d2c56a7;615266;Total martillo rotativo 20V TRHLI222085 2B slim;True;False;True;235900.0;151296.0;1.559;279900;44000;;;https://www.totalherramientasoficial.com.py/produto/total-martelete--20v--trhli222085-2b-slim-57223.html;;;;;;NO;NO;SIN_PRECIO_PROVEEDOR_ACTUAL
2f9de8ec-6bb0-521b-a352-81763f2705c5;5890;Total taladro de impacto 20V 96NM UTIDLI209686 motor sin escob;True;False;True;309400.0;198422.0;1.559;367100;57700;119.0;USD;https://www.totalherramientasoficial.com.py/produto/total-parafusadeira-de-impacto-20v-96nm--utidli209686-motor-sem-escovas-55840.html;2026-09-27;;;;;NO;NO;DEBAJO_DE_1_75_COSTO_BASE
2fa992fe-0239-5367-b196-122755a5bbf1;521451;Total pulverizador 20L THSPP42002;True;False;True;62400.0;40018.0;1.559;74000;11600;24.0;USD;https://www.totalherramientasoficial.com.py/produto/total-pulverizador--20l--thspp42002-49898.html;2026-09-27;;;;;NO;NO;DEBAJO_DE_1_75_COSTO_BASE
2fd6f58b-fe3b-5571-9f29-fdb5b8f7d767;456241;Total alicate deslizante THT118062 6'';True;False;True;6500.0;4170.0;1.559;7700;1200;2.5;USD;https://www.totalherramientasoficial.com.py/produto/total-alicate-deslizante--tht118062--6-40692.html;2026-09-27;;;;;NO;NO;DEBAJO_DE_1_75_COSTO_BASE
2feff50e-a924-5934-b1a1-125c79dfaf1a;487023;Total accesorios de mini taladro 420PCS TAKMG4208;True;False;True;40300.0;25846.0;1.559;47800;7500;;;https://www.totalherramientasoficial.com.py/produto/total-acessorios-para-mini-furadeira-420pcs-takmg4208-45937.html;;;;;;NO;NO;SIN_PRECIO_PROVEEDOR_ACTUAL
30269102-d90d-58f9-8b60-3da092148912;381154;Total soporte de eletrodo para maquina de soldar TWAH8006;True;False;True;206400.0;132384.0;1.559;244900;38500;;;https://www.totalherramientasoficial.com.py/produto/total-suporte-de-eletrodo-para-maquina-de-solda--twah8006-29279.html;;;;;;NO;NO;SIN_PRECIO_PROVEEDOR_ACTUAL
3043c3a0-f925-543d-8400-f2d5286c222f;613811;Wadfow taladro drywall 20V WDS204285 2.0AH;True;False;True;176800.0;113384.0;1.559;209800;33000;68.0;USD;https://www.totalherramientasoficial.com.py/produto/wadfow-parafusadeira-20v--wds204285-20ah-57173.html;2026-09-27;;;;;NO;NO;DEBAJO_DE_1_75_COSTO_BASE
304a6728-dc51-585d-b3e7-0bc1b51fb4f9;462334;"Wadfow alicate pico.l WPL2938 8"" aislado";True;False;True;13600.0;8753.0;1.554;16200;2600;5.25;USD;https://www.totalherramientasoficial.com.py/produto/wadfow-alicate-picol--wpl2938-8-isolada-41859.html;2026-09-27;;;;;NO;NO;DEBAJO_DE_1_75_COSTO_BASE
305c4ee7-cd35-593e-b662-04ba900905b0;460460;"Wadfow tijera aviacion recta 10"" WAS2910";True;False;True;12300.0;7880.0;1.561;14600;2300;;;https://www.totalherramientasoficial.com.py/produto/wadfow-tesoura-lata--10--was2910-41672.html;;;;;;NO;NO;SIN_PRECIO_PROVEEDOR_ACTUAL
306e548f-e0ff-5530-b941-7ebaccdc1288;444453;Total hidrolavadora 20V TPWLI2008;True;False;True;157300.0;100864.0;1.56;186600;29300;;;https://www.totalherramientasoficial.com.py/produto/total-lava-jato--20v-tpwli2008-37993.html;;;;;;NO;NO;SIN_PRECIO_PROVEEDOR_ACTUAL
307fb5ae-4c44-5d27-a5aa-a8b51c0722f8;133180;Total generador a gasolina ultra silencioso 1.1KW TP515006;True;False;True;803400.0;515229.0;1.559;953200;149800;309.0;USD;https://www.totalherramientasoficial.com.py/produto/total-gerador-a-gasolina-ultra-silencioso-11kw---tp515006-56028.html;2026-09-27;;;;;NO;NO;DEBAJO_DE_1_75_COSTO_BASE
30fee18c-ff85-5cf8-9285-90aee958d63f;56922;Total sierra sable TS100756 750W;True;False;True;127800.0;81952.0;1.559;151600;23800;;;https://www.totalherramientasoficial.com.py/produto/total-serra-sabre-ts100756-750w-35783.html;;;;;;NO;NO;SIN_PRECIO_PROVEEDOR_ACTUAL
3120efbc-06d7-5581-93eb-f2be6d718d5e;460651;Wadfow hacha 800G WHM6308;True;False;True;17200.0;11032.0;1.559;20400;3200;;;https://www.totalherramientasoficial.com.py/produto/wadfow-machado--800g---whm6308-41691.html;;;;;;NO;NO;SIN_PRECIO_PROVEEDOR_ACTUAL
31369d78-68a3-5ba9-8a71-10af811d0fb4;490085;Wadfow escalera extensible 3 tramos WLD6H38;True;False;True;293800.0;188417.0;1.559;348600;54800;113.0;USD;https://www.totalherramientasoficial.com.py/produto/wadfow--escada-extensivel-3-secoes--wld6h38-46244.html;2026-09-27;;;;;NO;NO;DEBAJO_DE_1_75_COSTO_BASE
315280b4-ad8b-5f3e-9e60-eb024db9c3b7;312134;Total fresadora UTR11122 2200W roteador ind.;True;False;True;108100.0;69344.0;1.559;128300;20200;;;https://www.totalherramientasoficial.com.py/produto/total-tupia-utr11122-2200w-roteador-ind-22942.html;;;;;;NO;NO;SIN_PRECIO_PROVEEDOR_ACTUAL
31588066-484f-5645-b8bf-7fc75430c1f5;538718;Wadfow caja de herramientas con 6 gavetas WCS4A08;True;False;True;27000.0;17336.0;1.557;32100;5100;;;https://www.totalherramientasoficial.com.py/produto/wadfow-caixa-de-ferramentas-com-6-gavetas-wcs4a08-51937.html;;;;;;NO;NO;SIN_PRECIO_PROVEEDOR_ACTUAL
31675fa5-2f79-5f67-9263-2e3f06fe388f;59237;Total atornillador inalámbrico 4V TSDLI04062;True;False;True;157300.0;100864.0;1.56;186600;29300;;;https://www.totalherramientasoficial.com.py/produto/total-parafusadeira-sem-fio-4v--tsdli04062-55488.html;;;;;;NO;NO;SIN_PRECIO_PROVEEDOR_ACTUAL
317201a9-272e-5b40-a4c3-f67b75fd3f7f;528658;Wadfow juego de brocas y puntas de destornillador 16 pcs WKS41;True;False;True;7200.0;4586.0;1.57;8500;1300;2.75;USD;https://www.totalherramientasoficial.com.py/produto/wadfow-conjunto-de-brocas-e-pontas-de-chave-de-fenda-16-pcs--wks4165-50697.html;2026-09-27;;;;;NO;NO;DEBAJO_DE_1_75_COSTO_BASE
319ac75a-1780-55ab-a734-d8d6a60f450b;542081;Total taladro función de impacto 20V UTIDLI20968 96NM motor si;True;False;True;167100.0;107168.0;1.559;198300;31200;;;https://www.totalherramientasoficial.com.py/produto/total-parafuzadeira-funcao-de-impacto-20v-utidli20968-96nm-motor-sem-escovas-52294.html;;;;;;NO;NO;SIN_PRECIO_PROVEEDOR_ACTUAL
319f66bf-97bd-5c9e-a422-fb767a4fd25a;340465;Total kit herramienta THT141451 45PZS;True;False;True;13800.0;8826.0;1.564;16300;2500;;;https://www.totalherramientasoficial.com.py/produto/total-kit-feramenta--tht141451-45pcs-25513.html;;;;;;NO;NO;SIN_PRECIO_PROVEEDOR_ACTUAL
31b51bbd-1d1e-5698-a4d8-9a297f8f8cb3;609944;Total cortador de piso 800MM THT08001;True;False;True;156000.0;100029.0;1.56;185100;29100;59.99;USD;https://www.totalherramientasoficial.com.py/produto/total-cortador-de-piso-800mm--tht08001-57273.html;2026-09-27;;;;;NO;NO;DEBAJO_DE_1_75_COSTO_BASE
31c6ac21-5470-53e6-9ef6-5041d44ded4d;553469;Total cepillo circular para hidrolavadora THPB36201;True;False;True;39000.0;25011.0;1.559;46300;7300;15.0;USD;https://www.totalherramientasoficial.com.py/produto/total-escova-circular-para-lavadora-de-alta-pressao---thpb36201-53446.html;2026-09-27;;;;;NO;NO;DEBAJO_DE_1_75_COSTO_BASE
31d4b30e-2f98-54ef-be05-d50f6bc97826;616867;Wadfow cabrestante eléctrico 250KG 18M UWETH1A04;True;False;True;223600.0;143397.0;1.559;265300;41700;;;https://www.totalherramientasoficial.com.py/produto/wadfow--gincho--electrico-250kg-18m---uweth1a04-57229.html;;;;;;NO;NO;SIN_PRECIO_PROVEEDOR_ACTUAL
31db7a13-c9c4-59e0-81af-b87e66c2b3ba;609937;Total nivel de burbuja magnetico TMT220028 200CM;True;False;True;54000.0;34600.0;1.561;64000;10000;20.75;USD;https://www.totalherramientasoficial.com.py/produto/total-nivel-magnetico-tmt220028--200cm-57272.html;2026-09-27;;;;;NO;NO;DEBAJO_DE_1_75_COSTO_BASE
31f2ab47-36a8-5dfb-9bd3-dcf60f77e6cb;460224;Wadfow set alicate 4PZ WPS2604 circlip;True;False;True;8800.0;5674.0;1.551;10500;1700;;;https://www.totalherramientasoficial.com.py/produto/wadfow-kit-alicate-4p---wps2604-circlip-41648.html;;;;;;NO;NO;SIN_PRECIO_PROVEEDOR_ACTUAL
32005172-26c4-5f7a-a779-f11478dbb532;549189;Total taladro de impacto 20V 96NM TIDLI209681;True;False;True;137600.0;88256.0;1.559;163300;25700;;;https://www.totalherramientasoficial.com.py/produto/total--parafusadeira-de-impacto--20v--96nm-tidli209681-53009.html;;;;;;NO;NO;SIN_PRECIO_PROVEEDOR_ACTUAL
32829785-075a-570e-b9c7-1f4cf0ad24ba;465403;Total pistola de pegamento TGGLI1201 12V;True;False;True;30000.0;19259.0;1.558;35600;5600;11.55;USD;https://www.totalherramientasoficial.com.py/produto/total-pistola-de-cola-tggli1201-12v-42187.html;2026-09-27;;;;;NO;NO;DEBAJO_DE_1_75_COSTO_BASE
32c95998-ab84-5dbc-856e-438b01ee4163;614047;Wadfow adaptadores para extracción de balineras rueda delanter;True;False;True;143000.0;91707.0;1.559;169700;26700;55.0;USD;https://www.totalherramientasoficial.com.py/produto/wadfow--adaptadores-para-remocao-dos-rolamentos-da-roda-dianteira-23-pcs--wgp5d23-57180.html;2026-09-27;;;;;NO;NO;DEBAJO_DE_1_75_COSTO_BASE
32d45543-b637-5819-9d8a-e75329ae88d1;612043;"Total caja de herramientas 33"" 35KG TPBX0332";True;False;True;27000.0;17336.0;1.557;32100;5100;;;https://www.totalherramientasoficial.com.py/produto/total-caixa-de-ferramentas--33-35kg--tpbx0332-57235.html;;;;;;NO;NO;SIN_PRECIO_PROVEEDOR_ACTUAL
32ead126-6ae4-5a0e-a43f-097488998794;232326;Wadfow martillo de lapidación 3KG WHM2330;True;False;True;33800.0;21676.0;1.559;40100;6300;13.0;USD;https://www.totalherramientasoficial.com.py/produto/wadfow--martelo-marreta---3kg--whm2330-18214.html;2026-09-27;;;;;NO;NO;DEBAJO_DE_1_75_COSTO_BASE
330daa1a-5854-5789-98a6-1b89f58b836d;501859;Total llave de impacto 20V TIRLI2028 punta de encaje motor sin;True;False;True;231400.0;148384.0;1.559;274500;43100;88.99;USD;https://www.totalherramientasoficial.com.py/produto/total-chave-de-impacto-20v-tirli2028-ponta-de-encaixe--motor-sem-escovas-47469.html;2026-09-27;;;;;NO;NO;DEBAJO_DE_1_75_COSTO_BASE
33143e5c-e6c5-58cf-92ea-4aae4a095fe4;536578;"Total kit de herramientas juego de dados 3/8"" 22PCS THT381221";True;False;True;54100.0;34672.0;1.56;64100;10000;;;https://www.totalherramientasoficial.com.py/produto/total--kit-ferramentas-conjunto-de-socket-38-22pcs--tht381221-51718.html;;;;;;NO;NO;SIN_PRECIO_PROVEEDOR_ACTUAL
3314e39b-40ef-58d7-b03e-b7328f5d48b1;461641;Wadfow juego de 36 puntas de destornillador WBS3B36;True;False;True;13000.0;8337.0;1.559;15400;2400;5.0;USD;https://www.totalherramientasoficial.com.py/produto/wadfow--bits-kit-de-chave-de-fenda-36-pcs-wbs3b36-41790.html;2026-09-27;;;;;NO;NO;DEBAJO_DE_1_75_COSTO_BASE
334fc80f-7c5e-52bc-a59e-88744247eee6;469944;Wadfow jabonera y soporte WZG1505;True;False;True;12900.0;8255.0;1.563;15300;2400;4.95;USD;https://www.totalherramientasoficial.com.py/produto/wadfow-saboneteira-e-suporte-wzg1505-42678.html;2026-09-27;;;;;NO;NO;DEBAJO_DE_1_75_COSTO_BASE
337a2a8d-cff7-5e0d-a376-2fbac8eb8762;501231;Wadfow escalera andamio 16 escalones 150KG aluminio con plataf;True;False;True;257400.0;165073.0;1.559;305400;48000;;;https://www.totalherramientasoficial.com.py/produto/wadfow-escada-de-andaime-16-degraus-150kg-aluminio-com-plataforma--wld7h44-47406.html;;;;;;NO;NO;SIN_PRECIO_PROVEEDOR_ACTUAL
339ec97f-b886-5e0c-b7d3-b5107158607d;487979;Total llave trinquete 20V TDRLI2060152;True;False;True;8800.0;5674.0;1.551;10500;1700;;;https://www.totalherramientasoficial.com.py/produto/total--chave-catraca-20v-tdrli2060152-46033.html;;;;;;NO;NO;SIN_PRECIO_PROVEEDOR_ACTUAL
33abffe7-cdbb-54a2-b8fc-722ac5b4b4e2;32902;Total combo 3PCS llave+ amoladora+ lampara de trabajo 20V tosl;True;False;True;368600.0;236400.0;1.559;437300;68700;;;https://www.totalherramientasoficial.com.py/produto/total-combo-3pcs-chave-esmerilhadeira--lampada-de-trabalho--20v-tosli250593-55508.html;;;;;;NO;NO;SIN_PRECIO_PROVEEDOR_ACTUAL
33b272e3-aa6a-56bd-999d-edcf675c23cc;486088;Total atornillador 20V UTIDLI20508 2BT 2.0 motor brushless;True;False;True;167100.0;107168.0;1.559;198300;31200;;;https://www.totalherramientasoficial.com.py/produto/total--parafusadeira-20v--utidli20508--2bt-20--motor-brushless-45822.html;;;;;;NO;NO;SIN_PRECIO_PROVEEDOR_ACTUAL
33c938fa-2c77-537b-aaba-ee54aed0563e;444286;Total cinta metrica TMTF13506;True;False;True;3900.0;2522.0;1.546;4700;800;;;https://www.totalherramientasoficial.com.py/produto/total-trena-tmtf13506-37976.html;;;;;;NO;NO;SIN_PRECIO_PROVEEDOR_ACTUAL
33ef2df8-ff1c-527c-a6f4-485c68513ba3;456340;Total juego de herramientas THKTHP21006 100PCS;True;False;True;239900.0;153818.0;1.56;284600;44700;92.25;USD;https://www.totalherramientasoficial.com.py/produto/total-kit-feramenta--thkthp21006-100pcs-40702.html;2026-09-27;;;;;NO;NO;DEBAJO_DE_1_75_COSTO_BASE
341298de-ce5a-5163-9330-f1dc7d652edd;417471;Total botas seguridad TSP201SB.45;True;False;True;57200.0;36683.0;1.559;67900;10700;;;https://www.totalherramientasoficial.com.py/produto/total-botas-seguranca-tsp201sb45-32648.html;;;;;;NO;NO;SIN_PRECIO_PROVEEDOR_ACTUAL
34311c3e-a5d4-5869-9fa4-84d196542568;542326;Wadfow taladro de impacto 20V compacto sin escobillas 52NM wcd;True;False;True;133900.0;85873.0;1.559;158900;25000;55.0;USD;https://www.totalherramientasoficial.com.py/produto/wadfow--parafuzadeira-de-impacto-20v--sem-escovas-compacta-52nm---wcdp5281-52318.html;2026-09-27;;;;;NO;NO;DEBAJO_DE_1_75_COSTO_BASE
3445d979-ff07-5905-96eb-0071f142f394;381222;Total control para bomba de agua TWP57501-SB;True;False;True;42900.0;27514.0;1.559;50900;8000;16.5;USD;https://www.totalherramientasoficial.com.py/produto/total-controle-para-bomba-de-agua-twp57501sb-29286.html;2026-09-27;;;;;NO;NO;DEBAJO_DE_1_75_COSTO_BASE
3487a2e2-498d-5de8-a7cc-d988b769470f;340540;Total juego de cinceles 6PIEZAS THT42K0601;True;False;True;17200.0;11032.0;1.559;20400;3200;;;https://www.totalherramientasoficial.com.py/produto/total-conjunto-de-cinzel-de-6-pecas--tht42k0601-25522.html;;;;;;NO;NO;SIN_PRECIO_PROVEEDOR_ACTUAL
3488b81c-0f69-58ee-83b7-978002956f39;430371;"Total socket de impacto THISTD12101 1/2"" 10PCS";True;False;True;157300.0;100864.0;1.56;186600;29300;;;https://www.totalherramientasoficial.com.py/produto/total-soquet-de-impacto-thistd12101--12-10pcs-33975.html;;;;;;NO;NO;SIN_PRECIO_PROVEEDOR_ACTUAL
3498bc54-3293-50f8-a958-61a1e44a2c8d;461375;Wadfow estantes ajustables 5N1 WTS1A94 900X400X1.8;True;False;True;17200.0;11032.0;1.559;20400;3200;;;https://www.totalherramientasoficial.com.py/produto/wadfow--prateleira-5ni--wts1a94-900x400x18-41763.html;;;;;;NO;NO;SIN_PRECIO_PROVEEDOR_ACTUAL
349acbfa-6988-5bbb-8f18-4152f520e4f6;456418;Total sierra para hormigón THTLCS1241 de mano 24';True;False;True;28600.0;18341.0;1.559;33900;5300;11.0;USD;https://www.totalherramientasoficial.com.py/produto/total-serra-de-concreto-thtlcs1241-de-mao-24-40709.html;2026-09-27;;;;;NO;NO;DEBAJO_DE_1_75_COSTO_BASE
34d9897c-4b8f-569c-a609-121caf9f5254;461702;Wadfow taladro inalámbrico 12V WCDS520;True;False;True;71300.0;45704.0;1.56;84600;13300;;;https://www.totalherramientasoficial.com.py/produto/wadfow-parafusadeira-sem-fio-12v---wcds520-41796.html;;;;;;NO;NO;SIN_PRECIO_PROVEEDOR_ACTUAL
34deda5d-e70c-54b1-94c1-26858297d3e0;528290;Wadfow juego de llaves de trinquete flexible WSP5205;True;False;True;23900.0;15325.0;1.56;28400;4500;9.19;USD;https://www.totalherramientasoficial.com.py/produto/wadfow-conjunto-de-chave-trinquete-flexivel--wsp5205-50661.html;2026-09-27;;;;;NO;NO;DEBAJO_DE_1_75_COSTO_BASE
34ea6362-7cb0-5af3-8fda-a4dc49bd5df5;501965;Total bateria 20V 2PCS 4.0AH TOSLI240312;True;False;True;285100.0;182816.0;1.559;338200;53100;;;https://www.totalherramientasoficial.com.py/produto/total-bateria-20v-2pcs-40ah-tosli240312-47480.html;;;;;;NO;NO;SIN_PRECIO_PROVEEDOR_ACTUAL
34ecd076-d93d-57ea-93bf-8f83a9116c67;537049;Total bomba de agua TSWP7501 1HP 750W;True;False;True;236600.0;151734.0;1.559;280700;44100;91.0;USD;https://www.totalherramientasoficial.com.py/produto/total-bomba-de-agua-tswp7501-1hp-750w-51770.html;2026-09-27;;;;;NO;NO;DEBAJO_DE_1_75_COSTO_BASE
351c1b81-fc18-5d73-a5f2-6df3b9429c80;417303;Total máquina de soldadura TW22005 220V 200A;True;False;True;206400.0;132384.0;1.559;244900;38500;;;https://www.totalherramientasoficial.com.py/produto/total-maquina-de-solda--tw22005-220v-200a-32631.html;;;;;;NO;NO;SIN_PRECIO_PROVEEDOR_ACTUAL
35284f96-b594-5b81-b7f3-f9f4c5fd461e;585002;Total rotomartillo UTH1153256 1500W sds plus;True;False;True;270300.0;173360.0;1.559;320700;50400;;;https://www.totalherramientasoficial.com.py/produto/total-martelete--uth1153256-1500w-sds-plus-56924.html;;;;;;NO;NO;SIN_PRECIO_PROVEEDOR_ACTUAL
3558a320-344b-533c-a7cb-ee807509c9c3;176033;Total juego de destornilladores de precision aislados 6PCS thk;True;False;True;28000.0;17925.0;1.562;33200;5200;10.75;USD;https://www.totalherramientasoficial.com.py/produto/total-conjunto-de-chaves-de-fenda-de-precisao-isoladas-6pcs-thkipsd0601-15125.html;2026-09-27;;;;;NO;NO;DEBAJO_DE_1_75_COSTO_BASE
357c952d-7dc1-524a-99ff-238fc2ceb926;430463;Total alicate para bomba de agua aisladas THTIP28101;True;False;True;16900.0;10840.0;1.559;20100;3200;6.5;USD;https://www.totalherramientasoficial.com.py/produto/total-alicate-para-bomba-de-agua-isolado--thtip28101-33984.html;2026-09-27;;;;;NO;NO;DEBAJO_DE_1_75_COSTO_BASE
35860fd0-e5ee-52b0-8e60-983cbc41ce52;489416;"Wadfow juego de dados 24PCS de 1/2"" WST2L24";True;False;True;88400.0;56692.0;1.559;104900;16500;34.0;USD;https://www.totalherramientasoficial.com.py/produto/wadfow-conjunto-de-socket-24pcs--de-12--wst2l24-46177.html;2026-09-27;;;;;NO;NO;DEBAJO_DE_1_75_COSTO_BASE
358c2075-8249-5571-9763-e712895cd165;415415;Total kit herramienta THKTV02P041 4PCS;True;False;True;17200.0;11032.0;1.559;20400;3200;;;https://www.totalherramientasoficial.com.py/produto/total-kit-feramenta--thktv02p041-4pcs-32432.html;;;;;;NO;NO;SIN_PRECIO_PROVEEDOR_ACTUAL
35b5b688-993f-5362-8354-8211cee6d43b;461726;Wadfow taladro inalámbrico de iones de litio WCDP512;True;False;True;63900.0;40976.0;1.559;75800;11900;;;https://www.totalherramientasoficial.com.py/produto/wadfow-furadeira-sem-fio-de-ion-de-litio-41798.html;;;;;;NO;NO;SIN_PRECIO_PROVEEDOR_ACTUAL
35f4c38a-8c7f-536c-92a3-0d330be60bbe;506106;Wadfow pistola de calor 1600W WHG1516;True;False;True;35100.0;22512.0;1.559;41600;6500;13.5;USD;https://www.totalherramientasoficial.com.py/produto/wadfow--pistola-de-calor-1600w---whg1516-47896.html;2026-09-27;;;;;NO;NO;DEBAJO_DE_1_75_COSTO_BASE
36037151-4d89-5fd0-a8c7-f094c219a6fa;465311;Total amoladora angular UTAGLI2011582 20V;True;False;True;152400.0;97712.0;1.56;180800;28400;;;https://www.totalherramientasoficial.com.py/produto/total-esmirilhadeira-angular--utagli2011582-20v-42178.html;;;;;;NO;NO;SIN_PRECIO_PROVEEDOR_ACTUAL
3604098a-6326-5773-8b0e-8bfdb847c3d2;463850;Wadfow pegamento para pistola WGJ3810 1KG;True;False;True;13600.0;8753.0;1.554;16200;2600;5.25;USD;https://www.totalherramientasoficial.com.py/produto/wadfow-cola-de-pistola---wgj3810-1kg-42032.html;2026-09-27;;;;;NO;NO;DEBAJO_DE_1_75_COSTO_BASE
36207fd7-7e31-589e-88a3-32020f16d709;120111;Total delantal de cuero para soldar TSPWA03;True;False;True;46800.0;30013.0;1.559;55500;8700;18.0;USD;https://www.totalherramientasoficial.com.py/produto/total-avental-de-soldagem-em-couro-tspwa03-4967.html;2026-09-27;;;;;NO;NO;DEBAJO_DE_1_75_COSTO_BASE
3628d0d5-1f17-5add-a05c-31cf4678f976;419709;Medicube 1Min Red Acne Succinic Acid Peel 40 g;True;False;True;49400.0;;;;;19.0;USD;https://atacadousa.com.py/cosmeticos/12318-serum-facial-medicube-red-acne-succunic-acid-peel-40g-419709.html;2026-09-27;;;;;NO;NO;SIN_COSTO_BASE_DOCUMENTADO
3639b814-37ee-5eaa-8da3-99184d575341;437165;Total socket hexagonal THTST12143L 1/2 14MM;True;False;True;13800.0;8826.0;1.564;16300;2500;;;https://www.totalherramientasoficial.com.py/produto/total-soquet-hexagonal-thtst12143l-12-14mm-34678.html;;;;;;NO;NO;SIN_PRECIO_PROVEEDOR_ACTUAL
364276bd-a63e-55cb-964d-e4e8004af32c;529228;Total sierra caladora 20V TJSLI1008 motor sin escobillas;True;False;True;176900.0;113472.0;1.559;209900;33000;;;https://www.totalherramientasoficial.com.py/produto/total-tico-tico-20v--tjsli1008--motor-sem-escovas-50769.html;;;;;;NO;NO;SIN_PRECIO_PROVEEDOR_ACTUAL
364570e6-d0c1-5dff-a453-50c1c4e17a11;381161;Total soporte de eletrodo para maquina de soldar TWAH10006;True;False;True;206400.0;132384.0;1.559;244900;38500;;;https://www.totalherramientasoficial.com.py/produto/total-suporte-de-eletrodo-para-maquina-de-solda--twah10006-29280.html;;;;;;NO;NO;SIN_PRECIO_PROVEEDOR_ACTUAL
365f0da5-7ccf-520f-ba6c-5640925514fa;542807;"Wadfow alicate corte diagonal multifuncionales WPL3778 7.5""";True;False;True;12700.0;8170.0;1.554;15100;2400;4.9;USD;https://www.totalherramientasoficial.com.py/produto/wadfow-alicate-corte-multifuncao-wpl3778-75-52366.html;2026-09-27;;;;;NO;NO;DEBAJO_DE_1_75_COSTO_BASE
3664922d-a524-5ef4-9b14-81504ba1bb56;488785;Wadfow alicate para red WHS2B46 46PCS;True;False;True;39600.0;25427.0;1.557;47000;7400;15.25;USD;https://www.totalherramientasoficial.com.py/produto/wadfow-alicate-de-rede-whs2b46--46pcs-46114.html;2026-09-27;;;;;NO;NO;DEBAJO_DE_1_75_COSTO_BASE
36842bef-aeab-5f3f-93ad-1bea3fb4d0ee;486552;Total cuchillo plegable THT5136288;True;False;True;13800.0;8826.0;1.564;16300;2500;;;https://www.totalherramientasoficial.com.py/produto/total-faca-dobravel-tht5136288-45871.html;;;;;;NO;NO;SIN_PRECIO_PROVEEDOR_ACTUAL
36a911e6-9a8c-51f4-bce2-86ebfc1720fd;461979;Wadfow juego de llave en angulo en l kit WTH4208 8PCS;True;False;True;8800.0;5674.0;1.551;10500;1700;;;https://www.totalherramientasoficial.com.py/produto/wadfow-chave-soquet-l-kit-wth4208-8pcs-41823.html;;;;;;NO;NO;SIN_PRECIO_PROVEEDOR_ACTUAL
36da72be-49fe-54d7-9e0e-82b2b74daa56;164528;Total taladro de impacto 69NM 42V TIDLI426982;True;False;True;273000.0;175078.0;1.559;323900;50900;105.0;USD;https://www.totalherramientasoficial.com.py/produto/total-furadeira-de-impacto-69nm--42v-tidli426982-770.html;2026-09-27;;;;;NO;NO;DEBAJO_DE_1_75_COSTO_BASE
36de8388-2f3a-5114-a9e1-7e157fdfa0c1;119325;Medicube Retinol NMN Boosting Serum 1.9% 30 ml;True;False;True;26000.0;;;;;10.25;USD;https://atacadousa.com.py/cosmeticos/12488-medicube-retinol-nmn-boosting-serum-19-30ml-119325.html;2026-09-27;95060;https://www.mercadolibre.com.ar/serum-facial-estimulante-con-retinol-nmn-de-medicube-30-ml-para-la-renovacion-celular-y-la-firmeza-de-la-piel-con-nmn-y-peptidos/p/MLA75508456;COMPARABLE_PENDIENTE;La ficha dice Medicube en el nombre y Haylou en el campo Marca: confirmar equivalencia antes de usar el precio.;NO;NO;SIN_COSTO_BASE_DOCUMENTADO
3704ec51-7121-5803-bf6e-2cb062e54b85;486798;Total hilo de corte 5M TALS1601;True;False;True;46700.0;29944.0;1.56;55400;8700;;;https://www.totalherramientasoficial.com.py/produto/total-corte-de-linha--5m---tals1601-45895.html;;;;;;NO;NO;SIN_PRECIO_PROVEEDOR_ACTUAL
37285bae-e9a1-5024-8fbd-f23e7640dddc;341400;"Total llave ajustable 300MM 12"" THT101126";True;False;True;22100.0;14184.0;1.558;26200;4100;;;https://www.totalherramientasoficial.com.py/produto/total-chave-ajustavel-300mm--12-tht101126-25603.html;;;;;;NO;NO;SIN_PRECIO_PROVEEDOR_ACTUAL
373bc21e-c444-5718-87c5-b3ce317f8d62;415873;Total fresadora TR111226 2200W roteador industrial.;True;False;True;221000.0;141730.0;1.559;262200;41200;85.0;USD;https://www.totalherramientasoficial.com.py/produto/total-tupia-tr111226-2200w--roteador-industrial-32479.html;2026-09-27;;;;;NO;NO;DEBAJO_DE_1_75_COSTO_BASE
37426924-907f-5faa-a8b5-f8237bbc7101;496100;Wadfow set alicates aisladas 3PCS WPS0633;True;False;True;29900.0;19177.0;1.559;35500;5600;11.5;USD;https://www.totalherramientasoficial.com.py/produto/wadfow-kit-de-alicate-isolado-3pcs--wps0633-46886.html;2026-09-27;;;;;NO;NO;DEBAJO_DE_1_75_COSTO_BASE
37621b21-f2e7-54bf-9879-5e10b49390ef;436311;Total pistola de pintura TT3506 450W 800ML plast;True;False;True;221200.0;141840.0;1.56;262400;41200;;;https://www.totalherramientasoficial.com.py/produto/total-pistola-de--pintura--tt3506-450w-800ml-plast-34588.html;;;;;;NO;NO;SIN_PRECIO_PROVEEDOR_ACTUAL
3763605f-2d60-5c6e-9fdd-20ec2ce7af7f;576734;Total botas de seguridad TSP206SB46 negro;True;False;True;62400.0;40018.0;1.559;74000;11600;24.0;USD;https://www.totalherramientasoficial.com.py/produto/total-botas-de-seguranca-tsp206sb46-preto-56078.html;2026-09-27;;;;;NO;NO;DEBAJO_DE_1_75_COSTO_BASE
377e4a19-d769-5daf-9780-59d4ade34a56;240642;Total taladro percutor 16V 66NM UTIDLI166062;True;False;True;141700.0;90875.0;1.559;168100;26400;54.5;USD;https://www.totalherramientasoficial.com.py/produto/total-parafusadeira-de-impacto-16v-66nm-utidli166062-55847.html;2026-09-27;;;;;NO;NO;DEBAJO_DE_1_75_COSTO_BASE
37858c8f-e79a-5c3e-99d0-b17fd0184b66;436250;Total atornillador 4V TSDLI0403 lithum 2VOL;True;False;True;157300.0;100864.0;1.56;186600;29300;;;https://www.totalherramientasoficial.com.py/produto/total-parafusadeira-4v-tsdli0403-lithum-2vol-34582.html;;;;;;NO;NO;SIN_PRECIO_PROVEEDOR_ACTUAL
379f1bf1-1623-56df-9704-eca6d4b75da4;543019;Wadfow martillo maquinista WHM1320 2000G;True;False;True;16300.0;10421.0;1.564;19300;3000;6.25;USD;https://www.totalherramientasoficial.com.py/produto/wadfow-martelo-mecanico-whm1320-2000g-52387.html;2026-09-27;;;;;NO;NO;DEBAJO_DE_1_75_COSTO_BASE
37a578bd-c7f9-5ca4-a359-39c08076ac67;444415;Total bateria TFBLI2053 20V 5.0AH;True;False;True;104000.0;66681.0;1.56;123400;19400;39.99;USD;https://www.totalherramientasoficial.com.py/produto/total-bateria-tfbli2053-20v-50ah-37989.html;2026-09-27;;;;;NO;NO;DEBAJO_DE_1_75_COSTO_BASE
37a5eec8-561c-512a-80f7-1eb9710925d0;107419;Total combo inalámbrico 20V 4PCS TOSLI251082;True;False;True;488800.0;313473.0;1.559;579900;91100;188.0;USD;https://www.totalherramientasoficial.com.py/produto/total-combo-sem-fio-20v-4pcs--tosli251082-394.html;2026-09-27;;;;;NO;NO;DEBAJO_DE_1_75_COSTO_BASE
37b18d09-3438-5b94-9e3e-9a560175fb33;460569;Wadfow martillo orejas WHM3316 450G;True;False;True;10800.0;6934.0;1.558;12800;2000;3.5;USD;https://www.totalherramientasoficial.com.py/produto/wadfow-martelo-unha--whm3316-450g-41682.html;2026-09-27;;;;;NO;NO;DEBAJO_DE_1_75_COSTO_BASE
37b7a654-87c8-5b34-85bb-d2c03a91e093;415507;"Total pistola de silicona 9"" THT20109 calafateadora";True;False;True;36900.0;23640.0;1.561;43700;6800;;;https://www.totalherramientasoficial.com.py/produto/total-pistola-de-silicone-9--tht20109-calaftagem-32442.html;;;;;;NO;NO;SIN_PRECIO_PROVEEDOR_ACTUAL
37b83221-1991-5634-b425-528906849dcf;565004;Total juego de destornilladores electrónicos 37PCS TACSD30376;True;False;True;15600.0;9989.0;1.562;18500;2900;5.99;USD;https://www.totalherramientasoficial.com.py/produto/total-conjunto-de-chaves-de-fenda-eletronicas--37pcs--tacsd30376-54610.html;2026-09-27;;;;;NO;NO;DEBAJO_DE_1_75_COSTO_BASE
37cd4e33-2832-5777-a999-495b2f570195;584982;Total combo 2PCS llave de impacto + pistola de calor 20V tosli;True;False;True;285100.0;182816.0;1.559;338200;53100;;;https://www.totalherramientasoficial.com.py/produto/total-combo-2pcs-chave-de-impacto--soprador-termico-20v--tosli260381-57093.html;;;;;;NO;NO;SIN_PRECIO_PROVEEDOR_ACTUAL
37e07d03-f656-55ad-baaf-76a0913ee31e;502115;Total hilo de corte 2.5MM 4M TGTLS2545;True;False;True;20200.0;12923.0;1.563;23900;3700;7.75;USD;https://www.totalherramientasoficial.com.py/produto/total-fio-de-corte-25mm-4m--tgtls2545-47495.html;2026-09-27;;;;;NO;NO;DEBAJO_DE_1_75_COSTO_BASE
37f00a1f-b5b1-58df-b18f-149e744ac44d;469098;Wadfow destornillador kit 2PCS WSS1302;True;False;True;5400.0;3467.0;1.558;6400;1000;;;https://www.totalherramientasoficial.com.py/produto/wadfow--chave-fenda-kit-2pcs-wss1302-42593.html;;;;;;NO;NO;SIN_PRECIO_PROVEEDOR_ACTUAL
38196288-c01f-5996-aed1-4260fb4975e8;469241;"Wadfow llave para tubo 12"" WPW1112";True;False;True;9100.0;5838.0;1.559;10800;1700;3.5;USD;https://www.totalherramientasoficial.com.py/produto/wadfow-chave-grifo--12--wpw1112-42608.html;2026-09-27;;;;;NO;NO;DEBAJO_DE_1_75_COSTO_BASE
3831a733-bfb9-5286-85aa-3a145f044ed9;27854;Wadfow taladro 12V 20NM WCDS565;True;False;True;50000.0;32097.0;1.558;59400;9400;19.25;USD;https://www.totalherramientasoficial.com.py/produto/wadfow--furadeira-12v-20nm--wcds565-55193.html;2026-09-27;;;;;NO;NO;DEBAJO_DE_1_75_COSTO_BASE
38423690-2fbb-515a-89e8-e57327bd17d8;34227;Total sierra copa 30MM TAC430301;True;False;True;15600.0;10004.0;1.559;18500;2900;6.0;USD;https://www.totalherramientasoficial.com.py/produto/total-serra-copo-30mm-tac430301-55509.html;2026-09-27;;;;;NO;NO;DEBAJO_DE_1_75_COSTO_BASE
38485470-c8a5-5722-a74f-65777d831714;489775;Wadfow nivel de burbuja 150CM WSL2G150;True;False;True;16900.0;10840.0;1.559;20100;3200;6.5;USD;https://www.totalherramientasoficial.com.py/produto/wadfow-nivel-bolha-150cm--wsl2g150-46213.html;2026-09-27;;;;;NO;NO;DEBAJO_DE_1_75_COSTO_BASE
384af663-e2b3-5511-adb0-58cd122e562f;437585;Total tijeras p/poda THTA1527406;True;False;True;60100.0;38517.0;1.56;71300;11200;23.1;USD;https://www.totalherramientasoficial.com.py/produto/total-tesoura-ppoda--thta1527406-34721.html;2026-09-27;;;;;NO;NO;DEBAJO_DE_1_75_COSTO_BASE
3852919e-cf1d-5c99-b7c5-8db4826ebf92;463409;Wadfow gato hidráulico 4 toneladas WHJ1504;True;False;True;59000.0;37824.0;1.56;70000;11000;;;https://www.totalherramientasoficial.com.py/produto/wadfow-macaco-hidraulico-de-4-toneladas--whj1504-41987.html;;;;;;NO;NO;SIN_PRECIO_PROVEEDOR_ACTUAL
3856fc17-cf20-58c9-a0c3-9b3554553420;609593;Total bateria 20V TFBLI2125 5.0AH fina;True;False;True;88500.0;56736.0;1.56;105000;16500;;;https://www.totalherramientasoficial.com.py/produto/total-bateria-20v--tfbli2125--50ah-fina-57287.html;;;;;;NO;NO;SIN_PRECIO_PROVEEDOR_ACTUAL
387a7b59-5296-50f9-a8f9-4cf9eddb3e50;532266;Total arnes de seguridad THSH501420;True;False;True;85200.0;54608.0;1.56;101000;15800;32.75;USD;https://www.totalherramientasoficial.com.py/produto/total-arnes-de-seguranca-thsh501420-51280.html;2026-09-27;;;;;NO;NO;DEBAJO_DE_1_75_COSTO_BASE
38a391f1-ad56-5f5c-b9e3-f6bb6d741d0a;469678;Wadfow inflador de pie WPP2510;True;False;True;18200.0;11672.0;1.559;21600;3400;7.0;USD;https://www.totalherramientasoficial.com.py/produto/wadfow--nflador-de-pe---wpp2510-42651.html;2026-09-27;;;;;NO;NO;DEBAJO_DE_1_75_COSTO_BASE
38c3fed2-6fd0-5363-8760-afb52e7e128b;437004;Total llave de torsión THPTW300N2;True;False;True;8800.0;5674.0;1.551;10500;1700;;;https://www.totalherramientasoficial.com.py/produto/total-chave-de-torque-thptw300n2-34662.html;;;;;;NO;NO;SIN_PRECIO_PROVEEDOR_ACTUAL
39096e29-b773-5104-8fa5-fc01d67430f7;462235;"Wadfow alicate combinado WPL1928 8""";True;False;True;6500.0;4170.0;1.559;7700;1200;2.5;USD;https://www.totalherramientasoficial.com.py/produto/wadfow-alicate-de-combinacao-wpl1928-8-41849.html;2026-09-27;;;;;NO;NO;DEBAJO_DE_1_75_COSTO_BASE
3919edcc-8e86-53b7-aa23-8f8a57809cba;458771;Total fresadora UTR111226 2200W roteador;True;False;True;257400.0;165073.0;1.559;305400;48000;99.0;USD;https://www.totalherramientasoficial.com.py/produto/total-tupia-utr111226-2200w-roteador-41057.html;2026-09-27;;;;;NO;NO;DEBAJO_DE_1_75_COSTO_BASE
3930cc5f-3ccc-5a85-9b93-11832994bd8e;60578;Total taladro de impacto inalámbrico 12V TIDLI12206;True;False;True;71300.0;45704.0;1.56;84600;13300;;;https://www.totalherramientasoficial.com.py/produto/total-parafusadeira-sem-fio-12v-tidli12206-35940.html;;;;;;NO;NO;SIN_PRECIO_PROVEEDOR_ACTUAL
39ce945b-3e49-59cd-844c-df82153bee8a;415958;Total juego de destornilladores THGSS35061 6PCS;True;False;True;15700.0;10086.0;1.557;18700;3000;;;https://www.totalherramientasoficial.com.py/produto/total-kit-chave-fenda--thgss35061-6pcs-32488.html;;;;;;NO;NO;SIN_PRECIO_PROVEEDOR_ACTUAL
3a0d06ad-dd23-5cf8-956b-ee365318097e;543422;Wadfow capa de lluvia gabardina 100% pvc WRC200L l;True;False;True;14300.0;9172.0;1.559;17000;2700;5.5;USD;https://www.totalherramientasoficial.com.py/produto/wadfow-capa-de-chuva-100-pvc--wrc200l-l-52428.html;2026-09-27;;;;;NO;NO;DEBAJO_DE_1_75_COSTO_BASE
3a16b91c-3c9b-50ef-90e9-6caa9fb1be6f;44370;Wadfow yunque de mesa 10KG WBV0A10;True;False;True;66300.0;42520.0;1.559;78700;12400;25.5;USD;https://www.totalherramientasoficial.com.py/produto/wadfow--bigorna-de-mesa-10kg--wbv0a10-55197.html;2026-09-27;;;;;NO;NO;DEBAJO_DE_1_75_COSTO_BASE
3a24ce63-63c9-536c-9260-0c4567cddd20;367820;"Total espatula cuchara 8"" 200MM THT82816";True;False;True;13800.0;8826.0;1.564;16300;2500;;;https://www.totalherramientasoficial.com.py/produto/total-espatula-colher-8-200mm--tht82816-27997.html;;;;;;NO;NO;SIN_PRECIO_PROVEEDOR_ACTUAL
3a4a8c74-76da-537c-b0a0-7bc0f121dca1;486194;Total máquina vibratoria de azulejos 20V TTVLI2010;True;False;True;17200.0;11032.0;1.559;20400;3200;;;https://www.totalherramientasoficial.com.py/produto/total--maquina-vibratoria-de-piso-20v-ttvli2010-45835.html;;;;;;NO;NO;SIN_PRECIO_PROVEEDOR_ACTUAL
3a4b3e66-78ef-5d4b-832f-80f4107ed1f6;487535;Total cincel 18 x 400 x 50 mm TAC15221822 sds;True;False;True;12600.0;8088.0;1.558;15000;2400;4.85;USD;https://www.totalherramientasoficial.com.py/produto/total--cinzel-18-x-400-x-50-mm-tac15221822-sds-45989.html;2026-09-27;;;;;NO;NO;DEBAJO_DE_1_75_COSTO_BASE
3a6bb723-33c2-5303-8d76-728fbb5558e5;538879;Wadfow rotomartillo 20V motor sin escobillas WLM1526;True;False;True;235900.0;151296.0;1.559;279900;44000;;;https://www.totalherramientasoficial.com.py/produto/wadfow-martelo-rotativo-com-motor-sem-escovas-de-20v--wlm1526-51953.html;;;;;;NO;NO;SIN_PRECIO_PROVEEDOR_ACTUAL
3a84335c-3803-5db5-b7d0-b0b03f8009d0;443166;Total motocultivador TGC5001 6.5CV;True;False;True;17200.0;11032.0;1.559;20400;3200;;;https://www.totalherramientasoficial.com.py/produto/total-motocultivador-tgc5001-65cv-35309.html;;;;;;NO;NO;SIN_PRECIO_PROVEEDOR_ACTUAL
3a8cca3a-a7a4-57c7-8197-617b684862bf;584197;Total pistola de pintura 530W TT45061;True;False;True;78000.0;50006.0;1.56;92500;14500;29.99;USD;https://www.totalherramientasoficial.com.py/produto/total--pistola-de--pintura--530w--tt45061-57263.html;2026-09-27;;;;;NO;NO;DEBAJO_DE_1_75_COSTO_BASE
3aa384e6-be59-5247-b75f-7ad6748a9d46;488396;Total junta universal 1/2 THHIUJ1121;True;False;True;17200.0;11032.0;1.559;20400;3200;;;https://www.totalherramientasoficial.com.py/produto/total-junta-universal-12--thhiuj1121-46075.html;;;;;;NO;NO;SIN_PRECIO_PROVEEDOR_ACTUAL
3ab4d002-d012-5ebe-a630-58644ebfc48f;9326;Anua Visibly Firming Collagen Retinol Refining Gua Sha Cream 80 ml;True;False;True;79300.0;;;;;;;https://atacadousa.com.py/cosmeticos/12364-creme-facial-hidratante-anua-collagen-retin-refining-gua-sha-80ml-9326.html;;;;;;NO;NO;SIN_COSTO_BASE_DOCUMENTADO
3abe03af-55bd-53d7-9fa4-0e52a87cf181;501194;Wadfow cono tráfico reflectivo 70CM WYJ1A70;True;False;True;28600.0;18341.0;1.559;33900;5300;11.0;USD;https://www.totalherramientasoficial.com.py/produto/wadfow-cone-refletivo-de-trafego-70cm--wyj1a70-47402.html;2026-09-27;;;;;NO;NO;DEBAJO_DE_1_75_COSTO_BASE
3ad57060-ab42-5801-a971-077010f101c4;239721;Total rectificador UTG501032 130W 100PZ;True;False;True;118000.0;75648.0;1.56;139900;21900;;;https://www.totalherramientasoficial.com.py/produto/total-retifica--utg501032--130w-100pz-18491.html;;;;;;NO;NO;SIN_PRECIO_PROVEEDOR_ACTUAL
3aff698b-0eed-5eb0-8b93-f76c8755134e;584715;Total taladro angular 20V 80NM TAIRLI208;True;False;True;241800.0;155069.0;1.559;286900;45100;93.0;USD;https://www.totalherramientasoficial.com.py/produto/total-parafusadeira-angular-20v-80nm-tairli208-56895.html;2026-09-27;;;;;NO;NO;DEBAJO_DE_1_75_COSTO_BASE
3b31309c-b399-5ed9-bba1-0fa84e02df66;461757;Wadfow llave de impacto de iones de litio WCD1512;True;False;True;8800.0;5674.0;1.551;10500;1700;;;https://www.totalherramientasoficial.com.py/produto/wadfow-chave-de-impacto-de-ion-de-litio-wcd1512-41801.html;;;;;;NO;NO;SIN_PRECIO_PROVEEDOR_ACTUAL
3b61256a-8f47-5e27-ad12-577402e5d9f2;458788;Total sierra ingletadora TS42182553 1800W;True;False;True;368600.0;236400.0;1.559;437300;68700;;;https://www.totalherramientasoficial.com.py/produto/total-serra-esquadria-ts42182553-1800w-41058.html;;;;;;NO;NO;SIN_PRECIO_PROVEEDOR_ACTUAL
3b63e66c-86a0-5a3e-aaaa-b38f05a192e2;456463;Total juego de llaves THFND061 6PCS;True;False;True;31900.0;20488.0;1.557;37900;6000;;;https://www.totalherramientasoficial.com.py/produto/total-kit-de-chaves--thfnd061--6pcs-40714.html;;;;;;NO;NO;SIN_PRECIO_PROVEEDOR_ACTUAL
3b6f7600-c3a8-57dc-8b3d-d1d56ecd4c92;239233;Total atornillador 3.6V UTD4361 nicd;True;False;True;157300.0;100864.0;1.56;186600;29300;;;https://www.totalherramientasoficial.com.py/produto/total-parafusadeira-36v-utd4361-nicd-18471.html;;;;;;NO;NO;SIN_PRECIO_PROVEEDOR_ACTUAL
3b7d5060-54d1-53c4-b745-7ae60fc3bd1b;528351;"Wadfow juego de dados cr-v 1/4"" 12PCS WST4212";True;False;True;18200.0;11672.0;1.559;21600;3400;7.0;USD;https://www.totalherramientasoficial.com.py/produto/wadfow-conjunto-de-soquete-crv-14-12pcs-wst4212-50667.html;2026-09-27;;;;;NO;NO;DEBAJO_DE_1_75_COSTO_BASE
3bbc45d1-2a8b-5fef-a14b-f9d2dfb0a3df;41614;Total taladro percutor 900W TG1091366;True;False;True;80600.0;51690.0;1.559;95600;15000;31.0;USD;https://www.totalherramientasoficial.com.py/produto/total-furadeira-de-impacto-900w--tg1091366-55844.html;2026-09-27;;;;;NO;NO;DEBAJO_DE_1_75_COSTO_BASE
3bbf5f6b-f34d-5326-b302-c773df251573;282741;Wadfow juego de puntas de destornillador MAGNÉTICO10PCS 65MM w;True;False;True;12400.0;7921.0;1.565;14700;2300;;;https://www.totalherramientasoficial.com.py/produto/wadfow-jogo-de-ponta-de-chave-de-fenda-magnetica-10pcs--65mm--wsv3b01-55270.html;;;;;;NO;NO;SIN_PRECIO_PROVEEDOR_ACTUAL
3bdd78de-e1e1-510f-b6cb-b0e22158b7c9;528139;Wadfow juego de puntas de destornillador WSS8B28 28PCS;True;False;True;9100.0;5838.0;1.559;10800;1700;3.5;USD;https://www.totalherramientasoficial.com.py/produto/wadfow-conjunto-de-ponta-para-chave-de-fenda--wss8b28-28pcs-50645.html;2026-09-27;;;;;NO;NO;DEBAJO_DE_1_75_COSTO_BASE
3c0f1e00-1e0d-5d3b-a9c3-abe9b66c0637;114399;Medicube PDRN Pink Collagen Gel Mask 28 g 4Unid 4Ea;True;False;True;33800.0;;;;;14.0;USD;https://atacadousa.com.py/cosmeticos/10096-mascara-facial-medicube-pdrn-pink-collagen-gel-28g-x004e5va2f.html;2026-09-27;;;;;NO;NO;SIN_COSTO_BASE_DOCUMENTADO
3c2f33e7-7a15-5588-a5c7-6e8eb12b4c06;512411;Total botas de seguridad TSP202SB.39;True;False;True;57200.0;36683.0;1.559;67900;10700;;;https://www.totalherramientasoficial.com.py/produto/total-botas-de-seguranca--tsp202sb39-48592.html;;;;;;NO;NO;SIN_PRECIO_PROVEEDOR_ACTUAL
3c454f33-8336-5e92-970f-349a9e71214a;512688;Total martillo perforador sds-max TH115526 1500W;True;False;True;1131000.0;725322.0;1.559;1341800;210800;435.0;USD;https://www.totalherramientasoficial.com.py/produto/total--martelete-sdsmax--th115526-1500w-48619.html;2026-09-27;;;;;NO;NO;DEBAJO_DE_1_75_COSTO_BASE
3c6bce23-0e12-51f1-8bf8-d85f4068e3c2;175111;Wadfow combo 2PCS taladro +atornillador 20V UWCK20277;True;False;True;285100.0;182816.0;1.559;338200;53100;;;https://www.totalherramientasoficial.com.py/produto/wadfow--combo-2pcs-furadeira--parafusadeira--20v--uwck20277-54682.html;;;;;;NO;NO;SIN_PRECIO_PROVEEDOR_ACTUAL
3c6f7b95-443d-5bcf-ae10-4de2eda74466;430425;"Total alicate universal isolada THTIP2181 8""";True;False;True;11800.0;7565.0;1.56;14000;2200;;;https://www.totalherramientasoficial.com.py/produto/total-alicate-combinada-thtip2181-8-33980.html;;;;;;NO;NO;SIN_PRECIO_PROVEEDOR_ACTUAL
3c8fbc5c-49be-52e4-8ec1-1996b15c9252;415996;Total kit llave torx THHW8083;True;False;True;8800.0;5674.0;1.551;10500;1700;;;https://www.totalherramientasoficial.com.py/produto/total-kit-chave--torx-thhw8083-32492.html;;;;;;NO;NO;SIN_PRECIO_PROVEEDOR_ACTUAL
3c93018b-e0bc-5f4f-bb80-8eea2731a54b;415439;Total star socket THKTETS0114 14PCS;True;False;True;13800.0;8826.0;1.564;16300;2500;;;https://www.totalherramientasoficial.com.py/produto/total-soquet-star------thktets0114--14pcs-32434.html;;;;;;NO;NO;SIN_PRECIO_PROVEEDOR_ACTUAL
3c9cbb5e-043f-501e-a81f-7795d04599c9;580014;Wadfow sierra circular 20V WLWP5633;True;False;True;187200.0;120053.0;1.559;222100;34900;72.0;USD;https://www.totalherramientasoficial.com.py/produto/wadfow-serra-circular-20v--wlwp5633-56425.html;2026-09-27;;;;;NO;NO;DEBAJO_DE_1_75_COSTO_BASE
3cbd4e7b-78c5-5223-bd7d-3035dd28039e;501910;Total soplador aspiradora 20V TABLI20028;True;False;True;78600.0;50432.0;1.559;93300;14700;;;https://www.totalherramientasoficial.com.py/produto/total-soprador-aspirador-20v-tabli20028-47475.html;;;;;;NO;NO;SIN_PRECIO_PROVEEDOR_ACTUAL
3cc03cf2-2b48-562c-ba9d-44fdc50432cc;583800;Total llave de impacto TIWLI2055 550NM 55K;True;False;True;8800.0;5674.0;1.551;10500;1700;;;https://www.totalherramientasoficial.com.py/produto/total-chave-de-impacto-tiwli2055-550nm--55k-56804.html;;;;;;NO;NO;SIN_PRECIO_PROVEEDOR_ACTUAL
3cc31191-3b3f-59a1-9358-2f6503f7636e;312110;Total martillo TH110286 1050W sds plus;True;False;True;10800.0;6934.0;1.558;12800;2000;;;https://www.totalherramientasoficial.com.py/produto/total-martelete-th110286-1050w-sds-plus-12063.html;;;;;;NO;NO;SIN_PRECIO_PROVEEDOR_ACTUAL
3cde477c-39e0-5984-ad96-e117155c3024;12309;Victoria's Secret Loción Bare Vanilla Vacation 236 ml;True;False;True;31200.0;;;;;12.0;USD;https://atacadousa.com.py/cosmeticos/12309-locao-victoria-s-secret-bare-vanilla-vacation-236ml.html;2026-09-27;;;;;NO;NO;SIN_COSTO_BASE_DOCUMENTADO
3ce3c12c-503a-5afe-a84a-c83d8b79d0b9;512312;Total puntas de destornillador de impacto 2PCS PH2X25MM TACIM7;True;False;True;1600.0;999.0;1.602;1800;200;0.6;USD;https://www.totalherramientasoficial.com.py/produto/total--bits-philips-de-impacto-2pcs--ph2x25mm--tacim71ph225-48582.html;2026-09-27;;;;;NO;NO;DEBAJO_DE_1_75_COSTO_BASE
3cf3396e-c8b2-5828-a539-31992ff28693;496148;Wadfow juego de herramientas manuales 23PCS WHS2B23;True;False;True;37100.0;23760.0;1.561;44000;6900;14.25;USD;https://www.totalherramientasoficial.com.py/produto/wadfow-conjunto-de-ferramentas-manuais-23-pcs---whs2b23-46890.html;2026-09-27;;;;;NO;NO;DEBAJO_DE_1_75_COSTO_BASE
3d0e3e5e-7007-53b6-ba3a-83efd59657d9;512282;Total cepillo rotatorio 390X110MM THRB8702;True;False;True;15000.0;9588.0;1.564;17700;2700;5.75;USD;https://www.totalherramientasoficial.com.py/produto/total-escova-rotativa-390x110mm--thrb8702-48579.html;2026-09-27;;;;;NO;NO;DEBAJO_DE_1_75_COSTO_BASE
3d139786-293f-5870-9eba-f8d225805f55;463645;Wadfow rosca metrica WAJ1L02 20PCS;True;False;True;17200.0;11032.0;1.559;20400;3200;;;https://www.totalherramientasoficial.com.py/produto/wadfow-rosca-metrica---waj1l02-20pcs-42011.html;;;;;;NO;NO;SIN_PRECIO_PROVEEDOR_ACTUAL
3d1b590d-3472-5aa3-86c9-c716f5b104e6;430432;"Total alicate corte diagonal aislado 7"" THTIP2571";True;False;True;15600.0;10004.0;1.559;18500;2900;6.0;USD;https://www.totalherramientasoficial.com.py/produto/total-alicate-corte-diagonal-isolado-7--thtip2571-33981.html;2026-09-27;;;;;NO;NO;DEBAJO_DE_1_75_COSTO_BASE
3d302d3c-6c2e-5332-b2a8-6e7a494451ec;495592;Total amoladora recta 110W TSG1508;True;False;True;187200.0;120053.0;1.559;222100;34900;72.0;USD;https://www.totalherramientasoficial.com.py/produto/total-lixadeira--reta-110w--tsg1508-46818.html;2026-09-27;;;;;NO;NO;DEBAJO_DE_1_75_COSTO_BASE
3d322b71-8d50-594d-83f7-6ca6e527038e;443548;Total martillo con uña THT73227;True;False;True;10800.0;6934.0;1.558;12800;2000;;;https://www.totalherramientasoficial.com.py/produto/total-martelo-com-garra--tht73227-37564.html;;;;;;NO;NO;SIN_PRECIO_PROVEEDOR_ACTUAL
3d478666-36a5-55dd-9240-b6edec0356bb;239929;Total bateria TOBP1804 18V;True;False;True;39000.0;25011.0;1.559;46300;7300;15.0;USD;https://www.totalherramientasoficial.com.py/produto/total-bateria-tobp1804-18v-18500.html;2026-09-27;;;;;NO;NO;DEBAJO_DE_1_75_COSTO_BASE
3d704165-bebf-5d54-ab3c-cd5abb673c2b;461009;"Wadfow juegos de dados 1/4"" WST4D45 45PCS";True;False;True;13800.0;8826.0;1.564;16300;2500;;;https://www.totalherramientasoficial.com.py/produto/wadfow-jogo-de-socket-14--wst4d45--45pcs-41726.html;;;;;;NO;NO;SIN_PRECIO_PROVEEDOR_ACTUAL
3d70ba85-0523-5a37-985f-fbfaca6c9223;488488;Total caja de herramientas con 7 cajones THRC01071;True;False;True;27000.0;17336.0;1.557;32100;5100;;;https://www.totalherramientasoficial.com.py/produto/total-caixa-de-ferramentas-com-7-gavetas-thrc01071-46084.html;;;;;;NO;NO;SIN_PRECIO_PROVEEDOR_ACTUAL
3da7a162-6939-5d31-8afc-3d3ba8100195;82570;Total martillo magnética acero al carbono #45 20Oz THCH61020L;True;False;True;10800.0;6934.0;1.558;12800;2000;;;https://www.totalherramientasoficial.com.py/produto/total-martelo-magnetico-de-aco-carbono-45--20oz-thch61020l-36723.html;;;;;;NO;NO;SIN_PRECIO_PROVEEDOR_ACTUAL
3dacfc41-b389-56dd-b165-f7804d36b71c;469401;Wadfow barra de demolición 450MM WQB1345;True;False;True;17200.0;11032.0;1.559;20400;3200;;;https://www.totalherramientasoficial.com.py/produto/wadfow-demolador--450mm---wqb1345-42624.html;;;;;;NO;NO;SIN_PRECIO_PROVEEDOR_ACTUAL
3dc7b6e6-8f70-5ce8-a4c2-790057e408f0;531818;Total juego de puntas de impacto 13 pcs TACSDL01306;True;False;True;157300.0;100864.0;1.56;186600;29300;;;https://www.totalherramientasoficial.com.py/produto/total-conjunto-de-13pcs--brocas-de-impacto--tacsdl01306-51235.html;;;;;;NO;NO;SIN_PRECIO_PROVEEDOR_ACTUAL
3dcf34c6-462e-563e-887e-eaea02eaf678;286800;Total rectificador inalámbrico 20V TDGLI20012;True;False;True;254800.0;163406.0;1.559;302300;47500;98.0;USD;https://www.totalherramientasoficial.com.py/produto/total-retifica-sem-fio-20v--tdgli20012-56402.html;2026-09-27;;;;;NO;NO;DEBAJO_DE_1_75_COSTO_BASE
3dfb4f1a-adab-5d3b-9aa4-e77eb7992b59;528368;"Wadfow juego de dados cr-v 3/8"" 12PCS WST3212";True;False;True;31900.0;20488.0;1.557;37900;6000;;;https://www.totalherramientasoficial.com.py/produto/wadfow-conjunto-de-soquete-crv-38-12pcs-wst3212-50668.html;;;;;;NO;NO;SIN_PRECIO_PROVEEDOR_ACTUAL
3e0d3cd7-fd3a-5b0b-bdd7-92b3a55a4e5a;443029;Total escuadro magnetico TAMWH75052;True;False;True;17200.0;11004.0;1.563;20400;3200;6.6;USD;https://www.totalherramientasoficial.com.py/produto/total-escuadro-magnetico-tamwh75052-35295.html;2026-09-27;;;;;NO;NO;DEBAJO_DE_1_75_COSTO_BASE
3e647f6d-117f-5c3a-8bd6-d8762d9de30e;286794;Total rotomartillo 20V 2.4J TRHLI202482;True;False;True;235900.0;151296.0;1.559;279900;44000;;;https://www.totalherramientasoficial.com.py/produto/total-martelo-rotativo--20v-24j--trhli202482-56404.html;;;;;;NO;NO;SIN_PRECIO_PROVEEDOR_ACTUAL
3e6dd16a-5016-5cc9-bb4f-d44e2b23603e;381000;Total bateria TBLI12151 12V 1.5AH;True;False;True;36400.0;23344.0;1.559;43200;6800;14.0;USD;https://www.totalherramientasoficial.com.py/produto/total-bateria-tbli12151-12v-15ah-29264.html;2026-09-27;;;;;NO;NO;DEBAJO_DE_1_75_COSTO_BASE
3e9affdb-8e48-5fce-b14f-1ad2654fae51;456890;Total llave de caño THT272106 10'';True;False;True;11100.0;7086.0;1.566;13100;2000;4.25;USD;https://www.totalherramientasoficial.com.py/produto/total-chave-grifo--tht272106--10-40757.html;2026-09-27;;;;;NO;NO;DEBAJO_DE_1_75_COSTO_BASE
3eb3946c-f1ef-5b1b-a6ec-7a0f58bd2ff4;444484;Total martillo rotatorio TH308268 800W sds plus;True;False;True;152400.0;97712.0;1.56;180800;28400;;;https://www.totalherramientasoficial.com.py/produto/total-martlete--th308268---800w-sds-plus-37996.html;;;;;;NO;NO;SIN_PRECIO_PROVEEDOR_ACTUAL
3ebe4ecd-65e5-5f12-9b3f-ae23609d8431;415231;Total compactadora TP7100-1;True;False;True;17200.0;11032.0;1.559;20400;3200;;;https://www.totalherramientasoficial.com.py/produto/total-compactador----------tp71001-32415.html;;;;;;NO;NO;SIN_PRECIO_PROVEEDOR_ACTUAL
3ed7b635-ed86-59b5-b5aa-e37b997fc789;397117;Total kit de mechas UTAC190501 5PC martlete;True;False;True;15100.0;9670.0;1.562;17900;2800;5.8;USD;https://www.totalherramientasoficial.com.py/produto/total-broca-kit-utac190501-5pc-martlete-30631.html;2026-09-27;;;;;NO;NO;DEBAJO_DE_1_75_COSTO_BASE
3ed89a3c-7cea-5ba0-8ff4-cc3ec5aa4e12;502146;Total hidrolavadora de alta presión TGT250206 motor a gasolina;True;False;True;1079000.0;691974.0;1.559;1280200;201200;415.0;USD;https://www.totalherramientasoficial.com.py/produto/total-lavadora-de-alta-pressao-tgt250206--motor-a-gasolina-47498.html;2026-09-27;;;;;NO;NO;DEBAJO_DE_1_75_COSTO_BASE
3ee3640a-67ed-562c-96ad-ea7e66b2e57e;367608;"Total alicate de carpintero 8"" 200MM THT2881";True;False;True;8700.0;5585.0;1.558;10300;1600;3.35;USD;https://www.totalherramientasoficial.com.py/produto/total-alicate-de-carpinteiro--8-200mm--tht2881-27976.html;2026-09-27;;;;;NO;NO;DEBAJO_DE_1_75_COSTO_BASE
3ee6a384-76f2-5772-8568-429388501705;531993;Total catraca THTRS2061 1.5T 6M x 25MM;True;False;True;13800.0;8826.0;1.564;16300;2500;;;https://www.totalherramientasoficial.com.py/produto/total--catraca--thtrs2061-15t-6m-x-25mm-51253.html;;;;;;NO;NO;SIN_PRECIO_PROVEEDOR_ACTUAL
3ee803a9-5388-5397-8c19-a9839837599b;469906;Wadfow grifo monomando de cocina WZD1504;True;False;True;65800.0;42186.0;1.56;78000;12200;25.3;USD;https://www.totalherramientasoficial.com.py/produto/wadfow--torneira-misturadora-de-cozinha---wzd1504-42674.html;2026-09-27;;;;;NO;NO;DEBAJO_DE_1_75_COSTO_BASE
3eee35d9-181c-55cf-8524-0a6982b64904;512572;Total combo motosierra +soplador 20V TOSLI240463;True;False;True;319500.0;204880.0;1.559;379000;59500;;;https://www.totalherramientasoficial.com.py/produto/total-combo-motosserra--soprador-20v--tosli240463-48608.html;;;;;;NO;NO;SIN_PRECIO_PROVEEDOR_ACTUAL
3ef6a7d3-c3de-525c-8a1d-c748eee2f00d;490863;Total lijadora de banda 1200W TBS12001;True;False;True;108100.0;69344.0;1.559;128300;20200;;;https://www.totalherramientasoficial.com.py/produto/total-lixadeira-de-cinta-1200w-tbs12001-46327.html;;;;;;NO;NO;SIN_PRECIO_PROVEEDOR_ACTUAL
3efc29e5-cd04-58f7-bec3-b426431a8df0;446594;"Total sierra ingletadora TS42183057 2400W 12"" deslizable";True;False;True;368600.0;236400.0;1.559;437300;68700;;;https://www.totalherramientasoficial.com.py/produto/total-serra-de-esquadria-ts42183057-2400w-12-deslizante-38687.html;;;;;;NO;NO;SIN_PRECIO_PROVEEDOR_ACTUAL
3f1a48b9-1661-5106-95eb-9a36fee0346e;442916;Total atornillador 12V TDLI1211 1.5AH;True;False;True;71300.0;45704.0;1.56;84600;13300;;;https://www.totalherramientasoficial.com.py/produto/total-parafusadeira-12v-tdli1211-15ah-35283.html;;;;;;NO;NO;SIN_PRECIO_PROVEEDOR_ACTUAL
3f21f4dc-7b15-5bfd-b75e-297ea291d5e0;461658;Wadfow kit portapuntas de destornillador 2PZ WSV3K01;True;False;True;5600.0;3584.0;1.562;6600;1000;2.15;USD;https://www.totalherramientasoficial.com.py/produto/wadfow-kit-portabrocas-de-chave-de-fenda-2pz---wsv3k01-41791.html;2026-09-27;;;;;NO;NO;DEBAJO_DE_1_75_COSTO_BASE
3f3bb7a9-3772-5000-9c14-f7a296eec90b;316385;Total lamina sierra THT573323 32T;True;False;True;137600.0;88256.0;1.559;163300;25700;;;https://www.totalherramientasoficial.com.py/produto/total-lamina-serra---tht573323-32t-23351.html;;;;;;NO;NO;SIN_PRECIO_PROVEEDOR_ACTUAL
3f3bb953-5772-50f0-99d1-d08062a3ffb4;542975;Wadfow juego de extractores de martillo deslizante 26PCS WGP5D;True;False;True;124800.0;80036.0;1.559;148100;23300;48.0;USD;https://www.totalherramientasoficial.com.py/produto/wadfow-conjunto-de-extrator-de-martelo-deslizante--26pcs---wgp5d10-52383.html;2026-09-27;;;;;NO;NO;DEBAJO_DE_1_75_COSTO_BASE
3f79c48a-d1a5-58e9-b1c7-fab6bcef34c8;527750;Total detector de voltaje 12V THT100091;True;False;True;13800.0;8826.0;1.564;16300;2500;;;https://www.totalherramientasoficial.com.py/produto/total-detector-de-tensao-12v--tht100091-50600.html;;;;;;NO;NO;SIN_PRECIO_PROVEEDOR_ACTUAL
3f864170-acea-5984-9e1b-b5c829bc1357;527958;Wadfow taladro atornillador precutor 52NM WCDP5282;True;False;True;63900.0;40976.0;1.559;75800;11900;44.0;USD;https://www.totalherramientasoficial.com.py/produto/wadfow--furadeira-parafusadeira--52nm-wcdp5282-50624.html;2026-09-27;;;;;NO;NO;DEBAJO_DE_1_75_COSTO_BASE
3f945b21-a280-5d87-8c2f-170cc52fd7fa;486279;Total atornillador de impacto 12V TIRLI1201;True;False;True;71300.0;45704.0;1.56;84600;13300;;;https://www.totalherramientasoficial.com.py/produto/total-parafusadeira-de-impacto--12v-tirli1201-45843.html;;;;;;NO;NO;SIN_PRECIO_PROVEEDOR_ACTUAL
3fb21091-a39f-538b-a288-f0eb0900ee68;553698;Total juego de destornilladores aislados 9PCS THTIS596;True;False;True;15700.0;10086.0;1.557;18700;3000;;;https://www.totalherramientasoficial.com.py/produto/total-conjunto-de-chaves-de-fenda-isoladas-9pcs-thtis596-53469.html;;;;;;NO;NO;SIN_PRECIO_PROVEEDOR_ACTUAL
3fb9ad67-5631-5935-a575-a8e4551fceec;201391;Wadfow llave combinadas con ratchet 17MM WSA5117;True;False;True;6800.0;4334.0;1.569;8000;1200;2.6;USD;https://www.totalherramientasoficial.com.py/produto/wadfow-chave-combinada-com-catraca--17mm-wsa5117-54882.html;2026-09-27;;;;;NO;NO;DEBAJO_DE_1_75_COSTO_BASE
3fee60a1-3b3c-5192-86bf-2aae29e800ff;56212;Total clavos para clavadora de concreto 27MM TAC02271;True;False;True;15000.0;9588.0;1.564;17700;2700;5.75;USD;https://www.totalherramientasoficial.com.py/produto/total-pregos-para-pregador-de-concreto--27mm--tac02271-55446.html;2026-09-27;;;;;NO;NO;DEBAJO_DE_1_75_COSTO_BASE
3fef3297-6bab-5ec0-86aa-19597081c715;488013;Total soplador aspirador 20V TABLI203235;True;False;True;186800.0;119776.0;1.56;221600;34800;;;https://www.totalherramientasoficial.com.py/produto/total-soprador-aspirador-20v-tabli203235-46037.html;;;;;;NO;NO;SIN_PRECIO_PROVEEDOR_ACTUAL
3ff5c0fd-7751-58a1-8954-623f5c53fb2d;566834;Total combo 4PCS 20V TOSLI250608;True;False;True;486600.0;312048.0;1.559;577300;90700;;;https://www.totalherramientasoficial.com.py/produto/total--combo-4pcs-20v--tosli250608-54847.html;;;;;;NO;NO;SIN_PRECIO_PROVEEDOR_ACTUAL
4008f917-33dd-5980-97d1-3cc9b2c3b7e4;456654;Total cinta metrica TMTF13306 30M fibra;True;False;True;18600.0;11921.0;1.56;22100;3500;;;https://www.totalherramientasoficial.com.py/produto/total-trena-tmtf13306--30m-fibra-40733.html;;;;;;NO;NO;SIN_PRECIO_PROVEEDOR_ACTUAL
405af701-0da4-5f35-8c03-e60fc3cc1226;472470;Total juego de llave trinquete 6PCS THT102RK566;True;False;True;8800.0;5674.0;1.551;10500;1700;;;https://www.totalherramientasoficial.com.py/produto/total-kit-chave-catraca-6pcs-tht102rk566-43681.html;;;;;;NO;NO;SIN_PRECIO_PROVEEDOR_ACTUAL
405e86f2-d9b3-567a-9494-fa9c208406ac;465434;Total sierra ingletadora TS42183057 2400W;True;False;True;368600.0;236400.0;1.559;437300;68700;;;https://www.totalherramientasoficial.com.py/produto/total-serra-esquadra-ts42183057-2400w-42190.html;;;;;;NO;NO;SIN_PRECIO_PROVEEDOR_ACTUAL
4066b091-f7b1-5584-a49a-09292ac20835;446549;Total soplador aspirador 40V TABLI2003;True;False;True;186800.0;119776.0;1.56;221600;34800;;;https://www.totalherramientasoficial.com.py/produto/total-soprador-aspirador-40v--tabli2003-38682.html;;;;;;NO;NO;SIN_PRECIO_PROVEEDOR_ACTUAL
4067e179-b4db-5d91-86ff-be6d648ed8e2;553582;Total dados hexagonales 3/4 55MM THHAST34551;True;False;True;20800.0;13339.0;1.559;24700;3900;8.0;USD;https://www.totalherramientasoficial.com.py/produto/total-soquetes-hexagonais-34-55mm--thhast34551-53458.html;2026-09-27;;;;;NO;NO;DEBAJO_DE_1_75_COSTO_BASE
407ce246-552f-52d8-a077-02d890168d1e;465366;Total kit de herramientas THT121201 1/2' 20PCS;True;False;True;13800.0;8826.0;1.564;16300;2500;;;https://www.totalherramientasoficial.com.py/produto/total-kit-de-feramenta-tht121201-12-20pcs-42183.html;;;;;;NO;NO;SIN_PRECIO_PROVEEDOR_ACTUAL
4089ee69-f2c5-531b-98b5-7da6b0c7b169;527422;Total pistola clavadora 20V TCBNLI5005 15-50 s/b;True;False;True;108100.0;69344.0;1.559;128300;20200;;;https://www.totalherramientasoficial.com.py/produto/total-pistola-de-pregos-brad-20v-tcbnli5005-1550-sb-50567.html;;;;;;NO;NO;SIN_PRECIO_PROVEEDOR_ACTUAL
409119d9-f0ed-56a6-a636-80a8114637db;487856;Total atornillador y llave de impacto 20V TIWLI20208;True;False;True;137600.0;88256.0;1.559;163300;25700;;;https://www.totalherramientasoficial.com.py/produto/total-parafusadeira--e-chave-de-impacto-20v--tiwli20208-46021.html;;;;;;NO;NO;SIN_PRECIO_PROVEEDOR_ACTUAL
40c3e7fb-90a6-56c1-849d-1e038017d7d1;512671;Total amoladora angular TG11012556 1100W;True;False;True;118000.0;75648.0;1.56;139900;21900;;;https://www.totalherramientasoficial.com.py/produto/total-esmirilhadeira-angular--tg11012556-1100w-48618.html;;;;;;NO;NO;SIN_PRECIO_PROVEEDOR_ACTUAL
40ee4b95-fc7f-5ce6-be96-f8d013be8576;469197;Wadfow alicate set 5PCS WPS0605;True;False;True;20800.0;13339.0;1.559;24700;3900;8.0;USD;https://www.totalherramientasoficial.com.py/produto/wadfow--alicate-kit-5pcs----wps0605-42603.html;2026-09-27;;;;;NO;NO;DEBAJO_DE_1_75_COSTO_BASE
40fd44e5-c9c5-5856-aad7-210c6dc74d38;56205;Total pistola de calor 20V TBLI20035;True;False;True;106200.0;68083.0;1.56;126000;19800;;;https://www.totalherramientasoficial.com.py/produto/total--pistola-de--calor--20v-tbli20035-55445.html;;;;;;NO;NO;SIN_PRECIO_PROVEEDOR_ACTUAL
41148cb8-9ad3-5ec3-a23a-7fd861f38cf9;442824;Total atornillador 12V TDLI20024 2.0AH;True;False;True;71300.0;45704.0;1.56;84600;13300;;;https://www.totalherramientasoficial.com.py/produto/total-parafusadeira-12v-tdli20024-20ah-35274.html;;;;;;NO;NO;SIN_PRECIO_PROVEEDOR_ACTUAL
411edbec-3bf0-5ee5-9e6b-f3c1a9748c42;461771;Wadfow soplador 20V 1.5 ah WBLP511;True;False;True;186800.0;119776.0;1.56;221600;34800;;;https://www.totalherramientasoficial.com.py/produto/wadfow-soprador-20v-15-ah---wblp511-41803.html;;;;;;NO;NO;SIN_PRECIO_PROVEEDOR_ACTUAL
411fcdd6-81e8-54ce-b033-4a649a5def1a;490948;Total cuchillo pelacables curvo 200MM THT51882;True;False;True;13800.0;8826.0;1.564;16300;2500;;;https://www.totalherramientasoficial.com.py/produto/total-faca-descascador-de-fio-curvo-200mm--tht51882-46335.html;;;;;;NO;NO;SIN_PRECIO_PROVEEDOR_ACTUAL
4122ab4d-c637-5858-bc5e-d1a29e33dfe2;334204;Total botas de seguridad anticlavos +antiresbalante TSP206SB.4;True;False;True;59000.0;37824.0;1.56;70000;11000;;;https://www.totalherramientasoficial.com.py/produto/total-botas-de-seguranca-antiderrapantes-e-anticlipe--tsp206sb42-24959.html;;;;;;NO;NO;SIN_PRECIO_PROVEEDOR_ACTUAL
4140d9da-e641-5f80-adc1-1d3f1b8e8515;538954;"Wadfow puntas para destornillador 1/4"" 12PCS WSS1612";True;False;True;4200.0;2667.0;1.575;4900;700;1.6;USD;https://www.totalherramientasoficial.com.py/produto/wadfow--chave-fenda-kit-14-12pcs--wss1612-51961.html;2026-09-27;;;;;NO;NO;DEBAJO_DE_1_75_COSTO_BASE
414762cf-7070-5f5f-8c04-14dc9e3156d2;461733;Wadfow taladro de impacto inálambrico WCDP522;True;False;True;63900.0;40976.0;1.559;75800;11900;;;https://www.totalherramientasoficial.com.py/produto/wadfow-furadeira-sem-fio-wcdp522-41799.html;;;;;;NO;NO;SIN_PRECIO_PROVEEDOR_ACTUAL
414798f3-2fb5-5c27-b206-de72c21143b5;505826;Wadfow organizador de plástico WTB1322;True;False;True;41800.0;26792.0;1.56;49600;7800;;;https://www.totalherramientasoficial.com.py/produto/wadfow-organizador-de-plastico-wtb1322-47868.html;;;;;;NO;NO;SIN_PRECIO_PROVEEDOR_ACTUAL
416c7c49-9f35-5eb9-b764-08f0092bb608;612548;Total cortador de tubos 3-42MM THT53142;True;False;True;13800.0;8826.0;1.564;16300;2500;;;https://www.totalherramientasoficial.com.py/produto/total--cortador-de--tubos-342mm--tht53142-57285.html;;;;;;NO;NO;SIN_PRECIO_PROVEEDOR_ACTUAL
41831bad-b46d-555c-8678-fc1a6ac6abc7;512527;Total rotomartillo TRHLI202882 20V 28MM;True;False;True;235900.0;151296.0;1.559;279900;44000;;;https://www.totalherramientasoficial.com.py/produto/total-martelete-trhli202882-20v-28mm-48603.html;;;;;;NO;NO;SIN_PRECIO_PROVEEDOR_ACTUAL
41843c57-9984-59cb-b589-81f33a9c8d70;487658;Total caja de herramientas con 2 gavetas THPTC201;True;False;True;27000.0;17336.0;1.557;32100;5100;;;https://www.totalherramientasoficial.com.py/produto/totalcaixa-de-ferramentas-com-2-gavetas--thptc201-46001.html;;;;;;NO;NO;SIN_PRECIO_PROVEEDOR_ACTUAL
41932dda-28ef-5940-8678-e34a83e4c011;543040;Wadfow hidráulica crimpado 45KN WHT1D70;True;False;True;93600.0;60027.0;1.559;111000;17400;36.0;USD;https://www.totalherramientasoficial.com.py/produto/wadfow-crimpagem-hidraulica-45kn-wht1d70-52390.html;2026-09-27;;;;;NO;NO;DEBAJO_DE_1_75_COSTO_BASE
41ade0e4-0edd-56ed-8db7-c91705b160ee;609876;"Total juego de llaves de impacto 1/2"" 14PCS THISTD12146";True;False;True;49400.0;31681.0;1.559;58600;9200;19.0;USD;https://www.totalherramientasoficial.com.py/produto/total-jogo-de-soquetes-de-impacto-12-14pcs--thistd12146-57261.html;2026-09-27;;;;;NO;NO;DEBAJO_DE_1_75_COSTO_BASE
41b17792-a8c8-58c5-a169-50eb04435fcc;488952;Wadfow caja de herramientas metálica 483X180X178MM WTB8A12;True;False;True;49400.0;31681.0;1.559;58600;9200;19.0;USD;https://www.totalherramientasoficial.com.py/produto/wadfow-caixa-de-ferramentas-metalica-483x180x178mm-wtb8a12-46131.html;2026-09-27;;;;;NO;NO;DEBAJO_DE_1_75_COSTO_BASE
41bc3569-02f6-5f23-9a3f-1ae8056ac08e;553834;"Total atornillador y llave de impacto 3/4"" 1750N TIWLI201751";True;False;True;8800.0;5674.0;1.551;10500;1700;;;https://www.totalherramientasoficial.com.py/produto/total-parafusadeira-e-chave-de-impacto-34-1750n-tiwli201751-53483.html;;;;;;NO;NO;SIN_PRECIO_PROVEEDOR_ACTUAL
41d0a7ed-c6d8-5624-8f51-bbbaf6700836;437356;Total escuadra con métrica angulo TAHS181511;True;False;True;31900.0;20488.0;1.557;37900;6000;;;https://www.totalherramientasoficial.com.py/produto/total-regua-angulo----tahs181511-34698.html;;;;;;NO;NO;SIN_PRECIO_PROVEEDOR_ACTUAL
41ee3b76-c980-5e16-853c-7a94df98a0fa;66266;Total multi-herramienta de iones de litio 16V TMLI16222;True;False;True;17200.0;11032.0;1.559;20400;3200;;;https://www.totalherramientasoficial.com.py/produto/total-multiferramenta-de-iones-de-litio-16v-tmli16222-55447.html;;;;;;NO;NO;SIN_PRECIO_PROVEEDOR_ACTUAL
42486ca1-0cdb-58f9-a866-69a9347b4b3e;350808;Total atornillador 4.8V UTD4486 nicd;True;False;True;157300.0;100864.0;1.56;186600;29300;;;https://www.totalherramientasoficial.com.py/produto/total-parafusadeira-48v-utd4486-nicd-26434.html;;;;;;NO;NO;SIN_PRECIO_PROVEEDOR_ACTUAL
42a82a79-0e55-56dd-a43b-7bc557ea2ab2;461665;Wadfow cepillo copa de alambre WCE2402;True;False;True;17200.0;11032.0;1.559;20400;3200;;;https://www.totalherramientasoficial.com.py/produto/wadfow-escova----wce2402-41792.html;;;;;;NO;NO;SIN_PRECIO_PROVEEDOR_ACTUAL
42b6713b-0315-5d68-8ae0-77bfb23d2152;580069;Wadfow sierra caladora 20V WLS1565;True;False;True;176900.0;113472.0;1.559;209900;33000;;;https://www.totalherramientasoficial.com.py/produto/wadfow-sierra-tico-tico-20v-wls1565-56430.html;;;;;;NO;NO;SIN_PRECIO_PROVEEDOR_ACTUAL
42fa2466-ba74-57f6-a44c-f7fa5f177a34;278492;Wadfow gato eléctrico 12V 100W 2TONELADAS WHJ4D02;True;False;True;166400.0;106714.0;1.559;197400;31000;;;https://www.totalherramientasoficial.com.py/produto/wadfow-macaco-eletrica-12v-100w--2-toneladas-whj4d02-54656.html;;;;;;NO;NO;SIN_PRECIO_PROVEEDOR_ACTUAL
430ac352-62a6-56e2-ae5f-1d425f71b391;613781;Wadfow mini amoladora WLAP573 20V 3'' 1BT 1.5AH;True;False;True;114400.0;73366.0;1.559;135700;21300;44.0;USD;https://www.totalherramientasoficial.com.py/produto/wadfow-mini-lixadeira--wlap573-20v-3-1bt-15ah-57171.html;2026-09-27;;;;;NO;NO;DEBAJO_DE_1_75_COSTO_BASE
433b92cc-7111-5aff-9d2c-356d6d569b42;381024;Total bateria TOBPLI228180 18V;True;False;True;31900.0;20488.0;1.557;37900;6000;;;https://www.totalherramientasoficial.com.py/produto/total-bateria-tobpli228180-18v-29266.html;;;;;;NO;NO;SIN_PRECIO_PROVEEDOR_ACTUAL
4351682b-6a28-5a35-aad2-2a6092739f8d;12330;SKIN1004 Poremizing Quick Clay Stick Mask 27 g;True;False;True;36400.0;;;;;14.0;USD;https://atacadousa.com.py/cosmeticos/12330-mascara-facial-skin1004-centella-poremizing-quick-clay-stick-27g.html;2026-09-27;;;;;NO;NO;SIN_COSTO_BASE_DOCUMENTADO
436db052-5b7b-592a-a9a8-a05016a1ab56;488389;Total corta césped 40V TLMLI4020 motor sin escobillas;True;False;True;743600.0;476879.0;1.559;882200;138600;286.0;USD;https://www.totalherramientasoficial.com.py/produto/total-cortador-de-grama-40v--tlmli4020--motor-sem-escovas-46074.html;2026-09-27;;;;;NO;NO;DEBAJO_DE_1_75_COSTO_BASE
437a52af-e188-502e-a521-74a270d01def;511872;Total combo de llave de impacto +lampara TOSLI23048;True;False;True;319500.0;204880.0;1.559;379000;59500;;;https://www.totalherramientasoficial.com.py/produto/total-combo-chave-de-impacto--lampada-tosli23048-48538.html;;;;;;NO;NO;SIN_PRECIO_PROVEEDOR_ACTUAL
4398aefe-67f2-5742-b529-fff86e8fb2aa;381093;Total pistola de silicona UTT101116;True;False;True;36900.0;23640.0;1.561;43700;6800;;;https://www.totalherramientasoficial.com.py/produto/total-pistola-de-cola----utt101116-29273.html;;;;;;NO;NO;SIN_PRECIO_PROVEEDOR_ACTUAL
439ca27e-c3d9-5cb6-b895-0d30edcc8528;367981;Total cepillo electrico UTL1108236 1050W;True;False;True;179400.0;115051.0;1.559;212800;33400;69.0;USD;https://www.totalherramientasoficial.com.py/produto/total-plaina---utl1108236-1050w-28014.html;2026-09-27;;;;;NO;NO;DEBAJO_DE_1_75_COSTO_BASE
43a5bd74-eaca-5da5-bea8-a5ea6385055e;489386;Wadfow lubricador de grasa manual 25KG WHY2A25;True;False;True;162500.0;104215.0;1.559;192800;30300;62.5;USD;https://www.totalherramientasoficial.com.py/produto/wadfow-lubrificador-de-graxa-manual-25kg-why2a25-46174.html;2026-09-27;;;;;NO;NO;DEBAJO_DE_1_75_COSTO_BASE
43b681c2-815e-55b4-8c53-ece1b91cf1a6;543774;"Wadfow taladro drill eléctrico 3/8"" 500W WED15501";True;False;True;63900.0;40976.0;1.559;75800;11900;19.0;USD;https://www.totalherramientasoficial.com.py/produto/wadfow-furadeira-eletrica-38-500w---wed15501-52463.html;2026-09-27;;;;;NO;NO;DEBAJO_DE_1_75_COSTO_BASE
43df13eb-96f4-5bcb-83ae-ecfa5cc404e0;463942;Wadfow dado de impacto 10PCS WMS2D02;True;False;True;157300.0;100864.0;1.56;186600;29300;16.0;USD;https://www.totalherramientasoficial.com.py/produto/wadfow-soquete-impacto-10pcs-wms2d02-42041.html;2026-09-27;;;;;NO;NO;DEBAJO_DE_1_75_COSTO_BASE
43e639a4-dbe0-5098-8bcb-b350bf9cae6a;542838;"Wadfow alicate para bombas WPL9C12 12""";True;False;True;8800.0;5674.0;1.551;10500;1700;;;https://www.totalherramientasoficial.com.py/produto/wadfow-alicate-para-bombas-wpl9c12-12-52369.html;;;;;;NO;NO;SIN_PRECIO_PROVEEDOR_ACTUAL
44018004-5447-55d2-aae3-ddbec5aac81d;443043;Total escuadro magnetico TAMWH75056;True;False;True;18600.0;11921.0;1.56;22100;3500;7.15;USD;https://www.totalherramientasoficial.com.py/produto/total-esquadro-magnetico-tamwh75056-35297.html;2026-09-27;;;;;NO;NO;DEBAJO_DE_1_75_COSTO_BASE
441ad45f-ef78-548c-8179-da05a9a9a0b4;436335;Total compresor de airi TTAC1601 12V 160PSI;True;False;True;60900.0;39085.0;1.558;72300;11400;;;https://www.totalherramientasoficial.com.py/produto/total-compresor-de-ar-ttac1601-12v--160psi-34591.html;;;;;;NO;NO;SIN_PRECIO_PROVEEDOR_ACTUAL
44419c73-ff3f-5490-90e4-21dfbe8b0caa;316545;Total cinta metrica TMT126101 10MX25MM;True;False;True;8800.0;5674.0;1.551;10500;1700;;;https://www.totalherramientasoficial.com.py/produto/total-trena--tmt126101-10mx25mm-23368.html;;;;;;NO;NO;SIN_PRECIO_PROVEEDOR_ACTUAL
44a78bf0-7f17-544e-828d-803fd2923785;456937;Total sierra policorte TS92435526 2400W 14';True;False;True;137600.0;88256.0;1.559;163300;25700;;;https://www.totalherramientasoficial.com.py/produto/total-serra-policorte-ts92435526-2400w-14-40761.html;;;;;;NO;NO;SIN_PRECIO_PROVEEDOR_ACTUAL
44b580df-8c79-5759-9058-f0daf14844a7;543590;Wadfow sierra copa de diamante 52MM WQR1352;True;False;True;78000.0;50022.0;1.559;92500;14500;30.0;USD;https://www.totalherramientasoficial.com.py/produto/wadfow-serra-copa-de-diamante-52mm-wqr1352-52445.html;2026-09-27;;;;;NO;NO;DEBAJO_DE_1_75_COSTO_BASE
44c277c3-e01b-56a8-b2d7-6d276de49398;526111;Total sierra de mano para metal THT541016;True;False;True;137600.0;88256.0;1.559;163300;25700;;;https://www.totalherramientasoficial.com.py/produto/total-serra-manual-para-metal-tht541016-50435.html;;;;;;NO;NO;SIN_PRECIO_PROVEEDOR_ACTUAL
452acf7e-3981-5df8-8ddc-64a3dfd46825;579889;Total sierra copo hormigón 40MM TAC440331;True;False;True;18800.0;12088.0;1.555;22400;3600;7.25;USD;https://www.totalherramientasoficial.com.py/produto/total-serra-copo-concreto-40mm-tac440331-56412.html;2026-09-27;;;;;NO;NO;DEBAJO_DE_1_75_COSTO_BASE
45329b1f-0103-5890-a899-94011c468577;486576;Total cinta metrica 5MX 25MM TMT126052;True;False;True;5900.0;3782.0;1.56;7000;1100;;;https://www.totalherramientasoficial.com.py/produto/total-trena-5mx-25mm--tmt126052-45873.html;;;;;;NO;NO;SIN_PRECIO_PROVEEDOR_ACTUAL
4534511d-0ad7-5aa9-bcca-59fcec4d408c;566858;Total termofusión de pvc TWTLI20182;True;False;True;17200.0;11032.0;1.559;20400;3200;;;https://www.totalherramientasoficial.com.py/produto/total-termofusora-pvc-twtli20182-54849.html;;;;;;NO;NO;SIN_PRECIO_PROVEEDOR_ACTUAL
4545ca20-0966-5986-b2e5-fd5f2e403897;489829;"Wadfow manguera 50 metros 1/2"" WYP1E12";True;False;True;70200.0;45020.0;1.559;83300;13100;27.0;USD;https://www.totalherramientasoficial.com.py/produto/wadfow-mangueira-50-metros--12---wyp1e12-46218.html;2026-09-27;;;;;NO;NO;DEBAJO_DE_1_75_COSTO_BASE
4567d3a2-983b-5b2c-acfc-f1d7a7621669;239646;Total cepillo eléctrico 750W TL7508226;True;False;True;127400.0;81703.0;1.559;151200;23800;49.0;USD;https://www.totalherramientasoficial.com.py/produto/total-plaina-eletrica-750w--tl7508226-8437.html;2026-09-27;;;;;NO;NO;DEBAJO_DE_1_75_COSTO_BASE
45810048-fe2e-521a-a497-e451dd479d17;463485;Wadfow juego DE12 puntas de destornillador de impacto WBS2602;True;False;True;8600.0;5503.0;1.563;10200;1600;3.3;USD;https://www.totalherramientasoficial.com.py/produto/wadfow--bits-kit-12pcs-para-chave-de-fenda----wbs2602-41995.html;2026-09-27;;;;;NO;NO;DEBAJO_DE_1_75_COSTO_BASE
4592b3b6-9027-5729-b420-8a09930a4922;263542;Total atornillador 110V UTD502101 280W;True;False;True;157300.0;100864.0;1.56;186600;29300;;;https://www.totalherramientasoficial.com.py/produto/total-parafusadeira-110v-utd502101-280w-11914.html;;;;;;NO;NO;SIN_PRECIO_PROVEEDOR_ACTUAL
45c13d76-977c-50a5-a026-8d20a6ef1454;487771;Total atornillador de iones de litio 20V TDLI200518;True;False;True;93400.0;59888.0;1.56;110800;17400;;;https://www.totalherramientasoficial.com.py/produto/total-parafusadeira-de-iones-de-litio--20v-tdli200518-46013.html;;;;;;NO;NO;SIN_PRECIO_PROVEEDOR_ACTUAL
45e151fb-fc0b-59bf-a174-26ac0a09383d;443050;Total escuadro magnético 4PCS TAMWH4001;True;False;True;17200.0;11032.0;1.559;20400;3200;;;https://www.totalherramientasoficial.com.py/produto/total-esquadro-magnetico-4pcs---tamwh4001-35298.html;;;;;;NO;NO;SIN_PRECIO_PROVEEDOR_ACTUAL
45f707f7-6854-5279-a80b-64231773cafc;489881;Wadfow prensa hidráulica 10 toneladas WHQ1A10;True;False;True;813800.0;521899.0;1.559;965500;151700;313.0;USD;https://www.totalherramientasoficial.com.py/produto/wadfow-prensa-hidraulica-10-toneladas-whq1a10-46224.html;2026-09-27;;;;;NO;NO;DEBAJO_DE_1_75_COSTO_BASE
461f11c2-b026-5316-b58c-05aab6ba8dc6;462419;Wadfow engrapadora kit WGU4B06;True;False;True;23400.0;15007.0;1.559;27800;4400;9.0;USD;https://www.totalherramientasoficial.com.py/produto/wadfow--grampiador-kit---wgu4b06-41888.html;2026-09-27;;;;;NO;NO;DEBAJO_DE_1_75_COSTO_BASE
4643feea-1c87-5bab-9440-512e743cec02;350877;Total lijadora de palma UTF2231106 240 w;True;False;True;71500.0;45855.0;1.559;84800;13300;27.5;USD;https://www.totalherramientasoficial.com.py/produto/total-lixadeira--utf2231106-240w-treme-tre-26440.html;2026-09-27;;;;;NO;NO;DEBAJO_DE_1_75_COSTO_BASE
46440af3-6126-5c00-a407-d213c8aaabd1;381833;Total juego de llaves de vaso anguladas 9PCS TLASWT0901;True;False;True;55900.0;35851.0;1.559;66300;10400;21.5;USD;https://www.totalherramientasoficial.com.py/produto/total-conjunto-de-chave-de-soquete-angular-9pcs-tlaswt0901-29343.html;2026-09-27;;;;;NO;NO;DEBAJO_DE_1_75_COSTO_BASE
4652ff6d-440f-5e20-ae86-47af6c01c802;506113;"Wadfow sierra ingletadora 8"" 210MM 1400W WXD151400";True;False;True;213200.0;136727.0;1.559;252900;39700;82.0;USD;https://www.totalherramientasoficial.com.py/produto/wadfow-serra-esquadria--8-210mm-1400w--wxd151400-47897.html;2026-09-27;;;;;NO;NO;DEBAJO_DE_1_75_COSTO_BASE
467e93fa-4d47-5596-b5ad-cbc77f708f34;367905;Total cinta metrica TMT126352 5M;True;False;True;5900.0;3782.0;1.56;7000;1100;;;https://www.totalherramientasoficial.com.py/produto/total-trena-tmt126352-5m-28006.html;;;;;;NO;NO;SIN_PRECIO_PROVEEDOR_ACTUAL
46d3bf64-17b4-569f-b0d5-b7d3eeae47a2;486835;Total cortadora de ramas 20V TPHT201601 largo;True;False;True;12300.0;7880.0;1.561;14600;2300;;;https://www.totalherramientasoficial.com.py/produto/total-cortador-de-ramas-20v-tpht201601-longo-45899.html;;;;;;NO;NO;SIN_PRECIO_PROVEEDOR_ACTUAL
46f02310-ecc6-5878-89ea-88fabd231e9d;613828;Wadfow accesorio para atornillador de drywall WCDS2088;True;False;True;157300.0;100864.0;1.56;186600;29300;;;https://www.totalherramientasoficial.com.py/produto/wadfow-acessorio-para-chave-de-fenda-de-drywall-wcds2088-57199.html;;;;;;NO;NO;SIN_PRECIO_PROVEEDOR_ACTUAL
4720ee30-8d58-543e-a520-d988b44f7f20;381017;Total cargador UTOCLI228180 18V 110;True;False;True;17200.0;11032.0;1.559;20400;3200;;;https://www.totalherramientasoficial.com.py/produto/total-caregador--utocli228180-18v-110-29265.html;;;;;;NO;NO;SIN_PRECIO_PROVEEDOR_ACTUAL
47220473-c71d-5e6f-999c-286b0698d988;113724;Wadfow juego de rodillos de pinturas 23PCS WCB3H23;True;False;True;20500.0;13141.0;1.56;24300;3800;7.88;USD;https://www.totalherramientasoficial.com.py/produto/wadfow--kit-escova-pintura-23pcs---wcb3h23-54642.html;2026-09-27;;;;;NO;NO;DEBAJO_DE_1_75_COSTO_BASE
47273dd9-e301-5c56-8325-cd56012bf4ae;489812;Wadfow temporizador digital para riego 4BAR 50L/MIN WQC5534;True;False;True;63000.0;40434.0;1.558;74800;11800;24.25;USD;https://www.totalherramientasoficial.com.py/produto/wadfow-temporizador-digital-para-irrigacao-4bar-50lmin-wqc5534-46217.html;2026-09-27;;;;;NO;NO;DEBAJO_DE_1_75_COSTO_BASE
47292681-4b26-547f-9f59-98b566b1dd91;417440;Total botas seguridad TSP201SB.42;True;False;True;57200.0;36683.0;1.559;67900;10700;;;https://www.totalherramientasoficial.com.py/produto/total-botas-seguranca-tsp201sb42-32645.html;;;;;;NO;NO;SIN_PRECIO_PROVEEDOR_ACTUAL
4761bbc9-a041-505d-94b0-c2e2a672a8a1;553971;"Total moto sierra corriente 12"" 44DENT TGTSC51201";True;False;True;137600.0;88256.0;1.559;163300;25700;;;https://www.totalherramientasoficial.com.py/produto/total-moto-serra-corrente-12-44dent-tgtsc51201-53497.html;;;;;;NO;NO;SIN_PRECIO_PROVEEDOR_ACTUAL
477ae876-8892-526a-a4b1-2df0c1a80df6;496131;Wadfow juego de llaves ajustables 5PCS WAW275K;True;False;True;44200.0;28330.0;1.56;52400;8200;16.99;USD;https://www.totalherramientasoficial.com.py/produto/wadfow-conjunto-de-chave-ajustavel-5pcs---waw275k-46889.html;2026-09-27;;;;;NO;NO;DEBAJO_DE_1_75_COSTO_BASE
4788ec75-485c-58c1-a824-f49e13973937;553278;Total taladro 12V TDLI12456 20NM 1BT;True;False;True;71300.0;45704.0;1.56;84600;13300;;;https://www.totalherramientasoficial.com.py/produto/total-parafusadeira-12v-tdli12456-20nm-1bt-53427.html;;;;;;NO;NO;SIN_PRECIO_PROVEEDOR_ACTUAL
47916177-5ed7-58cf-8ad6-4f14ab7e1ad1;529112;Total taladro inálambrico 20V TDLI20668 motor sin escobillas;True;False;True;122900.0;78800.0;1.56;145800;22900;;;https://www.totalherramientasoficial.com.py/produto/total-furadeira-sem-fio--20v--tdli20668--motor-sem-escovas-50758.html;;;;;;NO;NO;SIN_PRECIO_PROVEEDOR_ACTUAL
479a0894-44fe-5cf8-83a9-b5f977c33f8e;98823;"Total espada de motosierra 12"" TGTSB51201";True;False;True;26000.0;16658.0;1.561;30800;4800;9.99;USD;https://www.totalherramientasoficial.com.py/produto/total--barra-de-motoserra-12-tgtsb51201-55448.html;2026-09-27;;;;;NO;NO;DEBAJO_DE_1_75_COSTO_BASE
47cb1acb-56d0-52ee-b4db-3199fbc93c4c;340298;"Total cortador de cable THT115246 24""";True;False;True;13800.0;8826.0;1.564;16300;2500;;;https://www.totalherramientasoficial.com.py/produto/total-cortador-de-cabos--tht115246-24-25495.html;;;;;;NO;NO;SIN_PRECIO_PROVEEDOR_ACTUAL
47d55e91-87ce-5ecb-b94f-2e6cffe6e918;350938;Total soplador aspiradora 600W TB2066 220V;True;False;True;78600.0;50432.0;1.559;93300;14700;;;https://www.totalherramientasoficial.com.py/produto/total-soprador-aspirador-600w--tb2066-220v-26443.html;;;;;;NO;NO;SIN_PRECIO_PROVEEDOR_ACTUAL
47de51b1-c546-5377-b72d-c5e3527c710b;521406;Total nivel laser de 2 lineas TLL156601 35M verde;True;False;True;143000.0;91707.0;1.559;169700;26700;55.0;USD;https://www.totalherramientasoficial.com.py/produto/total-nivel-de-laser-de-2-linhas--tll156601-35m-verde-49893.html;2026-09-27;;;;;NO;NO;DEBAJO_DE_1_75_COSTO_BASE
47fa65c8-2e16-5175-a24a-f9e5eb41d7d8;487962;Total set taladro + batidora + linterna + lampara li-ion 12V t;True;False;True;319500.0;204880.0;1.559;379000;59500;;;https://www.totalherramientasoficial.com.py/produto/total-conjunto-furadeira--misturador--lanterna--lampada-de-liion-12v-tosli23115-46032.html;;;;;;NO;NO;SIN_PRECIO_PROVEEDOR_ACTUAL
4807e351-f4a2-5ad5-aedd-442972e57053;118248;"Wadfow llave combinada con ratchet 13"" WSA6113";True;False;True;6800.0;4334.0;1.569;8000;1200;2.6;USD;https://www.totalherramientasoficial.com.py/produto/wadfow-chave-com-catraca-dobravel13--wsa6113-54873.html;2026-09-27;;;;;NO;NO;DEBAJO_DE_1_75_COSTO_BASE
481775fc-254e-5ce4-875d-f62c6b399dd5;465335;Total pistola clavadora 20V 50MM TCBNLI5008 1BT;True;False;True;108100.0;69344.0;1.559;128300;20200;;;https://www.totalherramientasoficial.com.py/produto/total-pregador-20v--50mm-tcbnli5008-1bt-42180.html;;;;;;NO;NO;SIN_PRECIO_PROVEEDOR_ACTUAL
48345895-253c-5ca8-9f0d-e99324ad9741;133876;Total compresor de aire para auto 20V TACLI2026;True;False;True;114400.0;73366.0;1.559;135700;21300;44.0;USD;https://www.totalherramientasoficial.com.py/produto/total-compressor-de-ar-para-carro-20v--tacli2026-3004.html;2026-09-27;;;;;NO;NO;DEBAJO_DE_1_75_COSTO_BASE
4857263e-0a7b-5140-97b1-72efe2d31e0b;564984;Total máquina de soldar 250A mma/tig TW225089;True;False;True;206400.0;132384.0;1.559;244900;38500;;;https://www.totalherramientasoficial.com.py/produto/total-maquina-de-solda-250a--mmatig--tw225089-54608.html;;;;;;NO;NO;SIN_PRECIO_PROVEEDOR_ACTUAL
4894dfc1-bac5-573b-b688-d551097a9744;201414;Total adaptador de dados de impacto THIAD3412;True;False;True;157300.0;100864.0;1.56;186600;29300;;;https://www.totalherramientasoficial.com.py/produto/total-adaptador-de-dados-de-impacto---thiad3412-55249.html;;;;;;NO;NO;SIN_PRECIO_PROVEEDOR_ACTUAL
48aae6aa-586b-5911-974b-240bc7eb4514;442879;Total llave de impacto UTIWLI2001 20V;True;False;True;8800.0;5674.0;1.551;10500;1700;;;https://www.totalherramientasoficial.com.py/produto/total-chave-de-impacto-utiwli2001-20v-35279.html;;;;;;NO;NO;SIN_PRECIO_PROVEEDOR_ACTUAL
48bfae26-4128-5ecf-b29f-5ed737aa8aa5;521352;Total punta de impacto 1/4'' TAC2765061 6PCS;True;False;True;157300.0;100864.0;1.56;186600;29300;;;https://www.totalherramientasoficial.com.py/produto/total--ponta-impacto-14-tac2765061--6pcs-49888.html;;;;;;NO;NO;SIN_PRECIO_PROVEEDOR_ACTUAL
48cc93bb-96c4-5a07-b2da-b420ab5b9341;417297;Total pistola de pintura UTT5006 550W plastico;True;False;True;78000.0;50022.0;1.559;92500;14500;30.0;USD;https://www.totalherramientasoficial.com.py/produto/total-pistola-de-pintura-utt5006-550w-plastico-32630.html;2026-09-27;;;;;NO;NO;DEBAJO_DE_1_75_COSTO_BASE
48dbbd8c-f4d8-5bb4-8c50-2eabf2f27083;381659;Total kit herramienta THKTHP90086 8IN1;True;False;True;41800.0;26792.0;1.56;49600;7800;;;https://www.totalherramientasoficial.com.py/produto/total-kit-feramenta--thkthp90086-8in1-29325.html;;;;;;NO;NO;SIN_PRECIO_PROVEEDOR_ACTUAL
48e24f41-41b2-5e1c-8e3d-e61b345bbb48;316231;Total alicate corte diagonal THT230606;True;False;True;8800.0;5674.0;1.551;10500;1700;;;https://www.totalherramientasoficial.com.py/produto/total-alicate-corte-diagonal-tht230606-23337.html;;;;;;NO;NO;SIN_PRECIO_PROVEEDOR_ACTUAL
48e4aeaa-6414-55c1-98af-bdbf60de0b15;502283;Total calibre digital TMT322006 200MM;True;False;True;31900.0;20488.0;1.557;37900;6000;;;https://www.totalherramientasoficial.com.py/produto/total--paquimetro-digital-tmt322006--200mm-47512.html;;;;;;NO;NO;SIN_PRECIO_PROVEEDOR_ACTUAL
48e583fe-d195-5d6d-97a2-d7b49f22b50b;126021;Wadfow taladro dry wall 20V WDS204281;True;False;True;93400.0;59888.0;1.56;110800;17400;;;https://www.totalherramientasoficial.com.py/produto/wadfow-parafusadeira-dry-wall-20v-wds204281-13253.html;;;;;;NO;NO;SIN_PRECIO_PROVEEDOR_ACTUAL
48e921c4-2afb-5230-a51e-ce801e6e3634;531801;Total broca kit para taladro 49PCS TACSDL24906;True;False;True;63900.0;40976.0;1.559;75800;11900;;;https://www.totalherramientasoficial.com.py/produto/total-kit-de-brocas-49pcs--tacsdl24906-51234.html;;;;;;NO;NO;SIN_PRECIO_PROVEEDOR_ACTUAL
48f28148-aa2c-50b8-bb47-40b2702cfcff;416047;Total catraca THTRS2101 2T 10M x 35MM;True;False;True;13800.0;8826.0;1.564;16300;2500;;;https://www.totalherramientasoficial.com.py/produto/total-catraca-thtrs2101--2t-10m-x-35mm-32497.html;;;;;;NO;NO;SIN_PRECIO_PROVEEDOR_ACTUAL
4912f7fc-4d42-5884-932e-74540d9d231d;316484;"Total arrancador de engranaje 6"" THTGP366 3MANDIBULAS";True;False;True;59000.0;37824.0;1.56;70000;11000;;;https://www.totalherramientasoficial.com.py/produto/total-puxador-de-engrnagem-6-thtgp366-3mandibulas-23361.html;;;;;;NO;NO;SIN_PRECIO_PROVEEDOR_ACTUAL
491cd7ce-8657-524f-93cb-9ac0e230cd8d;528016;Total amoladora angular 20V TAGLI261521;True;False;True;150800.0;96710.0;1.559;178900;28100;;;https://www.totalherramientasoficial.com.py/produto/total-esmirilhadeira-angular---20v--tagli261521-50630.html;;;;;;NO;NO;SIN_PRECIO_PROVEEDOR_ACTUAL
491cedf5-44a8-5e8a-bc94-2fee042979c4;469715;Wadfow grifo de lavabo WZD1510;True;False;True;20000.0;12838.0;1.558;23800;3800;7.7;USD;https://www.totalherramientasoficial.com.py/produto/wadfow-torneira--de-pia--wzd1510-42655.html;2026-09-27;;;;;NO;NO;DEBAJO_DE_1_75_COSTO_BASE
4933e53d-1899-5fb4-95b3-694e2a1242c1;527354;Total taladro percutor y atornillador 20V TIDLI20558;True;False;True;137600.0;88256.0;1.559;163300;25700;;;https://www.totalherramientasoficial.com.py/produto/total-farudeira-e-parafusadeira-20v-tidli20558-50560.html;;;;;;NO;NO;SIN_PRECIO_PROVEEDOR_ACTUAL
493a9c45-67e9-5db8-8956-51d3594bca8a;543552;Wadfow sierra copa bimetálicas 9PCS WKJ3492;True;False;True;51700.0;33181.0;1.558;61400;9700;19.9;USD;https://www.totalherramientasoficial.com.py/produto/wadfow--serra-copo-bimetalica--wkj3492-52441.html;2026-09-27;;;;;NO;NO;DEBAJO_DE_1_75_COSTO_BASE
493b1e18-defd-5193-a1f7-089c69cadc31;430470;Total atornillador 12V UTDLI12325 2BAT bivolt;True;False;True;95800.0;61464.0;1.559;113700;17900;;;https://www.totalherramientasoficial.com.py/produto/total-parafusadeira-12v-utdli12325-2bat-bivolt-33985.html;;;;;;NO;NO;SIN_PRECIO_PROVEEDOR_ACTUAL
49614f4b-ee73-5d84-bd57-beba4092f886;461382;Wadfow limpiador de cañerias 5M WDD2305;True;False;True;13600.0;8753.0;1.554;16200;2600;5.25;USD;https://www.totalherramientasoficial.com.py/produto/wadfow-trado-drenagem-5m-wdd2305-41764.html;2026-09-27;;;;;NO;NO;DEBAJO_DE_1_75_COSTO_BASE
4965c566-8207-5036-ad11-f0f2a648c1a6;381765;Total furador de cuero THT3351;True;False;True;17200.0;11032.0;1.559;20400;3200;;;https://www.totalherramientasoficial.com.py/produto/total-furador-de-couro--tht3351-29336.html;;;;;;NO;NO;SIN_PRECIO_PROVEEDOR_ACTUAL
4975c1c2-002e-5099-b6c9-f90d07052e5e;488051;Total motosierra 40V TGSLI40168 motor sin escobillas;True;False;True;312000.0;200073.0;1.559;370100;58100;119.99;USD;https://www.totalherramientasoficial.com.py/produto/total-motorserra-40v-tgsli40168-motor-sem-escovas-46041.html;2026-09-27;;;;;NO;NO;DEBAJO_DE_1_75_COSTO_BASE
49b098a3-7c06-5248-ac28-89507510576f;460583;Wadfow martillo orejas WHM3327;True;False;True;10800.0;6934.0;1.558;12800;2000;;;https://www.totalherramientasoficial.com.py/produto/wadfow-martelo-unha---whm3327-41684.html;;;;;;NO;NO;SIN_PRECIO_PROVEEDOR_ACTUAL
49c6254a-58ac-5f96-b783-073329beb28b;110983;"Wadfow llave trinquete 1/4"" WRW1214";True;False;True;9800.0;6254.0;1.567;11600;1800;3.75;USD;https://www.totalherramientasoficial.com.py/produto/wadfow--chave-catraca-14-wrw1214-5501.html;2026-09-27;;;;;NO;NO;DEBAJO_DE_1_75_COSTO_BASE
4a30fd9d-b198-57b3-b018-d1ef8d4b70c4;386463;Total panel de luz led UTLPLS215301 110V 24W yeso;True;False;True;11700.0;7505.0;1.559;13900;2200;4.5;USD;https://www.totalherramientasoficial.com.py/produto/total-luz-painel-led-utlpls215301-110v-24w-gesso-29745.html;2026-09-27;;;;;NO;NO;DEBAJO_DE_1_75_COSTO_BASE
4a6582f2-c3d5-5705-9e71-be2e64d6b8c2;436212;Total cortador de pasto TSTLI2001;True;False;True;12300.0;7880.0;1.561;14600;2300;;;https://www.totalherramientasoficial.com.py/produto/total-aparador-eletrico-tstli2001-34577.html;;;;;;NO;NO;SIN_PRECIO_PROVEEDOR_ACTUAL
4a675e24-0203-5a94-b362-1739d1d38225;338363;Total sierra circular TS1141856 1400W madera 7';True;False;True;137600.0;88256.0;1.559;163300;25700;;;https://www.totalherramientasoficial.com.py/produto/total-serra-circular-ts1141856-1400w-madeira-7-11907.html;;;;;;NO;NO;SIN_PRECIO_PROVEEDOR_ACTUAL
4a67b564-d1d8-522b-9951-a9c8dfbc3678;3049;Wadfow juego de llave combinadas 10PCS 6-32MM WFD5M10;True;False;True;5900.0;3782.0;1.56;7000;1100;;;https://www.totalherramientasoficial.com.py/produto/wadfow--kit-chave-combinadas-10pcs--632mm--wfd5m10-55201.html;;;;;;NO;NO;SIN_PRECIO_PROVEEDOR_ACTUAL
4a6e3b3c-f315-5023-846a-513821d5d576;531740;Total martillo perforador TH1163855 1600W sds max;True;False;True;10800.0;6934.0;1.558;12800;2000;;;https://www.totalherramientasoficial.com.py/produto/total--martlete--th1163855-1600w-sds-max-51228.html;;;;;;NO;NO;SIN_PRECIO_PROVEEDOR_ACTUAL
4a7d7927-9ac6-5da4-9e3e-8e49f752c332;512244;Total martillo demoledor sds max 1500W TH215002;True;False;True;437400.0;280528.0;1.559;519000;81600;;;https://www.totalherramientasoficial.com.py/produto/total-martelete-de-demolicao-sds-max-1500w--th215002-48575.html;;;;;;NO;NO;SIN_PRECIO_PROVEEDOR_ACTUAL
4aa8bf8c-c333-545f-a469-3386a26d591d;543743;Wadfow soplador inalámbrico 20V WBL1525;True;False;True;67600.0;43353.0;1.559;80200;12600;26.0;USD;https://www.totalherramientasoficial.com.py/produto/wadfow-soprador-sem-fio-20v-wbl1525-52460.html;2026-09-27;;;;;NO;NO;DEBAJO_DE_1_75_COSTO_BASE
4ab1b24c-2b0e-5b22-9964-bc79e83da1d4;214018;Total gato hidráulico de botella 30TON THT109302;True;False;True;231400.0;148399.0;1.559;274500;43100;89.0;USD;https://www.totalherramientasoficial.com.py/produto/total-macaco-hidraulico-de-garrafa--30ton--tht109302-55265.html;2026-09-27;;;;;NO;NO;DEBAJO_DE_1_75_COSTO_BASE
4acf2164-e60e-5461-acd7-450e58a51bbd;486842;Total corta césped 20V TSTLI20028;True;False;True;46700.0;29944.0;1.56;55400;8700;;;https://www.totalherramientasoficial.com.py/produto/total-corta-grama--20v-tstli20028-45900.html;;;;;;NO;NO;SIN_PRECIO_PROVEEDOR_ACTUAL
4acfe966-6036-5de6-91c1-f9e3d5737e5c;528283;Wadfow juego de llaves de trinquete WSP4205;True;False;True;24100.0;15423.0;1.563;28500;4400;9.25;USD;https://www.totalherramientasoficial.com.py/produto/wadfow-conjunto-de-chaves-trinquete-5pcs---wsp4205-50660.html;2026-09-27;;;;;NO;NO;DEBAJO_DE_1_75_COSTO_BASE
4ae81248-7fdc-5239-a147-cff2cace4b00;340991;Total botas de lluvia TSP302L.43;True;False;True;23400.0;15007.0;1.559;27800;4400;;;https://www.totalherramientasoficial.com.py/produto/total-botas-de-chuva--tsp302l43-25568.html;;;;;;NO;NO;SIN_PRECIO_PROVEEDOR_ACTUAL
4b304285-3f99-58fa-baef-9102516d1273;612265;Total soplador 20V TABLI205082 2B slim;True;False;True;186800.0;119776.0;1.56;221600;34800;;;https://www.totalherramientasoficial.com.py/produto/total-soprador--20v--tabli205082-2b-slim-57238.html;;;;;;NO;NO;SIN_PRECIO_PROVEEDOR_ACTUAL
4b36a7d9-f6ae-5ba1-a3b9-f21778214540;318686;Total tijera de podar 16V motor brushless TSSLI162582;True;False;True;12300.0;7880.0;1.561;14600;2300;;;https://www.totalherramientasoficial.com.py/produto/total-tesouras-de-poda-16v-motor-brushless-tssli162582-23555.html;;;;;;NO;NO;SIN_PRECIO_PROVEEDOR_ACTUAL
4b69f946-9cdb-5837-af9d-84d4c7e12d17;768524;Medicube One Day Exosome Shot 7500 30 ml;True;False;True;37700.0;;;;;14.0;USD;https://atacadousa.com.py/cosmeticos/12027-serum-facial-medicube-one-day-exosome-shot-7500-30ml768524.html;2026-09-27;;;;;NO;NO;SIN_COSTO_BASE_DOCUMENTADO
4b91255d-5931-525c-a58e-5d6cc99fe5e7;338387;Total máquina de soldadura TW21306 220V 130A portátil;True;False;True;206400.0;132384.0;1.559;244900;38500;;;https://www.totalherramientasoficial.com.py/produto/total-maquina-solda-tw21306-220v-130a--portatil-11910.html;;;;;;NO;NO;SIN_PRECIO_PROVEEDOR_ACTUAL
4bb12164-e184-5cde-9ea0-b87de4abac57;149792;Wadfow pistola clavadora 20V 35MM WBJ1308;True;False;True;108100.0;69344.0;1.559;128300;20200;;;https://www.totalherramientasoficial.com.py/produto/wadfow--pistola-de-pregos-20v-35mm--wbj1308-54680.html;;;;;;NO;NO;SIN_PRECIO_PROVEEDOR_ACTUAL
4bbae971-3f8e-5676-87cc-c52008b520fc;7184;Wadfow juego de llaves combinadas 6-32MM WDS2M10;True;False;True;40300.0;25846.0;1.559;47800;7500;15.5;USD;https://www.totalherramientasoficial.com.py/produto/wadfow--kit-chaves-combinadas-632mm--wds2m10-55202.html;2026-09-27;;;;;NO;NO;DEBAJO_DE_1_75_COSTO_BASE
4bbebaa6-43dc-5066-82d0-83b0165d463b;443531;Total martillo maquinario THT7120006;True;False;True;27200.0;17424.0;1.561;32200;5000;10.45;USD;https://www.totalherramientasoficial.com.py/produto/total-martelo-machnista-tht7120006-37563.html;2026-09-27;;;;;NO;NO;DEBAJO_DE_1_75_COSTO_BASE
4bf615a3-8c8e-58b3-9893-ba65664ebd3c;472326;Total llave de impacto UTIW10101 1050W;True;False;True;103700.0;66529.0;1.559;123100;19400;39.9;USD;https://www.totalherramientasoficial.com.py/produto/total-chave-de-impacto-utiw10101-1050w-43333.html;2026-09-27;;;;;NO;NO;DEBAJO_DE_1_75_COSTO_BASE
4bfb278c-7536-5979-8ae3-f7c4f57551a9;56281;Total cinta metrica 50MX15MM TMTF18506;True;False;True;31200.0;20009.0;1.559;37000;5800;12.0;USD;https://www.totalherramientasoficial.com.py/produto/total-trena-50mx15mm---tmtf18506-55463.html;2026-09-27;;;;;NO;NO;DEBAJO_DE_1_75_COSTO_BASE
4c1706f2-053b-5a0e-9043-a7704597c8c1;367509;Total pistola de pintura TAT11001 1L 1.5MM;True;False;True;36400.0;23344.0;1.559;43200;6800;14.0;USD;https://www.totalherramientasoficial.com.py/produto/total-pistola-de-pintura-tat11001-1l---15mm-12039.html;2026-09-27;;;;;NO;NO;DEBAJO_DE_1_75_COSTO_BASE
4c4373fb-fcf7-54c2-8069-9cfeabbe67f0;437370;Total escuadra magnética TMT653005;True;False;True;54600.0;35016.0;1.559;64800;10200;21.0;USD;https://www.totalherramientasoficial.com.py/produto/total-regua------magnetico-----tmt653005-34700.html;2026-09-27;;;;;NO;NO;DEBAJO_DE_1_75_COSTO_BASE
4c43f229-525e-53be-b86e-c25b32ceb2fe;615211;Total cuchillo multifuncional 15 en 1 THMFK0156;True;False;True;17200.0;11032.0;1.559;20400;3200;;;https://www.totalherramientasoficial.com.py/produto/total-faca-multifuncional-15-em-1-thmfk0156-57184.html;;;;;;NO;NO;SIN_PRECIO_PROVEEDOR_ACTUAL
4c44ffae-1f1d-59fc-b143-56d994322741;469845;Wadfow grifo de agua fria WZD2501;True;False;True;22900.0;14673.0;1.561;27100;4200;8.8;USD;https://www.totalherramientasoficial.com.py/produto/wadfow-torneira-de-agua-fria--wzd2501-42668.html;2026-09-27;;;;;NO;NO;DEBAJO_DE_1_75_COSTO_BASE
4c5056b0-c23b-546f-8eae-2428e70720d8;286817;Total combo amoladora + taladro 20V TCKLI20766;True;False;True;319500.0;204880.0;1.559;379000;59500;;;https://www.totalherramientasoficial.com.py/produto/total-combo-esmerilhadeira--furadeira-20v--tckli20766-56399.html;;;;;;NO;NO;SIN_PRECIO_PROVEEDOR_ACTUAL
4c68e93d-d992-5afd-9cbf-5c600dc69b85;381628;Total kit llave TACSD30186 24PCS;True;False;True;8800.0;5674.0;1.551;10500;1700;;;https://www.totalherramientasoficial.com.py/produto/total-kit-chave-tacsd30186-24pcs-29323.html;;;;;;NO;NO;SIN_PRECIO_PROVEEDOR_ACTUAL
4c703ada-1eae-5645-9616-7a529dc08617;436885;Total prensa sargento en f THT1321401 140X1000MM;True;False;True;54600.0;35016.0;1.559;64800;10200;21.0;USD;https://www.totalherramientasoficial.com.py/produto/total-sargento-f--tht1321401-140x1000mm-34650.html;2026-09-27;;;;;NO;NO;DEBAJO_DE_1_75_COSTO_BASE
4c7ed088-a739-5943-b808-55efaebc75e9;312059;Total taladro percutor 1/2 velocidad variable TG111136 1010W;True;False;True;118000.0;75648.0;1.56;139900;21900;;;https://www.totalherramientasoficial.com.py/produto/total-furadeira-de-impacto-de-12-com-velocidade-variavel--tg111136-1010w-11948.html;;;;;;NO;NO;SIN_PRECIO_PROVEEDOR_ACTUAL
4ca860ac-daf1-57fd-809e-f86727b9c127;463041;Wadfow bordeadora de acero inoxidable WPE4315;True;False;True;12800.0;8195.0;1.562;15200;2400;;;https://www.totalherramientasoficial.com.py/produto/wadfow--espatula-canto--wpe4315-41951.html;;;;;;NO;NO;SIN_PRECIO_PROVEEDOR_ACTUAL
4cc9cd93-8c8b-557b-8d73-7d4f038a5ffb;444361;Total mascara TSP9309;True;False;True;39600.0;25427.0;1.557;47000;7400;;;https://www.totalherramientasoficial.com.py/produto/total-mascara-tsp9309-37984.html;;;;;;NO;NO;SIN_PRECIO_PROVEEDOR_ACTUAL
4cceb0de-648c-5981-95d5-85b057b2661d;488716;Wadfow llave de torque 380MM WTH1D88;True;False;True;119600.0;76701.0;1.559;141900;22300;;;https://www.totalherramientasoficial.com.py/produto/wadfow--chave-desforcimetro-380mm--wth1d88-46107.html;;;;;;NO;NO;SIN_PRECIO_PROVEEDOR_ACTUAL
4cd8b11c-c70b-58cb-a797-694b29592636;10094;Medicube Deep Vita C Capsule Cream 55 g;True;False;True;41600.0;;;;;15.0;USD;https://atacadousa.com.py/cosmeticos/10094-creme-facial-medicube-deep-vita-c-capsule-cream-55g-x00481mra9.html;2026-09-27;;;;;NO;NO;SIN_COSTO_BASE_DOCUMENTADO
4cdb670a-d407-5465-abda-b2a4436669cb;430401;"Total alicate combinado THT210906S 9.5""";True;False;True;8800.0;5674.0;1.551;10500;1700;;;https://www.totalherramientasoficial.com.py/produto/total-alicate-combinada-tht210906s--95-33978.html;;;;;;NO;NO;SIN_PRECIO_PROVEEDOR_ACTUAL
4ce97467-7c4f-5f0b-8797-0e62ace91992;430449;Total alicate punta larga aislado THTIP2381;True;False;True;16300.0;10421.0;1.564;19300;3000;6.25;USD;https://www.totalherramientasoficial.com.py/produto/total-alicate-bico-longo-isolado--thtip2381-33982.html;2026-09-27;;;;;NO;NO;DEBAJO_DE_1_75_COSTO_BASE
4d15bf45-5330-541b-8a15-940b5d0b6632;436779;Total kit herramienta THKTV02H291 29PCS;True;False;True;17200.0;11032.0;1.559;20400;3200;;;https://www.totalherramientasoficial.com.py/produto/total-kit-feramenta--thktv02h291-29pcs-34639.html;;;;;;NO;NO;SIN_PRECIO_PROVEEDOR_ACTUAL
4d2cd3cf-f96f-597d-9b61-eb959b7cfc69;462990;Wadfow laser nivel 3D WLE1M12;True;False;True;221200.0;141840.0;1.56;262400;41200;;;https://www.totalherramientasoficial.com.py/produto/wadfow-nivel-laser--3d--wle1m12-41946.html;;;;;;NO;NO;SIN_PRECIO_PROVEEDOR_ACTUAL
4d6f4ffd-4e21-530b-ae43-397ea5f6e39e;532013;Total pulverizador 1L indicador de nivel y boquilla ajustable;True;False;True;17600.0;11256.0;1.564;20800;3200;6.75;USD;https://www.totalherramientasoficial.com.py/produto/total-pulverizador--1l--indicador-de-nivel-e-bico-ajustavel-thspp30102-51255.html;2026-09-27;;;;;NO;NO;DEBAJO_DE_1_75_COSTO_BASE
4d704be2-6015-5fa5-9d8d-a39744dc16a1;11280;Wadfow pistola clavadora 20V 50MM WBJ2308;True;False;True;108100.0;69344.0;1.559;128300;20200;;;https://www.totalherramientasoficial.com.py/produto/wadfow--pregador-20v-50mm--wbj2308-55187.html;;;;;;NO;NO;SIN_PRECIO_PROVEEDOR_ACTUAL
4d8981af-59cf-5c4f-a4c2-3415d62e42fd;470889;Wadfow botas de lluvia 42 blanco WRB2L42;True;False;True;22900.0;14673.0;1.561;27100;4200;8.8;USD;https://www.totalherramientasoficial.com.py/produto/wadfow--botas-de-chuva-42-branca--wrb2l42-42772.html;2026-09-27;;;;;NO;NO;DEBAJO_DE_1_75_COSTO_BASE
4d8e6ae1-d4a1-5e76-bf7d-7a347514941d;501187;Wadfow elevador manual paletera 1000KG hidraulica WNK1R10;True;False;True;2574000.0;1650734.0;1.559;3053900;479900;990.0;USD;https://www.totalherramientasoficial.com.py/produto/wadfow-elevador-de-palete-manual-1000kg-hidraulico--wnk1r10-47401.html;2026-09-27;;;;;NO;NO;DEBAJO_DE_1_75_COSTO_BASE
4d8fce0d-9c19-50a6-af88-4654eb01a2fb;11286;Victoria's Secret Loción Midnight Bloom 236 ml;True;False;True;31200.0;;;;;12.0;USD;https://atacadousa.com.py/cosmeticos/11286-locao-victoria-s-secret-midnight-bloom-236ml.html;2026-09-27;;;;;NO;NO;SIN_COSTO_BASE_DOCUMENTADO
4d95cd98-96ea-5331-af64-9c0ab847359c;487375;Total sierra circular 20V TSLI1402 motor brushless;True;False;True;226100.0;144992.0;1.559;268200;42100;;;https://www.totalherramientasoficial.com.py/produto/total-serra-circular-20v--tsli1402-motor-brushless-45973.html;;;;;;NO;NO;SIN_PRECIO_PROVEEDOR_ACTUAL
4da055ae-0d95-5400-aa14-981e65267cf1;61049;Wadfow llave combinada con ratchet 21MM WSA5121;True;False;True;10000.0;6421.0;1.557;11900;1900;3.85;USD;https://www.totalherramientasoficial.com.py/produto/wadfow--chave-combinada-com--catraca-21mm--wsa5121-55204.html;2026-09-27;;;;;NO;NO;DEBAJO_DE_1_75_COSTO_BASE
4dbaf3b8-1f74-5edb-9114-a2f2789dd2ec;469456;"Wadfow alicate ajustable 10"" WAW1110";True;False;True;8800.0;5674.0;1.551;10500;1700;3.75;USD;https://www.totalherramientasoficial.com.py/produto/wadfow-alicates-ajustaveis-10-waw1110-42629.html;2026-09-27;;;;;NO;NO;DEBAJO_DE_1_75_COSTO_BASE
4dd2fd0d-9f32-5578-8a9d-3d8e18b25c78;527378;Total taladro con funcion de impacto 20V TIDLI20868 86NM;True;False;True;137600.0;88256.0;1.559;163300;25700;;;https://www.totalherramientasoficial.com.py/produto/total-parafusadeira-com-funcao-de-impacto-20v-tidli20868--86nm-50562.html;;;;;;NO;NO;SIN_PRECIO_PROVEEDOR_ACTUAL
4de82e94-6706-5177-ae11-467b7dc32591;487382;Total lijadora 20V TSHSLI2014;True;False;True;108100.0;69344.0;1.559;128300;20200;;;https://www.totalherramientasoficial.com.py/produto/total-lixadeira--20v--tshsli2014-45974.html;;;;;;NO;NO;SIN_PRECIO_PROVEEDOR_ACTUAL
4e12ce5b-ece9-5372-891b-d966e6553218;538534;Wadfow kit llave combinada 6PCS WDS2406;True;False;True;5900.0;3782.0;1.56;7000;1100;;;https://www.totalherramientasoficial.com.py/produto/wadfow-kit-chave-combinada-6pcs--wds2406-51919.html;;;;;;NO;NO;SIN_PRECIO_PROVEEDOR_ACTUAL
4e4102f5-c10d-5ba5-8d0e-e685f21048ff;583954;Total rotomartillo 42V 2.4 j TRHLI422482;True;False;True;345800.0;221765.0;1.559;410300;64500;133.0;USD;https://www.totalherramientasoficial.com.py/produto/total-martelete--42v-24-j-trhli422482-56819.html;2026-09-27;;;;;NO;NO;DEBAJO_DE_1_75_COSTO_BASE
4e85e584-6d11-5ca9-a1f8-42b485906c15;311991;Total cargador TOC1803 16.2W 220V;True;False;True;20600.0;13238.0;1.556;24500;3900;;;https://www.totalherramientasoficial.com.py/produto/total-caregador-toc1803-162w-220v-22936.html;;;;;;NO;NO;SIN_PRECIO_PROVEEDOR_ACTUAL
4ea087aa-cd8b-508c-8a12-fa0d50515fc2;313889;Total llave impacto de aire TAT40111;True;False;True;8800.0;5674.0;1.551;10500;1700;;;https://www.totalherramientasoficial.com.py/produto/total-chave-impacto-ar-tat40111-12034.html;;;;;;NO;NO;SIN_PRECIO_PROVEEDOR_ACTUAL
4ea43f05-36aa-5999-99fc-aa9c81d01f5c;415422;"Total juego de dados THTL121101 10PCS 1/2""";True;False;True;24700.0;15842.0;1.559;29300;4600;9.5;USD;https://www.totalherramientasoficial.com.py/produto/total-kit-de-socket--thtl121101-10pcs--12-32433.html;2026-09-27;;;;;NO;NO;DEBAJO_DE_1_75_COSTO_BASE
4ea8d1a9-7b6d-51ba-aeaa-a2e81cf10686;489645;Wadfow compresor de aire automático 12V 160PSI WLN1512;True;False;True;72800.0;46687.0;1.559;86400;13600;28.0;USD;https://www.totalherramientasoficial.com.py/produto/wadfow-compressor-de-ar-automatico-12v-160psi---wln1512-46200.html;2026-09-27;;;;;NO;NO;DEBAJO_DE_1_75_COSTO_BASE
4eb9c799-ed5e-5dfc-9cfe-cb5a03565354;566865;Total juego de herramientas taladro 12V 129PCS THKTHP11292;True;False;True;71300.0;45704.0;1.56;84600;13300;;;https://www.totalherramientasoficial.com.py/produto/total-kit-furadeira-12v-129pcs-thkthp11292-54850.html;;;;;;NO;NO;SIN_PRECIO_PROVEEDOR_ACTUAL
4ee9a6b2-1027-50c1-ba25-fc8659a216a1;512220;Total rectificador 8V 67PCS TMGLI0801;True;False;True;118000.0;75648.0;1.56;139900;21900;;;https://www.totalherramientasoficial.com.py/produto/total-retificador-8v-67pcs--tmgli0801-48573.html;;;;;;NO;NO;SIN_PRECIO_PROVEEDOR_ACTUAL
4f003201-563d-51bc-a05c-515522271059;495622;"Total junta universal de impacto de 1/2"" THHIUJ0121";True;False;True;157300.0;100864.0;1.56;186600;29300;;;https://www.totalherramientasoficial.com.py/produto/total--junta-universal-de-impacto-de-12--thhiuj0121-46821.html;;;;;;NO;NO;SIN_PRECIO_PROVEEDOR_ACTUAL
4f1e862e-64db-5dd1-9983-9fbcaeec78a9;471152;Wadfow cepillo de limpieza kit 11PCS WND5403;True;False;True;31800.0;20425.0;1.557;37800;6000;12.25;USD;https://www.totalherramientasoficial.com.py/produto/wadfow--escova-de-limpeza-kit--11pcs----wnd5403-42799.html;2026-09-27;;;;;NO;NO;DEBAJO_DE_1_75_COSTO_BASE
4f2718e8-6547-55da-b4cc-562b669f9bfe;381062;Total sierra caladora TS206806 650W;True;False;True;78600.0;50432.0;1.559;93300;14700;;;https://www.totalherramientasoficial.com.py/produto/total-tico-tico-ts206806-650w-29270.html;;;;;;NO;NO;SIN_PRECIO_PROVEEDOR_ACTUAL
4f2e95cd-da2d-5be8-ae30-eb001fd3b54b;381055;"Total amoladora angular TG1252306 9"" 2400W 220V";True;False;True;226200.0;145064.0;1.559;268400;42200;87.0;USD;https://www.totalherramientasoficial.com.py/produto/total-rebarbadora--tg1252306--9-2400w--220v-29269.html;2026-09-27;;;;;NO;NO;DEBAJO_DE_1_75_COSTO_BASE
4f4ceecf-1c30-5331-b061-41c9bf021a35;133760;Total lijadora de palma 240 w TF2241108;True;False;True;108100.0;69344.0;1.559;128300;20200;;;https://www.totalherramientasoficial.com.py/produto/total-lixadeira-de-palma-240-w--tf2241108-2349.html;;;;;;NO;NO;SIN_PRECIO_PROVEEDOR_ACTUAL
4f802222-3312-5747-b813-97a1d5c85ada;528542;"Wadfow bolsa de herramientas 13"" WTG3113";True;False;True;41800.0;26792.0;1.56;49600;7800;;;https://www.totalherramientasoficial.com.py/produto/wadfow-bolsa-de-ferramentas-13--wtg3113-50686.html;;;;;;NO;NO;SIN_PRECIO_PROVEEDOR_ACTUAL
4f8e6426-1a21-585e-9f16-e6701496b817;316187;Total alicate para fixar THT111112;True;False;True;8800.0;5674.0;1.551;10500;1700;;;https://www.totalherramientasoficial.com.py/produto/total-alicate-para-fixar-tht111112-23332.html;;;;;;NO;NO;SIN_PRECIO_PROVEEDOR_ACTUAL
4fdf39fc-37cd-5936-b53c-3146d873b966;201216;Wadfow juego de llaves combinadas 14PCS WSP1M24;True;False;True;59000.0;37824.0;1.56;70000;11000;;;https://www.totalherramientasoficial.com.py/produto/wadfow--kit-chave-combinadas-14pcs--wsp1m24-54878.html;;;;;;NO;NO;SIN_PRECIO_PROVEEDOR_ACTUAL
5002ee33-95bd-5fba-a8cb-e1393d2cf554;303323;Total máquina de soldar mma 180A TW218059;True;False;True;206400.0;132384.0;1.559;244900;38500;;;https://www.totalherramientasoficial.com.py/produto/total-maquina-de-solda-mma-180a-tw218059-55846.html;;;;;;NO;NO;SIN_PRECIO_PROVEEDOR_ACTUAL
50036e0f-d405-5226-900a-90acad26543d;316156;"Total llave ajustable TAT101066 6""";True;False;True;12800.0;8195.0;1.562;15200;2400;;;https://www.totalherramientasoficial.com.py/produto/total-chave-ajustavel--tat101066-6-23329.html;;;;;;NO;NO;SIN_PRECIO_PROVEEDOR_ACTUAL
5029ddc8-9377-565f-b0b9-444953675543;444460;Total taladro percutor 710W 13MM TG1071366;True;False;True;70200.0;45020.0;1.559;83300;13100;27.0;USD;https://www.totalherramientasoficial.com.py/produto/total-furadeira-tg1071366--13mm--710w--tg1071366-37994.html;2026-09-27;;;;;NO;NO;DEBAJO_DE_1_75_COSTO_BASE
5039bced-5eff-5e53-9e69-4d3eebbd907a;316552;Total paquimetro TMT321501 150MM digtal;True;False;True;31900.0;20488.0;1.557;37900;6000;;;https://www.totalherramientasoficial.com.py/produto/total-paquimetro--tmt321501-150mm-digtal-23369.html;;;;;;NO;NO;SIN_PRECIO_PROVEEDOR_ACTUAL
50449eff-d27f-5f95-ac43-6b1844d55679;034614;Karseell Kit Travel Set Maca Essence Repair;True;False;True;13000.0;;;;;4.99;USD;https://atacadousa.com.py/cosmeticos/11737-kit-karseell-travel-set-maca-enssence-100mlshampoo-70mlcondicion-70m.html;2026-09-27;;;;;NO;NO;SIN_COSTO_BASE_DOCUMENTADO
505ae308-8420-587c-9d32-9270bab3e47e;460187;"Wadfow alicate para bomba de agua WPL6910 10""";True;False;True;172000.0;110320.0;1.559;204100;32100;;;https://www.totalherramientasoficial.com.py/produto/wadfow-alicate-para-bomba-de-agua-wpl6910--10-41644.html;;;;;;NO;NO;SIN_PRECIO_PROVEEDOR_ACTUAL
505be2f3-7a9b-565a-a3bb-1e1ae2ab9573;256221;Dr. Althea 345 Relief Cream 50 ml;True;False;True;48100.0;;;;;18.5;USD;https://atacadousa.com.py/cosmeticos/12028-creme-facial-dralthea-345-relief-cream-50ml256221.html;2026-09-27;;;;;NO;NO;SIN_COSTO_BASE_DOCUMENTADO
50609331-04a0-5baa-ad70-5606bca75e3f;614122;Wadfow compresor aire automático 12V WAAC562;True;False;True;88400.0;56692.0;1.559;104900;16500;34.0;USD;https://www.totalherramientasoficial.com.py/produto/wadfow-compresor-ar-automatico-12v--waac562-57206.html;2026-09-27;;;;;NO;NO;DEBAJO_DE_1_75_COSTO_BASE
50624336-d3fc-55c3-b7e1-bea246924245;313858;Total llave impacto TAT10121 neumático 7K;True;False;True;8800.0;5674.0;1.551;10500;1700;;;https://www.totalherramientasoficial.com.py/produto/total-chave-impacto-ar-catraca-tat10121-7k-12037.html;;;;;;NO;NO;SIN_PRECIO_PROVEEDOR_ACTUAL
50800bfc-60fc-53c5-bf5e-07011f92d42f;528184;Wadfow juego de tijeras WSX4633 (3PCS);True;False;True;12300.0;7880.0;1.561;14600;2300;2.75;USD;https://www.totalherramientasoficial.com.py/produto/wadfow-conjunto-de-tesouras--wsx4633-3pcs-50650.html;2026-09-27;;;;;NO;NO;DEBAJO_DE_1_75_COSTO_BASE
508970e3-aa70-5dbf-8a46-dad0c24b65e4;381444;Total mecha kit TACSD7156 5PC multi funciones;True;False;True;19500.0;12507.0;1.559;23100;3600;7.5;USD;https://www.totalherramientasoficial.com.py/produto/total-broca-kit-tacsd7156-5pc-mulfuncoes-29306.html;2026-09-27;;;;;NO;NO;DEBAJO_DE_1_75_COSTO_BASE
50898187-9bef-5e94-9e1d-47d9306aadd7;455329;Total lamina multiherramienta TAKTMT1502;True;False;True;17200.0;11032.0;1.559;20400;3200;;;https://www.totalherramientasoficial.com.py/produto/total-lamina-multi-uso--taktmt1502-40593.html;;;;;;NO;NO;SIN_PRECIO_PROVEEDOR_ACTUAL
50b0c56d-b2c3-5183-9f7a-271440077900;444347;Total grifo para ducha TSLBM513681;True;False;True;191100.0;122556.0;1.559;226700;35600;73.5;USD;https://www.totalherramientasoficial.com.py/produto/total-torneira-para-banho-tslbm513681-37982.html;2026-09-27;;;;;NO;NO;DEBAJO_DE_1_75_COSTO_BASE
50d09b20-f225-560d-a265-488e3115ff1f;350891;Total lijadora UTF1301826 320 treme tre;True;False;True;108100.0;69344.0;1.559;128300;20200;;;https://www.totalherramientasoficial.com.py/produto/total-lixadera--utf1301826-320-treme-tre-26442.html;;;;;;NO;NO;SIN_PRECIO_PROVEEDOR_ACTUAL
50e0249d-61e3-5475-b5f2-1280399fed39;380911;Total caladora 20V TJSLI8501 li-ion;True;False;True;176900.0;113472.0;1.559;209900;33000;;;https://www.totalherramientasoficial.com.py/produto/total-tico-tico-20v--tjsli8501-liion-29254.html;;;;;;NO;NO;SIN_PRECIO_PROVEEDOR_ACTUAL
50e75571-e3de-55a0-b397-f891e868031b;583695;Total sierra sable 750W UTS100756;True;False;True;135200.0;86705.0;1.559;160400;25200;52.0;USD;https://www.totalherramientasoficial.com.py/produto/total-serra-sable-750w-uts100756-56793.html;2026-09-27;;;;;NO;NO;DEBAJO_DE_1_75_COSTO_BASE
50ed7298-4416-539a-bc3c-30d4263214e4;469777;"Wadfow grifo de cocina 8"" WZD1523";True;False;True;22900.0;14673.0;1.561;27100;4200;8.8;USD;https://www.totalherramientasoficial.com.py/produto/wadfow--torneira--8-wzd1523-42661.html;2026-09-27;;;;;NO;NO;DEBAJO_DE_1_75_COSTO_BASE
51076f3f-e74e-5907-b4d1-a7c29c490c95;505925;Wadfow escalera extensible 2 tramos aluminio WLD8H24;True;False;True;413400.0;265118.0;1.559;490500;77100;159.0;USD;https://www.totalherramientasoficial.com.py/produto/wadfow--escada-extensivel-2-secoes-de-aluminio--wld8h24-47878.html;2026-09-27;;;;;NO;NO;DEBAJO_DE_1_75_COSTO_BASE
510e0b96-e359-583c-a4fd-33dbec9100ec;367400;"Total amoladora angular TG1262306 9"" 2600W";True;False;True;228800.0;146732.0;1.559;271500;42700;88.0;USD;https://www.totalherramientasoficial.com.py/produto/total-lixadeira--tg1262306--9--2600w-27962.html;2026-09-27;;;;;NO;NO;DEBAJO_DE_1_75_COSTO_BASE
5122058c-64dd-5eeb-a8de-0a5b1f5e6620;501880;Total mini amoladora 20V TAGLI76012 3'';True;False;True;152400.0;97712.0;1.56;180800;28400;;;https://www.totalherramientasoficial.com.py/produto/total-mini-lixadeira--20v-tagli76012-3-47472.html;;;;;;NO;NO;SIN_PRECIO_PROVEEDOR_ACTUAL
512aca89-aa60-5c9d-871e-8ef91e31d027;201582;Total set de dados de impacto tubulares 20PCS THKISD12203L;True;False;True;85200.0;54608.0;1.56;101000;15800;32.75;USD;https://www.totalherramientasoficial.com.py/produto/total-jogo-de-soquetes-de-impacto-tubulares-20pcs--thkisd12203l-55254.html;2026-09-27;;;;;NO;NO;DEBAJO_DE_1_75_COSTO_BASE
51674cd5-ad7b-59cf-961f-7c97e78c6d6a;437363;Total escuadra angulo TAHS3011;True;False;True;17200.0;11004.0;1.563;20400;3200;6.6;USD;https://www.totalherramientasoficial.com.py/produto/total-regua-angulo----tahs3011-34699.html;2026-09-27;;;;;NO;NO;DEBAJO_DE_1_75_COSTO_BASE
517684a6-ebf0-5629-8a58-fb6099fce25d;461191;Wadfow nivel magnética WRP1606;True;False;True;20800.0;13339.0;1.559;24700;3900;8.0;USD;https://www.totalherramientasoficial.com.py/produto/wadfow-nivel-magnetico-wrp1606-41745.html;2026-09-27;;;;;NO;NO;DEBAJO_DE_1_75_COSTO_BASE
51b86069-72c3-573c-a52f-96d32d91ae92;529419;Total gato hidráulico THT108015 1.5 toneladas;True;False;True;13800.0;8826.0;1.564;16300;2500;;;https://www.totalherramientasoficial.com.py/produto/total-macaco-hidraulico-tht108015-15-toneladas-50788.html;;;;;;NO;NO;SIN_PRECIO_PROVEEDOR_ACTUAL
51bc4dce-bf88-5a76-a33c-337caf05371c;584975;Total llave de impacto 1050N 5AH UTIWLI20105;True;False;True;8800.0;5674.0;1.551;10500;1700;;;https://www.totalherramientasoficial.com.py/produto/total-chave-de-impacto-1050n-5ah-utiwli20105-56921.html;;;;;;NO;NO;SIN_PRECIO_PROVEEDOR_ACTUAL
51c7ce8a-d02d-5e07-b7c1-a9e283375c5b;381895;Total cinta metrica TMTF121006 100 metros;True;False;True;46800.0;30013.0;1.559;55500;8700;18.0;USD;https://www.totalherramientasoficial.com.py/produto/total-trena-metro--tmtf121006-100metro-29350.html;2026-09-27;;;;;NO;NO;DEBAJO_DE_1_75_COSTO_BASE
51ce7cea-47e2-518f-8741-3aa9bb802e76;580106;Wadfow combo 3PCS medidor de distancia + cinta metrica +nivel;True;False;True;57200.0;36683.0;1.559;67900;10700;22.0;USD;https://www.totalherramientasoficial.com.py/produto/wadfow-combo-3pcs-medidor-de-distancia--fita-metrica--nivel--wldk5906-57072.html;2026-09-27;;;;;NO;NO;DEBAJO_DE_1_75_COSTO_BASE
51d503df-8f1d-5209-a239-f6fc2044815c;300766;Total motosierra TG945185 3200MIN 36DENT;True;False;True;118000.0;75648.0;1.56;139900;21900;;;https://www.totalherramientasoficial.com.py/produto/total-motoserra-tg945185-3200min-36dent-22235.html;;;;;;NO;NO;SIN_PRECIO_PROVEEDOR_ACTUAL
51e217fd-8295-5f8f-9c81-9c566fd4b27b;518710;Total pulverizador 20V 16L TSPLI20162;True;False;True;46700.0;29944.0;1.56;55400;8700;;;https://www.totalherramientasoficial.com.py/produto/total-pulverizador-20v-16l-tspli20162-49611.html;;;;;;NO;NO;SIN_PRECIO_PROVEEDOR_ACTUAL
51ea4e7a-41f7-520e-9bff-0185ca741363;286787;Total combo inalámbrico 5PCS 20V TOSLI251083;True;False;True;634400.0;406848.0;1.559;752700;118300;244.0;USD;https://www.totalherramientasoficial.com.py/produto/total-combo-sem-fio-5pcs-20v--tosli251083-56403.html;2026-09-27;;;;;NO;NO;DEBAJO_DE_1_75_COSTO_BASE
51f6c0dc-8717-56ee-9115-f140171f91f7;104456;Wadfow alicate de presion 10'' HRC40º-HRC50º WLP7210;True;False;True;13800.0;8826.0;1.564;16300;2500;;;https://www.totalherramientasoficial.com.py/produto/wadfow-alicate-de-pressao--10-hrc40hrc50--wlp7210-12826.html;;;;;;NO;NO;SIN_PRECIO_PROVEEDOR_ACTUAL
520a31cc-707e-5e6f-84db-009b4eb703b5;576635;Total sierra marmol 1400W TS3141106;True;False;True;137600.0;88256.0;1.559;163300;25700;;;https://www.totalherramientasoficial.com.py/produto/total-serra-marmore-1400w-ts3141106-56068.html;;;;;;NO;NO;SIN_PRECIO_PROVEEDOR_ACTUAL
52143c62-469a-5c10-aa67-2b535e4e9db1;036113;Karseell Maca Essence Repair Set - Mascarilla 500 ml + Aceite 50 ml;True;False;True;30900.0;;;;;11.25;USD;https://atacadousa.com.py/cosmeticos/10623-kit-mascara-capilar-karseell-maca-essence-500ml-oleo-capilar-50ml.html;2026-09-27;;;;;NO;NO;SIN_COSTO_BASE_DOCUMENTADO
5257ca30-e7f8-5e0d-9252-c008452357ee;436724;Total kit llave TACSD30266 26PCS;True;False;True;8800.0;5674.0;1.551;10500;1700;;;https://www.totalherramientasoficial.com.py/produto/total-kit-chave--tacsd30266-26pcs-34634.html;;;;;;NO;NO;SIN_PRECIO_PROVEEDOR_ACTUAL
5260f74f-8cce-59fc-ba21-694d4c29ad18;366564;Total cepillo eletrico 220V TL1108236 1050W;True;False;True;108100.0;69344.0;1.559;128300;20200;;;https://www.totalherramientasoficial.com.py/produto/total-plaina-eletrica-220v-tl1108236-1050w-11902.html;;;;;;NO;NO;SIN_PRECIO_PROVEEDOR_ACTUAL
528e60f4-4a38-539b-b340-1441e42a614a;521383;Total cortador de azulejos THT571201 1200MM;True;False;True;13800.0;8826.0;1.564;16300;2500;;;https://www.totalherramientasoficial.com.py/produto/total--cortador-de-azulejos--tht571201-1200mm-49891.html;;;;;;NO;NO;SIN_PRECIO_PROVEEDOR_ACTUAL
529c4ea1-a585-59e9-9143-71f2777c138a;486729;Total mini amoladora 20V TAGLI7601;True;False;True;152400.0;97712.0;1.56;180800;28400;;;https://www.totalherramientasoficial.com.py/produto/total--mini-lixadeira---20v-tagli7601-45888.html;;;;;;NO;NO;SIN_PRECIO_PROVEEDOR_ACTUAL
52c33d57-8efb-540e-b636-d7161fbbc2ea;341103;Total candado 40MM TLK32402 142G;True;False;True;12600.0;8088.0;1.558;15000;2400;4.85;USD;https://www.totalherramientasoficial.com.py/produto/total-cadiado-40mm--tlk32402-142g-25580.html;2026-09-27;;;;;NO;NO;DEBAJO_DE_1_75_COSTO_BASE
52c5bdc7-7176-556a-9805-b87369caf9d4;487764;Total protector facial TSP631;True;False;True;11700.0;7505.0;1.559;13900;2200;4.5;USD;https://www.totalherramientasoficial.com.py/produto/total-protecao-para-o-rosto--tsp631-46012.html;2026-09-27;;;;;NO;NO;DEBAJO_DE_1_75_COSTO_BASE
52dad29b-651e-562a-ad23-1839bb22bcf1;538664;"Wadfow organizador de plástico de 13.5"" WTB1311";True;False;True;41800.0;26792.0;1.56;49600;7800;;;https://www.totalherramientasoficial.com.py/produto/wadfow-organizador-de-plastico-de-135--wtb1311-51932.html;;;;;;NO;NO;SIN_PRECIO_PROVEEDOR_ACTUAL
53058608-dd23-5b28-bf48-e367989b3190;609586;Total nivel laser 20V 12 lineas 35M TLL3012165;True;False;True;403000.0;258448.0;1.559;478100;75100;;;https://www.totalherramientasoficial.com.py/produto/total-nivel-a-laser-20v-12-linhas-35m--tll3012165-57258.html;;;;;;NO;NO;SIN_PRECIO_PROVEEDOR_ACTUAL
531e43ae-517e-56a4-a842-dd41b2ee01e1;436267;Total taladro percutor 2 velocidades TG111165 1050W;True;False;True;118000.0;75648.0;1.56;139900;21900;;;https://www.totalherramientasoficial.com.py/produto/total-furadeira-2-velocidades--tg111165--1050w-34583.html;;;;;;NO;NO;SIN_PRECIO_PROVEEDOR_ACTUAL
5376a222-efa4-514e-8c3f-0c1a562f7268;381079;Total multifuncion TS3006 300W;True;False;True;85800.0;55024.0;1.559;101800;16000;33.0;USD;https://www.totalherramientasoficial.com.py/produto/total-multifuncao-ts3006-300w-29271.html;2026-09-27;;;;;NO;NO;DEBAJO_DE_1_75_COSTO_BASE
53808568-58e1-5fd7-92b5-9762f89146fe;543385;Wadfow juego de ganchos magneticos 4PCS WZE2K11;True;False;True;17200.0;11032.0;1.559;20400;3200;;;https://www.totalherramientasoficial.com.py/produto/wadfow-conjunto--de-ganchos-magneticos-4pcs-wze2k11-52424.html;;;;;;NO;NO;SIN_PRECIO_PROVEEDOR_ACTUAL
53961201-8e09-55a9-87a4-496a636e8151;463829;Wadfow amoladora angular 2000W WAG852001;True;False;True;176900.0;113472.0;1.559;209900;33000;67.0;USD;https://www.totalherramientasoficial.com.py/produto/wadfow-esmirilhadeira-angular--2000w--wag852001-42029.html;2026-09-27;;;;;NO;NO;DEBAJO_DE_1_75_COSTO_BASE
53ab09ec-b800-5c1a-9ba0-0b8ca44f7f9d;461177;Wadfow espatula llana para yeso WPE2912 280X120MM;True;False;True;12800.0;8195.0;1.562;15200;2400;;;https://www.totalherramientasoficial.com.py/produto/wadfow-espatula-plana-para-gesso--wpe2912-280x120mm-41743.html;;;;;;NO;NO;SIN_PRECIO_PROVEEDOR_ACTUAL
53b1654d-11bd-5a82-8c25-b191190d18d4;313735;"Total amoladora de banco TBG15015 150W 6""";True;False;True;68300.0;43769.0;1.56;81000;12700;26.25;USD;https://www.totalherramientasoficial.com.py/produto/total-esmeril-bancada--tbg15015-150w-6-12042.html;2026-09-27;;;;;NO;NO;DEBAJO_DE_1_75_COSTO_BASE
53dcdc6d-3e2f-5f0c-8817-2fd47ca659f1;463249;Wadfow candado 40MM WPD2440;True;False;True;7800.0;5002.0;1.559;9300;1500;3.0;USD;https://www.totalherramientasoficial.com.py/produto/wadfow-cadiado---40mm---wpd2440-41971.html;2026-09-27;;;;;NO;NO;DEBAJO_DE_1_75_COSTO_BASE
53edfd0a-17c0-5acf-9e96-036c9e7d01f3;164542;Total martillo demoledor 1700W sds TH217088;True;False;True;449800.0;288462.0;1.559;533700;83900;173.0;USD;https://www.totalherramientasoficial.com.py/produto/total-martelete-demolidor-1700w-sds-th217088-56405.html;2026-09-27;;;;;NO;NO;DEBAJO_DE_1_75_COSTO_BASE
53fcbb0d-b7cb-5191-841a-b6c864702c33;341820;Total candado 80MM TLK32803 530G;True;False;True;33200.0;21260.0;1.562;39300;6100;12.75;USD;https://www.totalherramientasoficial.com.py/produto/total-cadiado-80mm--tlk32803-530g-25643.html;2026-09-27;;;;;NO;NO;DEBAJO_DE_1_75_COSTO_BASE
540d2b08-c114-5a0e-90dd-ee4d276e2282;462075;Wadfow atornillador UWCDP512 20 volt;True;False;True;157300.0;100864.0;1.56;186600;29300;;;https://www.totalherramientasoficial.com.py/produto/wadfow-parafuzadera--uwcdp512--20-volt-41833.html;;;;;;NO;NO;SIN_PRECIO_PROVEEDOR_ACTUAL
541c039f-0350-55de-919f-7b65fa6888d5;417402;Total botas seguridad TSP202SB.44;True;False;True;57200.0;36683.0;1.559;67900;10700;;;https://www.totalherramientasoficial.com.py/produto/total-botas-seguranca-tsp202sb44-32641.html;;;;;;NO;NO;SIN_PRECIO_PROVEEDOR_ACTUAL
542036e5-9856-5368-9b39-46d83e54d3f3;542692;Wadfow sierra de mano para madera WHW1G20;True;False;True;12400.0;7921.0;1.565;14700;2300;4.75;USD;https://www.totalherramientasoficial.com.py/produto/wadfow-serra-manual-para-madeira-whw1g20-52355.html;2026-09-27;;;;;NO;NO;DEBAJO_DE_1_75_COSTO_BASE
54216d5e-763c-59f0-b2ff-f57774a898bc;488044;Total cortasetos 40V THTLI40028 motor brushless;True;False;True;273000.0;175078.0;1.559;323900;50900;105.0;USD;https://www.totalherramientasoficial.com.py/produto/total--aparador--40v--thtli40028--motor-brushless-46040.html;2026-09-27;;;;;NO;NO;DEBAJO_DE_1_75_COSTO_BASE
54532577-586b-5192-aadb-91e04879bcdb;340601;Total estilete THT512614 61X19MM;True;False;True;13800.0;8826.0;1.564;16300;2500;;;https://www.totalherramientasoficial.com.py/produto/total-estilete-tht512614-61x19mm-25528.html;;;;;;NO;NO;SIN_PRECIO_PROVEEDOR_ACTUAL
5462e632-ba66-50d6-b4d2-6f9c3535a2e4;108447;Wadfow soldador mma 130A WWDH1301;True;False;True;143000.0;91707.0;1.559;169700;26700;55.0;USD;https://www.totalherramientasoficial.com.py/produto/wadfow-soldador-mma-130a---wwdh1301-54632.html;2026-09-27;;;;;NO;NO;DEBAJO_DE_1_75_COSTO_BASE
54925bfc-7e8c-54af-b339-66e2c82db9f9;340670;Total pistola de grasa THT111051;True;False;True;29900.0;19177.0;1.559;35500;5600;11.5;USD;https://www.totalherramientasoficial.com.py/produto/total-pistola-de-graxa-tht111051-11898.html;2026-09-27;;;;;NO;NO;DEBAJO_DE_1_75_COSTO_BASE
54b16dc7-263c-526f-aaf9-62194be7a3ca;526180;Total multímetro digital smart 9999 conteos TMT5110004;True;False;True;104000.0;66681.0;1.56;123400;19400;39.99;USD;https://www.totalherramientasoficial.com.py/produto/total-multimetro-digital-inteligente-9999-contagens--tmt5110004-50442.html;2026-09-27;;;;;NO;NO;DEBAJO_DE_1_75_COSTO_BASE
54ba2cec-cddb-5551-925c-e757419f9682;20756;"Total machete acero al carbono 18"" THMPS0118";True;False;True;17200.0;11032.0;1.559;20400;3200;;;https://www.totalherramientasoficial.com.py/produto/total-facao-de-aco-carbono--18--thmps0118-55431.html;;;;;;NO;NO;SIN_PRECIO_PROVEEDOR_ACTUAL
54bb8a07-d826-5bc3-bdb8-ec4be76c855e;613835;"Wadfow motosierra de poda 8"" WCLP581";True;False;True;189800.0;121721.0;1.559;225200;35400;73.0;USD;https://www.totalherramientasoficial.com.py/produto/wadfow-moto-serra-de-poda-8---wclp581-57202.html;2026-09-27;;;;;NO;NO;DEBAJO_DE_1_75_COSTO_BASE
54c59e5e-2807-520e-a1f1-aadc6515c55f;415781;Total atornillador 20V TDLI20012 2BAT li-ion;True;False;True;186800.0;119776.0;1.56;221600;34800;;;https://www.totalherramientasoficial.com.py/produto/total-parafusadeira-20v-tdli20012-2bat-liion-32470.html;;;;;;NO;NO;SIN_PRECIO_PROVEEDOR_ACTUAL
54cbec23-eb6f-57da-adcd-62e4f514fe1f;443227;Total soporte para sierra copo TAC4202;True;False;True;15000.0;9639.0;1.556;17800;2800;5.78;USD;https://www.totalherramientasoficial.com.py/produto/total-suporte-para-serra-copo-tac4202-35315.html;2026-09-27;;;;;NO;NO;DEBAJO_DE_1_75_COSTO_BASE
54d81cdb-1b36-5476-ba1e-d0d583e14a73;531559;Total lijadora de acabados TF1301836 320W;True;False;True;108100.0;69344.0;1.559;128300;20200;;;https://www.totalherramientasoficial.com.py/produto/total-lixadera--tf1301836--320w--treme-treme-51209.html;;;;;;NO;NO;SIN_PRECIO_PROVEEDOR_ACTUAL
54db8bf2-894a-5fc2-a07d-e63734a0c09e;207898;Total atornillador 16V 170NM TIRLI16178;True;False;True;157300.0;100864.0;1.56;186600;29300;;;https://www.totalherramientasoficial.com.py/produto/totalparafusadeira--16v---170nm-tirli16178-16675.html;;;;;;NO;NO;SIN_PRECIO_PROVEEDOR_ACTUAL
54e623c1-6af0-57d7-9c1c-2ca94a5fd84c;502122;Total pistola para hidrolavadora TGTSG026;True;False;True;37700.0;24179.0;1.559;44700;7000;14.5;USD;https://www.totalherramientasoficial.com.py/produto/total-pistola-para-lava-jato--tgtsg026-47496.html;2026-09-27;;;;;NO;NO;DEBAJO_DE_1_75_COSTO_BASE
54f65e9f-a00d-558f-8467-cea17589cfc1;341752;"Total alicate de corte isolado 6"" 1000V THTIP2261";True;False;True;13600.0;8753.0;1.554;16200;2600;5.25;USD;https://www.totalherramientasoficial.com.py/produto/total-alicate-corte-diagonal-6-1000v-thtip2261-25636.html;2026-09-27;;;;;NO;NO;DEBAJO_DE_1_75_COSTO_BASE
550ac108-1d51-5382-a15a-35a83c27c698;341349;Total martillo de demolición TH213006 1300W sds 7K;True;False;True;10800.0;6934.0;1.558;12800;2000;;;https://www.totalherramientasoficial.com.py/produto/total-martlete--th213006-1300w-sds-7k-25599.html;;;;;;NO;NO;SIN_PRECIO_PROVEEDOR_ACTUAL
5512b793-1a8d-504c-a005-fd46cced30a5;576233;Medicube Red Acne Body Peeling Shot 110 g;True;False;True;36400.0;;;;;14.0;USD;https://atacadousa.com.py/cosmeticos/11489-medicube-red-acne-body-peeling-shot-110g-576233.html;2026-09-27;;;;;NO;NO;SIN_COSTO_BASE_DOCUMENTADO
553200d7-4005-5dbb-a18a-871fe3fcb25c;537339;"Wadfow extractor de engranajes 6"" WGP2A06";True;False;True;14300.0;9172.0;1.559;17000;2700;5.5;USD;https://www.totalherramientasoficial.com.py/produto/wadfow--puxador-engranagem-6--wgp2a06-51799.html;2026-09-27;;;;;NO;NO;DEBAJO_DE_1_75_COSTO_BASE
558245e1-0be0-5a83-8e80-a735d9c5987c;338370;"Total sierra policorte TS9204051 16"" 3000W";True;False;True;137600.0;88256.0;1.559;163300;25700;;;https://www.totalherramientasoficial.com.py/produto/total-serra-policorte--ts9204051-16-3000w-25318.html;;;;;;NO;NO;SIN_PRECIO_PROVEEDOR_ACTUAL
55a55cb7-980c-5085-be7d-81a62e350908;532181;"Total juego de dados cr-v 1/4"" 12PCS THT14114126";True;False;True;31900.0;20488.0;1.557;37900;6000;;;https://www.totalherramientasoficial.com.py/produto/total-kit-catraca--crv-14-12pcs--tht14114126-51272.html;;;;;;NO;NO;SIN_PRECIO_PROVEEDOR_ACTUAL
55a8ab94-0829-570d-b412-56fa0329348c;512251;Total máquina de soldar 180A TW218016;True;False;True;206400.0;132384.0;1.559;244900;38500;;;https://www.totalherramientasoficial.com.py/produto/total-maquina-de-soldadura-180a--tw218016-48576.html;;;;;;NO;NO;SIN_PRECIO_PROVEEDOR_ACTUAL
55b93135-6190-5944-94e2-35289a1b99f8;496193;"Wadfow llave dinamométrica preestablecida 3/8"" 10-60NM WWQ1D38";True;False;True;8800.0;5674.0;1.551;10500;1700;;;https://www.totalherramientasoficial.com.py/produto/wadfow-chave-de-torque-preajuste-38-1060nm-wwq1d38-46895.html;;;;;;NO;NO;SIN_PRECIO_PROVEEDOR_ACTUAL
55d35502-0024-5817-9916-da2a8fe636df;512077;Total kit de herramientas juego de dados 46PCS THT141462;True;False;True;93400.0;59888.0;1.56;110800;17400;;;https://www.totalherramientasoficial.com.py/produto/total-kit-feramentas-conjunto-de-socket-46-pcs-tht141462-48558.html;;;;;;NO;NO;SIN_PRECIO_PROVEEDOR_ACTUAL
55dbca9b-4d19-5db9-ab5b-ad4aa07b0059;487528;Total cincel max 18X600MM TAC1521183;True;False;True;17900.0;11505.0;1.556;21300;3400;6.9;USD;https://www.totalherramientasoficial.com.py/produto/total-cinzel-max-18x600mm--tac1521183-45988.html;2026-09-27;;;;;NO;NO;DEBAJO_DE_1_75_COSTO_BASE
55f3acf1-9ccf-5742-98fb-92a20ba284af;528085;Total combo 4PCS TOS230908 mochila,bolsa;True;False;True;486600.0;312048.0;1.559;577300;90700;;;https://www.totalherramientasoficial.com.py/produto/total-combo-4pcs-tos230908--mochila-saco-50637.html;;;;;;NO;NO;SIN_PRECIO_PROVEEDOR_ACTUAL
5671e753-d5ac-560f-a46c-42f29d50c44a;469579;Wadfow laser nivel verde WLE1M08;True;False;True;137600.0;88256.0;1.559;163300;25700;;;https://www.totalherramientasoficial.com.py/produto/wadfow--nivel-laser--verde---wle1m08-42641.html;;;;;;NO;NO;SIN_PRECIO_PROVEEDOR_ACTUAL
56770d6d-b6cc-5de8-b42a-64510381a722;470537;"Wadfow llave de esfera para jardín 1/2"" WVB3822";True;False;True;8800.0;5674.0;1.551;10500;1700;;;https://www.totalherramientasoficial.com.py/produto/wadfow--torneira-para-jardim-12--wvb3822-42737.html;;;;;;NO;NO;SIN_PRECIO_PROVEEDOR_ACTUAL
56f0666d-9d8b-5e19-9844-dad1786624fe;59695;Total atornillador 12V 1.5A UTDLI1218;True;False;True;71300.0;45704.0;1.56;84600;13300;;;https://www.totalherramientasoficial.com.py/produto/total-parafusadeira-12v-15a--utdli1218-55489.html;;;;;;NO;NO;SIN_PRECIO_PROVEEDOR_ACTUAL
5700e91f-795a-5302-af02-44acab737da1;11832;Medicube Kojic Acid Turmeric Vita Capsule Foam Cleanser 120 g;True;False;True;36400.0;;;;;14.0;USD;https://atacadousa.com.py/cosmeticos/11832-limpador-facial-medicube-kojic-acid-turmeric-toning-cleanser-120g7495.html;2026-09-27;;;;;NO;NO;SIN_COSTO_BASE_DOCUMENTADO
570ebda3-312c-5df4-96df-b9f65f0c07b4;487726;Total tecle de cadena 1.5 toneladas 1.5M THSLB1501;True;False;True;232700.0;149235.0;1.559;276100;43400;89.5;USD;https://www.totalherramientasoficial.com.py/produto/total-talha---15-toneladas--15m--thslb1501-46008.html;2026-09-27;;;;;NO;NO;DEBAJO_DE_1_75_COSTO_BASE
57288cef-201a-5596-bca7-6e9042c27fc1;543149;Wadfow juego de dados 3/4'''' WST4D21 21PCS;True;False;True;54100.0;34672.0;1.56;64100;10000;;;https://www.totalherramientasoficial.com.py/produto/wadfow-kit-ferramentas-soquete-34-wst4d21-21pcs-52400.html;;;;;;NO;NO;SIN_PRECIO_PROVEEDOR_ACTUAL
572f9585-4c41-58b5-bf44-f0f7af0325c9;463522;Wadfow broca de martillo set 6PCS WHD6B06;True;False;True;10800.0;6934.0;1.558;12800;2000;;;https://www.totalherramientasoficial.com.py/produto/wadfow--broca-kit--6pcs---whd6b06-41999.html;;;;;;NO;NO;SIN_PRECIO_PROVEEDOR_ACTUAL
573e4685-4eac-5d5c-a6d8-107ac786aec9;542920;Wadfow soporte para amoladora angular 115 /125MM WASC1525;True;False;True;52000.0;33348.0;1.559;61700;9700;20.0;USD;https://www.totalherramientasoficial.com.py/produto/wadfow-suporte-para-esmerilhadeira-angular-115-125mm-wasc1525-52378.html;2026-09-27;;;;;NO;NO;DEBAJO_DE_1_75_COSTO_BASE
5752a9a4-bb46-54d3-8ef6-fad521b177d0;461924;Wadfow pistola de pintar neumatica 600CC hvlp WGA1506;True;False;True;221200.0;141840.0;1.56;262400;41200;;;https://www.totalherramientasoficial.com.py/produto/wadfow-pistola-de-pintura-pneumatica-600cc-hvlp-wga1506-41818.html;;;;;;NO;NO;SIN_PRECIO_PROVEEDOR_ACTUAL
575409b4-fc59-5ce5-847e-e7b71df5004f;415224;Total bomba de agua TWP67506 750W 1HP 32M;True;False;True;235900.0;151296.0;1.559;279900;44000;;;https://www.totalherramientasoficial.com.py/produto/total-bomba-de-agua-twp67506-750w-1hp-32m-32414.html;;;;;;NO;NO;SIN_PRECIO_PROVEEDOR_ACTUAL
576a8fa1-60fe-5c21-a129-66c9a4e5be48;536479;Total caja de control para bomba de agua TWP55501-SB;True;False;True;36400.0;23344.0;1.559;43200;6800;14.0;USD;https://www.totalherramientasoficial.com.py/produto/total-caixa-de-controle-para-bomba-de-agua-twp55501sb-51708.html;2026-09-27;;;;;NO;NO;DEBAJO_DE_1_75_COSTO_BASE
5839f654-6362-5c5c-8254-8fee0c82aa04;488136;Total compresor de aire TCS1110152 15L;True;False;True;221200.0;141840.0;1.56;262400;41200;;;https://www.totalherramientasoficial.com.py/produto/total--compressor-de-ar-tcs1110152-15l-46049.html;;;;;;NO;NO;SIN_PRECIO_PROVEEDOR_ACTUAL
5876ce1a-ebc5-548b-a1e0-655a9752b4c6;12314;Victoria's Secret Loción Velvet Petals Vacation 236 ml;True;False;True;31200.0;;;;;12.0;USD;https://atacadousa.com.py/cosmeticos/12314-locao-victoria-s-secret-velvet-petals-vacation-236ml.html;2026-09-27;;;;;NO;NO;SIN_COSTO_BASE_DOCUMENTADO
58856f3f-0059-5342-8c9d-5ee240d12715;543781;Wadfow martillo demoledor 1950W 220V WDB2D95;True;False;True;712700.0;457040.0;1.559;845500;132800;277.0;USD;https://www.totalherramientasoficial.com.py/produto/wadfow-martelete-demolidor-1950w-220v-wdb2d95-52464.html;2026-09-27;;;;;NO;NO;DEBAJO_DE_1_75_COSTO_BASE
58b1e863-80eb-584f-8f2a-b6ef540f995f;102933;Wadfow sierra caladora 570W WJS15571;True;False;True;81900.0;52525.0;1.559;97200;15300;31.5;USD;https://www.totalherramientasoficial.com.py/produto/wadfow-serra-tico-tico-570w--wjs15571-5661.html;2026-09-27;;;;;NO;NO;DEBAJO_DE_1_75_COSTO_BASE
58b239c7-3173-546c-b5d1-4fadbcc7154e;340489;Total llave de fenda THTIS4100 isolado;True;False;True;3200.0;2083.0;1.536;3900;700;1.25;USD;https://www.totalherramientasoficial.com.py/produto/total-chave-de-fenda--thtis4100-isolado-25515.html;2026-09-27;;;;;NO;NO;DEBAJO_DE_1_75_COSTO_BASE
58b7c49b-26c2-502c-9e30-0527e27eede2;351041;Total sierras copa TACSH2071 7PC metal;True;False;True;45700.0;29329.0;1.558;54300;8600;17.59;USD;https://www.totalherramientasoficial.com.py/produto/total-serras-copo-para-metal-e-ceramica-7pcs--tacsh2071-26454.html;2026-09-27;;;;;NO;NO;DEBAJO_DE_1_75_COSTO_BASE
58d26422-b0d5-59c4-a16a-99ebc72e34c4;553681;Total máquina de soldar 160A tig/mma TIG16058;True;False;True;691600.0;443531.0;1.559;820500;128900;266.0;USD;https://www.totalherramientasoficial.com.py/produto/total-maquina-de-solda-160a-tigmma--tig16058-53468.html;2026-09-27;;;;;NO;NO;DEBAJO_DE_1_75_COSTO_BASE
58e9b515-a2e2-507a-be39-2e09352186f7;456333;"Total kit socket THT1411023 10PC 1/4""";True;False;True;12400.0;7921.0;1.565;14700;2300;4.75;USD;https://www.totalherramientasoficial.com.py/produto/total-kit-catraca--tht1411023-10pc--14-40701.html;2026-09-27;;;;;NO;NO;DEBAJO_DE_1_75_COSTO_BASE
59229a82-31e6-5a20-8694-1652e53b5fff;239677;Total sierra mármol TS3141102 1400W;True;False;True;137600.0;88256.0;1.559;163300;25700;;;https://www.totalherramientasoficial.com.py/produto/total-serra-marmore-ts3141102-1400w-12060.html;;;;;;NO;NO;SIN_PRECIO_PROVEEDOR_ACTUAL
59522dd1-d5a8-54bd-a634-6c8f9cb31935;121439;Total pantalones de trabajo TSP6022.XL;True;False;True;50700.0;32516.0;1.559;60200;9500;19.5;USD;https://www.totalherramientasoficial.com.py/produto/total-calca-de-trabalho-tsp6022xl-2532.html;2026-09-27;;;;;NO;NO;DEBAJO_DE_1_75_COSTO_BASE
5970d4ba-324f-5a51-a6b1-41797ee02447;469807;"Wadfow grifo de cocina 8"" WZD1529";True;False;True;51500.0;33014.0;1.56;61100;9600;19.8;USD;https://www.totalherramientasoficial.com.py/produto/wadfow--torneira--de-cozinha-8-wzd1529-42664.html;2026-09-27;;;;;NO;NO;DEBAJO_DE_1_75_COSTO_BASE
5979ace4-6d3f-59d8-b1b0-ab6aa46018b9;443555;Total martillo de bolas THT74486;True;False;True;20800.0;13339.0;1.559;24700;3900;8.0;USD;https://www.totalherramientasoficial.com.py/produto/total-martelo-bola-tht74486-37565.html;2026-09-27;;;;;NO;NO;DEBAJO_DE_1_75_COSTO_BASE
5999a2a9-49fa-5886-bd6e-e1264229948f;125864;"Wadfow llave de tubos con mango de goma 48"" WPW8148";True;False;True;75400.0;48355.0;1.559;89500;14100;29.0;USD;https://www.totalherramientasoficial.com.py/produto/wadfow-chave-grifo-com-cabo-de-borracha--48--wpw8148-54643.html;2026-09-27;;;;;NO;NO;DEBAJO_DE_1_75_COSTO_BASE
599dd025-ae68-55c0-8420-d8868ffd9e2f;190862;Total gato hidráulico de botella 20TON THT109202;True;False;True;13800.0;8826.0;1.564;16300;2500;;;https://www.totalherramientasoficial.com.py/produto/total-macaco-hidraulico-de-garrafa-20ton-tht109202-55503.html;;;;;;NO;NO;SIN_PRECIO_PROVEEDOR_ACTUAL
59c87e2e-f73e-5b72-b114-3b0791209299;472371;"Total llave caño 36"" 85MM THT171366";True;False;True;66300.0;42520.0;1.559;78700;12400;25.5;USD;https://www.totalherramientasoficial.com.py/produto/total-chave-grifo-36-85mm--tht171366-43671.html;2026-09-27;;;;;NO;NO;DEBAJO_DE_1_75_COSTO_BASE
59d5c544-6274-59fb-b330-a08e8a6aadc8;127776;Total pistola de calor 2000W TB20045;True;False;True;36900.0;23640.0;1.561;43700;6800;;;https://www.totalherramientasoficial.com.py/produto/total-pistola-de-ar-quente-2000w--tb20045-55450.html;;;;;;NO;NO;SIN_PRECIO_PROVEEDOR_ACTUAL
59f06feb-355c-5134-833c-495d89129db8;615280;Total sierra caladora 20V TJSLI13562 2B slim;True;False;True;176900.0;113472.0;1.559;209900;33000;;;https://www.totalherramientasoficial.com.py/produto/total-serra-tico-tico-20v--tjsli13562--2b-slim-57188.html;;;;;;NO;NO;SIN_PRECIO_PROVEEDOR_ACTUAL
5a01857b-3282-594d-898e-401f330103b9;340380;Total destornillador phillips PH2X125MM TSDPH2125;True;False;True;5400.0;3467.0;1.558;6400;1000;;;https://www.totalherramientasoficial.com.py/produto/total-chave-de-fenda-phillips--ph2x125mm--tsdph2125-25504.html;;;;;;NO;NO;SIN_PRECIO_PROVEEDOR_ACTUAL
5a0b3199-2d2e-5f76-a924-03c13c3aee0f;239776;Total generador de energía a gasolina TP130005 3.0 kva;True;False;True;725400.0;465207.0;1.559;860600;135200;279.0;USD;https://www.totalherramientasoficial.com.py/produto/total-gerador-de-energia-a-gasolina-tp130005--30-kva-8439.html;2026-09-27;;;;;NO;NO;DEBAJO_DE_1_75_COSTO_BASE
5a151d37-79bb-58a5-afe0-8b9f35409013;542265;"Wadfow bolsa de herramientas con ruedas 19"" WTGR102";True;False;True;41800.0;26792.0;1.56;49600;7800;;;https://www.totalherramientasoficial.com.py/produto/wadfow-bolsa-de-ferramentas-com-rodas-19--wtgr102-52312.html;;;;;;NO;NO;SIN_PRECIO_PROVEEDOR_ACTUAL
5a4447e4-de69-54c8-b5fe-83ab1dd94c2b;542951;Wadfow set automotivo 5PCS WGP6D05;True;False;True;17200.0;11032.0;1.559;20400;3200;;;https://www.totalherramientasoficial.com.py/produto/wadfow-conjunto-automotivo-5pcs---wgp6d05-52381.html;;;;;;NO;NO;SIN_PRECIO_PROVEEDOR_ACTUAL
5a4b061a-76a7-5f10-95f6-266bb4fd647f;228916;Wadfow taladro 12V 20NM WCDS518;True;False;True;71300.0;45704.0;1.56;84600;13300;;;https://www.totalherramientasoficial.com.py/produto/wadfow-parafusadeira-12v-20nm--wcds518-17987.html;;;;;;NO;NO;SIN_PRECIO_PROVEEDOR_ACTUAL
5a9a851f-9c38-5323-86b5-702f559b79f2;461528;Wadfow auricular protector WEM1101;True;False;True;17200.0;11032.0;1.559;20400;3200;;;https://www.totalherramientasoficial.com.py/produto/wadfow--fone-protetor---wem1101-41778.html;;;;;;NO;NO;SIN_PRECIO_PROVEEDOR_ACTUAL
5aab6bf6-0458-52b7-a64a-036191510ff4;488907;Wadfow caja de almacenamiento WTB8344;True;False;True;41800.0;26792.0;1.56;49600;7800;;;https://www.totalherramientasoficial.com.py/produto/wadfow-gaveta-armazenamento-wtb8344-46126.html;;;;;;NO;NO;SIN_PRECIO_PROVEEDOR_ACTUAL
5ac21660-1476-5b99-8214-2304d73ef6c4;487078;"Total juego de dados 1/2"" 12 pcs THT141121";True;False;True;31900.0;20488.0;1.557;37900;6000;;;https://www.totalherramientasoficial.com.py/produto/total-kit-chave-catraca-12-12pcs--tht141121-45942.html;;;;;;NO;NO;SIN_PRECIO_PROVEEDOR_ACTUAL
5ac7728d-3667-5a1b-b623-a14a3ecd4985;460019;Wadfow juego de destornilladores WSS2206 6PCS;True;False;True;15700.0;10086.0;1.557;18700;3000;2.4;USD;https://www.totalherramientasoficial.com.py/produto/wadfow--kit-chave-fenda--wss2206-6pcs-41627.html;2026-09-27;;;;;NO;NO;DEBAJO_DE_1_75_COSTO_BASE
5ad0d5a3-156b-5648-a192-a085fe8e840b;444330;Total grifo para baño TSLBM31001;True;False;True;140100.0;89873.0;1.559;166300;26200;53.9;USD;https://www.totalherramientasoficial.com.py/produto/total-torneira-para-banho-tslbm31001-37981.html;2026-09-27;;;;;NO;NO;DEBAJO_DE_1_75_COSTO_BASE
5ae43aa8-be63-5bde-906a-68df8242796d;469524;"Wadfow juego de dados 1/2"" 25PCS WST2D25";True;False;True;54100.0;34672.0;1.56;64100;10000;;;https://www.totalherramientasoficial.com.py/produto/wadfow-kit-socket-12--25pcs-wst2d25-42636.html;;;;;;NO;NO;SIN_PRECIO_PROVEEDOR_ACTUAL
5af84608-effd-5217-a562-799f41cc5d36;487993;Total cortadora de césped TGTLI20328 20V;True;False;True;93600.0;60027.0;1.559;111000;17400;;;https://www.totalherramientasoficial.com.py/produto/total-cortador-de-grama-tgtli20328-20v-46035.html;;;;;;NO;NO;SIN_PRECIO_PROVEEDOR_ACTUAL
5b07ad6b-21dd-5fee-a28b-d4bb5ea04ffa;461245;Wadfow pulverizador 16L WKS1516;True;False;True;48100.0;30849.0;1.559;57100;9000;18.5;USD;https://www.totalherramientasoficial.com.py/produto/wadfow--pulverizador--16l---wks1516-41750.html;2026-09-27;;;;;NO;NO;DEBAJO_DE_1_75_COSTO_BASE
5b43ea03-6a4a-5408-ba7e-c7c8430db907;381307;Total moto sierra corriente TGTSC185 36DENT;True;False;True;137600.0;88256.0;1.559;163300;25700;;;https://www.totalherramientasoficial.com.py/produto/total-moto-serra-corente-tgtsc185-36dent-29294.html;;;;;;NO;NO;SIN_PRECIO_PROVEEDOR_ACTUAL
5b5b7c84-e299-5b46-b014-624517309279;17732;"Total sierra de mesa 10"" 1500W TS5152548";True;False;True;137600.0;88256.0;1.559;163300;25700;;;https://www.totalherramientasoficial.com.py/produto/total-serra-de-mesa-10-1500w--ts5152548-55842.html;;;;;;NO;NO;SIN_PRECIO_PROVEEDOR_ACTUAL
5b6d43c7-5c8f-56a4-bf44-6cbb28e48621;488341;Total botas seguridad TSP203SB.42;True;False;True;59000.0;37824.0;1.56;70000;11000;;;https://www.totalherramientasoficial.com.py/produto/total-botas-de-seguranca--tsp203sb42-46070.html;;;;;;NO;NO;SIN_PRECIO_PROVEEDOR_ACTUAL
5b6d7d21-0751-5081-a5e2-b22315d43879;486903;Total pistola engrasadora 20V 10.000PSI TGGLI2010;True;False;True;17200.0;11032.0;1.559;20400;3200;;;https://www.totalherramientasoficial.com.py/produto/total-pistola-de-graxa-20v-10000psi--tggli2010-45925.html;;;;;;NO;NO;SIN_PRECIO_PROVEEDOR_ACTUAL
5b75d6df-79b8-5f8c-b379-b338dd04d16f;543392;Wadfow juego de terminales 100PCS WTT1B01;True;False;True;17200.0;11032.0;1.559;20400;3200;;;https://www.totalherramientasoficial.com.py/produto/wadfow-conjunto-de-terminais-100pcs--wtt1b01-52425.html;;;;;;NO;NO;SIN_PRECIO_PROVEEDOR_ACTUAL
5b8a591a-a8f3-563b-b24c-7e1d4a1d3777;505994;Wadfow martillo perforador 20V WLM15220 motor sin escobillas;True;False;True;10800.0;6934.0;1.558;12800;2000;;;https://www.totalherramientasoficial.com.py/produto/wadfow-martelete--20v-wlm15220-motor-sem-escovas-47885.html;;;;;;NO;NO;SIN_PRECIO_PROVEEDOR_ACTUAL
5b926f74-b4d6-5c79-8363-aa00b437e741;511971;Total cadena de sierra TGTSC50501;True;False;True;137600.0;88256.0;1.559;163300;25700;;;https://www.totalherramientasoficial.com.py/produto/total-corrente-de-serra-tgtsc50501-48548.html;;;;;;NO;NO;SIN_PRECIO_PROVEEDOR_ACTUAL
5baac17d-7670-507b-a2f4-52359faba15f;536455;Total máquina de soldar TFC13018 130A 220V;True;False;True;206400.0;132384.0;1.559;244900;38500;;;https://www.totalherramientasoficial.com.py/produto/total-maquina-de-solda-tfc13018-130a-220v-51706.html;;;;;;NO;NO;SIN_PRECIO_PROVEEDOR_ACTUAL
5bbadc97-b78b-5a09-b28c-719aacedebbf;103060;"Wadfow torquimetro 1/2"" WRW5212 340-450M";True;False;True;13800.0;8826.0;1.564;16300;2500;10.75;USD;https://www.totalherramientasoficial.com.py/produto/wadfow-chave-catraca-12-wrw5212--340450m-5747.html;2026-09-27;;;;;NO;NO;DEBAJO_DE_1_75_COSTO_BASE
5be4c4d7-5abb-5974-961c-b1db2a39b24e;113823;Wadfow aspiradora 20L 1200W WVR4A20;True;False;True;137600.0;88256.0;1.559;163300;25700;;;https://www.totalherramientasoficial.com.py/produto/wadfow-aspirador-de-po-seco-e-umido-20l-1200w--wvr4a20-54872.html;;;;;;NO;NO;SIN_PRECIO_PROVEEDOR_ACTUAL
5bf27c5c-ea0e-55e4-8bda-ba64feb1cd22;455343;"Total motosierra a gasolina 18"" TG5451811";True;False;True;118000.0;75648.0;1.56;139900;21900;;;https://www.totalherramientasoficial.com.py/produto/total-moto-serra-a-gasolina-18--tg5451811-40595.html;;;;;;NO;NO;SIN_PRECIO_PROVEEDOR_ACTUAL
5c08cf7e-0a1f-5b6e-bc3f-e955710b7135;341394;Total kit taladro eletrica THKTHP1012 101P;True;False;True;63900.0;40976.0;1.559;75800;11900;;;https://www.totalherramientasoficial.com.py/produto/total-kit-furadeira-eletrica-thkthp1012-101p-11897.html;;;;;;NO;NO;SIN_PRECIO_PROVEEDOR_ACTUAL
5c0d64a6-62ca-5407-96ad-4ca371493d13;584791;Total trinquete 20V 65NM TDRLI20652;True;False;True;228800.0;146732.0;1.559;271500;42700;88.0;USD;https://www.totalherramientasoficial.com.py/produto/total-chave-catraca-20v-65nm--tdrli20652-57113.html;2026-09-27;;;;;NO;NO;DEBAJO_DE_1_75_COSTO_BASE
5c1f1cc8-b7b0-5ae5-b955-40346a874c1d;543347;Wadfow sellador de plástico 200MM WXY1002;True;False;True;35800.0;22928.0;1.561;42400;6600;13.75;USD;https://www.totalherramientasoficial.com.py/produto/wadfow-selador-de-plastico-200mm-wxy1002-52420.html;2026-09-27;;;;;NO;NO;DEBAJO_DE_1_75_COSTO_BASE
5c49c194-d3fa-5689-9a50-a59dabffd1a7;460026;Wadfow juego de destornilladores WSS2408 8PCS;True;False;True;15700.0;10086.0;1.557;18700;3000;;;https://www.totalherramientasoficial.com.py/produto/wadfow-kit-chave-fenda--wss2408-8pcs-41628.html;;;;;;NO;NO;SIN_PRECIO_PROVEEDOR_ACTUAL
5c4b24cb-5ead-595d-bcd1-039fc69df65f;529235;Total sierra sable 20V TRSLI2108 li-ion brushless;True;False;True;186800.0;119776.0;1.56;221600;34800;;;https://www.totalherramientasoficial.com.py/produto/total-sera-sabre-20v-trsli2108-liion-brushless-50770.html;;;;;;NO;NO;SIN_PRECIO_PROVEEDOR_ACTUAL
5c527a95-ac04-580e-aada-69aceea2587e;505833;Wadfow organizador de plástico WTB1611;True;False;True;41800.0;26792.0;1.56;49600;7800;;;https://www.totalherramientasoficial.com.py/produto/wadfow-organizador-de-plastico-wtb1611-47869.html;;;;;;NO;NO;SIN_PRECIO_PROVEEDOR_ACTUAL
5c567add-22ba-566d-812b-5df1dd2ff781;512022;Total martillo de oreja THCH61016 450G magnético;True;False;True;10800.0;6934.0;1.558;12800;2000;;;https://www.totalherramientasoficial.com.py/produto/total--martelo-unha-thch61016-450g-magnetico-48553.html;;;;;;NO;NO;SIN_PRECIO_PROVEEDOR_ACTUAL
5c5ff43a-f01d-5cb5-881a-b3279f8f4f0c;486316;Total martillo demoledor 1300W sds 7KG TH2130016;True;False;True;437400.0;280528.0;1.559;519000;81600;;;https://www.totalherramientasoficial.com.py/produto/total-martelo-de-demolicao-1300w-sds-7kg--th2130016-45847.html;;;;;;NO;NO;SIN_PRECIO_PROVEEDOR_ACTUAL
5c649d08-d982-5022-b537-daebf19dc59a;385909;Total sierra corta pared TWLC1256 1500W;True;False;True;309400.0;198422.0;1.559;367100;57700;119.0;USD;https://www.totalherramientasoficial.com.py/produto/total-serra-corta-parede-twlc1256-1500w-29702.html;2026-09-27;;;;;NO;NO;DEBAJO_DE_1_75_COSTO_BASE
5c77ae61-cf00-5cf7-8a1e-06e232970bc7;456371;Total prensa sargento THT1346802 80X600 24'135K;True;False;True;35100.0;22512.0;1.559;41600;6500;13.5;USD;https://www.totalherramientasoficial.com.py/produto/total-sargento-tht1346802-80x600-24135k-40705.html;2026-09-27;;;;;NO;NO;DEBAJO_DE_1_75_COSTO_BASE
5c7d22c9-132b-5f8d-a6c7-7a1ec92151ce;512343;"Total kit de herramientas juego de dados 1/2"" 62PCS THT121602";True;False;True;93400.0;59888.0;1.56;110800;17400;;;https://www.totalherramientasoficial.com.py/produto/total-kit-de-ferramentas-conjunto-de-socket-12--62pcs-tht121602-48585.html;;;;;;NO;NO;SIN_PRECIO_PROVEEDOR_ACTUAL
5c8acdf3-dbe5-5749-8a92-802e1f23e26b;463997;Wadfow pistola de aire comprimido kit 20PCS WQP9431;True;False;True;39000.0;25011.0;1.559;46300;7300;15.0;USD;https://www.totalherramientasoficial.com.py/produto/wadfow-pistola-de-ar--kit-20pcs--wqp9431-42046.html;2026-09-27;;;;;NO;NO;DEBAJO_DE_1_75_COSTO_BASE
5c9153bd-ef15-5ef4-9c2f-50607451737f;496063;Wadfow cortacésped 12V WGTS512;True;False;True;65000.0;41685.0;1.559;77100;12100;25.0;USD;https://www.totalherramientasoficial.com.py/produto/wadfow-cortador-de-grama-12v---wgts512-46882.html;2026-09-27;;;;;NO;NO;DEBAJO_DE_1_75_COSTO_BASE
5c915493-bdab-50d4-873c-fbbb67321472;506014;Wadfow tijera para podar 20V WJFPB25;True;False;True;12300.0;7880.0;1.561;14600;2300;;;https://www.totalherramientasoficial.com.py/produto/wadfow--tesoura-de-poda-20v---wjfpb25-47887.html;;;;;;NO;NO;SIN_PRECIO_PROVEEDOR_ACTUAL
5c969ce5-8fad-5417-b0ca-5d6be92dd1fa;456845;Total martillo de orejas THTS7316;True;False;True;10800.0;6934.0;1.558;12800;2000;;;https://www.totalherramientasoficial.com.py/produto/total-martelo-unha---thts7316-40752.html;;;;;;NO;NO;SIN_PRECIO_PROVEEDOR_ACTUAL
5c9ce9cd-b45d-5300-a082-ec8f3c451d71;313810;Total cargador de bateria 12/24V TBC1601;True;False;True;135200.0;86705.0;1.559;160400;25200;;;https://www.totalherramientasoficial.com.py/produto/total-carregador-bateria-1224v--tbc1601-12066.html;;;;;;NO;NO;SIN_PRECIO_PROVEEDOR_ACTUAL
5cad8c64-58ce-5ba5-a865-ab1cee7765f2;487542;Total cincel sds plus TAC15221832;True;False;True;18200.0;11672.0;1.559;21600;3400;7.0;USD;https://www.totalherramientasoficial.com.py/produto/total-cinzel-sds-plus--tac15221832-45990.html;2026-09-27;;;;;NO;NO;DEBAJO_DE_1_75_COSTO_BASE
5cb9e0a7-267b-51f3-a4b1-98cc8a8f0945;521437;Total pulverizador fumigador 8L THSPP30802;True;False;True;36400.0;23344.0;1.559;43200;6800;14.0;USD;https://www.totalherramientasoficial.com.py/produto/total-pulverizador-de-fumigacao--8l--thspp30802-49896.html;2026-09-27;;;;;NO;NO;DEBAJO_DE_1_75_COSTO_BASE
5cd6e014-68b0-55bf-a8cc-b04465a86a1a;564908;Total cinta metrica 3MX16MM TMT34316;True;False;True;3900.0;2522.0;1.546;4700;800;;;https://www.totalherramientasoficial.com.py/produto/total-trena--3mx16mm--tmt34316-54600.html;;;;;;NO;NO;SIN_PRECIO_PROVEEDOR_ACTUAL
5ce8df60-c28c-5c28-a27f-e3d80abc2118;341592;"Total alicate corte diagonal THT27716 7""";True;False;True;8800.0;5674.0;1.551;10500;1700;;;https://www.totalherramientasoficial.com.py/produto/total-alicate-de-corte-diagonal-tht27716-7-25620.html;;;;;;NO;NO;SIN_PRECIO_PROVEEDOR_ACTUAL
5cf7a347-96c0-5f85-9754-1a0dcab30c72;528566;Wadfow guante de cuero WLG3116;True;False;True;14200.0;9087.0;1.563;16800;2600;;;https://www.totalherramientasoficial.com.py/produto/wadfow-luvas-de-couro--wlg3116-50688.html;;;;;;NO;NO;SIN_PRECIO_PROVEEDOR_ACTUAL
5d0b0d44-212c-5876-9e24-e0084ebcc796;469708;Wadfow grifo de lavabo WZD1511;True;False;True;20000.0;12838.0;1.558;23800;3800;7.7;USD;https://www.totalherramientasoficial.com.py/produto/wadfow--torneira-de-lavatorio---wzd1511-42654.html;2026-09-27;;;;;NO;NO;DEBAJO_DE_1_75_COSTO_BASE
5d2b9445-24c7-519a-834c-0019e3ba6ec7;23658;Total cuerda 3T 3M THTWS0303;True;False;True;28600.0;18341.0;1.559;33900;5300;11.0;USD;https://www.totalherramientasoficial.com.py/produto/total-corda-3t-3m-thtws0303-18392.html;2026-09-27;;;;;NO;NO;DEBAJO_DE_1_75_COSTO_BASE
5d4d7c58-5857-59fb-a5fc-68ee790c3792;463935;Wadfow dado de impacto 10PCS WMS1D01;True;False;True;28000.0;17925.0;1.562;33200;5200;10.75;USD;https://www.totalherramientasoficial.com.py/produto/wadfow-soquete-impacto-10pcs--wms1d01-42040.html;2026-09-27;;;;;NO;NO;DEBAJO_DE_1_75_COSTO_BASE
5d4f8728-83cf-5477-a06a-9f11c9ab1f43;460149;"Wadfow alicate corte diagonal WPL3927 7""";True;False;True;6200.0;4003.0;1.549;7400;1200;2.4;USD;https://www.totalherramientasoficial.com.py/produto/wadfow-alicate-de-corte-diagonal--wpl3927-7-41640.html;2026-09-27;;;;;NO;NO;DEBAJO_DE_1_75_COSTO_BASE
5dce5c7d-893c-5176-b196-44047d97e438;416061;Total catraca THTRS5101 5T 10M x 50MM;True;False;True;48100.0;30849.0;1.559;57100;9000;18.5;USD;https://www.totalherramientasoficial.com.py/produto/total-catraca--thtrs5101-5t-10m-x-50mm-32499.html;2026-09-27;;;;;NO;NO;DEBAJO_DE_1_75_COSTO_BASE
5defc170-2fed-56d1-89e0-a0288e1cf3a1;461207;"Wadfow pistola calafatear WCG4109 9""";True;False;True;17200.0;11032.0;1.559;20400;3200;;;https://www.totalherramientasoficial.com.py/produto/wadfow-pistola-calafatagem-wcg4109-9-41746.html;;;;;;NO;NO;SIN_PRECIO_PROVEEDOR_ACTUAL
5df92841-e239-53f7-83e1-5d74a277f00a;542319;Wadfow juego de fresas 35PCS 6MM WRG2P06;True;False;True;103400.0;66280.0;1.56;122600;19200;39.75;USD;https://www.totalherramientasoficial.com.py/produto/wadfow-conjunto-de-fresas-35pcs-6mm---wrg2p06-52317.html;2026-09-27;;;;;NO;NO;DEBAJO_DE_1_75_COSTO_BASE
5e56d8fa-d1fc-5e25-a765-3e46507b59f6;311564;Lilyeve Grow:Turn Exosome Brush Ampoule 100 ml;True;False;True;65000.0;;;;;23.0;USD;https://atacadousa.com.py/cosmeticos/12236-tratamento-capilar-lilyeve-grow-turn-exosome-brush-ampoule-100ml.html;2026-09-27;;;;;NO;NO;SIN_COSTO_BASE_DOCUMENTADO
5e6cc3a0-072e-5b02-958c-c11cc3057d9f;16896;Wadfow juego de alicates 4PCS WPS0624;True;False;True;24700.0;15842.0;1.559;29300;4600;9.5;USD;https://www.totalherramientasoficial.com.py/produto/wadfow--kit-de--alicates-4pcs--wps0624-55190.html;2026-09-27;;;;;NO;NO;DEBAJO_DE_1_75_COSTO_BASE
5ed401b3-fd3c-5fe2-80e0-32e5e7196052;340366;Total llave de fenda THT21886 8X200MM;True;False;True;8800.0;5674.0;1.551;10500;1700;;;https://www.totalherramientasoficial.com.py/produto/total-chave-de-fenda--tht21886-8x200mm-25502.html;;;;;;NO;NO;SIN_PRECIO_PROVEEDOR_ACTUAL
5edf86f5-a17e-5e72-8bf2-f2615d551dae;142205;Total pistola de pintura 20V TSGLI20041;True;False;True;221200.0;141840.0;1.56;262400;41200;;;https://www.totalherramientasoficial.com.py/produto/total--pistola-de-pintura-20v-tsgli20041-3652.html;;;;;;NO;NO;SIN_PRECIO_PROVEEDOR_ACTUAL
5eee0db4-353a-578b-a21c-0eca7d8c2717;612241;Total combo 3PCS nivel laser + pistola+ lijadora 20V TLL260567;True;False;True;368600.0;236400.0;1.559;437300;68700;;;https://www.totalherramientasoficial.com.py/produto/total-nivel-a-laser--pistola--lixadeira-20v--tll260567-57283.html;;;;;;NO;NO;SIN_PRECIO_PROVEEDOR_ACTUAL
5f06a498-c7f3-50e9-a351-9f16c9730bb4;486811;"Total motosierra 20V 6"" TGSLI2068";True;False;True;46700.0;29944.0;1.56;55400;8700;;;https://www.totalherramientasoficial.com.py/produto/total--motosserra--20v--6--tgsli2068-45897.html;;;;;;NO;NO;SIN_PRECIO_PROVEEDOR_ACTUAL
5f38d8db-71ee-543f-aef7-87905dd8f37e;553599;Total medidor de humedad para madera TETWM031;True;False;True;65000.0;41685.0;1.559;77100;12100;25.0;USD;https://www.totalherramientasoficial.com.py/produto/total-medidor-umidade-para-madeira-tetwm031-53459.html;2026-09-27;;;;;NO;NO;DEBAJO_DE_1_75_COSTO_BASE
5f80b3f5-0756-5a1e-b62d-a8af48f498ff;437554;Total tijeras de podar de mano THT0601;True;False;True;12300.0;7880.0;1.561;14600;2300;;;https://www.totalherramientasoficial.com.py/produto/total-tesoura-ppoda--tht0601-34718.html;;;;;;NO;NO;SIN_PRECIO_PROVEEDOR_ACTUAL
5f980aa5-1a91-541c-854e-dec75ef1a9d9;164504;Total pistola clavadora concreto 20V TCNLI9008;True;False;True;108100.0;69344.0;1.559;128300;20200;;;https://www.totalherramientasoficial.com.py/produto/total-pistola-grampeadora-concreto-20v-tcnli9008-56406.html;;;;;;NO;NO;SIN_PRECIO_PROVEEDOR_ACTUAL
5fb1bc0b-dbc6-5af5-961e-abe7c523482e;488891;Wadfow caja de almacenamiento WTB8330;True;False;True;41800.0;26792.0;1.56;49600;7800;;;https://www.totalherramientasoficial.com.py/produto/wadfow-gaveta-armazenamento-wtb8330-46125.html;;;;;;NO;NO;SIN_PRECIO_PROVEEDOR_ACTUAL
5fc83c97-f7c2-528b-a73d-f024eedc09a3;436038;Total alicate de cable de red THCPC0506;True;False;True;8800.0;5674.0;1.551;10500;1700;;;https://www.totalherramientasoficial.com.py/produto/total-alicate-de-cabo-de-rede-thcpc0506-34559.html;;;;;;NO;NO;SIN_PRECIO_PROVEEDOR_ACTUAL
5fdcb2ff-facb-5a1f-b57e-9ffcd7ca3671;456906;Total llave de caño THT272146 14'';True;False;True;12800.0;8195.0;1.562;15200;2400;;;https://www.totalherramientasoficial.com.py/produto/total-chave-grifo--tht272146--14-40758.html;;;;;;NO;NO;SIN_PRECIO_PROVEEDOR_ACTUAL
5feffe04-821d-5ea5-a258-bc9a2bd40529;313704;Total pistola calor UTB1206 2000W soprad;True;False;True;108100.0;69344.0;1.559;128300;20200;;;https://www.totalherramientasoficial.com.py/produto/total-pistola-calor-utb1206-2000w-soprad-23092.html;;;;;;NO;NO;SIN_PRECIO_PROVEEDOR_ACTUAL
5ff023af-5e5d-565b-8f4d-aeb4a5007966;444125;Total kit de herramientas THKTHP21476 147PCS;True;False;True;41800.0;26792.0;1.56;49600;7800;;;https://www.totalherramientasoficial.com.py/produto/total-kit-de-feramenta--thkthp21476-147pcs-37960.html;;;;;;NO;NO;SIN_PRECIO_PROVEEDOR_ACTUAL
5ff062f3-ce72-585c-9ccc-2ae306b705a7;381376;Total alisador a gasolina motor honda 5.5HP TP9361-1;True;False;True;2308800.0;1480658.0;1.559;2739200;430400;888.0;USD;https://www.totalherramientasoficial.com.py/produto/total-alisador-de-gasolina-motor-honda-55hp-tp93611-29299.html;2026-09-27;;;;;NO;NO;DEBAJO_DE_1_75_COSTO_BASE
5fffbf26-c360-5253-9f0d-c78a37b4bfa5;538800;Wadfow cargador de bateria 6/12V WPY15041;True;False;True;48800.0;31265.0;1.561;57800;9000;18.75;USD;https://www.totalherramientasoficial.com.py/produto/wadfow--carregador-de-612v--bateria---wpy15041-51946.html;2026-09-27;;;;;NO;NO;DEBAJO_DE_1_75_COSTO_BASE
600e89ef-9993-50dc-aa5a-5c28337e5602;529389;Total juego destornillador y puntas de precisión 45PCS TACSD30;True;False;True;15300.0;9806.0;1.56;18100;2800;;;https://www.totalherramientasoficial.com.py/produto/total-conjunto-de-chaves-de-fenda-e-pontas-de-precisao-45pcs--tacsd30456-50785.html;;;;;;NO;NO;SIN_PRECIO_PROVEEDOR_ACTUAL
602bcf8f-d9c2-55a2-a2f7-784a0752e046;490122;Wadfow mechas escalonadas WJD3405 kit 5PCS;True;False;True;49400.0;31681.0;1.559;58600;9200;19.0;USD;https://www.totalherramientasoficial.com.py/produto/wadfow-broca-etapas-wjd3405-kit-5pcs-46248.html;2026-09-27;;;;;NO;NO;DEBAJO_DE_1_75_COSTO_BASE
605c74b2-f81f-5afa-8331-b73943385aff;501866;Total juego industrial de herramientas 20V 5PCS TCKLI2019;True;False;True;17200.0;11032.0;1.559;20400;3200;;;https://www.totalherramientasoficial.com.py/produto/total-conjunto-de-ferramentas-industriais-20v-5pcs-tckli2019-47470.html;;;;;;NO;NO;SIN_PRECIO_PROVEEDOR_ACTUAL
6065a4b9-5f85-57b1-944e-792ab0ee8997;579858;Total bomba de agua periférica 1.0HP 8M 750W TWP17506;True;False;True;171600.0;110049.0;1.559;203600;32000;66.0;USD;https://www.totalherramientasoficial.com.py/produto/total-bomba-de-agua-periferica-10hp--8m-750w-twp17506-56409.html;2026-09-27;;;;;NO;NO;DEBAJO_DE_1_75_COSTO_BASE
607f5263-75d9-54f3-819f-c731fc05af75;489485;Wadfow caja de herramientas con 7 gavetas WCS2A07;True;False;True;27000.0;17336.0;1.557;32100;5100;;;https://www.totalherramientasoficial.com.py/produto/wadfow-caixa-de-ferramentas-com-7-gavetas--wcs2a07-46184.html;;;;;;NO;NO;SIN_PRECIO_PROVEEDOR_ACTUAL
608c5365-8cad-53a5-8689-644ed6bef4c0;506144;Wadfow juego de herramientas neumáticas 5PCS WAX1505;True;False;True;31900.0;20488.0;1.557;37900;6000;;;https://www.totalherramientasoficial.com.py/produto/wadfow-conjunto-de-ferramentas-pneumaticas-5-pcs-wax1505-47900.html;;;;;;NO;NO;SIN_PRECIO_PROVEEDOR_ACTUAL
60dc0ce3-c69a-54d2-baa9-c69d068a6175;542296;Wadfow conectores tubulares para crimpado WTT2B01 575PCS;True;False;True;17200.0;11032.0;1.559;20400;3200;;;https://www.totalherramientasoficial.com.py/produto/wadfow-conectores-de-crimpagem-tubular--wtt2b01-575pcs-52315.html;;;;;;NO;NO;SIN_PRECIO_PROVEEDOR_ACTUAL
60de0265-17e5-5d50-a601-890c7124364f;340250;Total alicate para juntas deslizantes THT118102;True;False;True;8100.0;5169.0;1.567;9600;1500;3.1;USD;https://www.totalherramientasoficial.com.py/produto/total-alicate-deslizante-tht118102-25491.html;2026-09-27;;;;;NO;NO;DEBAJO_DE_1_75_COSTO_BASE
61008ee4-abf8-5c5a-abc7-bd19a95dcf5e;509442;Total llave de impacto TIWLI2085 1/2 850NM 2B bl;True;False;True;8800.0;5674.0;1.551;10500;1700;;;https://www.totalherramientasoficial.com.py/produto/total-chave-de--impacto-tiwli2085-12-850nm-2b-bl-48245.html;;;;;;NO;NO;SIN_PRECIO_PROVEEDOR_ACTUAL
610cb27a-f46c-5483-851e-dc71d757b6a3;529259;Total compresor de aire 20V pantalla digital TACLI2012 160PSI;True;False;True;107900.0;69199.0;1.559;128000;20100;41.5;USD;https://www.totalherramientasoficial.com.py/produto/total-compressor-de-ar-20v-display-digital--tacli2012-160psi-lion-50772.html;2026-09-27;;;;;NO;NO;DEBAJO_DE_1_75_COSTO_BASE
61141883-3a7a-5d0a-8015-81f70af86dec;126014;Wadfow soldador de tubos 20V WWM20182;True;False;True;158600.0;101712.0;1.559;188200;29600;61.0;USD;https://www.totalherramientasoficial.com.py/produto/wadfow-soldador-de-tubos-20v-wwm20182-13252.html;2026-09-27;;;;;NO;NO;DEBAJO_DE_1_75_COSTO_BASE
612e3106-41c2-57f2-bc26-a10ed64489a4;489539;Wadfow protector esquina estacionamiento 80CM WYJ5A06;True;False;True;15600.0;10004.0;1.559;18500;2900;6.0;USD;https://www.totalherramientasoficial.com.py/produto/wadfow-protetor-de-canto-de-estacionamento-80cm--wyj5a06-46189.html;2026-09-27;;;;;NO;NO;DEBAJO_DE_1_75_COSTO_BASE
613e6d6b-2b6e-525b-ba91-a2ad7e010c77;487368;Total llave de impacto 20V sin escobillas 1/2 500NM TIWLI2050;True;False;True;8800.0;5674.0;1.551;10500;1700;;;https://www.totalherramientasoficial.com.py/produto/total-chave-de-impacto-20v-sem-escovas-12-500nm-tiwli2050-45972.html;;;;;;NO;NO;SIN_PRECIO_PROVEEDOR_ACTUAL
61494870-3e81-5bb9-b9cb-061e48b4499a;789;Total taladro 550W 10MM TD55108;True;False;True;63900.0;40976.0;1.559;75800;11900;;;https://www.totalherramientasoficial.com.py/produto/total-furadeira-550w-10mm--td55108-55483.html;;;;;;NO;NO;SIN_PRECIO_PROVEEDOR_ACTUAL
615ad63f-eaa0-585c-8617-53a4437688bb;239868;Total mandril TAC451601 5/8 16MM;True;False;True;15600.0;10004.0;1.559;18500;2900;6.0;USD;https://www.totalherramientasoficial.com.py/produto/total-mandril-tac451601-58-16mm-18498.html;2026-09-27;;;;;NO;NO;DEBAJO_DE_1_75_COSTO_BASE
6168365c-6cb3-56d9-ad67-854988f1f285;456289;Total corta cables 24'' THT115242;True;False;True;36400.0;23344.0;1.559;43200;6800;14.0;USD;https://www.totalherramientasoficial.com.py/produto/total--cortador-cabos-24--tht115242-40696.html;2026-09-27;;;;;NO;NO;DEBAJO_DE_1_75_COSTO_BASE
6171ca22-e4a4-59c4-aa69-9153357f2437;16544;"Wadfow alicate de presion 12"" WLP1212";True;False;True;13000.0;8321.0;1.562;15400;2400;4.99;USD;https://www.totalherramientasoficial.com.py/produto/wadfow-alicate-pressao-12-wlp1212-55189.html;2026-09-27;;;;;NO;NO;DEBAJO_DE_1_75_COSTO_BASE
619b5406-63e1-5d8a-94c2-2b08272a9770;446266;Total cuchilla para corta pasto TGTBCB95;True;False;True;14300.0;9172.0;1.559;17000;2700;5.5;USD;https://www.totalherramientasoficial.com.py/produto/total-lamina-para-corta-grama-tgtbcb95-38654.html;2026-09-27;;;;;NO;NO;DEBAJO_DE_1_75_COSTO_BASE
619eb92a-dd8c-5dbf-9fb1-ccc5f41eecdf;542999;Wadfow juego de grapadora 3PCS WGU2403;True;False;True;16400.0;10506.0;1.561;19400;3000;6.3;USD;https://www.totalherramientasoficial.com.py/produto/wadfow-conjunto-de-grampeadores--3pcs--wgu2403-52385.html;2026-09-27;;;;;NO;NO;DEBAJO_DE_1_75_COSTO_BASE
61a87b1b-3686-51f4-a314-dad9fdd4ad3d;415149;Total lijadora de pared TDWS7501 750W;True;False;True;108100.0;69344.0;1.559;128300;20200;;;https://www.totalherramientasoficial.com.py/produto/total-lixadera-de--parede--tdws7501--750w-32405.html;;;;;;NO;NO;SIN_PRECIO_PROVEEDOR_ACTUAL
61df9dd1-68ec-5974-8369-877bff9a579d;456203;Total hacha THT798016 1000G;True;False;True;19500.0;12507.0;1.559;23100;3600;7.5;USD;https://www.totalherramientasoficial.com.py/produto/total-machado--tht798016--1000g-40688.html;2026-09-27;;;;;NO;NO;DEBAJO_DE_1_75_COSTO_BASE
622b77d4-6ba5-59f4-a188-d91d416e5f82;584760;Total nivel laser + medidor de distancia TOSLL0502;True;False;True;156000.0;100029.0;1.56;185100;29100;59.99;USD;https://www.totalherramientasoficial.com.py/produto/total-nivel-a-laser--medidor-de-distancia-tosll0502-56900.html;2026-09-27;;;;;NO;NO;DEBAJO_DE_1_75_COSTO_BASE
623f0dea-f5c3-56ed-9845-1b013a15cf3e;367714;Total sargento f THT1320801 80X300;True;False;True;13000.0;8321.0;1.562;15400;2400;4.99;USD;https://www.totalherramientasoficial.com.py/produto/total-sargento-f--tht1320801--80x300-27986.html;2026-09-27;;;;;NO;NO;DEBAJO_DE_1_75_COSTO_BASE
624f0e46-16b2-54c1-a970-1013af7569d0;528979;Total hidrolavadora 2000W 2320PSI UTGT11376;True;False;True;288600.0;185082.0;1.559;342400;53800;111.0;USD;https://www.totalherramientasoficial.com.py/produto/total-lava-jato-2000w-2320psi--utgt11376-50743.html;2026-09-27;;;;;NO;NO;DEBAJO_DE_1_75_COSTO_BASE
62673d5f-6d74-54da-816e-abbdb7cbf328;543101;Wadfow kit de dados WST3D14 14PCS;True;False;True;18200.0;11672.0;1.559;21600;3400;7.0;USD;https://www.totalherramientasoficial.com.py/produto/wadfow-kit-soquet--wst3d14-14pcs-52396.html;2026-09-27;;;;;NO;NO;DEBAJO_DE_1_75_COSTO_BASE
6269934f-07ae-52f3-ae1c-048f0d2c6cdc;11828;Dear Body Cream 200 g Royal Amber;True;False;True;18200.0;;;;;7.0;USD;https://atacadousa.com.py/cosmeticos/11828-dear-body-cream-200gr-royal-amber.html;2026-09-27;;;;;NO;NO;SIN_COSTO_BASE_DOCUMENTADO
628a733d-c667-5e3a-8f3c-debedc4be350;584944;Total pulverizador a batería 20V 16L TSPLI2016;True;False;True;33400.0;21434.0;1.558;39700;6300;;;https://www.totalherramientasoficial.com.py/produto/total-pulverizador-a-bateria-20v-16l-tspli2016-56918.html;;;;;;NO;NO;SIN_PRECIO_PROVEEDOR_ACTUAL
628c20fb-901c-596b-a94c-e19ea1d4cce5;532426;Total detector de gases combustibles TETGA031;True;False;True;104000.0;66696.0;1.559;123400;19400;40.0;USD;https://www.totalherramientasoficial.com.py/produto/total-detector-de-gas-combustivel-tetga031-51296.html;2026-09-27;;;;;NO;NO;DEBAJO_DE_1_75_COSTO_BASE
628c22bd-9079-5cd4-a523-bbc1baf8fe18;455350;Total kit ferramenta THKTAC011182 118PCS;True;False;True;17200.0;11032.0;1.559;20400;3200;;;https://www.totalherramientasoficial.com.py/produto/total-kit-herramienta--thktac011182-118pcs-40596.html;;;;;;NO;NO;SIN_PRECIO_PROVEEDOR_ACTUAL
62a7f57f-12d2-5991-a884-c89465432862;542739;"Wadfow alicate combinado 8"" WPL1718";True;False;True;9100.0;5838.0;1.559;10800;1700;3.5;USD;https://www.totalherramientasoficial.com.py/produto/wadfow-alicate-combinado-8--wpl1718-52359.html;2026-09-27;;;;;NO;NO;DEBAJO_DE_1_75_COSTO_BASE
62abddd2-54e2-5166-b294-f31e8b124519;122405;Total juego de destornilladores 6 en 1 THT2506076;True;False;True;15700.0;10086.0;1.557;18700;3000;;;https://www.totalherramientasoficial.com.py/produto/total-conjunto-de-chaves-de-fenda-6-em-1-tht2506076-13150.html;;;;;;NO;NO;SIN_PRECIO_PROVEEDOR_ACTUAL
62b48ca0-c259-5f7d-96bb-96f3eb5817db;461801;Wadfow amoladora angular 710W WAG15761 220V;True;False;True;67600.0;43353.0;1.559;80200;12600;26.0;USD;https://www.totalherramientasoficial.com.py/produto/wadfow-esmirilhadeira-angular-710w-wag15761--220v-41806.html;2026-09-27;;;;;NO;NO;DEBAJO_DE_1_75_COSTO_BASE
62c3792f-b57e-512d-8918-8d43a908b30e;206723;Total juego de alicates 2PCS de accion compuesta THT2CK221S;True;False;True;21400.0;13755.0;1.556;25400;4000;8.25;USD;https://www.totalherramientasoficial.com.py/produto/total-kit-de-alicates--2pcs-de-acao-composta---tht2ck221s-56390.html;2026-09-27;;;;;NO;NO;DEBAJO_DE_1_75_COSTO_BASE
62e38f05-4ef1-5414-93c6-3c939db97eba;456661;Total botas de lluvia TSP303L.40;True;False;True;16300.0;10421.0;1.564;19300;3000;;;https://www.totalherramientasoficial.com.py/produto/total-botas-de-chuva--tsp303l40-40734.html;;;;;;NO;NO;SIN_PRECIO_PROVEEDOR_ACTUAL
62e62deb-c15f-5937-9836-2eb62c9ab306;436441;Total cincel plano sds hex TAC1531301 30X410MM hex;True;False;True;37700.0;24179.0;1.559;44700;7000;14.5;USD;https://www.totalherramientasoficial.com.py/produto/total-broca-ma-tac1531301-30x410mm---hex-34602.html;2026-09-27;;;;;NO;NO;DEBAJO_DE_1_75_COSTO_BASE
63357b75-619b-5b9f-b66e-635c1936700d;469746;Wadfow grifo para cocina WZD1522;True;False;True;40000.0;25679.0;1.558;47500;7500;15.4;USD;https://www.totalherramientasoficial.com.py/produto/wadfow--torneira-de-cozinha--wzd1522-42658.html;2026-09-27;;;;;NO;NO;DEBAJO_DE_1_75_COSTO_BASE
6339d272-756a-5518-83df-151d9752de3c;612227;Total combo 3PCS taladro + nivel laser + medidor de distancia;True;False;True;368600.0;236400.0;1.559;437300;68700;;;https://www.totalherramientasoficial.com.py/produto/total-combo-3pcs-furadeira--nivel-a-laser--medidor-de-distancia--tll260516-57282.html;;;;;;NO;NO;SIN_PRECIO_PROVEEDOR_ACTUAL
6351cdd9-f11c-521a-bb66-6e955bc96b18;463225;Wadfow candado 20MM WPD1420;True;False;True;3900.0;2503.0;1.558;4600;700;1.5;USD;https://www.totalherramientasoficial.com.py/produto/wadfow-cadiado---20mm---wpd1420-41969.html;2026-09-27;;;;;NO;NO;DEBAJO_DE_1_75_COSTO_BASE
635561ee-dc03-5e63-adf6-8a30d344d6ad;119660;Medicube TXA Niacinamide Capsule Cream 5% 55 g;True;False;True;38400.0;;;;;14.75;USD;https://atacadousa.com.py/cosmeticos/12144-creme-facial-medicube-hidratante-txa-niacinamide-capsula-55g-119660.html;2026-09-27;;;;;NO;NO;SIN_COSTO_BASE_DOCUMENTADO
635e6119-6a8d-502b-9cc1-476ca8e96977;350884;Total lijadora TF1301826 320W;True;False;True;108100.0;69344.0;1.559;128300;20200;;;https://www.totalherramientasoficial.com.py/produto/total-lixadera--tf1301826-320w-26441.html;;;;;;NO;NO;SIN_PRECIO_PROVEEDOR_ACTUAL
63899b0f-e66e-5d53-aa88-3ade37200fea;462242;"Wadfow alicate combinado 180MM WPL1907 7""";True;False;True;8400.0;5418.0;1.55;10000;1600;3.25;USD;https://www.totalherramientasoficial.com.py/produto/wadfow-alicate-de-combinacao-180mm--wpl1907-7-41850.html;2026-09-27;;;;;NO;NO;DEBAJO_DE_1_75_COSTO_BASE
63c8c858-07a0-5d25-8446-debc36c0fea6;366601;Total juego de llaves hexagonales/ torx 18PCS THT106KT0181;True;False;True;18800.0;12088.0;1.555;22400;3600;7.25;USD;https://www.totalherramientasoficial.com.py/produto/total-kit-chaves--hextorx--18pcs--tht106kt0181-27883.html;2026-09-27;;;;;NO;NO;DEBAJO_DE_1_75_COSTO_BASE
641dd96e-db3a-552e-b242-6d4d584e3d92;462723;"Wadfow cincel 12"" 25X18X300MM WCC1302";True;False;True;12800.0;8195.0;1.562;15200;2400;2.5;USD;https://www.totalherramientasoficial.com.py/produto/wadfow-cinzel--12--25x18x300m----wcc1302-41919.html;2026-09-27;;;;;NO;NO;DEBAJO_DE_1_75_COSTO_BASE
644150b3-69dc-51a2-be8a-03ae74e56430;564977;Total pulidor 16V 76MM TAPLI1676;True;False;True;156000.0;100029.0;1.56;185100;29100;59.99;USD;https://www.totalherramientasoficial.com.py/produto/total-polidor-16v-76mm--tapli1676-54607.html;2026-09-27;;;;;NO;NO;DEBAJO_DE_1_75_COSTO_BASE
6442ed4b-fd15-5bbe-93dd-b540437ad246;93132;Total motosierra 20V 6'' UTGSLI20662;True;False;True;46700.0;29944.0;1.56;55400;8700;;;https://www.totalherramientasoficial.com.py/produto/total-motoserra-20v-6-utgsli20662-55493.html;;;;;;NO;NO;SIN_PRECIO_PROVEEDOR_ACTUAL
64464f29-324e-515e-a0fe-8145e54b1423;341035;Total capa de lluvia THTRS031.M;True;False;True;29900.0;19177.0;1.559;35500;5600;11.5;USD;https://www.totalherramientasoficial.com.py/produto/total-capa-de-chuva--thtrs031m-25572.html;2026-09-27;;;;;NO;NO;DEBAJO_DE_1_75_COSTO_BASE
644a7d3c-9930-5499-a37b-75265bbedfa7;340069;Total puntas para llave de impacto 9PCS TACSD3091;True;False;True;8800.0;5674.0;1.551;10500;1700;;;https://www.totalherramientasoficial.com.py/produto/total-kit-pontas--para-chave-de-impacto--9pcs-tacsd3091-25477.html;;;;;;NO;NO;SIN_PRECIO_PROVEEDOR_ACTUAL
6470f625-d1a5-5e44-b7a1-3f51db396e3c;442831;Total atornillador 20V TIDLI200215;True;False;True;137600.0;88256.0;1.559;163300;25700;;;https://www.totalherramientasoficial.com.py/produto/total-parafusadeira-20v-tidli200215-35275.html;;;;;;NO;NO;SIN_PRECIO_PROVEEDOR_ACTUAL
647f5efe-6174-5bee-9b2a-8d0e0b883cbb;506045;Wadfow soplador inalámbrico 20V WBLP520;True;False;True;186800.0;119776.0;1.56;221600;34800;27.5;USD;https://www.totalherramientasoficial.com.py/produto/wadfow--soprador-sem-fio-20v--wblp520-47890.html;2026-09-27;;;;;NO;NO;DEBAJO_DE_1_75_COSTO_BASE
648ae9d7-a061-5627-be50-c27f66318f23;44660;Wadfow atornillador de impacto 210NM 20V WCD2B21;True;False;True;137600.0;88256.0;1.559;163300;25700;;;https://www.totalherramientasoficial.com.py/produto/wadfow--parazuzadeira-drive-210nm--20v-wcd2b21-54628.html;;;;;;NO;NO;SIN_PRECIO_PROVEEDOR_ACTUAL
6491600f-ce22-5721-9884-8236aa9c848b;340137;Total martillo de lapidación THSTH62000 2000G;True;False;True;20200.0;12923.0;1.563;23900;3700;7.75;USD;https://www.totalherramientasoficial.com.py/produto/total-martelo-lapidacao-thsth62000--2000g-25484.html;2026-09-27;;;;;NO;NO;DEBAJO_DE_1_75_COSTO_BASE
64939c56-9e46-5e6e-9135-2029960d55ce;538466;Wadfow martillo de garra 450G WHM8316;True;False;True;10800.0;6934.0;1.558;12800;2000;;;https://www.totalherramientasoficial.com.py/produto/wadfow-martelo-de-garra-450g--whm8316-51912.html;;;;;;NO;NO;SIN_PRECIO_PROVEEDOR_ACTUAL
64a0f9ad-1635-56fa-98a9-1fa9c8baa23f;501170;Wadfow elevador tijera paletera manual 1000KG WNH5R10;True;False;True;1716000.0;1100489.0;1.559;2035900;319900;660.0;USD;https://www.totalherramientasoficial.com.py/produto/wadfow-elevador-tesoura-de-palete-manual-1000kg--wnh5r10-47400.html;2026-09-27;;;;;NO;NO;DEBAJO_DE_1_75_COSTO_BASE
64c19238-d58a-5c9c-a004-3f561bf9a69f;505840;Wadfow caja de herramientas metal y plástico con ruedas WTB6A7;True;False;True;108100.0;69344.0;1.559;128300;20200;129.99;USD;https://www.totalherramientasoficial.com.py/produto/wadfow-caixa-de-ferramentas-de-metal-e-plastico-com-rodas-wtb6a72-47870.html;2026-09-27;;;;;NO;NO;DEBAJO_DE_1_75_COSTO_BASE
64d831a6-31a3-5b71-894c-debdd72f917f;527347;Total taladro 20V 55NM TDLI205581;True;False;True;63700.0;40853.0;1.559;75600;11900;24.5;USD;https://www.totalherramientasoficial.com.py/produto/total-furadeira--20v-55nm--tdli205581-50559.html;2026-09-27;;;;;NO;NO;DEBAJO_DE_1_75_COSTO_BASE
64dd69aa-3303-5aed-b8a4-a40461b63bcc;228725;Total pantalones de trabajo TSP6022.XXXL;True;False;True;50700.0;32516.0;1.559;60200;9500;19.5;USD;https://www.totalherramientasoficial.com.py/produto/total-calca-de-trabalho-tsp6022xxxl-17970.html;2026-09-27;;;;;NO;NO;DEBAJO_DE_1_75_COSTO_BASE
64deca2f-4000-5a68-ac91-c62f124b8c9a;538381;"Wadfow alicate corte de extremos 7"" WPL8C07";True;False;True;7800.0;5002.0;1.559;9300;1500;3.0;USD;https://www.totalherramientasoficial.com.py/produto/wadfow-alicate-corte-finos-7--wpl8c07-51904.html;2026-09-27;;;;;NO;NO;DEBAJO_DE_1_75_COSTO_BASE
64f14d7d-8d52-5bca-8b53-5b9f55487e3f;32162;Wadfow cortador de piso 1200MM WTR8512;True;False;True;12300.0;7880.0;1.561;14600;2300;;;https://www.totalherramientasoficial.com.py/produto/wadfow-cortador-de-piso--1200mm-wtr8512-55222.html;;;;;;NO;NO;SIN_PRECIO_PROVEEDOR_ACTUAL
650632f5-fbe1-5592-afb7-ce4f90ea1460;351102;Total cortador de piso THT578004 800MM;True;False;True;13800.0;8826.0;1.564;16300;2500;;;https://www.totalherramientasoficial.com.py/produto/total-cortador-de-piso-tht578004--800mm-26458.html;;;;;;NO;NO;SIN_PRECIO_PROVEEDOR_ACTUAL
651f58f5-e284-5d44-be27-8a97a0ba615b;537711;"Wadfow juego de cajas de plástico 4PCS WTB2104 13/16/19/24""";True;False;True;17200.0;11032.0;1.559;20400;3200;37.0;USD;https://www.totalherramientasoficial.com.py/produto/wadfow--caixa-de-plastico-4pcs--wtb2104--13161924-51837.html;2026-09-27;;;;;NO;NO;DEBAJO_DE_1_75_COSTO_BASE
6521b6bc-7f34-5530-9cec-880af47d24a1;122399;"Wadfow dados de impacto 14PCS 1/2"" cr-v WMS4D02";True;False;True;157300.0;100864.0;1.56;186600;29300;;;https://www.totalherramientasoficial.com.py/produto/wadfow--soquet-kit-14pcs-12-crv--wms4d02-54874.html;;;;;;NO;NO;SIN_PRECIO_PROVEEDOR_ACTUAL
6528a895-1a18-5d6e-a714-a95dcf86a050;536684;Total candado para bicicleta 15X1200MM TBK11512;True;False;True;15300.0;9837.0;1.555;18200;2900;5.9;USD;https://www.totalherramientasoficial.com.py/produto/total-cadiado-bike-15x1200mm--tbk11512-51729.html;2026-09-27;;;;;NO;NO;DEBAJO_DE_1_75_COSTO_BASE
654a36a8-d858-524c-a3d9-e810e2b599d9;460712;Wadfow kit llave combinada WSP4207 7PCS;True;False;True;5900.0;3782.0;1.56;7000;1100;;;https://www.totalherramientasoficial.com.py/produto/wadfow-kit-chave-catraca-combinada--wsp4207-7pcs-41697.html;;;;;;NO;NO;SIN_PRECIO_PROVEEDOR_ACTUAL
65523f8a-1cb2-5fad-829b-7b15ae35187f;570176;"Total tijera 8"" THSCRS812108";True;False;True;12300.0;7880.0;1.561;14600;2300;;;https://www.totalherramientasoficial.com.py/produto/total-tesoura-8--thscrs812108-55307.html;;;;;;NO;NO;SIN_PRECIO_PROVEEDOR_ACTUAL
655ada5a-23a4-59a0-bd05-500142028c17;542357;Wadfow llave de impacto 20V UWCD1B128 2B 5AH;True;False;True;8800.0;5674.0;1.551;10500;1700;;;https://www.totalherramientasoficial.com.py/produto/wadfow-chave-de-impacto-20v--uwcd1b128--2b-5ah-52321.html;;;;;;NO;NO;SIN_PRECIO_PROVEEDOR_ACTUAL
6595f811-b405-5fca-b5b6-fb0ffb9ccc0f;576642;Total máquina de soldar mma 130A TW213059;True;False;True;206400.0;132384.0;1.559;244900;38500;;;https://www.totalherramientasoficial.com.py/produto/total-maquina-de-solda-mma-130a--tw213059-56069.html;;;;;;NO;NO;SIN_PRECIO_PROVEEDOR_ACTUAL
659b788e-01b0-5c58-8cf2-c1d7b70358ed;460798;Wadfow llave ajustable WAW2208 0-30MM;True;False;True;10900.0;6969.0;1.564;12900;2000;4.18;USD;https://www.totalherramientasoficial.com.py/produto/wadfow-chave-ajustavel-waw2208-030mm-41705.html;2026-09-27;;;;;NO;NO;DEBAJO_DE_1_75_COSTO_BASE
65ba9d85-b66d-540b-a6bc-abf9e4ac08bf;609609;Total combo 6PCS 42V TOSLI260496;True;False;True;319500.0;204880.0;1.559;379000;59500;;;https://www.totalherramientasoficial.com.py/produto/total-combo--6pcs--42v-tosli260496-57200.html;;;;;;NO;NO;SIN_PRECIO_PROVEEDOR_ACTUAL
65be3dcd-9e0f-557c-91cf-fbf637c57327;538299;Wadfow juego de destornilladores 2PCS 300MM WSS1402;True;False;True;15700.0;10086.0;1.557;18700;3000;2.25;USD;https://www.totalherramientasoficial.com.py/produto/wadfow-chave-fenda-kit-2pcs-300mm--wss1402-51895.html;2026-09-27;;;;;NO;NO;DEBAJO_DE_1_75_COSTO_BASE
65d2a2af-91e1-5d1d-8439-fc39dc949044;528788;Wadfow mangera plana 100M WPFH0210;True;False;True;171600.0;110049.0;1.559;203600;32000;66.0;USD;https://www.totalherramientasoficial.com.py/produto/wadfow-mangeira-plana-100m-wpfh0210-50710.html;2026-09-27;;;;;NO;NO;DEBAJO_DE_1_75_COSTO_BASE
65ef87b2-69f0-58eb-b728-1ec81e0054b8;346054;Total mecha kit TAC190501 5PCS martillo percutor;True;False;True;13000.0;8321.0;1.562;15400;2400;4.99;USD;https://www.totalherramientasoficial.com.py/produto/total-broca-kit--tac190501-5pcs-martelete-25983.html;2026-09-27;;;;;NO;NO;DEBAJO_DE_1_75_COSTO_BASE
66019ae3-bc23-514f-a7e8-9ac92658068e;529402;Total gato hidráulico 3 toneladas THT108313;True;False;True;13800.0;8826.0;1.564;16300;2500;;;https://www.totalherramientasoficial.com.py/produto/total-macaco-hidraulico--3-toneladas-tht108313-50787.html;;;;;;NO;NO;SIN_PRECIO_PROVEEDOR_ACTUAL
6641907e-e9a1-561d-85fb-fafbcd8e3be6;538527;"Wadfow kit lima de hierro 8"" WSF2405";True;False;True;26000.0;16658.0;1.561;30800;4800;9.99;USD;https://www.totalherramientasoficial.com.py/produto/wadfow-kit-lima-para-ferro-8-wsf2405-51918.html;2026-09-27;;;;;NO;NO;DEBAJO_DE_1_75_COSTO_BASE
6645edf0-0ea3-5ff3-936b-08365ae696cd;528825;Wadfow corta cesped 350W WXM3502;True;False;True;46700.0;29944.0;1.56;55400;8700;;;https://www.totalherramientasoficial.com.py/produto/wadfow-corta-grama-350w-wxm3502-50714.html;;;;;;NO;NO;SIN_PRECIO_PROVEEDOR_ACTUAL
6674d3a9-36e5-5a04-93cb-398b70d61a0f;456296;"Total alicate corte plástico 5"" THT230512";True;False;True;6500.0;4170.0;1.559;7700;1200;2.5;USD;https://www.totalherramientasoficial.com.py/produto/total-alicate-corte-plastico-5-tht230512-40697.html;2026-09-27;;;;;NO;NO;DEBAJO_DE_1_75_COSTO_BASE
66acf4ee-6c07-5740-884f-d12e87b47b21;456197;Total martillo de goma THT761636 16OZ;True;False;True;13600.0;8722.0;1.559;16100;2500;5.23;USD;https://www.totalherramientasoficial.com.py/produto/total-martelo-boracha--tht761636-16oz-40687.html;2026-09-27;;;;;NO;NO;DEBAJO_DE_1_75_COSTO_BASE
66b82aa4-bb1e-5b22-bc91-e0f6afefac16;469722;Wadfow grifo de cocina WZD1515;True;False;True;34300.0;22010.0;1.558;40700;6400;13.2;USD;https://www.totalherramientasoficial.com.py/produto/wadfow--torneira-da-pia----wzd1515-42656.html;2026-09-27;;;;;NO;NO;DEBAJO_DE_1_75_COSTO_BASE
66c4c6f7-8af6-5894-b64a-59a1d7c2151b;116534;Total llave de impacto 20V 405NM TIWLI20455;True;False;True;8800.0;5674.0;1.551;10500;1700;;;https://www.totalherramientasoficial.com.py/produto/total-chave-de-impacto-20v--405nm--tiwli20455-2163.html;;;;;;NO;NO;SIN_PRECIO_PROVEEDOR_ACTUAL
66d46364-9713-5b11-8506-ef8e11b3f0b0;486910;Total sierra de cinta de iones de litio 20V TBSLI20127;True;False;True;137600.0;88256.0;1.559;163300;25700;;;https://www.totalherramientasoficial.com.py/produto/total-serra-de-fita-de-ions-de-litio-20v---tbsli20127-45926.html;;;;;;NO;NO;SIN_PRECIO_PROVEEDOR_ACTUAL
66d63f3e-bf8b-5f1a-89cc-9090db6b1900;27236;Total capa de lluvia THTRC031.XL;True;False;True;27300.0;17509.0;1.559;32400;5100;10.5;USD;https://www.totalherramientasoficial.com.py/produto/total-capa-de-chuva-thtrc031xl-55486.html;2026-09-27;;;;;NO;NO;DEBAJO_DE_1_75_COSTO_BASE
66f91101-2d90-5709-a75e-14b4e6b61761;489126;Wadfow taladro percutor atornillador WCDP521 20V imp 1.5AH;True;False;True;93400.0;59888.0;1.56;110800;17400;;;https://www.totalherramientasoficial.com.py/produto/wadfow-furadeira-e-parafuzadeira-wcdp521-20v-imp-15ah-46148.html;;;;;;NO;NO;SIN_PRECIO_PROVEEDOR_ACTUAL
67000ea6-db9f-56bb-8f4d-7bc7e165f654;486125;Total pistola de calor TBLI2002 20V;True;False;True;106200.0;68083.0;1.56;126000;19800;;;https://www.totalherramientasoficial.com.py/produto/total--pistola-de--calor-tbli2002-20v-45826.html;;;;;;NO;NO;SIN_PRECIO_PROVEEDOR_ACTUAL
6709aae9-208c-5ad5-b9ba-47ce802db0cc;86899;Wadfow juego de fresas para madera 35PCS 8MM WRG2P08;True;False;True;100100.0;64197.0;1.559;118800;18700;38.5;USD;https://www.totalherramientasoficial.com.py/produto/wadfow--fresa-kit-para-madeira-35pcs-8mm--wrg2p08-54631.html;2026-09-27;;;;;NO;NO;DEBAJO_DE_1_75_COSTO_BASE
674feb85-68c2-5cf5-9f09-1875196a9a93;529204;Total rotomartillo 20V TRHLI202885;True;False;True;235900.0;151296.0;1.559;279900;44000;;;https://www.totalherramientasoficial.com.py/produto/total--martelete-20v--trhli202885-50767.html;;;;;;NO;NO;SIN_PRECIO_PROVEEDOR_ACTUAL
6758fc1f-1fcd-53fe-a5e5-46b5968645e7;225809;Wadfow aspiradora 35LT 1100W seco-humedo WVR4A35;True;False;True;137600.0;88256.0;1.559;163300;25700;59.99;USD;https://www.totalherramientasoficial.com.py/produto/wadfow-aspirador-de-po-seco-e-umido-35lt-1100w---wvr4a35-54886.html;2026-09-27;;;;;NO;NO;DEBAJO_DE_1_75_COSTO_BASE
67719c81-20fd-5f0c-9511-5d6c6cf5e68b;436656;Total kit llave fenda THGSS2606;True;False;True;8800.0;5674.0;1.551;10500;1700;;;https://www.totalherramientasoficial.com.py/produto/total-kit-chave-fenda--thgss2606-34625.html;;;;;;NO;NO;SIN_PRECIO_PROVEEDOR_ACTUAL
677a38a2-951e-5581-8794-a65073c4af59;531672;Total pulverizador 5L THSPP30502;True;False;True;29300.0;18758.0;1.562;34700;5400;11.25;USD;https://www.totalherramientasoficial.com.py/produto/total--pulverizador--5l---thspp30502-51221.html;2026-09-27;;;;;NO;NO;DEBAJO_DE_1_75_COSTO_BASE
678011c4-a0d2-5bee-8ff5-a4059d36e4ea;553674;Total taladro de impacto inalámbrico sin escobillas 16V 60NM t;True;False;True;63900.0;40976.0;1.559;75800;11900;;;https://www.totalherramientasoficial.com.py/produto/total-furadeira-de-impacto-sem-fio-e-sem-escova-16v-60nm--tidli16682-53467.html;;;;;;NO;NO;SIN_PRECIO_PROVEEDOR_ACTUAL
67806ab2-6016-514d-94bf-a985a3ea40f1;367899;Total tecle de cadena 2TON 3M THT1621;True;False;True;59000.0;37824.0;1.56;70000;11000;;;https://www.totalherramientasoficial.com.py/produto/total-talha-2ton-3m--tht1621-28005.html;;;;;;NO;NO;SIN_PRECIO_PROVEEDOR_ACTUAL
678d4f10-b38a-5138-a48d-4ac2d4c4f15d;486897;Total rectificador 20V TMGLI2001;True;False;True;104000.0;66696.0;1.559;123400;19400;40.0;USD;https://www.totalherramientasoficial.com.py/produto/total-retificador--20v-tmgli2001-45924.html;2026-09-27;;;;;NO;NO;DEBAJO_DE_1_75_COSTO_BASE
67af1310-3538-535a-8668-ba89c5dc3a27;496056;Wadfow máscara de soldar con oscurecimiento automático WWH2501;True;False;True;34400.0;22092.0;1.557;40900;6500;13.25;USD;https://www.totalherramientasoficial.com.py/produto/wadfow-mascara-de-soldadura-autoescurecida--wwh2501-46881.html;2026-09-27;;;;;NO;NO;DEBAJO_DE_1_75_COSTO_BASE
67bb21b5-5c99-5d3d-b3e5-470b16faf0d7;462297;"Wadfow alicate pico t. 8"" WPL4C08";True;False;True;11800.0;7565.0;1.56;14000;2200;;;https://www.totalherramientasoficial.com.py/produto/wadfow-alicate-ponta-t-8-wpl4c08-41855.html;;;;;;NO;NO;SIN_PRECIO_PROVEEDOR_ACTUAL
67be179e-3c63-5c5f-9e11-548c5be05330;560702;Total hidrolavadora TGT11316 1400W 1900PSI;True;False;True;200200.0;128390.0;1.559;237500;37300;77.0;USD;https://www.totalherramientasoficial.com.py/produto/total-lava-jato-tgt11316-1400w-1900psi-54173.html;2026-09-27;;;;;NO;NO;DEBAJO_DE_1_75_COSTO_BASE
67c36176-d855-5225-85a8-147d9648a7f4;465472;Total llave de carraca THT106386 3/8 205MM;True;False;True;19500.0;12507.0;1.559;23100;3600;7.5;USD;https://www.totalherramientasoficial.com.py/produto/total-chave-catraca--tht106386-38-205mm-42194.html;2026-09-27;;;;;NO;NO;DEBAJO_DE_1_75_COSTO_BASE
67cec427-18e1-5311-8ea2-9740895fa10b;488976;Wadfow caja de herramienta metálica con cájon WTB8A22;True;False;True;41800.0;26792.0;1.56;49600;7800;;;https://www.totalherramientasoficial.com.py/produto/wadfow-caixa-de-ferramentas-de-metal-com-gaveta-wtb8a22-46133.html;;;;;;NO;NO;SIN_PRECIO_PROVEEDOR_ACTUAL
67d815d8-82e7-5ba2-9e57-72464055b708;615273;Total rotomartillo 20V 22MM TRHLI22208;True;False;True;235900.0;151296.0;1.559;279900;44000;;;https://www.totalherramientasoficial.com.py/produto/total-martelete--20v-22mm--trhli22208-57187.html;;;;;;NO;NO;SIN_PRECIO_PROVEEDOR_ACTUAL
67e4b39e-7e89-5c06-ad17-ea86be94c1c4;567354;Medicube Zero Pore One Day Cream 50 ml;True;False;True;39000.0;;;;;15.0;USD;https://atacadousa.com.py/cosmeticos/10935-creme-facial-medicube-zero-pore-one-day-cream-50ml567354.html;2026-09-27;;;;;NO;NO;SIN_COSTO_BASE_DOCUMENTADO
67e573bf-bb87-5a0e-976b-6f4f738fa194;54515;Total amoladora 20V motor brushless 900W TAGLI261522;True;False;True;228800.0;146732.0;1.559;271500;42700;88.0;USD;https://www.totalherramientasoficial.com.py/produto/total-lixadeira--20v-motor-brushless-900w--tagli261522-55443.html;2026-09-27;;;;;NO;NO;DEBAJO_DE_1_75_COSTO_BASE
67e824f5-63fa-5dd5-84a4-03ceede8181d;611961;Total aspirador 20V TVLI201582 2BAT 2AH;True;False;True;186800.0;119776.0;1.56;221600;34800;;;https://www.totalherramientasoficial.com.py/produto/total--aspirador-20v---tvli201582--2bat-2ah-57231.html;;;;;;NO;NO;SIN_PRECIO_PROVEEDOR_ACTUAL
67e88252-a37c-5ad5-add8-161ca1d3e1e6;553544;Total dados hexagonales 3/4 38MM THHAST34381;True;False;True;11700.0;7505.0;1.559;13900;2200;4.5;USD;https://www.totalherramientasoficial.com.py/produto/total-soquetes-hexagonais-34--38mm--thhast34381-53454.html;2026-09-27;;;;;NO;NO;DEBAJO_DE_1_75_COSTO_BASE
6814b3c8-e06c-55ea-b4cf-23987375210e;579995;Wadfow pulidora inalámbrica 20V WHL2B15;True;False;True;143000.0;91707.0;1.559;169700;26700;55.0;USD;https://www.totalherramientasoficial.com.py/produto/wadfow-polidora-sem-fio-20v-whl2b15-56423.html;2026-09-27;;;;;NO;NO;DEBAJO_DE_1_75_COSTO_BASE
68249921-de16-539c-b232-14630c7ed60c;436663;Total kit de destornillador aislados THTIS5106 10PCS;True;False;True;5400.0;3467.0;1.558;6400;1000;;;https://www.totalherramientasoficial.com.py/produto/total-kit-chave-fenda--thtis5106-10pcs-34626.html;;;;;;NO;NO;SIN_PRECIO_PROVEEDOR_ACTUAL
6825af2a-ad9d-5e76-b1cf-53fd56c79a8c;584173;Total combo 3PCS taladro + amoladora + martillo rotativo 20V t;True;False;True;368600.0;236400.0;1.559;437300;68700;;;https://www.totalherramientasoficial.com.py/produto/total-combo-3pcs-furadeira--esmerilhadeira--martelo-rotativo-20v--tosli251195-56841.html;;;;;;NO;NO;SIN_PRECIO_PROVEEDOR_ACTUAL
6843fcbf-d089-5fa5-bdfc-e44534c35b31;417563;Total jardin THPS13601;True;False;True;22200.0;14222.0;1.561;26300;4100;8.53;USD;https://www.totalherramientasoficial.com.py/produto/total--jardim--thps13601-32657.html;2026-09-27;;;;;NO;NO;DEBAJO_DE_1_75_COSTO_BASE
684acae3-fb4c-599e-b101-63de702675f9;366540;Total atornillador 18V UTIDLI228180 2BT impacto;True;False;True;157300.0;100864.0;1.56;186600;29300;;;https://www.totalherramientasoficial.com.py/produto/total-parafusadeira-18v-utidli228180-2bt-impacto-27878.html;;;;;;NO;NO;SIN_PRECIO_PROVEEDOR_ACTUAL
684c4a17-4385-553d-961e-c74f12278712;469814;Wadfow grifo de cocina WZD1532;True;False;True;51500.0;33014.0;1.56;61100;9600;19.8;USD;https://www.totalherramientasoficial.com.py/produto/wadfow-torneira---de-cozinha---wzd1532-42665.html;2026-09-27;;;;;NO;NO;DEBAJO_DE_1_75_COSTO_BASE
6858a499-c604-58ab-8041-d06b122de7a1;443135;Total presurizador UTWPS101 10BAR 10A IP65;True;False;True;27300.0;17509.0;1.559;32400;5100;10.5;USD;https://www.totalherramientasoficial.com.py/produto/total-pressurizador-utwps101-10bar-10a-ip65-35306.html;2026-09-27;;;;;NO;NO;DEBAJO_DE_1_75_COSTO_BASE
685fdadb-8eca-563f-b5be-08c1f75d3ba6;2455;Wadfow martillo uña magnética 600G WHM8360;True;False;True;20800.0;13339.0;1.559;24700;3900;8.0;USD;https://www.totalherramientasoficial.com.py/produto/wadfow--martelo-de-garra-magnetica-600g--whm8360-55182.html;2026-09-27;;;;;NO;NO;DEBAJO_DE_1_75_COSTO_BASE
68a7c7c5-aec7-5223-a2f7-741a3a331cac;521185;Total perforadora de cuero THT33526;True;False;True;13000.0;8337.0;1.559;15400;2400;5.0;USD;https://www.totalherramientasoficial.com.py/produto/total-perfurador-de-couro-tht33526-49871.html;2026-09-27;;;;;NO;NO;DEBAJO_DE_1_75_COSTO_BASE
68c1c1d2-74ad-5db7-973a-d73461b0accb;446532;"Total motosierra 6"" 20V TGSLI20686";True;False;True;46700.0;29944.0;1.56;55400;8700;;;https://www.totalherramientasoficial.com.py/produto/total-motosserra-6-20v-tgsli20686-38681.html;;;;;;NO;NO;SIN_PRECIO_PROVEEDOR_ACTUAL
68c8c178-b2a5-56d6-9681-0c6512d6df8f;340496;Total llave de fenda THTIS6150 isolado;True;False;True;4800.0;3086.0;1.555;5700;900;1.85;USD;https://www.totalherramientasoficial.com.py/produto/total-chave-de-fenda--thtis6150-isolado-25516.html;2026-09-27;;;;;NO;NO;DEBAJO_DE_1_75_COSTO_BASE
68c8ed0b-0376-5c33-9e6c-e3940980fc1f;521376;Total cortador de azulejos THT571001 1000MM;True;False;True;234000.0;150051.0;1.559;277600;43600;89.99;USD;https://www.totalherramientasoficial.com.py/produto/total-cortador-de-azulejos-tht571001-1000mm-49890.html;2026-09-27;;;;;NO;NO;DEBAJO_DE_1_75_COSTO_BASE
68d37aa2-92ad-5696-9af7-b67118d9563e;442855;Total atornillador 20V UTIDLI2002;True;False;True;286000.0;183415.0;1.559;339300;53300;;;https://www.totalherramientasoficial.com.py/produto/total-parafusadeira-20v-utidli2002-35277.html;;;;;;NO;NO;SIN_PRECIO_PROVEEDOR_ACTUAL
68dfc50c-5505-5940-8401-9783b1103325;512664;Total taladro percutor 12V +brocas TOSLI240467;True;False;True;319500.0;204880.0;1.559;379000;59500;;;https://www.totalherramientasoficial.com.py/produto/total-furadeira-12v-brocas-tosli240467-48617.html;;;;;;NO;NO;SIN_PRECIO_PROVEEDOR_ACTUAL
68e03228-3263-565f-8512-f42c9055495b;346160;Total juego de mechas para metal 6PCS TACSD0065;True;False;True;15700.0;10086.0;1.557;18700;3000;;;https://www.totalherramientasoficial.com.py/produto/total-broca-kit-para--metal-6pcs-tacsd0065-25990.html;;;;;;NO;NO;SIN_PRECIO_PROVEEDOR_ACTUAL
68fe1bd3-8427-56e9-a0ab-ece373ecf5ef;489164;Wadfow sierra corta ceramica 20V WUU1501;True;False;True;156000.0;100029.0;1.56;185100;29100;59.99;USD;https://www.totalherramientasoficial.com.py/produto/wadfow-serra-corte--ceramica-20v-wuu1501-46152.html;2026-09-27;;;;;NO;NO;DEBAJO_DE_1_75_COSTO_BASE
6901cc1c-37e4-5cec-88c7-ca08d0425b86;553186;Total combo 3PCS taladro +atornillador+soplador TOSLI250182;True;False;True;368600.0;236400.0;1.559;437300;68700;;;https://www.totalherramientasoficial.com.py/produto/total-combo-3-pcs-de-furadeira--chave-de-fenda--soprador--tosli250182-53418.html;;;;;;NO;NO;SIN_PRECIO_PROVEEDOR_ACTUAL
694ea865-3729-56f6-9b10-bea39403ef54;381284;Total corta g.linea TGTLS251 2.0MM 5M;True;False;True;13000.0;8337.0;1.559;15400;2400;5.0;USD;https://www.totalherramientasoficial.com.py/produto/total-corta-glinha--tgtls251--20mm-5m-29292.html;2026-09-27;;;;;NO;NO;DEBAJO_DE_1_75_COSTO_BASE
697796ad-c8be-55de-b933-7db5090966c3;380935;Total soplador aspiradora TABLI2001 li-ion;True;False;True;137600.0;88256.0;1.559;163300;25700;;;https://www.totalherramientasoficial.com.py/produto/total-soprador-aspirador--tabli2001-liion-29256.html;;;;;;NO;NO;SIN_PRECIO_PROVEEDOR_ACTUAL
69bc3b88-75ae-58ae-af66-22e08d9d17c2;543293;Wadfow pistola de espuma 320MM WFPQ1304;True;False;True;12700.0;8138.0;1.561;15100;2400;4.88;USD;https://www.totalherramientasoficial.com.py/produto/wadfow-pistola-de-espuma-320mm--wfpq1304-52415.html;2026-09-27;;;;;NO;NO;DEBAJO_DE_1_75_COSTO_BASE
69c74d36-db7c-560d-96ff-ee8fbd5f0020;341806;Total candado TLK3220 20MM 237.5G;True;False;True;8800.0;5674.0;1.551;10500;1700;;;https://www.totalherramientasoficial.com.py/produto/total-cadiado-tlk32202--20mm-375g-25641.html;;;;;;NO;NO;SIN_PRECIO_PROVEEDOR_ACTUAL
69c95a84-2eb5-5f1d-9ec5-cccd124ded51;553605;"Total motosierra 20V 6"" TGSLI20662";True;False;True;46700.0;29944.0;1.56;55400;8700;;;https://www.totalherramientasoficial.com.py/produto/total-motosserra--20v-6-tgsli20662-53460.html;;;;;;NO;NO;SIN_PRECIO_PROVEEDOR_ACTUAL
69e6d215-5908-587e-a057-e580f64b4aa7;201261;Wadfow llave combinadas con rachet 19MM WSA5119;True;False;True;7800.0;5002.0;1.559;9300;1500;3.0;USD;https://www.totalherramientasoficial.com.py/produto/wadfow--chave-catraca-19mm--wsa5119-54879.html;2026-09-27;;;;;NO;NO;DEBAJO_DE_1_75_COSTO_BASE
69f07315-2c2b-5c6a-9bc1-e359463e4e8c;380959;Total compresor de aire TACLI2002 160PSI lion;True;False;True;221200.0;141840.0;1.56;262400;41200;;;https://www.totalherramientasoficial.com.py/produto/total-compresor-de-ar-tacli2002-160psi-lion-29258.html;;;;;;NO;NO;SIN_PRECIO_PROVEEDOR_ACTUAL
69f8d5f0-0dc7-5930-afc3-f3d0c087c2d0;612555;Total juego de llaves de carracas cortas y flexibles 7PCS THT1;True;False;True;31900.0;20488.0;1.557;37900;6000;;;https://www.totalherramientasoficial.com.py/produto/total-jogo-de-chaves-catracas--curtas-e-articuladas---7pcs--tht103rk676-57286.html;;;;;;NO;NO;SIN_PRECIO_PROVEEDOR_ACTUAL
6a232960-9b09-57df-95df-59c1e6a51c13;228657;Wadfow hidrolavadora 20V WQX11203;True;False;True;157300.0;100864.0;1.56;186600;29300;;;https://www.totalherramientasoficial.com.py/produto/wadfow--lava-jato-20v-wqx11203-17962.html;;;;;;NO;NO;SIN_PRECIO_PROVEEDOR_ACTUAL
6a4738e2-0448-59d6-b878-a06028d0ff23;367943;Total martillo rotativo 1500W TH1153216 sds plus;True;False;True;270300.0;173360.0;1.559;320700;50400;;;https://www.totalherramientasoficial.com.py/produto/total-martlete-1500w--th1153216-sds-plus-28010.html;;;;;;NO;NO;SIN_PRECIO_PROVEEDOR_ACTUAL
6a53d197-47d7-5a2f-b9c5-864ad0a9b47e;543316;Wadfow juego de tijeras de podar 3PCS WPR3E03;True;False;True;29800.0;19092.0;1.561;35300;5500;11.45;USD;https://www.totalherramientasoficial.com.py/produto/wadfow-conjunto-de--tesouras-de-poda-3pcs--wpr3e03-52417.html;2026-09-27;;;;;NO;NO;DEBAJO_DE_1_75_COSTO_BASE
6a670577-844c-5c07-a386-e7618650d3ee;470582;Wadfow llave para manguera cromada entrada 1/2'' WVB2812;True;False;True;11100.0;7086.0;1.566;13100;2000;4.25;USD;https://www.totalherramientasoficial.com.py/produto/wadfow-chave-para-mangueira-cromada-de-entrada-de-12--wvb2812-42742.html;2026-09-27;;;;;NO;NO;DEBAJO_DE_1_75_COSTO_BASE
6a9d044b-ce90-5b86-a2a7-8758f503d7ff;119141;Medicube Hyaluronic Multi Peptide Serum 30 ml;True;False;True;35100.0;;;;;13.0;USD;https://atacadousa.com.py/cosmeticos/12366-medicube-hyaluronic-multi-peptide-serum-30ml-119141.html;2026-09-27;44900;https://www.mercadolibre.com.ar/medicube-hyaluronic-multi-peptide-serum-30ml-momento-de-aplicacion-dianoche-tipo-de-piel-todo-tipo-de-piel/p/MLA51485560;COMPARABLE_VERIFICADO;Misma marca nombre y presentación de 30 ml. Precio visible en ficha.;NO;SI;SIN_COSTO_BASE_DOCUMENTADO
6aa5daf0-dbb2-573b-a2da-550e899b6bf6;486804;"Total motosierra 20V 5"" TGSLI20581";True;False;True;46700.0;29944.0;1.56;55400;8700;;;https://www.totalherramientasoficial.com.py/produto/total--motosierra--20v-5--tgsli20581-45896.html;;;;;;NO;NO;SIN_PRECIO_PROVEEDOR_ACTUAL
6ab8c829-07e6-5ac1-a849-6e63c667d53d;564953;Total lámpara de trabajo 20V 22.5W TWLI20881;True;False;True;17200.0;11032.0;1.559;20400;3200;;;https://www.totalherramientasoficial.com.py/produto/total-lampada-de-trabalho-20v-225w--twli20881-54605.html;;;;;;NO;NO;SIN_PRECIO_PROVEEDOR_ACTUAL
6abc6352-68ad-5d7e-9e68-5428f4caad6d;465359;Total alicate circlip THTJ21804 7' 1.8MM;True;False;True;14300.0;9172.0;1.559;17000;2700;;;https://www.totalherramientasoficial.com.py/produto/total-alicate-de-freio--thtj21804-7-18mm-42182.html;;;;;;NO;NO;SIN_PRECIO_PROVEEDOR_ACTUAL
6b0980c4-a07b-5764-8124-479571b0ca7f;486699;Total atornillador 45 nm 20V TDLI200515;True;False;True;93400.0;59888.0;1.56;110800;17400;;;https://www.totalherramientasoficial.com.py/produto/total-parafusadeira-45-nm-20v-tdli200515-45885.html;;;;;;NO;NO;SIN_PRECIO_PROVEEDOR_ACTUAL
6b1377d6-f4b5-5471-8fd6-7fe16f4c42ee;486347;Total generador a gasolina TP1150006 12KW;True;False;True;884700.0;567360.0;1.559;1049600;164900;;;https://www.totalherramientasoficial.com.py/produto/total-gerador-de-gasolina--tp1150006-12kw-45850.html;;;;;;NO;NO;SIN_PRECIO_PROVEEDOR_ACTUAL
6b4cd7fe-f3eb-5d39-9ae2-d1d651ecc60e;340328;Total llave de fenda THT21356 5X75MM;True;False;True;8800.0;5674.0;1.551;10500;1700;;;https://www.totalherramientasoficial.com.py/produto/total-chave-de-fenda--tht21356-5x75mm-25498.html;;;;;;NO;NO;SIN_PRECIO_PROVEEDOR_ACTUAL
6b7c7fe4-90db-57ed-a350-15ed8ec828de;554121;Total botas de lluvia TSP302LAB.44;True;False;True;59000.0;37824.0;1.56;70000;11000;;;https://www.totalherramientasoficial.com.py/produto/total-botas-de-chuva--tsp302lab44-53512.html;;;;;;NO;NO;SIN_PRECIO_PROVEEDOR_ACTUAL
6b88f167-be1c-5316-8187-3eee9f8f4092;460637;Wadfow martillo de goma 660G WHM7306;True;False;True;7800.0;5002.0;1.559;9300;1500;3.0;USD;https://www.totalherramientasoficial.com.py/produto/wadfow-martelo-boracha-660g--whm7306-41689.html;2026-09-27;;;;;NO;NO;DEBAJO_DE_1_75_COSTO_BASE
6b8d5569-67ac-5058-a921-ee3e2d14a70a;51026;Total accesorios para pistola calor 10PCS TBA1011;True;False;True;18200.0;11672.0;1.559;21600;3400;7.0;USD;https://www.totalherramientasoficial.com.py/produto/total-acessorios-para-pistola-de-ar-quente-10pcs--tba1011-55442.html;2026-09-27;;;;;NO;NO;DEBAJO_DE_1_75_COSTO_BASE
6babec8a-6727-51dd-a9be-1ad6fb0a50ac;367455;Total sierra caladora TS2081006 800W;True;False;True;118000.0;75648.0;1.56;139900;21900;;;https://www.totalherramientasoficial.com.py/produto/total-tico-tico-ts2081006--800w-27967.html;;;;;;NO;NO;SIN_PRECIO_PROVEEDOR_ACTUAL
6bae35fd-657e-5fdf-9b4d-1235d7d59561;529310;Total combo herramientas 3PCS TOSLI250281;True;False;True;368600.0;236400.0;1.559;437300;68700;;;https://www.totalherramientasoficial.com.py/produto/total-combo-ferramentas-3pcs--tosli250281-50778.html;;;;;;NO;NO;SIN_PRECIO_PROVEEDOR_ACTUAL
6bb1d3f8-d6b0-542c-ba3c-84a2627993fb;368032;Total alicate corte diagonal THT130606P;True;False;True;6500.0;4170.0;1.559;7700;1200;2.5;USD;https://www.totalherramientasoficial.com.py/produto/total-alicate-corte-diagonal-tht130606p-28019.html;2026-09-27;;;;;NO;NO;DEBAJO_DE_1_75_COSTO_BASE
6bbc36bd-411c-54d8-adda-443e348111c6;18494;Total barra de extensión 3PCS 1/2 THISEB12031;True;False;True;18800.0;12088.0;1.555;22400;3600;7.25;USD;https://www.totalherramientasoficial.com.py/produto/total-barra-de-extensao-3pcs-12---thiseb12031-55506.html;2026-09-27;;;;;NO;NO;DEBAJO_DE_1_75_COSTO_BASE
6bca0d5e-14c8-5b65-84d7-ad9dc0f7b8a8;415569;Total botas de lluvia TSP302S1P.42;True;False;True;59000.0;37824.0;1.56;70000;11000;;;https://www.totalherramientasoficial.com.py/produto/total-botas-de-chuva--tsp302s1p42-32449.html;;;;;;NO;NO;SIN_PRECIO_PROVEEDOR_ACTUAL
6be2cc92-fa74-55cc-85ec-0859a9a5e6c4;350822;Total rotomartillo sds plus UTH110286 1050W;True;False;True;206400.0;132384.0;1.559;244900;38500;;;https://www.totalherramientasoficial.com.py/produto/total-martelo-rotativo-sds-plus-uth110286-1050w-26436.html;;;;;;NO;NO;SIN_PRECIO_PROVEEDOR_ACTUAL
6be50185-52a1-514b-8bca-e0939bc0bbb3;470780;Wadfow botas de lluvia 39 WRB1L39;True;False;True;18800.0;12088.0;1.555;22400;3600;7.25;USD;https://www.totalherramientasoficial.com.py/produto/wadfow--botas-de-chuva-39--wrb1l39-42762.html;2026-09-27;;;;;NO;NO;DEBAJO_DE_1_75_COSTO_BASE
6bea9ed8-6699-5064-b8a1-2a72142f4895;462969;Wadfow nivel de burbuja 150CM WSL1G150;True;False;True;30900.0;19842.0;1.557;36700;5800;11.9;USD;https://www.totalherramientasoficial.com.py/produto/wadfow-nivel--150cm---wsl1g150-41943.html;2026-09-27;;;;;NO;NO;DEBAJO_DE_1_75_COSTO_BASE
6bf0d709-8f15-5617-ad5f-5d9e79f8e6ec;613880;Wadfow alicate cortacable multiusos 3 en 1 WPL5778;True;False;True;13000.0;8321.0;1.562;15400;2400;4.99;USD;https://www.totalherramientasoficial.com.py/produto/wadfow-alicate-cortacabo-multiusos-3-em-1-wpl5778-57207.html;2026-09-27;;;;;NO;NO;DEBAJO_DE_1_75_COSTO_BASE
6bf9f3c5-c0ef-5ec8-a1a5-10559e404a9e;2288;Wadfow martillo uña acero forjado mango antishock 560G WHM8320;True;False;True;18800.0;12088.0;1.555;22400;3600;7.25;USD;https://www.totalherramientasoficial.com.py/produto/wadfow--martelo-de-garra-de-aco-forjado-com-cabo-antichoque-560g---whm8320-55179.html;2026-09-27;;;;;NO;NO;DEBAJO_DE_1_75_COSTO_BASE
6c151270-a99a-596d-b04a-24fa631c375b;417396;Total botas seguridad TSP202SB.43;True;False;True;57200.0;36683.0;1.559;67900;10700;;;https://www.totalherramientasoficial.com.py/produto/total-botas-seguranca-tsp202sb43-32640.html;;;;;;NO;NO;SIN_PRECIO_PROVEEDOR_ACTUAL
6c40806b-a954-5935-ab3d-71e11108bb89;416009;Total cinta láser TMT56016 60 metros;True;False;True;31900.0;20488.0;1.557;37900;6000;;;https://www.totalherramientasoficial.com.py/produto/total-trena---laser--tmt56016--60-metros-32493.html;;;;;;NO;NO;SIN_PRECIO_PROVEEDOR_ACTUAL
6c52b793-29f3-5b50-bfdb-1039a5a43814;462280;"Wadfow alicate corte diagonal 7"" WPL3C07";True;False;True;9100.0;5838.0;1.559;10800;1700;3.5;USD;https://www.totalherramientasoficial.com.py/produto/wadfow-alicate-de-corte-diagonal-7--wpl3c07-41854.html;2026-09-27;;;;;NO;NO;DEBAJO_DE_1_75_COSTO_BASE
6c52d091-3038-5ee4-8ef3-9ec3966ec315;580151;Wadfow caballete 2PCS 2 toneladas WHJS0201;True;False;True;17200.0;11032.0;1.559;20400;3200;19.25;USD;https://www.totalherramientasoficial.com.py/produto/wadfow-cavalete-2pcs-2-toneladas-whjs0201-56439.html;2026-09-27;;;;;NO;NO;DEBAJO_DE_1_75_COSTO_BASE
6c58a3a1-2da4-5e7a-aeb3-13a350b5c1a7;456395;Total sierra de poda 16'' THT551662D;True;False;True;13600.0;8722.0;1.559;16100;2500;5.23;USD;https://www.totalherramientasoficial.com.py/produto/total-sera-de-poda--16--tht551662d-40707.html;2026-09-27;;;;;NO;NO;DEBAJO_DE_1_75_COSTO_BASE
6c78954b-13dc-514c-b6d7-288e6a8cb610;526166;Total multímetro digital 600V TMT5310002;True;False;True;75400.0;48355.0;1.559;89500;14100;;;https://www.totalherramientasoficial.com.py/produto/total-multitester-digital-600v---tmt5310002-50440.html;;;;;;NO;NO;SIN_PRECIO_PROVEEDOR_ACTUAL
6cae38d2-80fc-538b-97e7-3dc088cba606;521413;Total multímetro digital 600V TMT536002;True;False;True;31900.0;20488.0;1.557;37900;6000;;;https://www.totalherramientasoficial.com.py/produto/total-multitester-digital-600v--tmt536002-49894.html;;;;;;NO;NO;SIN_PRECIO_PROVEEDOR_ACTUAL
6cc956c4-6ba7-5513-af39-fe599c49e8d0;490870;Total cortacésped 1200W TGT612131;True;False;True;17200.0;11032.0;1.559;20400;3200;;;https://www.totalherramientasoficial.com.py/produto/total-corta-grama--1200w--tgt612131-46328.html;;;;;;NO;NO;SIN_PRECIO_PROVEEDOR_ACTUAL
6cc9db6f-38d8-5932-9fd8-a28426990542;486187;Total mezclador 20V TMXLI2001;True;False;True;17200.0;11032.0;1.559;20400;3200;;;https://www.totalherramientasoficial.com.py/produto/total-misturador-20v-tmxli2001-45834.html;;;;;;NO;NO;SIN_PRECIO_PROVEEDOR_ACTUAL
6cdb9f83-9e08-503a-af11-ef19e027a8ee;397230;Total atornillador de impacto 1/4 motor sin escobillas 20V tir;True;False;True;167100.0;107168.0;1.559;198300;31200;;;https://www.totalherramientasoficial.com.py/produto/total-parafusadeira-pontas-encaxe--motor-sem-escovas-tirli2002-30643.html;;;;;;NO;NO;SIN_PRECIO_PROVEEDOR_ACTUAL
6ce81c06-aed8-5300-a687-88b9a4171f99;542937;Wadfow soporte para amoladora 180 a 230MM WASC1530;True;False;True;67600.0;43353.0;1.559;80200;12600;26.0;USD;https://www.totalherramientasoficial.com.py/produto/wadfow-suporte-para-lixadeira-180-a-230mm--wasc1530-52379.html;2026-09-27;;;;;NO;NO;DEBAJO_DE_1_75_COSTO_BASE
6ce8988d-1a97-542a-962a-8111a600a71d;545860;Wadfow cargador de batería 12/24V WBY1A151;True;False;True;31900.0;20488.0;1.557;37900;6000;;;https://www.totalherramientasoficial.com.py/produto/wadfow-carregador-de-bateria-1224v-wby1a151-52676.html;;;;;;NO;NO;SIN_PRECIO_PROVEEDOR_ACTUAL
6d3d13f0-3d7a-5673-9864-1d5b142fda67;542364;Wadfow soplador 16V WBLP16182;True;False;True;126100.0;80871.0;1.559;149600;23500;48.5;USD;https://www.totalherramientasoficial.com.py/produto/wadfow--soprador--16v---wblp16182-52322.html;2026-09-27;;;;;NO;NO;DEBAJO_DE_1_75_COSTO_BASE
6d674de0-3c99-5333-9363-d0dbe197600a;239936;Total bateria TOBP1203 12V;True;False;True;22100.0;14184.0;1.558;26200;4100;;;https://www.totalherramientasoficial.com.py/produto/total-bateria-tobp1203-12v-18501.html;;;;;;NO;NO;SIN_PRECIO_PROVEEDOR_ACTUAL
6d7dfb1b-7c52-5f8a-b9d3-4c6304149222;597951;Total llave dinamométrica 10-60 nm THPTW3860N6;True;False;True;78000.0;50006.0;1.56;92500;14500;;;https://www.totalherramientasoficial.com.py/produto/total--chave-de-torque-1060-nm--thptw3860n6-57164.html;;;;;;NO;NO;SIN_PRECIO_PROVEEDOR_ACTUAL
6dc54b45-3a92-5b7f-8ec8-beeddd4c62a6;366557;Total martillo TH215456 1700W hex 16KG;True;False;True;520000.0;333466.0;1.559;616900;96900;199.99;USD;https://www.totalherramientasoficial.com.py/produto/total-martlete--th215456-1700w-hex-16kg-27879.html;2026-09-27;;;;;NO;NO;DEBAJO_DE_1_75_COSTO_BASE
6dfa5dc6-be31-5b2a-80ab-103d5960623d;487832;Total llave de impacto 20V TIWLI2038 motor brushless;True;False;True;8800.0;5674.0;1.551;10500;1700;;;https://www.totalherramientasoficial.com.py/produto/total-chave-de-impacto-20v-tiwli2038--motor-brushless-46019.html;;;;;;NO;NO;SIN_PRECIO_PROVEEDOR_ACTUAL
6e308b33-c27b-5a13-9c69-a0b98a2b91da;312011;Total atornillador 18V UTDLI228180 lithum 2BAT;True;False;True;157300.0;100864.0;1.56;186600;29300;;;https://www.totalherramientasoficial.com.py/produto/total-parafusadeira-18v-utdli228180-lithum-2bat-22938.html;;;;;;NO;NO;SIN_PRECIO_PROVEEDOR_ACTUAL
6e35aad4-458c-593a-aa76-b1c4199954cc;486682;Total cinta elástica para atar THTPTM1251T;True;False;True;12700.0;8170.0;1.554;15100;2400;4.9;USD;https://www.totalherramientasoficial.com.py/produto/total-fita-elastica-para-amarrar-thtptm1251t-45884.html;2026-09-27;;;;;NO;NO;DEBAJO_DE_1_75_COSTO_BASE
6e3f54ca-a75c-52b5-a447-ff11bc9925f0;612340;"Total alicate de punta larga 50% 160MM 6"" THT221608S";True;False;True;8800.0;5674.0;1.551;10500;1700;;;https://www.totalherramientasoficial.com.py/produto/total--alicate-bico-longo--50-160mm-6--tht221608s-57247.html;;;;;;NO;NO;SIN_PRECIO_PROVEEDOR_ACTUAL
6e73b335-52dc-5e9b-b7fb-24cfe8afbdf7;612296;Total martillo rompedor 1400W TH214008 7KG;True;False;True;10800.0;6934.0;1.558;12800;2000;;;https://www.totalherramientasoficial.com.py/produto/total--martelete-1400w---th214008--7kg-57193.html;;;;;;NO;NO;SIN_PRECIO_PROVEEDOR_ACTUAL
6ea64187-4e73-569e-a474-ca12c1db2de9;536462;Total bomba de agua TWP55501 0.75HP 550W 64M;True;False;True;387400.0;248444.0;1.559;459600;72200;149.0;USD;https://www.totalherramientasoficial.com.py/produto/total-bomba-de-agua--twp55501--075hp-550w---64m-51707.html;2026-09-27;;;;;NO;NO;DEBAJO_DE_1_75_COSTO_BASE
6eb6262e-7ef5-53fb-bc87-9c249e85fd66;527453;Total aspiradora 20V TVLI20126;True;False;True;78600.0;50432.0;1.559;93300;14700;;;https://www.totalherramientasoficial.com.py/produto/total-aspirador--20v--tvli20126-50570.html;;;;;;NO;NO;SIN_PRECIO_PROVEEDOR_ACTUAL
6ec45a8e-2436-5e01-a5f9-044d38a81b54;173346;Total taladro 110V UTD204101 450W;True;False;True;41600.0;26663.0;1.56;49300;7700;15.99;USD;https://www.totalherramientasoficial.com.py/produto/total-furadeira-110v-utd204101-450w-11911.html;2026-09-27;;;;;NO;NO;DEBAJO_DE_1_75_COSTO_BASE
6edb1f0d-6e3f-5573-9d1c-39a0165b8296;488662;Wadfow juego de punzones y cinceles frio 5PCS WCC8395;True;False;True;19500.0;12507.0;1.559;23100;3600;7.5;USD;https://www.totalherramientasoficial.com.py/produto/wadfow-conjunto-de-perfurador-e-cinzel-5pcs---wcc8395-46102.html;2026-09-27;;;;;NO;NO;DEBAJO_DE_1_75_COSTO_BASE
6ee2e3dd-06af-519c-a913-71db9890bb04;341745;Total martillo de boracha THT77406 plastico;True;False;True;12400.0;7921.0;1.565;14700;2300;4.75;USD;https://www.totalherramientasoficial.com.py/produto/total-martelo-de-boracha--tht77406-plastic-25635.html;2026-09-27;;;;;NO;NO;DEBAJO_DE_1_75_COSTO_BASE
6f38d21b-9c4a-5583-9e28-1727faeccc4d;543606;Wadfow accesorios para rectificador 4PCS/SET WRR8001;True;False;True;16900.0;10840.0;1.559;20100;3200;6.5;USD;https://www.totalherramientasoficial.com.py/produto/wadfow-acessorios-para-retificador-4pcsset---wrr8001-52446.html;2026-09-27;;;;;NO;NO;DEBAJO_DE_1_75_COSTO_BASE
6f4e72dc-b36c-5f98-96fc-0d7f9eb41a3a;518697;Total pistola clavadora brad TCBNLI3603 10-35 s/b;True;False;True;267800.0;171743.0;1.559;317700;49900;;;https://www.totalherramientasoficial.com.py/produto/total-pistola-de-pregador-brad-tcbnli3603-1035-sb-49609.html;;;;;;NO;NO;SIN_PRECIO_PROVEEDOR_ACTUAL
6f64294d-c024-580c-b53c-a2c417f74ecd;341516;Total destornillador phillips PH2X150MM TSDPH2150;True;False;True;5400.0;3467.0;1.558;6400;1000;;;https://www.totalherramientasoficial.com.py/produto/total-chave-de-fenda-phillips-ph2x150mm-tsdph2150-25613.html;;;;;;NO;NO;SIN_PRECIO_PROVEEDOR_ACTUAL
6f96611d-5a34-55d6-9baa-fcedab685d6d;471251;Total rectificador 130W TG513326 109PCS;True;False;True;67000.0;42937.0;1.56;79400;12400;25.75;USD;https://www.totalherramientasoficial.com.py/produto/total-retificador-130w---tg513326-109pcs-42809.html;2026-09-27;;;;;NO;NO;DEBAJO_DE_1_75_COSTO_BASE
6fab761e-ca29-5936-b6b6-fedaef0874f3;526104;Total juego de herramientas manuales 9PCS THKTHP90097;True;False;True;31900.0;20488.0;1.557;37900;6000;;;https://www.totalherramientasoficial.com.py/produto/total-kit-ferramenta-manuais-9pcs--thkthp90097-50434.html;;;;;;NO;NO;SIN_PRECIO_PROVEEDOR_ACTUAL
6faf68c4-fa1b-5ad6-a453-ac64ac7288c4;506229;Wadfow peinadora de pasto a gasolina WGM8A16;True;False;True;707200.0;453535.0;1.559;839000;131800;272.0;USD;https://www.totalherramientasoficial.com.py/produto/wadfow-penteadeira-de-grama--a-gasolina-wgm8a16-47908.html;2026-09-27;;;;;NO;NO;DEBAJO_DE_1_75_COSTO_BASE
6fb2c8e0-fd71-5ed5-9b1b-35150b617a1f;527637;Total llave de impacto TIWLI201351 135K s/b;True;False;True;8800.0;5674.0;1.551;10500;1700;;;https://www.totalherramientasoficial.com.py/produto/total--chave-de-impacto--tiwli201351-135k-sb-50588.html;;;;;;NO;NO;SIN_PRECIO_PROVEEDOR_ACTUAL
6fca78b9-8cd6-57c3-92e3-913662295f56;10375;Total generador inversor 4.0 kw TP547506E;True;False;True;2194400.0;1407292.0;1.559;2603500;409100;844.0;USD;https://www.totalherramientasoficial.com.py/produto/total-gerador-inversor-40-kw--tp547506e-55485.html;2026-09-27;;;;;NO;NO;DEBAJO_DE_1_75_COSTO_BASE
6fd47dfb-5791-58db-a039-caceb3f26fcf;3773;Total generador diesel TP250001 5KW;True;False;True;3234400.0;2074256.0;1.559;3837400;603000;1244.0;USD;https://www.totalherramientasoficial.com.py/produto/total-gerador-a-diesel-tp250001-5kw-55429.html;2026-09-27;;;;;NO;NO;DEBAJO_DE_1_75_COSTO_BASE
6fe18e93-7662-5dc3-9bb7-d4d2748eeb29;538237;Wadfow taladro de impacto motor sin escobillas WCDP6281 20V 62;True;False;True;167100.0;107168.0;1.559;198300;31200;64.0;USD;https://www.totalherramientasoficial.com.py/produto/wadfow--parafusadeira-de-impacto-motor-sem-escovas--wcdp6281-20v--62nm-6k-51889.html;2026-09-27;;;;;NO;NO;DEBAJO_DE_1_75_COSTO_BASE
6fe2b198-90f4-5169-8efa-0839791daa3c;461887;Wadfow soldador eléctrico WEL1608 80W;True;False;True;206400.0;132384.0;1.559;244900;38500;;;https://www.totalherramientasoficial.com.py/produto/wadfow-soldador-eletrico----wel1608-80w-41814.html;;;;;;NO;NO;SIN_PRECIO_PROVEEDOR_ACTUAL
6ffc88d2-5403-52bb-b8a7-87c1bae64a8e;537346;"Wadfow extractor de engranajes 2 mandíbulas 8"" WGP2A08";True;False;True;21400.0;13755.0;1.556;25400;4000;8.25;USD;https://www.totalherramientasoficial.com.py/produto/wadfow-puxador-de--engranagem-de--2-mandibulas--8-wgp2a08-51800.html;2026-09-27;;;;;NO;NO;DEBAJO_DE_1_75_COSTO_BASE
703c8748-4b9b-5fec-9be1-2d7c0e07dcc1;538947;Wadfow lamina para regla vibratoria 2.40M WSFP1A240;True;False;True;179400.0;115051.0;1.559;212800;33400;69.0;USD;https://www.totalherramientasoficial.com.py/produto/wadfow--betonilha-lamina-240m--wsfp1a240-51960.html;2026-09-27;;;;;NO;NO;DEBAJO_DE_1_75_COSTO_BASE
7079dbaa-92af-5ff2-9308-1e3a1e18ffa5;59763;Wadfow llave de trinquete 1/4 cr-v WRW2J14;True;False;True;10400.0;6670.0;1.559;12300;1900;4.0;USD;https://www.totalherramientasoficial.com.py/produto/wadfow-chave-catraca-14-crv---wrw2j14-55229.html;2026-09-27;;;;;NO;NO;DEBAJO_DE_1_75_COSTO_BASE
70aeba5d-1fb7-5abc-bc49-12270c88317e;381147;Total porta electrodos 500A TWAH5006;True;False;True;206400.0;132384.0;1.559;244900;38500;;;https://www.totalherramientasoficial.com.py/produto/total-porta-eletrodo-500a-twah5006-29278.html;;;;;;NO;NO;SIN_PRECIO_PROVEEDOR_ACTUAL
70b13bab-ed2a-506c-aaeb-2a8279527f53;527002;Total rotomartillo 800W sds plus UTH308268;True;False;True;152400.0;97712.0;1.56;180800;28400;;;https://www.totalherramientasoficial.com.py/produto/total-martelo-rotativo-800w-sds-plus-uth308268-50525.html;;;;;;NO;NO;SIN_PRECIO_PROVEEDOR_ACTUAL
70b253ac-0ef1-5aeb-be53-1e1add59147b;456647;Total cinta metrica TMTF13206 20M fibra;True;False;True;15100.0;9670.0;1.562;17900;2800;5.8;USD;https://www.totalherramientasoficial.com.py/produto/total-trena--tmtf13206--20m--fibra-40732.html;2026-09-27;;;;;NO;NO;DEBAJO_DE_1_75_COSTO_BASE
710b9dd3-fdfc-5a4a-8335-df13fa4e2f92;367387;Total atornillador 18V TIDLI228181 li 2BAT imp;True;False;True;157300.0;100864.0;1.56;186600;29300;;;https://www.totalherramientasoficial.com.py/produto/total-parafusadeira-18v-tidli228181-li-2bat-imp-27959.html;;;;;;NO;NO;SIN_PRECIO_PROVEEDOR_ACTUAL
7118bdd5-c61e-5dcd-8325-aabf1896ccd4;542227;Wadfow combo nivel laser 5 lineas + medidor de distancia WLDK3;True;False;True;319500.0;204880.0;1.559;379000;59500;;;https://www.totalherramientasoficial.com.py/produto/wadfow-combo-nivel-a-laser-de-5-linhas--medidor-de-distancia---wldk3901-52308.html;;;;;;NO;NO;SIN_PRECIO_PROVEEDOR_ACTUAL
71215fbd-afac-537f-9fa5-fbc34764f7f8;528603;Wadfow carrito de mano 150KG WWB1315;True;False;True;80600.0;51690.0;1.559;95600;15000;31.0;USD;https://www.totalherramientasoficial.com.py/produto/wadfow-carrinho-de-mao-150kg--wwb1315-50692.html;2026-09-27;;;;;NO;NO;DEBAJO_DE_1_75_COSTO_BASE
71253399-f2a3-5876-b8af-3d05a01a5c87;486736;Total martillo perforador motor brushless TRHLI20288 20V;True;False;True;10800.0;6934.0;1.558;12800;2000;;;https://www.totalherramientasoficial.com.py/produto/total-martelete-motor-brushless-trhli20288-20v-45889.html;;;;;;NO;NO;SIN_PRECIO_PROVEEDOR_ACTUAL
712a4ad5-c9d5-53e2-bf18-dcef7683423e;521178;Total juego de destornilladores TKSDS2726 27PCS;True;False;True;15700.0;10086.0;1.557;18700;3000;;;https://www.totalherramientasoficial.com.py/produto/total--kit-chave-fenda-tksds2726--27pcs-49870.html;;;;;;NO;NO;SIN_PRECIO_PROVEEDOR_ACTUAL
71322f82-2b52-5168-af51-bffde0b9a39a;461139;Wadfow laser de nivel 360° WLE1M05;True;False;True;137600.0;88256.0;1.559;163300;25700;;;https://www.totalherramientasoficial.com.py/produto/wadfow-nivel-laser-360-wle1m05-41739.html;;;;;;NO;NO;SIN_PRECIO_PROVEEDOR_ACTUAL
714480e8-b3c5-56f1-824e-6fbfa8d0a549;536431;Total lijadora rotativa con velocidad variable TF2061506 450W;True;False;True;108100.0;69344.0;1.559;128300;20200;;;https://www.totalherramientasoficial.com.py/produto/total-lixadeira-rotativa-de-velocidade-variavel--tf2061506--450w-51704.html;;;;;;NO;NO;SIN_PRECIO_PROVEEDOR_ACTUAL
71458a89-1d92-5940-b657-cc375ac505ab;201698;"Total juego de dados de impacto profundo 1/2"" 7PCS THKISD12073";True;False;True;35100.0;22512.0;1.559;41600;6500;13.5;USD;https://www.totalherramientasoficial.com.py/produto/total-kit-de-socket-de-impacto-profundo-12-7pcs--thkisd12073l-55260.html;2026-09-27;;;;;NO;NO;DEBAJO_DE_1_75_COSTO_BASE
7155e648-9fbb-5eb1-99d6-d596e5082786;528054;Total set taladro 12V TOSLI241197;True;False;True;319500.0;204880.0;1.559;379000;59500;;;https://www.totalherramientasoficial.com.py/produto/total-kit-parafusadeira-12v--tosli241197-50634.html;;;;;;NO;NO;SIN_PRECIO_PROVEEDOR_ACTUAL
715b359c-f040-5b19-ac6b-05a540ae4733;381253;Total bomba agua TWP522001 3HP 2200W 180M;True;False;True;172000.0;110320.0;1.559;204100;32100;;;https://www.totalherramientasoficial.com.py/produto/total-bomba-agua-po-twp522001-3hp-2200w-180m-29289.html;;;;;;NO;NO;SIN_PRECIO_PROVEEDOR_ACTUAL
716793b7-5c67-5957-9c63-864094a2732b;564939;Total soplador 20V TABLI20781;True;False;True;186800.0;119776.0;1.56;221600;34800;;;https://www.totalherramientasoficial.com.py/produto/total-soprador--20v-tabli20781-54603.html;;;;;;NO;NO;SIN_PRECIO_PROVEEDOR_ACTUAL
716d2461-96dc-56fe-b392-6ee0e7e31c18;316255;Total alicate pela cable THT25616;True;False;True;10400.0;6670.0;1.559;12300;1900;4.0;USD;https://www.totalherramientasoficial.com.py/produto/total-alicate-descascar-fio-tht25616-23339.html;2026-09-27;;;;;NO;NO;DEBAJO_DE_1_75_COSTO_BASE
719152e2-d9c2-55e8-9c50-9f1641522909;381925;Total soldador eléctrico 100W TET10006;True;False;True;28000.0;17925.0;1.562;33200;5200;10.75;USD;https://www.totalherramientasoficial.com.py/produto/total-ferro-de-solda-100w-tet10006-29353.html;2026-09-27;;;;;NO;NO;DEBAJO_DE_1_75_COSTO_BASE
71949871-7ab2-5bc5-bb29-c8a914ea7bdb;538275;Wadfow taladro 12V 20NM WCDS510;True;False;True;71300.0;45704.0;1.56;84600;13300;;;https://www.totalherramientasoficial.com.py/produto/wadfow-parafusadeira-12v--20nm-wcds510-51893.html;;;;;;NO;NO;SIN_PRECIO_PROVEEDOR_ACTUAL
71978d2b-dfe3-5ebd-b008-da817700bb83;415491;Total martillo multifunción THMFH0126 12 funciones;True;False;True;39000.0;25011.0;1.559;46300;7300;15.0;USD;https://www.totalherramientasoficial.com.py/produto/total-martelo-multifuncao-thmfh0126-12-funcoes-32441.html;2026-09-27;;;;;NO;NO;DEBAJO_DE_1_75_COSTO_BASE
71b638a9-9a1d-5b56-9368-4828436143a6;486637;Total botas de seguridad TSP207IDSB.43 negro/rojo;True;False;True;57200.0;36683.0;1.559;67900;10700;;;https://www.totalherramientasoficial.com.py/produto/total-botas-de-seguranca--tsp207idsb43--pretovermelho-45879.html;;;;;;NO;NO;SIN_PRECIO_PROVEEDOR_ACTUAL
71df1a47-4bdf-5bd7-b91c-2e6a81aa4dc6;469258;"Wadfow llave para tubo 24"" WPW1124";True;False;True;25400.0;16258.0;1.562;30100;4700;9.75;USD;https://www.totalherramientasoficial.com.py/produto/wadfow--chave-grifo-24----wpw1124-42609.html;2026-09-27;;;;;NO;NO;DEBAJO_DE_1_75_COSTO_BASE
71ef8980-c042-58d7-8375-cb864454ed92;340960;Total botas de lluvia TSP302L.40;True;False;True;23400.0;15007.0;1.559;27800;4400;;;https://www.totalherramientasoficial.com.py/produto/total-botas-galocha-de-chuva-tsp302l40-25564.html;;;;;;NO;NO;SIN_PRECIO_PROVEEDOR_ACTUAL
72305b43-2aa3-5dcf-9cc0-4a73e22c9e65;311861;Total pistola clavadora 16V F15-F35 TCBNLI2038;True;False;True;301600.0;193419.0;1.559;357800;56200;116.0;USD;https://www.totalherramientasoficial.com.py/produto/total-pistola-de-pregos-16v-f15f35--tcbnli2038-55451.html;2026-09-27;;;;;NO;NO;DEBAJO_DE_1_75_COSTO_BASE
725ec6d5-579d-52fa-b30b-da99aac09bb5;436236;Total atornillador 12V TDLI1222 2BT;True;False;True;71300.0;45704.0;1.56;84600;13300;;;https://www.totalherramientasoficial.com.py/produto/total-parafusadeira-12v-tdli1222-2bt-34579.html;;;;;;NO;NO;SIN_PRECIO_PROVEEDOR_ACTUAL
7268b1bd-7c97-5334-8ae9-8dc793732ecb;501460;Wadfow sierra copa de diamante 65MM WKJ7665;True;False;True;11700.0;7505.0;1.559;13900;2200;4.5;USD;https://www.totalherramientasoficial.com.py/produto/wadfow-serra-copo-diamante-65mm--wkj7665-47429.html;2026-09-27;;;;;NO;NO;DEBAJO_DE_1_75_COSTO_BASE
72834c2a-197b-5566-8172-233bf528375e;512459;Total botas de lluvia TSP302LAB.41;True;False;True;59000.0;37824.0;1.56;70000;11000;;;https://www.totalherramientasoficial.com.py/produto/total-botas-de-chuva--tsp302lab41-48596.html;;;;;;NO;NO;SIN_PRECIO_PROVEEDOR_ACTUAL
728a7752-a5fe-56e3-b9ed-f5c46168cdc7;462303;"Wadfow alicate combinado WPL1936 6"" aislado";True;False;True;11700.0;7505.0;1.559;13900;2200;4.5;USD;https://www.totalherramientasoficial.com.py/produto/wadfow-alicate-de-combinacao--wpl1936-6-isolado-41856.html;2026-09-27;;;;;NO;NO;DEBAJO_DE_1_75_COSTO_BASE
72a2f681-22a3-5699-8768-232407d44def;316446;"Total arrancador de engranaje 2 mordazas 4"" THTGP246";True;False;True;29900.0;19177.0;1.559;35500;5600;11.5;USD;https://www.totalherramientasoficial.com.py/produto/total-puxador-de-engranagem-2mandibulas-4-thtgp246-23357.html;2026-09-27;;;;;NO;NO;DEBAJO_DE_1_75_COSTO_BASE
72a40318-8487-57b4-8076-04bdfbab4fed;185387;Wadfow amoladora angular 20V 115MM WLAP5421;True;False;True;152400.0;97712.0;1.56;180800;28400;;;https://www.totalherramientasoficial.com.py/produto/wadfow-lixadeira-115mm-20v--wlap5421-54651.html;;;;;;NO;NO;SIN_PRECIO_PROVEEDOR_ACTUAL
72a79c72-2e10-5e09-9eca-e40b44d2b11e;417419;Total botas seguridad TSP202SB.45 negro;True;False;True;57200.0;36683.0;1.559;67900;10700;;;https://www.totalherramientasoficial.com.py/produto/total-botas-seguranca-tsp202sb45-preto-32642.html;;;;;;NO;NO;SIN_PRECIO_PROVEEDOR_ACTUAL
72b6929f-c70e-5757-9201-b8301cb94292;463492;Wadfow juego de 62 puntas de destornillador WBS3B62;True;False;True;5400.0;3467.0;1.558;6400;1000;;;https://www.totalherramientasoficial.com.py/produto/wadfow-bits-para-chave-de-fenda-62pcs-wbs3b62-41996.html;;;;;;NO;NO;SIN_PRECIO_PROVEEDOR_ACTUAL
72c8b430-0dbc-5547-8613-2606ff8f221d;381178;Total compresor de aire TTAC1406 12V 140PSI;True;False;True;61100.0;39186.0;1.559;72500;11400;23.5;USD;https://www.totalherramientasoficial.com.py/produto/total-compresor-de-ar-ttac1406-12v--140psi-29281.html;2026-09-27;;;;;NO;NO;DEBAJO_DE_1_75_COSTO_BASE
72c9da4a-aeb6-513e-a976-7fcd487bd3f3;367974;Total caladora UTS2081006 800W;True;False;True;118000.0;75648.0;1.56;139900;21900;;;https://www.totalherramientasoficial.com.py/produto/total-tico-tico--uts2081006-800w-28013.html;;;;;;NO;NO;SIN_PRECIO_PROVEEDOR_ACTUAL
72cf5f2b-482b-516f-97bf-566f65adcc8d;583664;Total juego de 51 puntas de destornillador de impacto UTACSDL2;True;False;True;39600.0;25427.0;1.557;47000;7400;15.25;USD;https://www.totalherramientasoficial.com.py/produto/total-kit-de-51-bits-de-impacto-para-parafusadeira-utacsdl25106-56790.html;2026-09-27;;;;;NO;NO;DEBAJO_DE_1_75_COSTO_BASE
72eba851-4d65-5a8b-b7f6-4335d3703037;313780;Total cortadora de azulejos TS6112501 1100W mesa;True;False;True;1215500.0;779515.0;1.559;1442100;226600;467.5;USD;https://www.totalherramientasoficial.com.py/produto/total-cortador-de-azulejos-ts6112501-1100w--mesa-23097.html;2026-09-27;;;;;NO;NO;DEBAJO_DE_1_75_COSTO_BASE
72ec42e7-c99b-572f-b537-df02c9b87264;536424;Total pistola de calor TB20078 2000W 220V;True;False;True;106200.0;68083.0;1.56;126000;19800;;;https://www.totalherramientasoficial.com.py/produto/total-pistola-de-ar-quente-tb20078--2000w--220v-51703.html;;;;;;NO;NO;SIN_PRECIO_PROVEEDOR_ACTUAL
730259f1-4814-5bd4-8aed-3513c20e9344;490146;Wadfow tijera de jardin 20V WJC1520;True;False;True;12300.0;7880.0;1.561;14600;2300;;;https://www.totalherramientasoficial.com.py/produto/wadfow-tesoura-de-jardim-20v-wjc1520-46250.html;;;;;;NO;NO;SIN_PRECIO_PROVEEDOR_ACTUAL
7308254c-59d7-534e-a84b-96aba66e096e;537810;Wadfow mosquetones 2PCS WQL2K03;True;False;True;17200.0;11032.0;1.559;20400;3200;;;https://www.totalherramientasoficial.com.py/produto/wadfow--chaveiro-mosquetao--wql2k03-51847.html;;;;;;NO;NO;SIN_PRECIO_PROVEEDOR_ACTUAL
73306172-e472-59e8-b231-8bc0a480e3aa;489324;Wadfow juego de punzones y cinceles 12 pcs WCC8312;True;False;True;31800.0;20425.0;1.557;37800;6000;12.25;USD;https://www.totalherramientasoficial.com.py/produto/wadfow--conjunto-de-perfuradores-e-cinzel-12-pcs----wcc8312-46168.html;2026-09-27;;;;;NO;NO;DEBAJO_DE_1_75_COSTO_BASE
733c54ff-4b09-5505-9a5d-c966bfbd8194;462051;Wadfow lijadora de banda 920W WBA15921;True;False;True;108100.0;69344.0;1.559;128300;20200;;;https://www.totalherramientasoficial.com.py/produto/wadfow-lixadera-cinto-920w--wba15921-41831.html;;;;;;NO;NO;SIN_PRECIO_PROVEEDOR_ACTUAL
7348f543-4522-537b-90fb-1619d13068db;487009;Total juego de cepillos de limpieza 11PCS TACB1101;True;False;True;46800.0;30013.0;1.559;55500;8700;18.0;USD;https://www.totalherramientasoficial.com.py/produto/total-kit-de-escovas-de-limpeza--11pcs---tacb1101-45935.html;2026-09-27;;;;;NO;NO;DEBAJO_DE_1_75_COSTO_BASE
734da6b7-b10e-5212-8108-a26ebadb7b88;553223;Total amoladora angular 42V TAGLI4108112 1080W;True;False;True;249000.0;159655.0;1.56;295400;46400;95.75;USD;https://www.totalherramientasoficial.com.py/produto/total-esmerilhadora-angular-42v--tagli4108112--1080w-53422.html;2026-09-27;;;;;NO;NO;DEBAJO_DE_1_75_COSTO_BASE
7362b416-030f-56c3-bada-2ae2d6976495;490160;Wadfow barra de palanca 3PCS WQBS203;True;False;True;17200.0;11032.0;1.559;20400;3200;;;https://www.totalherramientasoficial.com.py/produto/wadfow-alavanca-barra-3-pcs-wqbs203-46252.html;;;;;;NO;NO;SIN_PRECIO_PROVEEDOR_ACTUAL
7369516b-fc4d-502e-8bb4-267f0fdcf330;201469;"Total cortadora de césped autopropulsada 18"" TGT141182";True;False;True;839800.0;538573.0;1.559;996400;156600;323.0;USD;https://www.totalherramientasoficial.com.py/produto/total-cortador-de-grama-autopropelido--18---tgt141182-55250.html;2026-09-27;;;;;NO;NO;DEBAJO_DE_1_75_COSTO_BASE
73ae6b91-3f24-519b-a66e-9710bcad5b46;529365;Total extension para tijera jardineria TERLI1658;True;False;True;148200.0;95042.0;1.559;175800;27600;57.0;USD;https://www.totalherramientasoficial.com.py/produto/total-extensao-para-tesouras-de-jardinagem-terli1658-50783.html;2026-09-27;;;;;NO;NO;DEBAJO_DE_1_75_COSTO_BASE
73b63f62-9d5b-5452-8ed8-4452a4c98341;521338;Total juego de mechas y cincel TACSD91701 17PCS;True;False;True;15700.0;10086.0;1.557;18700;3000;;;https://www.totalherramientasoficial.com.py/produto/total-kit-brocas-e-cinzel-tacsd91701-17pcs-49886.html;;;;;;NO;NO;SIN_PRECIO_PROVEEDOR_ACTUAL
73b9ee3c-817a-5243-bc45-c227e5384ca5;488679;Wadfow juego de punzones 6PCS WCC8306;True;False;True;17200.0;11032.0;1.559;20400;3200;6.25;USD;https://www.totalherramientasoficial.com.py/produto/wadfow-conjunto-de-perfurador-6pcs--wcc8306-46103.html;2026-09-27;;;;;NO;NO;DEBAJO_DE_1_75_COSTO_BASE
73c63f39-d340-5a01-8cf2-539a6633bdf8;489010;Wadfow caja fuerte digital 11L WEB1520;True;False;True;41800.0;26792.0;1.56;49600;7800;;;https://www.totalherramientasoficial.com.py/produto/wadfow-cofre-digital--11l----web1520-46137.html;;;;;;NO;NO;SIN_PRECIO_PROVEEDOR_ACTUAL
73d2dbdd-cf4f-5cb1-9fdc-5e37f0141cb3;528269;"Wadfow remachador manual 10.5"" WHR5710";True;False;True;42900.0;27514.0;1.559;50900;8000;16.5;USD;https://www.totalherramientasoficial.com.py/produto/wadfow-rebitadora-manual-105--whr5710-50658.html;2026-09-27;;;;;NO;NO;DEBAJO_DE_1_75_COSTO_BASE
73d62cab-d8ea-52a5-94bf-3970964da279;316262;"Total alicate de corte THT260702 7""";True;False;True;9800.0;6254.0;1.567;11600;1800;3.75;USD;https://www.totalherramientasoficial.com.py/produto/total-alicate-de-corte--tht260702-7-23340.html;2026-09-27;;;;;NO;NO;DEBAJO_DE_1_75_COSTO_BASE
73da2ef7-a33c-5e16-a3f2-788ddb5cfad4;538893;Wadfow aspiradora inalámbrica 20V WLV20201;True;False;True;78600.0;50432.0;1.559;93300;14700;34.0;USD;https://www.totalherramientasoficial.com.py/produto/wadfow-aspirador-sem-fio-20v--wlv20201-51955.html;2026-09-27;;;;;NO;NO;DEBAJO_DE_1_75_COSTO_BASE
73ff4fcf-b4b2-554b-b531-948615109d50;417266;Total multi-herramienta TMLI2001;True;False;True;17200.0;11032.0;1.559;20400;3200;;;https://www.totalherramientasoficial.com.py/produto/total-multiferramenta--tmli2001-32627.html;;;;;;NO;NO;SIN_PRECIO_PROVEEDOR_ACTUAL
741927b2-29e9-59fa-b654-8fa7c234bcc4;512145;Total motosierra 20V 5'' TGSLI2058;True;False;True;46700.0;29944.0;1.56;55400;8700;;;https://www.totalherramientasoficial.com.py/produto/total-motosserra-20v--5-tgsli2058-48565.html;;;;;;NO;NO;SIN_PRECIO_PROVEEDOR_ACTUAL
741dd0b1-5047-5eaa-9077-87dce7afb1d6;612012;"Total alicate combinado 240MM 9.5"" 50% THT211958S";True;False;True;8800.0;5674.0;1.551;10500;1700;;;https://www.totalherramientasoficial.com.py/produto/total-alicate-combinado-240mm-95--50--tht211958s-57234.html;;;;;;NO;NO;SIN_PRECIO_PROVEEDOR_ACTUAL
742422a4-59ec-5875-90d0-5d5bbfc8ae42;538367;"Wadfow alicate combinado 9,5"" WPL1719";True;False;True;12400.0;7921.0;1.565;14700;2300;4.75;USD;https://www.totalherramientasoficial.com.py/produto/wadfow-alicate-combinado-95-wpl1719-51902.html;2026-09-27;;;;;NO;NO;DEBAJO_DE_1_75_COSTO_BASE
742bbeb9-ed70-5434-a504-b754cafcfd3d;53150;Total pistola de pintura 530W TT4506;True;False;True;71500.0;45855.0;1.559;84800;13300;27.5;USD;https://www.totalherramientasoficial.com.py/produto/total-pistola-de-pintura-530w--tt4506-55487.html;2026-09-27;;;;;NO;NO;DEBAJO_DE_1_75_COSTO_BASE
742f8aaa-6ade-538e-91da-38fe234bbedb;489768;Wadfow cepilladora manual 50MM WSF2506;True;False;True;102000.0;65445.0;1.559;121100;19100;39.25;USD;https://www.totalherramientasoficial.com.py/produto/wadfow--plaina-manual-50mm----wsf2506-46212.html;2026-09-27;;;;;NO;NO;DEBAJO_DE_1_75_COSTO_BASE
74800748-5c0c-5694-9f82-09d8bd292b47;501217;Wadfow escalera andamio 12 escalones aluminio con plataforma w;True;False;True;12800.0;8195.0;1.562;15200;2400;;;https://www.totalherramientasoficial.com.py/produto/wadfow-escada-de-andaime-12-degraus-de-aluminio-com-plataforma-----wld7h43-47404.html;;;;;;NO;NO;SIN_PRECIO_PROVEEDOR_ACTUAL
74b0ef8e-feeb-53d6-a34d-e78569eedcfc;341615;Total kit de alicates THT2K0301 3PCS;True;False;True;26000.0;16658.0;1.561;30800;4800;;;https://www.totalherramientasoficial.com.py/produto/total-kit-alicate--tht2k0301-3pcs-25622.html;;;;;;NO;NO;SIN_PRECIO_PROVEEDOR_ACTUAL
74b38bae-7792-552a-9bca-c7ecaad01211;532440;Total botas de seguridad con cuero goma TSP209SB.44;True;False;True;71500.0;45855.0;1.559;84800;13300;;;https://www.totalherramientasoficial.com.py/produto/total-botas-de-seguranca-com-couro-de-borracha--tsp209sb44-51298.html;;;;;;NO;NO;SIN_PRECIO_PROVEEDOR_ACTUAL
7500f0d6-c3d7-55e5-b14e-e077a9650283;489072;Wadfow tijera de poda 4V 10MM WJFP1504;True;False;True;83200.0;53357.0;1.559;98700;15500;32.0;USD;https://www.totalherramientasoficial.com.py/produto/wadfow-tesoura-de-poda--4v--10mm--wjfp1504-46143.html;2026-09-27;;;;;NO;NO;DEBAJO_DE_1_75_COSTO_BASE
750fe378-469f-54e8-802b-21c487a4280d;490030;Wadfow escalera de tijera alumino 5 escalones 150KG WLD2H05;True;False;True;137800.0;88373.0;1.559;163500;25700;53.0;USD;https://www.totalherramientasoficial.com.py/produto/wadfow-escada-de-aluminio-5-passos-150-kg---wld2h05-46239.html;2026-09-27;;;;;NO;NO;DEBAJO_DE_1_75_COSTO_BASE
7565b38c-a35c-5b6d-a7d9-3837e3d24567;313728;Total soplador UTB2046 400W;True;False;True;186800.0;119776.0;1.56;221600;34800;;;https://www.totalherramientasoficial.com.py/produto/total-soprador--utb2046--400w-23093.html;;;;;;NO;NO;SIN_PRECIO_PROVEEDOR_ACTUAL
756b8536-6ef0-5063-8e01-1d80e752c271;528702;Wadfow juego de brocas hss M2 15PCS WTD6525;True;False;True;15700.0;10086.0;1.557;18700;3000;;;https://www.totalherramientasoficial.com.py/produto/wadfow-conjunto-de-brocas-hss-m2-15pcs--wtd6525-50702.html;;;;;;NO;NO;SIN_PRECIO_PROVEEDOR_ACTUAL
759293c1-fb24-5d73-aa23-bd59b2f37782;472432;"Total juego de dados 1/2"" THT121242 24PCS";True;False;True;54100.0;34672.0;1.56;64100;10000;;;https://www.totalherramientasoficial.com.py/produto/total-kit-catraca-12-tht121242--24pcs-43677.html;;;;;;NO;NO;SIN_PRECIO_PROVEEDOR_ACTUAL
75d1730b-d381-5cd7-adce-431d4a8dc5c3;316507;Total cinta metrica 3M x 16MM TMT126031;True;False;True;3900.0;2522.0;1.546;4700;800;;;https://www.totalherramientasoficial.com.py/produto/total--trena-metro--3m-x-16mm-tmt126031-23363.html;;;;;;NO;NO;SIN_PRECIO_PROVEEDOR_ACTUAL
75d2d3b5-5e5e-5dc4-b35b-cfb42c1948aa;537797;Wadfow buzonera metalica 31.5X21.5X7.5CM WXXX3501;True;False;True;41600.0;26679.0;1.559;49400;7800;16.0;USD;https://www.totalherramientasoficial.com.py/produto/wadfow-cofre-cartas-315x215x75cm---wxxx3501-51845.html;2026-09-27;;;;;NO;NO;DEBAJO_DE_1_75_COSTO_BASE
75de0ad8-8f75-5562-be5e-747e9be3bf2c;44462;Wadfow cortadora de cesped 20V WGTP5116;True;False;True;114400.0;73366.0;1.559;135700;21300;44.0;USD;https://www.totalherramientasoficial.com.py/produto/wadfow--corta-grama-20v--wgtp5116-54627.html;2026-09-27;;;;;NO;NO;DEBAJO_DE_1_75_COSTO_BASE
75e3d19f-67b6-56f8-817b-df147804fe0f;512442;Total botas de lluvia TSP302L.39;True;False;True;23400.0;15007.0;1.559;27800;4400;;;https://www.totalherramientasoficial.com.py/produto/total--botas-de-chuva--tsp302l39-48595.html;;;;;;NO;NO;SIN_PRECIO_PROVEEDOR_ACTUAL
75e95e5d-2d1d-5b0f-9bdb-cce7d68949fc;436601;Total hidraulico corta acero THSC022B lamin;True;False;True;31200.0;20009.0;1.559;37000;5800;12.0;USD;https://www.totalherramientasoficial.com.py/produto/total-hidraulico-corta-aco-thsc022b-lamin-34619.html;2026-09-27;;;;;NO;NO;DEBAJO_DE_1_75_COSTO_BASE
760775cc-a00c-5e33-9f2d-6b3779a2bfa0;496155;Wadfow pistola de engrase para adaptar a taladro inalámbrico 4;True;False;True;136500.0;87540.0;1.559;161900;25400;52.5;USD;https://www.totalherramientasoficial.com.py/produto/wadfow-pistola-de-graxa-para-adaptar-a-furadeira--sem-fio--400cc---wgg5540-46891.html;2026-09-27;;;;;NO;NO;DEBAJO_DE_1_75_COSTO_BASE
761f023f-f142-559a-856f-5fd6a9e473e7;350945;Total soplador /aspirador 800W TB8036;True;False;True;104000.0;66681.0;1.56;123400;19400;39.99;USD;https://www.totalherramientasoficial.com.py/produto/total-sopradoraspirador-800w-tb8036-11890.html;2026-09-27;;;;;NO;NO;DEBAJO_DE_1_75_COSTO_BASE
76498b73-8f7a-52ba-96ec-cea0fab38f20;436557;Total engarce hidráulica 45 kn THCT070;True;False;True;17200.0;11032.0;1.559;20400;3200;;;https://www.totalherramientasoficial.com.py/produto/total-hidraulico-crimpagem-45kn-thct070-34614.html;;;;;;NO;NO;SIN_PRECIO_PROVEEDOR_ACTUAL
76556dba-5595-5941-a9e5-b05df341ea51;526142;Total juego de llaves combinadas 12PCS 6-32MM THT1022122;True;False;True;59000.0;37824.0;1.56;70000;11000;;;https://www.totalherramientasoficial.com.py/produto/total--kit-chave-combinada-12pcs--632mm--tht1022122-50438.html;;;;;;NO;NO;SIN_PRECIO_PROVEEDOR_ACTUAL
765a7027-dc8e-5b8e-8d26-fabd55f43590;468848;Total multímetro THT292201;True;False;True;13800.0;8826.0;1.564;16300;2500;;;https://www.totalherramientasoficial.com.py/produto/total-multimetro---tht292201-42568.html;;;;;;NO;NO;SIN_PRECIO_PROVEEDOR_ACTUAL
767c239d-b093-5c19-acbb-de993e1270c6;678431;VT Cosmetics Reedle Shot 300 50 ml;True;False;True;76700.0;;;;;29.5;USD;https://atacadousa.com.py/cosmeticos/12343-serum-facial-vt-cosmetics-cica-reedle-shot-300-50ml-no-17100-678431.html;2026-09-27;;;;;NO;NO;SIN_COSTO_BASE_DOCUMENTADO
7685b9b1-c509-5416-b00f-812014fc28b5;463898;Wadfow hidrolavadora 110BAR WHP3A14;True;False;True;216300.0;138688.0;1.56;256600;40300;64.0;USD;https://www.totalherramientasoficial.com.py/produto/wadfow-lava-jato-110bar--whp3a14-42036.html;2026-09-27;;;;;NO;NO;DEBAJO_DE_1_75_COSTO_BASE
76d32f00-8728-54bc-96d9-18d80c560d0f;468770;Total sierra de cinta 350W TS730301;True;False;True;465400.0;298466.0;1.559;552200;86800;179.0;USD;https://www.totalherramientasoficial.com.py/produto/total-serra-de-fita-350w--ts730301-42561.html;2026-09-27;;;;;NO;NO;DEBAJO_DE_1_75_COSTO_BASE
76e67302-7034-590e-90a2-c0981df54535;584692;Total kit de herramientas llave de impacto THKTHP41383 138PCS;True;False;True;8800.0;5674.0;1.551;10500;1700;;;https://www.totalherramientasoficial.com.py/produto/total-kit-de-ferramentas-chave-de-impacto-thkthp41383-138pcs-57073.html;;;;;;NO;NO;SIN_PRECIO_PROVEEDOR_ACTUAL
7706525c-b420-5cd7-8f6f-449151144012;564847;"Total motosierra 20V 6"" TGSLI2066";True;False;True;46700.0;29944.0;1.56;55400;8700;;;https://www.totalherramientasoficial.com.py/produto/total-motoserra-20v--6-tgsli2066-54594.html;;;;;;NO;NO;SIN_PRECIO_PROVEEDOR_ACTUAL
7712fb4b-63c2-5e66-9d79-6d1741c8195e;297707;Total capa de lluvia THTRC031.L;True;False;True;27300.0;17509.0;1.559;32400;5100;10.5;USD;https://www.totalherramientasoficial.com.py/produto/total-capa-de-chuva-thtrc031l-55496.html;2026-09-27;;;;;NO;NO;DEBAJO_DE_1_75_COSTO_BASE
774defb6-55a9-593f-ba61-3bf262e06f52;564915;Total combo taladro+nivel+detector 3PCS TOSLI250511;True;False;True;368600.0;236400.0;1.559;437300;68700;;;https://www.totalherramientasoficial.com.py/produto/total-combo-furadeira-laserdetector--3pcs--tosli250511-54601.html;;;;;;NO;NO;SIN_PRECIO_PROVEEDOR_ACTUAL
77552910-235d-5a4f-8cea-c3fc663ad294;230636;"Wadfow motosierra 20V 6"" WCLP562 1BAT";True;False;True;171600.0;110049.0;1.559;203600;32000;66.0;USD;https://www.totalherramientasoficial.com.py/produto/wadfow--motoserra-20v-6-wclp562--1bat-54653.html;2026-09-27;;;;;NO;NO;DEBAJO_DE_1_75_COSTO_BASE
775ef07e-0c0d-5ae6-aca8-8042134a693c;488365;Total llave de impacto con adaptador 1/4 20V UTOSLI231004;True;False;True;319500.0;204880.0;1.559;379000;59500;;;https://www.totalherramientasoficial.com.py/produto/total-chave-de-impacto-com-adaptador-14-20v-utosli231004-46072.html;;;;;;NO;NO;SIN_PRECIO_PROVEEDOR_ACTUAL
7765e18a-2fee-5dba-826d-5059634bc1d8;456517;"Total llave flexible THTFX12151 1/2""";True;False;True;17600.0;11256.0;1.564;20800;3200;6.75;USD;https://www.totalherramientasoficial.com.py/produto/total-cheve-flexivel--thtfx12151-12-40719.html;2026-09-27;;;;;NO;NO;DEBAJO_DE_1_75_COSTO_BASE
77968f63-4c84-5e21-ac21-1fa62ad0e6fc;113694;Wadfow botas de lluvia WRB1L41;True;False;True;20200.0;12923.0;1.563;23900;3700;7.75;USD;https://www.totalherramientasoficial.com.py/produto/wadfow--botas-de-chuva--wrb1l41-54641.html;2026-09-27;;;;;NO;NO;DEBAJO_DE_1_75_COSTO_BASE
779b3a2e-0a97-5e97-bd7a-0b017bdc3ce8;532020;Total juego de socket de impacto 10PCS THTISD38104;True;False;True;26000.0;16658.0;1.561;30800;4800;9.99;USD;https://www.totalherramientasoficial.com.py/produto/total-conjunto-de-soquet-de-impacto-10pcs-thtisd38104-51256.html;2026-09-27;;;;;NO;NO;DEBAJO_DE_1_75_COSTO_BASE
77a125c3-ee85-5428-be4a-5c63444cc138;468923;Total soporte de martillo de demolición TH220502-5;True;False;True;150800.0;96710.0;1.559;178900;28100;58.0;USD;https://www.totalherramientasoficial.com.py/produto/total-suporte-martelo-de-demolicao-th2205025-42576.html;2026-09-27;;;;;NO;NO;DEBAJO_DE_1_75_COSTO_BASE
77cfeda1-df39-53d2-aa2b-eeb493490d43;317221;Total juego de sierras perforadora TAC44061 6PCS 33/53/73/83;True;False;True;39000.0;25011.0;1.559;46300;7300;15.0;USD;https://www.totalherramientasoficial.com.py/produto/total-conjunto-de-serra-tac44061-6pcs--33537383-23436.html;2026-09-27;;;;;NO;NO;DEBAJO_DE_1_75_COSTO_BASE
77e5f173-c950-5cf9-8874-25c4b9baba6a;367547;Total bomba de aguas residuales TWP715001 1500W 2HP 14,5M;True;False;True;172000.0;110320.0;1.559;204100;32100;;;https://www.totalherramientasoficial.com.py/produto/total-bomba-de-esg-twp715001-1500w-2hp-145m-27971.html;;;;;;NO;NO;SIN_PRECIO_PROVEEDOR_ACTUAL
77e69cc9-1a4e-5118-8490-06ae0f5540cc;580144;Wadfow chaleco para herramientas 11 bolsillos WTG6105;True;False;True;21400.0;13755.0;1.556;25400;4000;8.25;USD;https://www.totalherramientasoficial.com.py/produto/wadfow-colete-de-ferramentas-com-11-bolsos-wtg6105-56438.html;2026-09-27;;;;;NO;NO;DEBAJO_DE_1_75_COSTO_BASE
77f1a54e-420f-58ff-aa36-b8bec46436ce;528467;Wadfow calibrador digital 200MM WVC2B20;True;False;True;31900.0;20488.0;1.557;37900;6000;;;https://www.totalherramientasoficial.com.py/produto/wadfow-calibrador-digital-200mm-wvc2b20-50678.html;;;;;;NO;NO;SIN_PRECIO_PROVEEDOR_ACTUAL
78019e00-e4ac-5d78-abd6-8e0fc6bc54aa;340243;"Total alicate carpintero 8"" 200MM THT290801";True;False;True;10400.0;6670.0;1.559;12300;1900;4.0;USD;https://www.totalherramientasoficial.com.py/produto/total-alicate-carpinteiro-8-200mm---tht290801-25490.html;2026-09-27;;;;;NO;NO;DEBAJO_DE_1_75_COSTO_BASE
7801fcdc-9a4c-5d81-8bbc-b798d416eb95;518680;Total pulidora 20V TAPLI2015;True;False;True;197600.0;126723.0;1.559;234400;36800;76.0;USD;https://www.totalherramientasoficial.com.py/produto/total-polidor-20v-tapli2015-49608.html;2026-09-27;;;;;NO;NO;DEBAJO_DE_1_75_COSTO_BASE
780f7741-8d9b-5889-a064-620fc1cd0c16;11823;Dear Body Cream 200 g Asad;True;False;True;19500.0;;;;;7.5;USD;https://atacadousa.com.py/cosmeticos/11823-dear-body-cream-200gr-asad.html;2026-09-27;;;;;NO;NO;SIN_COSTO_BASE_DOCUMENTADO
7818465a-336c-5e5b-ae3b-29b8a82aee4b;444477;Total amoladora 3000W TG1302306;True;False;True;273000.0;175078.0;1.559;323900;50900;105.0;USD;https://www.totalherramientasoficial.com.py/produto/total-rebarbadora-3000w-tg1302306-37995.html;2026-09-27;;;;;NO;NO;DEBAJO_DE_1_75_COSTO_BASE
781dece4-c628-5930-ad14-a048c0610818;488945;Wadfow caja de herramientas metálica 36X15X12CM WTB8A11;True;False;True;27000.0;17336.0;1.557;32100;5100;;;https://www.totalherramientasoficial.com.py/produto/wadfow-caixa-de-ferramentas-de-metal-36x15x12cm-wtb8a11-46130.html;;;;;;NO;NO;SIN_PRECIO_PROVEEDOR_ACTUAL
78239beb-40df-5093-8314-f7da513d64c2;543286;Wadfow cortadora laminado 300MM WLAC1802;True;False;True;76700.0;49190.0;1.559;91000;14300;29.5;USD;https://www.totalherramientasoficial.com.py/produto/wadfow-cortador-laminado-300mm-wlac1802-52414.html;2026-09-27;;;;;NO;NO;DEBAJO_DE_1_75_COSTO_BASE
78298c98-d402-5f0b-b19e-842ea41ca614;436410;Total kit de mecha para metal TACSD0095 9PCS;True;False;True;15600.0;9989.0;1.562;18500;2900;5.99;USD;https://www.totalherramientasoficial.com.py/produto/total-broca-kit-tacsd0095-9pcs-34599.html;2026-09-27;;;;;NO;NO;DEBAJO_DE_1_75_COSTO_BASE
783a28a4-96a2-5a0d-bb7b-0b83728177e3;461405;Wadfow candado bicicleta WBK1112;True;False;True;8100.0;5169.0;1.567;9600;1500;3.1;USD;https://www.totalherramientasoficial.com.py/produto/wadfow-cadiado-bicicleta--wbk1112-41766.html;2026-09-27;;;;;NO;NO;DEBAJO_DE_1_75_COSTO_BASE
78526f68-9ebf-56db-b53c-cd2f0024b4f1;537827;Wadfow mosquetones 2PCS WQL1K01;True;False;True;17200.0;11032.0;1.559;20400;3200;;;https://www.totalherramientasoficial.com.py/produto/wadfow--chaveiro-mosquetao-2pcs--wql1k01-51848.html;;;;;;NO;NO;SIN_PRECIO_PROVEEDOR_ACTUAL
7856b04e-a098-5584-a0d4-25351c6048ad;12148;Karseell Mascarilla Capilar Maca Power Collagen Sachet 10 ml 24Pcs;True;False;True;26000.0;;;;;10.0;USD;https://atacadousa.com.py/cosmeticos/12148-mascara-capilar-karseell-maca-power-collagen-sashet-10ml-24pcs.html;2026-09-27;;;;;NO;NO;SIN_COSTO_BASE_DOCUMENTADO
785b10db-5c56-5204-94ee-012e382f46c0;488082;Total máquina de soldadura 160 a TW216028;True;False;True;206400.0;132384.0;1.559;244900;38500;;;https://www.totalherramientasoficial.com.py/produto/total-maquina-de-solda-160-a--tw216028-46044.html;;;;;;NO;NO;SIN_PRECIO_PROVEEDOR_ACTUAL
7865f0bc-866c-587b-a00e-57377683f321;456814;Total candado 75MM TLK31751 714G;True;False;True;13000.0;8337.0;1.559;15400;2400;5.0;USD;https://www.totalherramientasoficial.com.py/produto/total-cadiado-75mm--tlk31751-714g-40749.html;2026-09-27;;;;;NO;NO;DEBAJO_DE_1_75_COSTO_BASE
7880b26c-947c-5e2f-8939-a0d032de476c;486101;Total atornillador 20V UTIDLI20605 sin escobillas con impacto;True;False;True;137600.0;88256.0;1.559;163300;25700;;;https://www.totalherramientasoficial.com.py/produto/total--parafusadeira-20v-utidli20605-sem-escova--com-impacto-45824.html;;;;;;NO;NO;SIN_PRECIO_PROVEEDOR_ACTUAL
789e6952-ddb4-5189-a640-191de0f3edf1;017491;VT Cosmetics PDRN Reedle Shot Brush Hair Serum 100 ml;True;False;True;72800.0;;;;;28.0;USD;https://atacadousa.com.py/cosmeticos/12351-skin-vt-pdrn-reedle-brush-hair-100ml-7491.html;2026-09-27;;;;;NO;NO;SIN_COSTO_BASE_DOCUMENTADO
78afb3fc-6eff-59e8-bd8b-36ecf40debcf;527675;Total hidrolavadora 20V TPWLI2036;True;False;True;157300.0;100864.0;1.56;186600;29300;;;https://www.totalherramientasoficial.com.py/produto/total-lava-jato-20v--tpwli2036-50592.html;;;;;;NO;NO;SIN_PRECIO_PROVEEDOR_ACTUAL
78b256a3-0be4-5274-8026-aab1456ba93a;102803;Wadfow set de herramientas automotivo separador de rotulas 5PC;True;False;True;49400.0;31681.0;1.559;58600;9200;19.0;USD;https://www.totalherramientasoficial.com.py/produto/wadfow-conjunto-de-ferramentas-separadoras-de-juntas-esfericas-automotivas-de-5-pcs---wqb5d04-2208.html;2026-09-27;;;;;NO;NO;DEBAJO_DE_1_75_COSTO_BASE
78b6b775-99ab-5240-8d3f-7b6e34ef9007;580120;"Wadfow bolsa de herramientas 16"" WTG3216";True;False;True;41800.0;26792.0;1.56;49600;7800;8.5;USD;https://www.totalherramientasoficial.com.py/produto/wadfow-bolsa-de-ferramentas-16---wtg3216-56436.html;2026-09-27;;;;;NO;NO;DEBAJO_DE_1_75_COSTO_BASE
78eef15b-d102-5988-8197-df8c1d7f5441;584951;Total pistola de silicona 20V TGGLI2003;True;False;True;106200.0;68083.0;1.56;126000;19800;;;https://www.totalherramientasoficial.com.py/produto/total-pistola-de-silicone-20v-tggli2003-56919.html;;;;;;NO;NO;SIN_PRECIO_PROVEEDOR_ACTUAL
78feaaf3-032a-5772-9ca2-ba43b4b791e1;564922;Total pistola clavadora 20V TCSNLI6008;True;False;True;460200.0;295131.0;1.559;546000;85800;177.0;USD;https://www.totalherramientasoficial.com.py/produto/total-pregador-de-prego-20v--tcsnli6008-54602.html;2026-09-27;;;;;NO;NO;DEBAJO_DE_1_75_COSTO_BASE
79034f3e-9ed6-56fd-ad85-79d0e5700881;11447;Karseell Maca Power Repair Conditioner For Dry Damaged Hair 500 ml;True;False;True;18200.0;;;;;7.0;USD;https://atacadousa.com.py/cosmeticos/11447-kit-karseell-shampoo-acondicionador-500ml.html;2026-09-27;;;;;NO;NO;SIN_COSTO_BASE_DOCUMENTADO
790a2479-8a8e-5cca-8077-2f01ead943a2;351164;Total sierra de poda THT5113306;True;False;True;137600.0;88256.0;1.559;163300;25700;;;https://www.totalherramientasoficial.com.py/produto/total-serra-de-poda-tht5113306-11900.html;;;;;;NO;NO;SIN_PRECIO_PROVEEDOR_ACTUAL
7922a0cf-66bc-533d-bab2-3d83daa0d037;2813;"Total dado de impacto 1/2"" 3PCS THKISD12042L";True;False;True;157300.0;100864.0;1.56;186600;29300;;;https://www.totalherramientasoficial.com.py/produto/total-soquet-12-3pcs-thkisd12042l-55426.html;;;;;;NO;NO;SIN_PRECIO_PROVEEDOR_ACTUAL
792f0146-cc4c-5a93-9477-e89b50b2925d;521154;Total aspirador wet-dry TVC24751 2400W;True;False;True;186800.0;119776.0;1.56;221600;34800;;;https://www.totalherramientasoficial.com.py/produto/total-aspirador-humidoseco-tvc24751--2400w-49868.html;;;;;;NO;NO;SIN_PRECIO_PROVEEDOR_ACTUAL
793ce0fd-5428-5182-a148-8f4a2f6c9c17;76692;Total lijadora de palma 20V TSHSLI2024;True;False;True;108100.0;69344.0;1.559;128300;20200;;;https://www.totalherramientasoficial.com.py/produto/total-lixadeira-de-palma--20v-tshsli2024-55491.html;;;;;;NO;NO;SIN_PRECIO_PROVEEDOR_ACTUAL
79777d37-e383-5e62-9987-6f0e37ff918d;461955;"Wadfow alicate combinado WPL1937 7"" aislado";True;False;True;13000.0;8337.0;1.559;15400;2400;5.0;USD;https://www.totalherramientasoficial.com.py/produto/wadfow-alicate-combinado-wpl1937--7-isolado-41821.html;2026-09-27;;;;;NO;NO;DEBAJO_DE_1_75_COSTO_BASE
7980974f-897e-5536-8a98-3ee357597e41;416054;Total catraca THTRS3061 3T 6M x 50MM;True;False;True;28000.0;17925.0;1.562;33200;5200;;;https://www.totalherramientasoficial.com.py/produto/total-catraca-thtrs3061-3t-6m-x-50mm-32498.html;;;;;;NO;NO;SIN_PRECIO_PROVEEDOR_ACTUAL
79894367-4caf-5dd0-a026-804c18f89e98;035741;Karseell Maca Power Volume Shampoo 200 ml;True;False;True;15600.0;;;;;6.0;USD;https://atacadousa.com.py/cosmeticos/12563-karseell-maca-power-volume-shampoo-200ml-035741.html;2026-09-27;;;;;NO;NO;SIN_COSTO_BASE_DOCUMENTADO
79bad01e-557f-5a30-8e5b-6f7f55cdffdc;240130;Total sierra caladora TS88501 85W;True;False;True;247000.0;158404.0;1.559;293000;46000;95.0;USD;https://www.totalherramientasoficial.com.py/produto/total-serra-tico-tico-portatil-ts88501-85-w-8442.html;2026-09-27;;;;;NO;NO;DEBAJO_DE_1_75_COSTO_BASE
79d42675-3a73-54d3-a6d9-b5ed0d5a5d1e;537841;Wadfow capa de lluvia gabardina 100% pvc WRC2XXL;True;False;True;15600.0;10004.0;1.559;18500;2900;6.0;USD;https://www.totalherramientasoficial.com.py/produto/wadfow-capa-de-chuvas-100-pvc--wrc2xxl-51850.html;2026-09-27;;;;;NO;NO;DEBAJO_DE_1_75_COSTO_BASE
79fdad6a-c131-5891-9cba-388e3e41192b;486613;Total botas de seguridad TSP207IDSB.41 negro/rojo;True;False;True;57200.0;36683.0;1.559;67900;10700;;;https://www.totalherramientasoficial.com.py/produto/total--botas-de-seguranca--tsp207idsb41-pretovermelho-45877.html;;;;;;NO;NO;SIN_PRECIO_PROVEEDOR_ACTUAL
7a1a27c5-87de-59f4-a157-21817973e918;120814;Total kit de herramientas juego de vasos 201PCS THTS082016;True;False;True;317200.0;203424.0;1.559;376300;59100;122.0;USD;https://www.totalherramientasoficial.com.py/produto/total-kit-de-ferramentas-jogo-de-soquetes--201pcs--thts082016-6148.html;2026-09-27;;;;;NO;NO;DEBAJO_DE_1_75_COSTO_BASE
7a27db6d-d4ed-50e2-a95a-cca0a41f9d73;109451;Wadfow soplador 20V WBLP512;True;False;True;186800.0;119776.0;1.56;221600;34800;;;https://www.totalherramientasoficial.com.py/produto/wadfow-soprador-20v--wblp512-54637.html;;;;;;NO;NO;SIN_PRECIO_PROVEEDOR_ACTUAL
7a35c955-7aa5-5cde-bdf5-ce2cd824fa52;565066;Total botas de lluvia TSP302LAB.45;True;False;True;59000.0;37824.0;1.56;70000;11000;;;https://www.totalherramientasoficial.com.py/produto/total--botas-de-chuva--tsp302lab45-54616.html;;;;;;NO;NO;SIN_PRECIO_PROVEEDOR_ACTUAL
7a3f248e-fb11-5e8f-94f0-bbc0c183863b;487672;Total bolsa de herramientas THT66L12;True;False;True;41800.0;26792.0;1.56;49600;7800;;;https://www.totalherramientasoficial.com.py/produto/total-bolsa-de-ferramenta-tht66l12-46003.html;;;;;;NO;NO;SIN_PRECIO_PROVEEDOR_ACTUAL
7a6dcae7-6cbf-5ecb-9296-a2d17a822162;201650;Total alicate multifuncional 15 en 1 TFMFT01151;True;False;True;8800.0;5674.0;1.551;10500;1700;;;https://www.totalherramientasoficial.com.py/produto/total-alicate-multifuncional-15-em-1-tfmft01151-55257.html;;;;;;NO;NO;SIN_PRECIO_PROVEEDOR_ACTUAL
7a732f64-4799-5475-aa0e-4168b47043f0;581774;Numbuzin Sérum Facial 5+ Glutathione Vitamin Concentrated 30 ml;True;False;True;66300.0;;;;;25.5;USD;https://atacadousa.com.py/cosmeticos/12342-serum-facial-numbuzin-5-glutathione-vitamin-concentrated-30ml-581774.html;2026-09-27;;;;;NO;NO;SIN_COSTO_BASE_DOCUMENTADO
7a9253f7-6248-5639-9d05-d5591430fe30;415248;Total sierra de piso TP1016-2 gasolina;True;False;True;2308800.0;1480658.0;1.559;2739200;430400;888.0;USD;https://www.totalherramientasoficial.com.py/produto/total-serra-de-chao--tp10162-gasolina-32416.html;2026-09-27;;;;;NO;NO;DEBAJO_DE_1_75_COSTO_BASE
7a93592f-6c50-5e6a-93f1-8f3dff2d72ad;468947;Total pistola de pintura TAT11005;True;False;True;40300.0;25846.0;1.559;47800;7500;15.5;USD;https://www.totalherramientasoficial.com.py/produto/total-pistola-de--pintura-tat11005-42578.html;2026-09-27;;;;;NO;NO;DEBAJO_DE_1_75_COSTO_BASE
7a968271-95bc-5ac3-96b7-260a391b455c;527330;Total taladro compacto 20V motor sin escobillas TDLI205582 1BA;True;False;True;114400.0;73366.0;1.559;135700;21300;44.0;USD;https://www.totalherramientasoficial.com.py/produto/total-parafusadeira-compacta-20v-motor-sem-escovas-tdli205582-1bat-20ah-50558.html;2026-09-27;;;;;NO;NO;DEBAJO_DE_1_75_COSTO_BASE
7acaf7ae-29c5-5e9d-beb1-868216117346;368070;Total cinta metrica TMT126351 5METER;True;False;True;5900.0;3782.0;1.56;7000;1100;;;https://www.totalherramientasoficial.com.py/produto/total-trena-metro--tmt126351-5meter-28023.html;;;;;;NO;NO;SIN_PRECIO_PROVEEDOR_ACTUAL
7b044594-b703-5d74-a72c-dc1f15e6384f;197908;Total juego de alicates 3PCS THT2RK231;True;False;True;20200.0;12923.0;1.563;23900;3700;7.75;USD;https://www.totalherramientasoficial.com.py/produto/total--kit-alicates-3pcs--tht2rk231-54827.html;2026-09-27;;;;;NO;NO;DEBAJO_DE_1_75_COSTO_BASE
7b259bf4-a9e6-5954-b7bb-7bf795a7d72d;277730;Total escalera de 4 peldaños THLAD09041;True;False;True;106600.0;68364.0;1.559;126500;19900;41.0;USD;https://www.totalherramientasoficial.com.py/produto/total-escada-de-4-degraus--thlad09041-54834.html;2026-09-27;;;;;NO;NO;DEBAJO_DE_1_75_COSTO_BASE
7b2bc327-8a0b-5ef2-9709-d0993c952021;351065;"Total remachador manual THT32321 32""";True;False;True;37700.0;24179.0;1.559;44700;7000;14.5;USD;https://www.totalherramientasoficial.com.py/produto/total-rebitador-manual-tht32321-32-26455.html;2026-09-27;;;;;NO;NO;DEBAJO_DE_1_75_COSTO_BASE
7b5cc27a-7e06-5ca2-b519-de2615dae348;611954;Total pistola clavadora de madera 20V F15~F50 50MM TCBNLI50085;True;False;True;108100.0;69344.0;1.559;128300;20200;;;https://www.totalherramientasoficial.com.py/produto/total-pistola-de-pregos-para-madeira-20v--f15f50-50mm--tcbnli500857-57230.html;;;;;;NO;NO;SIN_PRECIO_PROVEEDOR_ACTUAL
7ba9fb48-8db2-5414-8e3a-0749cc3ba5d8;531665;Total pulverizador 1.5L THSPP201502;True;False;True;46700.0;29944.0;1.56;55400;8700;;;https://www.totalherramientasoficial.com.py/produto/total-pulverizador-15l--thspp201502-51220.html;;;;;;NO;NO;SIN_PRECIO_PROVEEDOR_ACTUAL
7baea063-dd2a-5996-b0e6-e363751ce5af;505970;Wadfow amoladora angular 20V WLAPM21 1BT 3AH motor sin escobil;True;False;True;152400.0;97712.0;1.56;180800;28400;;;https://www.totalherramientasoficial.com.py/produto/wadfow--esmirilhadeira-angular--20v--wlapm21-1bt-3ah--motor-sem-escovas-47883.html;;;;;;NO;NO;SIN_PRECIO_PROVEEDOR_ACTUAL
7bafd4ca-b72e-5d0d-8bf0-55c45b8415aa;583930;Total mezclador 20V TMXLI20162;True;False;True;17200.0;11032.0;1.559;20400;3200;;;https://www.totalherramientasoficial.com.py/produto/total-mixer--20v--tmxli20162-56817.html;;;;;;NO;NO;SIN_PRECIO_PROVEEDOR_ACTUAL
7bb7eadb-2313-5230-a1f0-17a954ae15e8;436687;Total kit llave THT250PS0321 32IN1;True;False;True;8800.0;5674.0;1.551;10500;1700;;;https://www.totalherramientasoficial.com.py/produto/total-kit-chave-tht250ps0321-32in1-34628.html;;;;;;NO;NO;SIN_PRECIO_PROVEEDOR_ACTUAL
7bbb8a93-4fef-5ac1-b6f3-db646a1dff7b;521215;Total lápiz tester 300V THTS33001;True;False;True;137600.0;88256.0;1.559;163300;25700;;;https://www.totalherramientasoficial.com.py/produto/total-lapis-testador--300v-thts33001-49874.html;;;;;;NO;NO;SIN_PRECIO_PROVEEDOR_ACTUAL
7bc2003c-ae76-500a-bca3-f40c21a4a54f;381123;Total lijadera TWS10501 de pared / yeso 1050W;True;False;True;108100.0;69344.0;1.559;128300;20200;;;https://www.totalherramientasoficial.com.py/produto/tot-lixadeira--tws10501-pteto-e-gesso--1050w-29276.html;;;;;;NO;NO;SIN_PRECIO_PROVEEDOR_ACTUAL
7c180ddc-6e27-54fd-9b02-ef545eeb6a50;615303;Total bateria 20V TFBLI2123 4.0AH fina;True;False;True;63900.0;40976.0;1.559;75800;11900;;;https://www.totalherramientasoficial.com.py/produto/total-bateria--20v--tfbli2123--40ah-fina-57190.html;;;;;;NO;NO;SIN_PRECIO_PROVEEDOR_ACTUAL
7c466e55-f48d-5327-b90a-05f5446fafc3;488167;Total compresor de aire TCS2241008 100L;True;False;True;884700.0;567360.0;1.559;1049600;164900;;;https://www.totalherramientasoficial.com.py/produto/total--compressor-de-ar-tcs2241008--100l-46052.html;;;;;;NO;NO;SIN_PRECIO_PROVEEDOR_ACTUAL
7c66e607-722e-5696-9c0d-7303de7c8fb3;469333;Wadfow soporte para tablero de pared WTN2002;True;False;True;25400.0;16258.0;1.562;30100;4700;9.75;USD;https://www.totalherramientasoficial.com.py/produto/wadfow-suporte-de-painel-de-parede-wtn2002-42617.html;2026-09-27;;;;;NO;NO;DEBAJO_DE_1_75_COSTO_BASE
7c8093b7-f51b-5f90-8e51-c38760d5f29b;613972;"Wadfow llave dinamométrica 3/8"" 60NM WWQ6D11";True;False;True;50700.0;32516.0;1.559;60200;9500;19.5;USD;https://www.totalherramientasoficial.com.py/produto/wadfow-chave-dinamometrica-38-60nm--wwq6d11-57211.html;2026-09-27;;;;;NO;NO;DEBAJO_DE_1_75_COSTO_BASE
7c846d24-2be4-5e2e-9838-345ee9a48e5d;527668;Total amoladora 20V TAGLI271531 motor sin escobillas;True;False;True;152400.0;97712.0;1.56;180800;28400;;;https://www.totalherramientasoficial.com.py/produto/total-lixadeira-20v--tagli271531--motor-sem-escovas-50591.html;;;;;;NO;NO;SIN_PRECIO_PROVEEDOR_ACTUAL
7c92397a-54b4-5993-99b5-fe1a99133c20;489720;Wadfow pulverizador de pintura airless 1200W WAY1A10;True;False;True;46700.0;29944.0;1.56;55400;8700;;;https://www.totalherramientasoficial.com.py/produto/wadfow-pulverizador-de-tinta-airless-1200w---way1a10-46208.html;;;;;;NO;NO;SIN_PRECIO_PROVEEDOR_ACTUAL
7cc98e63-8a7e-5f61-a22b-73f00849971b;196475;Wadfow accesorios para rectificador 276PCS WRR2761;True;False;True;29300.0;18758.0;1.562;34700;5400;11.25;USD;https://www.totalherramientasoficial.com.py/produto/wadfow-acessorios-para-retificadores--276pcs--wrr2761-55244.html;2026-09-27;;;;;NO;NO;DEBAJO_DE_1_75_COSTO_BASE
7cdfffef-cf81-51e1-8015-63825ef75e9e;583756;Total combo inalámbrico 3PCS UTOSLI250606;True;False;True;335400.0;215096.0;1.559;397900;62500;129.0;USD;https://www.totalherramientasoficial.com.py/produto/total--combo-sem-fio-3pcs--utosli250606-56799.html;2026-09-27;;;;;NO;NO;DEBAJO_DE_1_75_COSTO_BASE
7ced54c2-8612-55f4-80d8-98664e1d3be3;528511;Wadfow cortador azulejos 1200MM WTR2512;True;False;True;12300.0;7880.0;1.561;14600;2300;;;https://www.totalherramientasoficial.com.py/produto/wadfow-cortador-azulejos-1200mm--wtr2512-50683.html;;;;;;NO;NO;SIN_PRECIO_PROVEEDOR_ACTUAL
7d09efc6-5b6d-54c7-aa52-cb80640960de;80033;Wadfow alambre de soldar 1.2MM WHXS1312;True;False;True;14300.0;9172.0;1.559;17000;2700;5.5;USD;https://www.totalherramientasoficial.com.py/produto/wadfow-arame-de-soldagem-12mm--whxs1312-54865.html;2026-09-27;;;;;NO;NO;DEBAJO_DE_1_75_COSTO_BASE
7d4bf5b0-c491-506f-9807-94a817644c1b;542876;Wadfow llave de tubo WPW0A08 8'';True;False;True;10400.0;6670.0;1.559;12300;1900;4.0;USD;https://www.totalherramientasoficial.com.py/produto/wadfow-chave-de-tubo-wpw0a08---8-52373.html;2026-09-27;;;;;NO;NO;DEBAJO_DE_1_75_COSTO_BASE
7d53830b-8156-5a21-ab7f-f49d25d668fd;146203;Wadfow kit de herramientas WDT4B119 119PCS;True;False;True;17200.0;11032.0;1.559;20400;3200;;;https://www.totalherramientasoficial.com.py/produto/wadfow-kit-de-ferramentas-wdt4b119-119pcs-54646.html;;;;;;NO;NO;SIN_PRECIO_PROVEEDOR_ACTUAL
7d7394b1-c404-51a4-aad2-db3ef2a179a5;469890;Wadfow grifo mezclador de lavabo WZD1501;True;False;True;57200.0;36683.0;1.559;67900;10700;22.0;USD;https://www.totalherramientasoficial.com.py/produto/wadfow--torneira---misturadora-de-lavatorio-----wzd1501-42673.html;2026-09-27;;;;;NO;NO;DEBAJO_DE_1_75_COSTO_BASE
7d87c3fb-d5b6-5c04-a3fe-8ce7ab8beb27;340083;Total lamina plaina TAC618201;True;False;True;108100.0;69344.0;1.559;128300;20200;;;https://www.totalherramientasoficial.com.py/produto/total-lamina-plaina--tac618201-25479.html;;;;;;NO;NO;SIN_PRECIO_PROVEEDOR_ACTUAL
7da37239-6aa3-53cc-88b1-eaa97fb96c44;565028;"Total caja de herramientas 19"" 15KG TPBXS102";True;False;True;27000.0;17336.0;1.557;32100;5100;;;https://www.totalherramientasoficial.com.py/produto/total-caixa-de--ferramentas-19-15kg--tpbxs102-54612.html;;;;;;NO;NO;SIN_PRECIO_PROVEEDOR_ACTUAL
7db90168-a689-5092-87df-6794ba456d25;470612;"Wadfow válvula esfera de latón soldable 1"" WVV5821";True;False;True;17200.0;11004.0;1.563;20400;3200;6.6;USD;https://www.totalherramientasoficial.com.py/produto/wadfow-valvula-de-esfera-de-latao-soldavel--1--wvv5821-42745.html;2026-09-27;;;;;NO;NO;DEBAJO_DE_1_75_COSTO_BASE
7dc99d7e-849f-5007-bbc3-12d9fe8eedff;488877;"Wadfow bolsa de herramientas 19"" WTG3119";True;False;True;41800.0;26792.0;1.56;49600;7800;;;https://www.totalherramientasoficial.com.py/produto/wadfow-bolsa-de-ferramentas-19-wtg3119-46123.html;;;;;;NO;NO;SIN_PRECIO_PROVEEDOR_ACTUAL
7dcd9f40-b0a4-5bd3-8183-86ace70b1f97;528108;Total combo multimetro 3PCS TLDD241202;True;False;True;368600.0;236400.0;1.559;437300;68700;;;https://www.totalherramientasoficial.com.py/produto/total-combo-multitester--3pcs--tldd241202-50639.html;;;;;;NO;NO;SIN_PRECIO_PROVEEDOR_ACTUAL
7dd826c5-1840-52e5-84b3-5fa425d48899;542272;"Wadfow combo bolsas 19"" WTGR103";True;False;True;319500.0;204880.0;1.559;379000;59500;;;https://www.totalherramientasoficial.com.py/produto/wadfow--combo-bolsas-19--wtgr103-52313.html;;;;;;NO;NO;SIN_PRECIO_PROVEEDOR_ACTUAL
7dda7871-87bd-5e2f-9d9a-b645f42ef85f;512558;Total lijadora de palma 20V TPSLI2014;True;False;True;65000.0;41685.0;1.559;77100;12100;25.0;USD;https://www.totalherramientasoficial.com.py/produto/total--lixadera-tpsli2014--20v-treme-treme-48606.html;2026-09-27;;;;;NO;NO;DEBAJO_DE_1_75_COSTO_BASE
7e2905c3-049a-5cd2-b050-3447a8582aa0;489461;Wadfow caja de herramientas con 3 gavetas WCS2A03;True;False;True;27000.0;17336.0;1.557;32100;5100;;;https://www.totalherramientasoficial.com.py/produto/wadfow-caixa-de-ferramentas-com-3-gavetas-wcs2a03-wcs2a03-46182.html;;;;;;NO;NO;SIN_PRECIO_PROVEEDOR_ACTUAL
7e435e43-f6b2-5b00-a3fb-1016dc3eb487;531863;Total alicate multifunciones THT210102;True;False;True;16900.0;10840.0;1.559;20100;3200;6.5;USD;https://www.totalherramientasoficial.com.py/produto/total-alicate-multifuncional-tht210102-51240.html;2026-09-27;;;;;NO;NO;DEBAJO_DE_1_75_COSTO_BASE
7e7cd18e-2a09-5616-b68f-a7406a5fa521;381697;Total kit herramientas THTCS12591 59PCS;True;False;True;17200.0;11032.0;1.559;20400;3200;;;https://www.totalherramientasoficial.com.py/produto/total-kit-ferramentas--thtcs12591--59pcs-29329.html;;;;;;NO;NO;SIN_PRECIO_PROVEEDOR_ACTUAL
7e7e293b-a0f9-59f0-8c8a-a6b90d6cd99b;469340;"Wadfow alicate presión curvo 10"" WLP1110";True;False;True;13800.0;8826.0;1.564;16300;2500;;;https://www.totalherramientasoficial.com.py/produto/wadfow--alicates-de-pressao-curvados-10-wlp1110-42618.html;;;;;;NO;NO;SIN_PRECIO_PROVEEDOR_ACTUAL
7e9c1cea-783d-5439-9538-63eaf6381592;549202;Total combo inalámbricas 20V 4PCS TOSLI250208;True;False;True;486600.0;312048.0;1.559;577300;90700;;;https://www.totalherramientasoficial.com.py/produto/total-combo-sem-fio-20v--4pcs--tosli250208-53011.html;;;;;;NO;NO;SIN_PRECIO_PROVEEDOR_ACTUAL
7ebde0a8-d237-53fb-a3c1-fd60cd741ff2;116046;Wadfow cabrestante eléctrico 450W WETH1A04;True;False;True;223600.0;143397.0;1.559;265300;41700;86.0;USD;https://www.totalherramientasoficial.com.py/produto/wadfow--gincho--electrico-450w--weth1a04-55240.html;2026-09-27;;;;;NO;NO;DEBAJO_DE_1_75_COSTO_BASE
7ecf8fa7-88dd-5aa9-a246-acacccf7ff38;142229;Wadfow puntas de destornillador de impacto 2PCS 200MM WSV5K65;True;False;True;5400.0;3467.0;1.558;6400;1000;;;https://www.totalherramientasoficial.com.py/produto/wadfow-brocas-de-chave-de-fenda-de-impacto--2pcs-200mm--wsv5k65-55242.html;;;;;;NO;NO;SIN_PRECIO_PROVEEDOR_ACTUAL
7ed31ec7-c709-51c0-bafc-78c6293f580a;583947;Total pulidora 42V TAPLI42152 motor sin escobillas;True;False;True;390000.0;250095.0;1.559;462700;72700;149.99;USD;https://www.totalherramientasoficial.com.py/produto/total-polidor-42v--tapli42152--motor-sem-escovas-56818.html;2026-09-27;;;;;NO;NO;DEBAJO_DE_1_75_COSTO_BASE
7ed7495a-6349-5591-8f59-4fd3b6b4cd0e;537353;Wadfow extractor de engranajes 3MANDIBULAS WGP3A06 6'';True;False;True;17600.0;11256.0;1.564;20800;3200;6.75;USD;https://www.totalherramientasoficial.com.py/produto/wadfow-puxador-de-engranagem-3-mandibulas--wgp3a06--6-51801.html;2026-09-27;;;;;NO;NO;DEBAJO_DE_1_75_COSTO_BASE
7eed3344-d6e8-5103-9005-ee661693cce5;543309;"Wadfow tijera de podar 8""""(200 mm) WPA1E04";True;False;True;11700.0;7505.0;1.559;13900;2200;4.5;USD;https://www.totalherramientasoficial.com.py/produto/wadfow-tesoura-de-poda-8200-mm--wpa1e04-52416.html;2026-09-27;;;;;NO;NO;DEBAJO_DE_1_75_COSTO_BASE
7ef2a11b-4207-508f-b24c-7b31857d5e8b;527392;Total juego de brocas sds plus TACSDL30906 9PCS;True;False;True;15700.0;10086.0;1.557;18700;3000;;;https://www.totalherramientasoficial.com.py/produto/total-jogo-de-brocas-sds-plus-tacsdl30906--9pcs-50564.html;;;;;;NO;NO;SIN_PRECIO_PROVEEDOR_ACTUAL
7efbb561-3b33-5a3f-9826-63c8053eb32e;528030;Total combo 3PCS 20V TOSLI241198;True;False;True;368600.0;236400.0;1.559;437300;68700;;;https://www.totalherramientasoficial.com.py/produto/total-combo-3pcs-20v--tosli241198-50632.html;;;;;;NO;NO;SIN_PRECIO_PROVEEDOR_ACTUAL
7f0bad1d-5d91-52a6-9ed2-637b4cb8d442;553902;Total grapas 40MM 3000PZS TAC918403;True;False;True;15300.0;9837.0;1.555;18200;2900;5.9;USD;https://www.totalherramientasoficial.com.py/produto/total-grampos-40mm-3000pzs-tac918403-53490.html;2026-09-27;;;;;NO;NO;DEBAJO_DE_1_75_COSTO_BASE
7f297298-d99c-5315-8d01-1d4b966843cc;415026;Total pulidora angular TAPLI2001 lithium;True;False;True;83200.0;53357.0;1.559;98700;15500;32.0;USD;https://www.totalherramientasoficial.com.py/produto/total-polidora--tapli2001--lithium-32394.html;2026-09-27;;;;;NO;NO;DEBAJO_DE_1_75_COSTO_BASE
7f2c2525-e82c-514d-ba35-9ebd9941dd9d;415095;Total rotomartillo 800W TH308268-2 sds plus 220V;True;False;True;235900.0;151296.0;1.559;279900;44000;;;https://www.totalherramientasoficial.com.py/produto/total-martlete-800w--th3082682--sds-plus--220v-32401.html;;;;;;NO;NO;SIN_PRECIO_PROVEEDOR_ACTUAL
7f9c73df-48ef-5834-b386-303bb2ee3949;463805;Wadfow bateria 20V 3AH WLBP530;True;False;True;51900.0;33266.0;1.56;61500;9600;19.95;USD;https://www.totalherramientasoficial.com.py/produto/wadfow-bateria--20v--3ah----wlbp530-42027.html;2026-09-27;;;;;NO;NO;DEBAJO_DE_1_75_COSTO_BASE
7fa8c5c6-0680-5197-a0ed-264eaa10e96f;463386;Wadfow escurridor de aceite 70L WKD2A07;True;False;True;462800.0;296799.0;1.559;549100;86300;178.0;USD;https://www.totalherramientasoficial.com.py/produto/wadfow-escorredor-oleo-70l--wkd2a07-41985.html;2026-09-27;;;;;NO;NO;DEBAJO_DE_1_75_COSTO_BASE
7fddcf9f-36c5-5449-bda3-8f7b979629c9;341301;Total taladro de banco 750W TDP207505;True;False;True;780000.0;500207.0;1.559;925400;145400;299.99;USD;https://www.totalherramientasoficial.com.py/produto/total-furadeira-bancada-750w--tdp207505-12043.html;2026-09-27;;;;;NO;NO;DEBAJO_DE_1_75_COSTO_BASE
7feb6800-2752-5bcd-b044-6bb92be9ed15;230421;Total combo 5PCS 20V TOSLI250692;True;False;True;634000.0;406608.0;1.559;752200;118200;;;https://www.totalherramientasoficial.com.py/produto/total--combo-5pcs-20v--tosli250692-54829.html;;;;;;NO;NO;SIN_PRECIO_PROVEEDOR_ACTUAL
80017768-9692-570a-b620-d4f8aa352039;520461;Total combo 3PCS 20V taladro + atornillador + soplador TOSLI25;True;False;True;368600.0;236400.0;1.559;437300;68700;;;https://www.totalherramientasoficial.com.py/produto/total-combo-3pcs-20v-furadeira--parafusadeira--soprador--tosli250883-49792.html;;;;;;NO;NO;SIN_PRECIO_PROVEEDOR_ACTUAL
8058cd76-4f45-5e3c-82b7-e48a5c781326;460446;"Wadfow alicate de bloqueo WLP4111 11""";True;False;True;8800.0;5674.0;1.551;10500;1700;;;https://www.totalherramientasoficial.com.py/produto/wadfow-alicate-de-bloqueo--wlp4111-11-41670.html;;;;;;NO;NO;SIN_PRECIO_PROVEEDOR_ACTUAL
8065ada7-a027-5c2d-b08f-8ee9ad8beb3d;3452;Total soplador 16V TABLI168082;True;False;True;186800.0;119776.0;1.56;221600;34800;;;https://www.totalherramientasoficial.com.py/produto/total--soprador-16v--tabli168082-55428.html;;;;;;NO;NO;SIN_PRECIO_PROVEEDOR_ACTUAL
806d3536-a0ec-511f-bd77-f0093bd1788c;529280;Total kit de herramientas 135PCS THKTHP21356;True;False;True;288600.0;185082.0;1.559;342400;53800;111.0;USD;https://www.totalherramientasoficial.com.py/produto/total-kit-de-ferramentas--135pcs--thkthp21356-50775.html;2026-09-27;;;;;NO;NO;DEBAJO_DE_1_75_COSTO_BASE
807c669f-20c3-5a16-9a0c-9b4568184b6f;532365;Total fresa rotativa metal TAKC1005;True;False;True;13000.0;8337.0;1.559;15400;2400;5.0;USD;https://www.totalherramientasoficial.com.py/produto/total--fresa-rotativo--metal--takc1005-51290.html;2026-09-27;;;;;NO;NO;DEBAJO_DE_1_75_COSTO_BASE
80af41f6-af26-59a9-9e8f-226fffe15409;444040;Total hacha THT7812506;True;False;True;13800.0;8826.0;1.564;16300;2500;;;https://www.totalherramientasoficial.com.py/produto/total-machado-tht7812506-37952.html;;;;;;NO;NO;SIN_PRECIO_PROVEEDOR_ACTUAL
80dbc0a3-724c-5a16-ac89-c069bb19ee73;95310;Total inflador de mano 140PSI TMPP3811;True;False;True;17200.0;11032.0;1.559;20400;3200;;;https://www.totalherramientasoficial.com.py/produto/total-inflador-de-mao-140psi-tmpp3811-37229.html;;;;;;NO;NO;SIN_PRECIO_PROVEEDOR_ACTUAL
80e28bfa-ba8b-59fb-a717-715af93ef8a7;98939;Wadfow dados de impacto torx 8PCS crmo WMS4408;True;False;True;43600.0;27930.0;1.561;51700;8100;16.75;USD;https://www.totalherramientasoficial.com.py/produto/wadfow--soquet-de-impacto-torx-8pcs-crmo--wms4408-54867.html;2026-09-27;;;;;NO;NO;DEBAJO_DE_1_75_COSTO_BASE
81100482-7586-5f08-89ae-ed75c5b49bfd;528474;Wadfow termómetro infrarrojo WNT6501;True;False;True;31900.0;20488.0;1.557;37900;6000;;;https://www.totalherramientasoficial.com.py/produto/wadfow-termometro-infravermelho-wnt6501-50679.html;;;;;;NO;NO;SIN_PRECIO_PROVEEDOR_ACTUAL
8117e46b-5bf4-5535-bb00-846943d0e819;487559;Total bits philips TACIM16PH183 PH1x200MM;True;False;True;31200.0;20009.0;1.559;37000;5800;12.0;USD;https://www.totalherramientasoficial.com.py/produto/total-bits-philips-tacim16ph183-ph1x200mm-45991.html;2026-09-27;;;;;NO;NO;DEBAJO_DE_1_75_COSTO_BASE
811dadc2-5928-56ad-bfaf-c86236d60ebb;368056;Total kit herramienta THKTHP21426 142PCS;True;False;True;41800.0;26792.0;1.56;49600;7800;;;https://www.totalherramientasoficial.com.py/produto/total-kit-feramenta--thkthp21426-142pcs-28021.html;;;;;;NO;NO;SIN_PRECIO_PROVEEDOR_ACTUAL
8135593c-0d75-518d-a79f-79d66310cbd6;487061;Total tijeras de electricista 170MM THES051708;True;False;True;20800.0;13339.0;1.559;24700;3900;8.0;USD;https://www.totalherramientasoficial.com.py/produto/total-tesoura-de-eletricista-170mm--thes051708-45941.html;2026-09-27;;;;;NO;NO;DEBAJO_DE_1_75_COSTO_BASE
813c9d27-3d82-5111-9d29-655dc90f3659;489638;Wadfow compresor de aire automático 150PSI WAAM572;True;False;True;83200.0;53357.0;1.559;98700;15500;32.0;USD;https://www.totalherramientasoficial.com.py/produto/wadfow-compressor-de-ar-automatico-150psi----waam572-46199.html;2026-09-27;;;;;NO;NO;DEBAJO_DE_1_75_COSTO_BASE
814cb2f0-ac75-5a29-a28e-d94e256574b7;543088;Wadfow kit llave hexagonal WHK4203 3PCS;True;False;True;14300.0;9172.0;1.559;17000;2700;5.5;USD;https://www.totalherramientasoficial.com.py/produto/wadfow-kit-chave-hexagonal-whk4203-3pcs-52394.html;2026-09-27;;;;;NO;NO;DEBAJO_DE_1_75_COSTO_BASE
816e8048-a5d0-523d-a875-680131d0e705;415064;Total sierra ingletadora 20V TMS2001;True;False;True;368600.0;236400.0;1.559;437300;68700;;;https://www.totalherramientasoficial.com.py/produto/total-serra-esquadro-20v--tms2001-32398.html;;;;;;NO;NO;SIN_PRECIO_PROVEEDOR_ACTUAL
8178d657-40d8-58c4-bf94-de6a8b5d67b7;579940;Wadfow taladro de impacto 82NM 20V WCDP8285;True;False;True;184600.0;118386.0;1.559;219000;34400;71.0;USD;https://www.totalherramientasoficial.com.py/produto/wadfow-parafusadeira-de-impacto-20v-82nm---wcdp8285-56418.html;2026-09-27;;;;;NO;NO;DEBAJO_DE_1_75_COSTO_BASE
81807943-110c-50fa-bff2-9a9ecd7e7665;444170;Total remachador manual THT32131;True;False;True;13800.0;8826.0;1.564;16300;2500;;;https://www.totalherramientasoficial.com.py/produto/total-rebitador-manual-tht32131-37965.html;;;;;;NO;NO;SIN_PRECIO_PROVEEDOR_ACTUAL
818523f5-1ee1-5485-8f99-f815191378e8;576116;Total llave de impacto 42V 460NM UTIWLI42461;True;False;True;249600.0;160071.0;1.559;296100;46500;96.0;USD;https://www.totalherramientasoficial.com.py/produto/total-chave-de-impacto-42v--460nm-utiwli42461-56000.html;2026-09-27;;;;;NO;NO;DEBAJO_DE_1_75_COSTO_BASE
81a8330b-6b3f-5ae1-b51f-7191facbbcf7;528481;Wadfow nivel laser 3D verde 12V 360° 12 lineas WLE8M12;True;False;True;340600.0;218430.0;1.559;404100;63500;131.0;USD;https://www.totalherramientasoficial.com.py/produto/wadfow-nivel-laser-3d-verde-12v-360-12-linhas--wle8m12-50680.html;2026-09-27;;;;;NO;NO;DEBAJO_DE_1_75_COSTO_BASE
81af4b04-865c-50d1-9682-f6bd336dc4b6;33879;"Wadfow caja de herramientas de plástico 24"" WTB3324";True;False;True;27000.0;17336.0;1.557;32100;5100;;;https://www.totalherramientasoficial.com.py/produto/wadfow-caixa-de-ferramentas-de-plastico-24--wtb3324-54858.html;;;;;;NO;NO;SIN_PRECIO_PROVEEDOR_ACTUAL
81d1f884-e131-58a0-9aa7-2f5f0034c5b7;460781;Wadfow llave ajustable WAW2206 0-24MM;True;False;True;7800.0;5002.0;1.559;9300;1500;3.0;USD;https://www.totalherramientasoficial.com.py/produto/wadfow-chave-ajustavel-waw2206-024mm-41704.html;2026-09-27;;;;;NO;NO;DEBAJO_DE_1_75_COSTO_BASE
81ec20cb-b334-5d25-b90b-170837bdbdb3;456852;"Total alicate de corte diagonal 6"" THT130612";True;False;True;8800.0;5674.0;1.551;10500;1700;;;https://www.totalherramientasoficial.com.py/produto/total--alicate-corte-diagonal-6-tht130612-40753.html;;;;;;NO;NO;SIN_PRECIO_PROVEEDOR_ACTUAL
81fe3e8e-4379-53cf-a94f-ab0531aadf5d;538961;Wadfow juego de destornillador 31EN1 WSS8431;True;False;True;6500.0;4170.0;1.559;7700;1200;2.5;USD;https://www.totalherramientasoficial.com.py/produto/wadfow-chave-fenda-kit-31em1--wss8431-51962.html;2026-09-27;;;;;NO;NO;DEBAJO_DE_1_75_COSTO_BASE
8210d752-5a24-5f33-91f9-e3436709a2fb;340687;Total lubricador de grasa THT118301 30L ar;True;False;True;13800.0;8826.0;1.564;16300;2500;;;https://www.totalherramientasoficial.com.py/produto/total-lubrfcador-de-graxa--tht118301-30l-ar-25535.html;;;;;;NO;NO;SIN_PRECIO_PROVEEDOR_ACTUAL
82222492-eea2-5b06-810f-f93430fa5a24;154536;Total bomba de agua a gasolina 7.5 hp TP3402;True;False;True;548600.0;351823.0;1.559;650900;102300;211.0;USD;https://www.totalherramientasoficial.com.py/produto/total-bomba-de-agua-a-gasolina-75-hp-tp3402-14224.html;2026-09-27;;;;;NO;NO;DEBAJO_DE_1_75_COSTO_BASE
82280bbc-fdd5-5023-b759-3832c9375a37;460262;"Wadfow llave de tubo sueca WPW2102 90""";True;False;True;8800.0;5674.0;1.551;10500;1700;;;https://www.totalherramientasoficial.com.py/produto/wadfow-chave-tubo-sueco-wpw2102--90-41652.html;;;;;;NO;NO;SIN_PRECIO_PROVEEDOR_ACTUAL
824190d5-7d5c-5ad4-a074-4a5e5c50479b;612289;Total nivel laser 20V 35M 5 lineas verde TLL3053085;True;False;True;137600.0;88256.0;1.559;163300;25700;;;https://www.totalherramientasoficial.com.py/produto/total-nivel-a-laser-20v-5-linhas-verdes--tll3053085-57240.html;;;;;;NO;NO;SIN_PRECIO_PROVEEDOR_ACTUAL
824450a6-86c0-5a22-bf2c-baf20d295024;486675;Total atadora de plantas THTPTM1251;True;False;True;21600.0;13840.0;1.561;25600;4000;8.3;USD;https://www.totalherramientasoficial.com.py/produto/total-amarracao-de-plantas-thtptm1251-45883.html;2026-09-27;;;;;NO;NO;DEBAJO_DE_1_75_COSTO_BASE
825dfe51-d285-5830-869d-afcccb11f461;460217;"Wadfow alicate de carpintero WPL9908 8""";True;False;True;8300.0;5321.0;1.56;9800;1500;3.19;USD;https://www.totalherramientasoficial.com.py/produto/wadfow-alicate-de-carpinteiro-wpl9908---8-41647.html;2026-09-27;;;;;NO;NO;DEBAJO_DE_1_75_COSTO_BASE
825ecd59-5b89-5e62-94a9-6bd4728fc680;380997;Total taladro de impacto 12V TIDLI12202;True;False;True;71300.0;45704.0;1.56;84600;13300;;;https://www.totalherramientasoficial.com.py/produto/total-furadeira-de-impacto--12v-tidli12202-29262.html;;;;;;NO;NO;SIN_PRECIO_PROVEEDOR_ACTUAL
82629ee9-1e85-5673-94e3-664e66aeb065;543729;Wadfow kit cepillos para taladro WND5402 7PCS;True;False;True;22100.0;14175.0;1.559;26200;4100;8.5;USD;https://www.totalherramientasoficial.com.py/produto/wadfow-kit-de-escovas-para-parafusadeira--wnd5402--7pcs-52458.html;2026-09-27;;;;;NO;NO;DEBAJO_DE_1_75_COSTO_BASE
826e4ceb-df54-58a5-98b9-7753be3d7033;341271;Total generador disil TP2150K1 15KVA;True;False;True;884700.0;567360.0;1.559;1049600;164900;;;https://www.totalherramientasoficial.com.py/produto/total-gerador-disil--tp2150k1-15kva-25596.html;;;;;;NO;NO;SIN_PRECIO_PROVEEDOR_ACTUAL
8283e5a3-b8d4-5065-aeba-ee785efcff01;486750;Total sierra sable 20V TRSLI6506 metal y madera;True;False;True;186800.0;119776.0;1.56;221600;34800;;;https://www.totalherramientasoficial.com.py/produto/total-serra-de-sabre--20v--trsli6506--metal-e-madeira-45891.html;;;;;;NO;NO;SIN_PRECIO_PROVEEDOR_ACTUAL
82a2854c-19f6-59fc-ad40-48bd8009ec6e;543064;Wadfow kit llave combinada c/ trinquete WSP4212 12PCS;True;False;True;5900.0;3782.0;1.56;7000;1100;23.5;USD;https://www.totalherramientasoficial.com.py/produto/wadfow-kit-chave-combinada-c-trinquete-wsp4212-12pcs-52392.html;2026-09-27;;;;;NO;NO;DEBAJO_DE_1_75_COSTO_BASE
82bd94bd-adb3-5d6a-8b83-3d62496a0676;340656;"Total tijeras para hojalata THT524101 10""";True;False;True;13800.0;8826.0;1.564;16300;2500;;;https://www.totalherramientasoficial.com.py/produto/total-tesoura-lata----tht524101-10-25533.html;;;;;;NO;NO;SIN_PRECIO_PROVEEDOR_ACTUAL
82dd9845-7ea6-561b-961e-fec01154cb3f;110969;Wadfow aspiradora seco-humedo 30L WVR2A30;True;False;True;140400.0;90040.0;1.559;166600;26200;54.0;USD;https://www.totalherramientasoficial.com.py/produto/wadfow-aspirador-secoumido--30l--wvr2a30-55237.html;2026-09-27;;;;;NO;NO;DEBAJO_DE_1_75_COSTO_BASE
82e2faae-17b8-5e8c-af5d-72127ec62135;496025;Wadfow llave multiusos 23-32MM WUW1102;True;False;True;6500.0;4170.0;1.559;7700;1200;2.5;USD;https://www.totalherramientasoficial.com.py/produto/wadfow-chave-multiusos-2332mm----wuw1102-46878.html;2026-09-27;;;;;NO;NO;DEBAJO_DE_1_75_COSTO_BASE
82e50027-6891-50d4-97fc-30e04ab857a0;415262;Total mecha kit TACSDL12201 22PCS;True;False;True;46500.0;29846.0;1.558;55200;8700;17.9;USD;https://www.totalherramientasoficial.com.py/produto/total-broca-kit-tacsdl12201-22pcs-32418.html;2026-09-27;;;;;NO;NO;DEBAJO_DE_1_75_COSTO_BASE
82f46e78-ff0f-5e93-abfb-2ebb7461efea;342018;Total tornilo WJHA0605511 M6X55MM 25PCS;True;False;True;16900.0;10840.0;1.559;20100;3200;6.5;USD;https://www.totalherramientasoficial.com.py/produto/total-parafuso--wjha0605511-m6x55mm-25pcs-25651.html;2026-09-27;;;;;NO;NO;DEBAJO_DE_1_75_COSTO_BASE
8307b44f-e305-5b3d-a41c-f7b4a9b91ee0;146197;"Wadfow alicate de presión 7"" HRC38°-HRC48° WLP1C07";True;False;True;7800.0;5002.0;1.559;9300;1500;3.0;USD;https://www.totalherramientasoficial.com.py/produto/wadfow-alicate-de-pressao-7-hrc38hrc48-wlp1c07-13907.html;2026-09-27;;;;;NO;NO;DEBAJO_DE_1_75_COSTO_BASE
832e0dda-7014-57df-8806-46b123a309b5;415835;Total hidráulico cortadora cable TRCLI2002;True;False;True;2077400.0;1332259.0;1.559;2464700;387300;799.0;USD;https://www.totalherramientasoficial.com.py/produto/total-hidraulico-crimpagem-trcli2002-32475.html;2026-09-27;;;;;NO;NO;DEBAJO_DE_1_75_COSTO_BASE
83778063-e5db-5e8a-9dcd-dfe6156e1047;543057;Wadfow juego de llaves de trinquete cortas ajustables WSP7406;True;False;True;31200.0;20009.0;1.559;37000;5800;12.0;USD;https://www.totalherramientasoficial.com.py/produto/wadfow-conjunto-de-chave-de-catraca-curtas-ajustaveis-wsp7406-6pcs-52391.html;2026-09-27;;;;;NO;NO;DEBAJO_DE_1_75_COSTO_BASE
83835bd9-4b2c-50c1-8fef-3df905adbe5e;446259;Total pistola de pintura TT10402;True;False;True;221200.0;141840.0;1.56;262400;41200;;;https://www.totalherramientasoficial.com.py/produto/total-pistola-de-pintura-tt10402-38653.html;;;;;;NO;NO;SIN_PRECIO_PROVEEDOR_ACTUAL
83aa881a-bbf3-52af-b42d-4ce7060f0de8;486071;"Total atornillador 20V UTDLI20508 3/8"" 2BAT 2.0 motor brushles";True;False;True;226100.0;144992.0;1.559;268200;42100;;;https://www.totalherramientasoficial.com.py/produto/total-parafusadeira-20v-utdli20508--38-2bat-20-motor-brushless-45821.html;;;;;;NO;NO;SIN_PRECIO_PROVEEDOR_ACTUAL
83ae6c66-174f-5261-a510-61536400c2e3;531603;Total bomba de agua pozo TWP3701-SB control;True;False;True;36400.0;23344.0;1.559;43200;6800;14.0;USD;https://www.totalherramientasoficial.com.py/produto/total-bomba-de-agua-poco-twp3701sb-control-51214.html;2026-09-27;;;;;NO;NO;DEBAJO_DE_1_75_COSTO_BASE
83cbf466-9a32-5b37-a34f-f738eab7f588;460279;"Wadfow llave de tubo sueco WPW3115 45""";True;False;True;19500.0;12507.0;1.559;23100;3600;7.5;USD;https://www.totalherramientasoficial.com.py/produto/wadfow-chave-tubo-sueco-wpw3115--45-41653.html;2026-09-27;;;;;NO;NO;DEBAJO_DE_1_75_COSTO_BASE
83cd0fa7-9db0-56f7-b362-d15dd64e42d7;486965;Total taladro de diamante 3800W TDDM38001 magnetica;True;False;True;118000.0;75648.0;1.56;139900;21900;;;https://www.totalherramientasoficial.com.py/produto/total-furadeira-de--diamante-3800w-tddm38001-magnetico-45931.html;;;;;;NO;NO;SIN_PRECIO_PROVEEDOR_ACTUAL
83d2404c-e653-53a3-93fa-8560c849dd5b;512107;Total kit llave de trinquete THT103RK166 16PCS;True;False;True;8800.0;5674.0;1.551;10500;1700;;;https://www.totalherramientasoficial.com.py/produto/total-kit-chave-catraca--tht103rk166-16pcs-48561.html;;;;;;NO;NO;SIN_PRECIO_PROVEEDOR_ACTUAL
83d70416-b452-54fa-9ab6-17d8c9310b2f;553216;Total llave de impacto TIWLI42602 42V 60K 2BAT;True;False;True;8800.0;5674.0;1.551;10500;1700;;;https://www.totalherramientasoficial.com.py/produto/total-chave-de-impacto-tiwli42602-42v--60k--2bat-53421.html;;;;;;NO;NO;SIN_PRECIO_PROVEEDOR_ACTUAL
83f46919-0a1e-5808-91cf-5e169fc5840b;542869;"Wadfow alicate pelacable WSX8602 8""";True;False;True;5700.0;3669.0;1.554;6800;1100;2.2;USD;https://www.totalherramientasoficial.com.py/produto/wadfow-alicate-pelacable--wsx8602-8-52372.html;2026-09-27;;;;;NO;NO;DEBAJO_DE_1_75_COSTO_BASE
84035d0a-f541-5c22-86bd-889eea7a1953;415019;Total bateria TBLI12152 12V;True;False;True;22100.0;14184.0;1.558;26200;4100;;;https://www.totalherramientasoficial.com.py/produto/total--bateria---tbli12152--12v-32393.html;;;;;;NO;NO;SIN_PRECIO_PROVEEDOR_ACTUAL
841209a5-cd9c-5a05-8b7a-00fa7ded7930;55352;Wadfow máquina vibratoria de piso 20V WTVM1D128;True;False;True;17200.0;11032.0;1.559;20400;3200;54.0;USD;https://www.totalherramientasoficial.com.py/produto/wadfow-maquina-vibra-de-piso-20v--wtvm1d128-55178.html;2026-09-27;;;;;NO;NO;DEBAJO_DE_1_75_COSTO_BASE
841f1ad5-3ba4-599f-bb02-04d133bf46b7;367431;Total martillo rotativo TH112386 1200W sds max;True;False;True;206400.0;132384.0;1.559;244900;38500;;;https://www.totalherramientasoficial.com.py/produto/total-martlete--th112386-1200w-sds-max-27965.html;;;;;;NO;NO;SIN_PRECIO_PROVEEDOR_ACTUAL
84210826-3ff6-5d33-b6b7-e605dddcf787;511957;Total multi-herramientas TMLI20228;True;False;True;17200.0;11032.0;1.559;20400;3200;;;https://www.totalherramientasoficial.com.py/produto/total-multiferramentas--tmli20228-48546.html;;;;;;NO;NO;SIN_PRECIO_PROVEEDOR_ACTUAL
842da702-9c2c-526f-954f-a284f27bad3b;512237;Total martillo perforador sds max 1700W TH117556;True;False;True;1196000.0;767008.0;1.559;1419000;223000;460.0;USD;https://www.totalherramientasoficial.com.py/produto/total-martelete-perfurador-sds-max-1700w--th117556-48574.html;2026-09-27;;;;;NO;NO;DEBAJO_DE_1_75_COSTO_BASE
84313a5e-85eb-5544-b4bc-e8327a36f66f;470643;"Wadfow válvula esfera roscable acero 1"" WVV5811";True;False;True;20000.0;12838.0;1.558;23800;3800;7.7;USD;https://www.totalherramientasoficial.com.py/produto/wadfow-valvula-esfera-rosqueavel-aco--1--wvv5811-42748.html;2026-09-27;;;;;NO;NO;DEBAJO_DE_1_75_COSTO_BASE
8432e0d9-d14c-55ed-affb-8aec6444d687;609845;Total cortacésped 40V 4 en 1 TSTLI2040386;True;False;True;923000.0;591930.0;1.559;1095100;172100;355.0;USD;https://www.totalherramientasoficial.com.py/produto/total-corta-grama-40v-4-em-1-tstli2040386-57257.html;2026-09-27;;;;;NO;NO;DEBAJO_DE_1_75_COSTO_BASE
8444004d-dc92-51b5-a3c0-bce425f43d4c;576154;Total combo 4PCS 20V UTOSLI250993;True;False;True;364000.0;233421.0;1.559;431800;67800;139.99;USD;https://www.totalherramientasoficial.com.py/produto/total--combo-4pcs-20v--utosli250993-56011.html;2026-09-27;;;;;NO;NO;DEBAJO_DE_1_75_COSTO_BASE
8448ec1c-0135-57f1-b75d-b32945f80389;533355;Wadfow alicate multifuncion de punta larga WPL2778;True;False;True;14300.0;9172.0;1.559;17000;2700;5.5;USD;https://www.totalherramientasoficial.com.py/produto/wadfow-alicate-multifuncao-de-ponta-larga-wpl2778-51389.html;2026-09-27;;;;;NO;NO;DEBAJO_DE_1_75_COSTO_BASE
845457df-8fcb-57dd-9329-246288038cac;488501;Total carro de herramientas 3 bandejas THPTC301;True;False;True;17200.0;11032.0;1.559;20400;3200;;;https://www.totalherramientasoficial.com.py/produto/total-carro-de-ferramentas-3-bandejas-thptc301-46086.html;;;;;;NO;NO;SIN_PRECIO_PROVEEDOR_ACTUAL
8470afa7-05e6-5718-a715-167260d3417e;564861;Total rotomartillo 42V motor sin escobillas TRHLI422882;True;False;True;418600.0;268453.0;1.559;496600;78000;161.0;USD;https://www.totalherramientasoficial.com.py/produto/total-martelete-42v-motor-sem-escovas--trhli422882-54596.html;2026-09-27;;;;;NO;NO;DEBAJO_DE_1_75_COSTO_BASE
847c14b3-cdba-532c-87ff-07bba76189af;488792;Wadfow pistola de aceite de succión WGG3550 500CC;True;False;True;15600.0;10004.0;1.559;18500;2900;6.0;USD;https://www.totalherramientasoficial.com.py/produto/wadfow-pistola-de-oleo-de-succao-wgg3550-500cc-46115.html;2026-09-27;;;;;NO;NO;DEBAJO_DE_1_75_COSTO_BASE
848e8c1f-232e-5a85-abd9-88696255671f;486309;Total rotomartillo 800W sds plus UTH308268-2;True;False;True;152400.0;97712.0;1.56;180800;28400;;;https://www.totalherramientasoficial.com.py/produto/total--martelete--800w-sds-plus--uth3082682-45846.html;;;;;;NO;NO;SIN_PRECIO_PROVEEDOR_ACTUAL
84a6d4c2-05e9-5357-8321-207dd4980a2e;554138;Total botas de lluvia TSP302LAB.46;True;False;True;59000.0;37824.0;1.56;70000;11000;;;https://www.totalherramientasoficial.com.py/produto/total-botas-de-chuva-tsp302lab46-53513.html;;;;;;NO;NO;SIN_PRECIO_PROVEEDOR_ACTUAL
84ab71eb-a0ed-5c0b-a1e6-8c498fe69852;417341;Total kit llave allen hexagonales THT106292;True;False;True;8800.0;5674.0;1.551;10500;1700;;;https://www.totalherramientasoficial.com.py/produto/total-kit-chave-hexagonal-tht106292-32635.html;;;;;;NO;NO;SIN_PRECIO_PROVEEDOR_ACTUAL
84bcf7fa-5f44-58a3-b887-96f10ec906e6;436649;Total kit de destornilladores de precisión y puntas THT250614;True;False;True;20800.0;13339.0;1.559;24700;3900;8.0;USD;https://www.totalherramientasoficial.com.py/produto/total-kit-de-chave-de-fenda-de-precisao-e-pontas---tht250614-14pcs-34624.html;2026-09-27;;;;;NO;NO;DEBAJO_DE_1_75_COSTO_BASE
84c76427-3f53-555a-b758-c3325ec751df;465328;Total rotomartillo 20V TRHLI20228;True;False;True;235900.0;151296.0;1.559;279900;44000;;;https://www.totalherramientasoficial.com.py/produto/total-martlete--20v-trhli20228-42179.html;;;;;;NO;NO;SIN_PRECIO_PROVEEDOR_ACTUAL
84ea5af3-ad01-575f-99b3-07693d99f608;542241;Wadfow kit de pintura WCB3H13 14PCS;True;False;True;17200.0;11032.0;1.559;20400;3200;;;https://www.totalherramientasoficial.com.py/produto/wadfow-kit-de-pintura--wcb3h13-14pcs-52310.html;;;;;;NO;NO;SIN_PRECIO_PROVEEDOR_ACTUAL
8524320b-4a99-5d4d-b49b-ed2da9b835e7;44011;Total juego de accesorios para pulidora 12PCS TAC15012;True;False;True;23400.0;15007.0;1.559;27800;4400;9.0;USD;https://www.totalherramientasoficial.com.py/produto/total-conjunto-de-acessorios-para-polidora-12pcs-tac15012-34987.html;2026-09-27;;;;;NO;NO;DEBAJO_DE_1_75_COSTO_BASE
8542edf5-2e07-5748-8c20-e92d0dfdedb3;469470;Wadfow kit herramientas 28PCS WHS1M28;True;False;True;56600.0;36267.0;1.561;67100;10500;21.75;USD;https://www.totalherramientasoficial.com.py/produto/wadfow--kit-ferramentas-28pcs--whs1m28-42631.html;2026-09-27;;;;;NO;NO;DEBAJO_DE_1_75_COSTO_BASE
85523221-28ed-516b-ad46-bd7cdfa9b6b6;12312;Victoria's Secret Loción Vanilla Lace 236 ml;True;False;True;31200.0;;;;;12.0;USD;https://atacadousa.com.py/cosmeticos/12312-locao-victoria-s-secret-vanilla-lace-236ml.html;2026-09-27;;;;;NO;NO;SIN_COSTO_BASE_DOCUMENTADO
85531942-2ad3-5c89-8d33-659d26d29054;103015;Wadfow set automotivo 8PCS WART1D08;True;False;True;65000.0;41685.0;1.559;77100;12100;25.0;USD;https://www.totalherramientasoficial.com.py/produto/wadfow-kit-automotivo-8pcs--wart1d08-54870.html;2026-09-27;;;;;NO;NO;DEBAJO_DE_1_75_COSTO_BASE
8557707a-46f9-5b5c-8982-7f5a1091653a;576659;Total máquina de soldar 160A mma UTW216059;True;False;True;275600.0;176745.0;1.559;327000;51400;106.0;USD;https://www.totalherramientasoficial.com.py/produto/total-maquina-de-solda-160a-mma--utw216059-56070.html;2026-09-27;;;;;NO;NO;DEBAJO_DE_1_75_COSTO_BASE
855e0760-e7bd-5026-a7df-cbf8ec1f8d1f;460194;Wadfow set alicate combinadas 5PZ WPS1615;True;False;True;18800.0;12088.0;1.555;22400;3600;7.25;USD;https://www.totalherramientasoficial.com.py/produto/wadfow-kit--alicate--combinados--5pz---wps1615-41645.html;2026-09-27;;;;;NO;NO;DEBAJO_DE_1_75_COSTO_BASE
85803eb6-1094-5a9e-81c4-23e95cb584d3;489089;Wadfow cortadora universal inálambrico 4V WWUP1504;True;False;True;59800.0;38350.0;1.559;70900;11100;23.0;USD;https://www.totalherramientasoficial.com.py/produto/wadfow-cortador-universal-sem-fio-4v-wwup1504-46144.html;2026-09-27;;;;;NO;NO;DEBAJO_DE_1_75_COSTO_BASE
85906402-4b4e-54e3-b4df-042c1cf801fe;287333;Wadfow puntas de destornillador magnéticas 2PCS WSV8K01;True;False;True;2900.0;1834.0;1.581;3400;500;1.1;USD;https://www.totalherramientasoficial.com.py/produto/wadfow-pontas-de-chave-de-fenda-magneticas-2pcs--wsv8k01-55271.html;2026-09-27;;;;;NO;NO;DEBAJO_DE_1_75_COSTO_BASE
859c4292-dac2-5b6d-bdc0-d2fead0ec13c;460408;"Wadfow remachador manual 10.5"" WHR2610";True;False;True;12000.0;7669.0;1.565;14200;2200;4.6;USD;https://www.totalherramientasoficial.com.py/produto/wadfow-rebitador-mao-105--whr2610-41666.html;2026-09-27;;;;;NO;NO;DEBAJO_DE_1_75_COSTO_BASE
859e8084-fffe-5c2f-91f3-8ba7fd3931b8;381710;Total juego de caja de herramientas THPTCS71621 162PCS;True;False;True;27000.0;17336.0;1.557;32100;5100;;;https://www.totalherramientasoficial.com.py/produto/total-conjunto-de-caixa-de-ferramentas-thptcs71621-162pcs-29331.html;;;;;;NO;NO;SIN_PRECIO_PROVEEDOR_ACTUAL
85b550db-4e8b-5772-b5f7-c8c06ab4cdac;14403;Total máquina de soldar mag/mig /mma /tig 160A TMGT16058;True;False;True;206400.0;132384.0;1.559;244900;38500;;;https://www.totalherramientasoficial.com.py/produto/total-maquina-de-solda-magmig-mma-tig-160a--tmgt16058-13841.html;;;;;;NO;NO;SIN_PRECIO_PROVEEDOR_ACTUAL
85b66c4a-7e0f-5978-8e79-e9bd201e8416;469739;Wadfow grifo de lavabo WZD1516;True;False;True;34300.0;22010.0;1.558;40700;6400;13.2;USD;https://www.totalherramientasoficial.com.py/produto/wadfow-torneira--de-pia---wzd1516-42657.html;2026-09-27;;;;;NO;NO;DEBAJO_DE_1_75_COSTO_BASE
85c7dd94-cc84-5502-a99e-54c6222c4568;469272;Wadfow prensa sargento en f WCP2123 120X500MM;True;False;True;20000.0;12838.0;1.558;23800;3800;7.7;USD;https://www.totalherramientasoficial.com.py/produto/wadfow--bracadera--wcp2123--120x500mm-42611.html;2026-09-27;;;;;NO;NO;DEBAJO_DE_1_75_COSTO_BASE
8601e61d-bd2a-55d1-b5f3-611f71913640;532204;"Total juego de dados cr-v 1/2"" 17PCS THT121171";True;False;True;31900.0;20488.0;1.557;37900;6000;;;https://www.totalherramientasoficial.com.py/produto/total-conjunto-de-soquetes-crv-12-17pcs-tht121171-51274.html;;;;;;NO;NO;SIN_PRECIO_PROVEEDOR_ACTUAL
861bc4b2-20bc-5db9-af5f-4153ff99b860;514880;Total hacha THAX061600 600G;True;False;True;15000.0;9588.0;1.564;17700;2700;5.75;USD;https://www.totalherramientasoficial.com.py/produto/total-machado--thax061600-600g-48839.html;2026-09-27;;;;;NO;NO;DEBAJO_DE_1_75_COSTO_BASE
8639b3de-edd0-5cc6-aacc-e76294208511;471176;Wadfow soplador electrico 400W WAB15401 220V;True;False;True;42900.0;27514.0;1.559;50900;8000;16.5;USD;https://www.totalherramientasoficial.com.py/produto/wadfow--soprador-electrico-400w--wab15401---220v-42801.html;2026-09-27;;;;;NO;NO;DEBAJO_DE_1_75_COSTO_BASE
86592009-0bea-5357-be64-1d726a0fa10d;490276;Wadfow cinta reflectiva rojo y blanco tránsito 25MX50MM WPN5H5;True;False;True;15800.0;10156.0;1.556;18800;3000;6.09;USD;https://www.totalherramientasoficial.com.py/produto/wadfow-fita-refletiva-transito-vermelha-e-branca-25mx50mm-wpn5h50-46263.html;2026-09-27;;;;;NO;NO;DEBAJO_DE_1_75_COSTO_BASE
865f90b5-aaaa-5a8e-b16d-da40cd0d3bec;417372;Total botas seguridad TSP202SB.41;True;False;True;57200.0;36683.0;1.559;67900;10700;;;https://www.totalherramientasoficial.com.py/produto/total-botas-seguranca-tsp202sb41-32638.html;;;;;;NO;NO;SIN_PRECIO_PROVEEDOR_ACTUAL
86624b23-2ead-586c-8d9b-cefb376d03a1;340106;Total lamina tico TAC51101D p/madera;True;False;True;17200.0;11032.0;1.559;20400;3200;;;https://www.totalherramientasoficial.com.py/produto/total-lamina-tico-tac51101d--pmadeira-25481.html;;;;;;NO;NO;SIN_PRECIO_PROVEEDOR_ACTUAL
86675ff7-9f8d-5e27-a6e2-ccee0d045575;533317;"Wadfow alicate de corte diagonal 7"" WPL3717";True;False;True;9100.0;5838.0;1.559;10800;1700;3.5;USD;https://www.totalherramientasoficial.com.py/produto/wadfow-alicate-de-corte-diagonais--7-wpl3717-51385.html;2026-09-27;;;;;NO;NO;DEBAJO_DE_1_75_COSTO_BASE
8669a88b-9f14-5002-a5af-0c3f9eaa613d;472425;Total juego de herramientas manuales aisladas de 16 pzs thkith;True;False;True;31900.0;20488.0;1.557;37900;6000;;;https://www.totalherramientasoficial.com.py/produto/total-conjunto-de-ferramentas-manuais-isoladas-de-16-pcs-thkith1601-43676.html;;;;;;NO;NO;SIN_PRECIO_PROVEEDOR_ACTUAL
8669f263-dab2-5826-9507-c669f2a8f652;415552;Total botas de lluvia TSP302S1P.41;True;False;True;59000.0;37824.0;1.56;70000;11000;;;https://www.totalherramientasoficial.com.py/produto/total-botas-de-chuva--tsp302s1p41-32448.html;;;;;;NO;NO;SIN_PRECIO_PROVEEDOR_ACTUAL
86a58007-e43f-5510-9204-bc9be3968ca5;367677;Total juego de destornilladores cr-v THT250906 9PCS;True;False;True;15700.0;10086.0;1.557;18700;3000;;;https://www.totalherramientasoficial.com.py/produto/total-kit-chave-fenda--tht250906-crv-9pcs-27982.html;;;;;;NO;NO;SIN_PRECIO_PROVEEDOR_ACTUAL
86ad48d9-14cd-56df-b535-1147cd0db4b6;542098;Total set de herramientas 152PCS UTHKTHP31522;True;False;True;460200.0;295131.0;1.559;546000;85800;177.0;USD;https://www.totalherramientasoficial.com.py/produto/total--kit-de--ferramentas-152pcs--uthkthp31522-52295.html;2026-09-27;;;;;NO;NO;DEBAJO_DE_1_75_COSTO_BASE
86c2e559-ddbb-5806-b242-46a98a006885;201797;Wadfow llave combinada con ratchet 24MM WSA5124;True;False;True;5900.0;3782.0;1.56;7000;1100;;;https://www.totalherramientasoficial.com.py/produto/wadfow--chave-com--catraca-24mm---wsa5124-54884.html;;;;;;NO;NO;SIN_PRECIO_PROVEEDOR_ACTUAL
86c8589d-4024-5e85-ac4e-73aec8bcec20;461252;Wadfow pulverizador fulmigador 20L WKS1520;True;False;True;52000.0;33332.0;1.56;61700;9700;19.99;USD;https://www.totalherramientasoficial.com.py/produto/wadfow-pulverizador-20l---wks1520-41751.html;2026-09-27;;;;;NO;NO;DEBAJO_DE_1_75_COSTO_BASE
8702cb23-eba0-5c4a-8d8a-42ecbbefc80d;436632;Total kit llave fenda THT250604 4PCS;True;False;True;8800.0;5674.0;1.551;10500;1700;;;https://www.totalherramientasoficial.com.py/produto/total-kit-chave-fenda--tht250604-4pcs-34623.html;;;;;;NO;NO;SIN_PRECIO_PROVEEDOR_ACTUAL
87257da5-e8d5-5a06-86e4-82ba8fa46d24;488617;"Wadfow llave para tubos 10"" WPW7110";True;False;True;9100.0;5838.0;1.559;10800;1700;3.5;USD;https://www.totalherramientasoficial.com.py/produto/wadfow-chave-tubos-10---wpw7110-46097.html;2026-09-27;;;;;NO;NO;DEBAJO_DE_1_75_COSTO_BASE
8739b80b-038d-5656-96d0-2b98911c2308;460415;Wadfow remachador manual kit WHR1909;True;False;True;20800.0;13339.0;1.559;24700;3900;8.0;USD;https://www.totalherramientasoficial.com.py/produto/wadfow-rebitador-mao-kit--whr1909-41667.html;2026-09-27;;;;;NO;NO;DEBAJO_DE_1_75_COSTO_BASE
874cb20a-e110-58d1-a3a0-ee93f7ff34bc;566944;Medicube Deep Vita C Ampoule 14.5% - Pack X3;True;False;True;49400.0;;;;;18.0;USD;https://atacadousa.com.py/cosmeticos/10937-serum-facial-medicube-deep-vita-c-ampoule-145-3unid566944.html;2026-09-27;;;;;NO;NO;SIN_COSTO_BASE_DOCUMENTADO
875ff22d-b27f-5580-b85f-e346b895d6eb;463904;Wadfow pistola de pintura WGA1561 1000CC;True;False;True;27300.0;17509.0;1.559;32400;5100;10.5;USD;https://www.totalherramientasoficial.com.py/produto/wadfow--pistola-de-pintura-wga1561-1000cc-42037.html;2026-09-27;;;;;NO;NO;DEBAJO_DE_1_75_COSTO_BASE
876875b6-5781-54c9-a9ea-336ab7d2509a;104449;Total combo 2PCS llave de impacto + lámpara de trabajo 20V uto;True;False;True;221000.0;141730.0;1.559;262200;41200;;;https://www.totalherramientasoficial.com.py/produto/total-combo-2pcs-chave-de-impacto--luz-de-trabalho-20v--utosli23056-3165.html;;;;;;NO;NO;SIN_PRECIO_PROVEEDOR_ACTUAL
877d5752-de8f-539a-b841-4afa5cf25c7c;489980;Wadfow escalera de 5 peldaños 150KG WLD1H05;True;False;True;101400.0;65029.0;1.559;120300;18900;39.0;USD;https://www.totalherramientasoficial.com.py/produto/wadfow-escada-de-5-passos-150-kg-wld1h05-46234.html;2026-09-27;;;;;NO;NO;DEBAJO_DE_1_75_COSTO_BASE
87934389-cf45-5b46-8a31-00e3723461b0;340557;Total juego de cinceles plano y redondos 12PCS THT42K1201;True;False;True;17200.0;11032.0;1.559;20400;3200;;;https://www.totalherramientasoficial.com.py/produto/total-conjunto-de-cinzel-plano-e-redondo-12pcs-tht42k1201-25523.html;;;;;;NO;NO;SIN_PRECIO_PROVEEDOR_ACTUAL
87a137ef-2399-58be-93f0-68db2a86f173;536523;Total juego de brocas 12 pcs TACSDL11206;True;False;True;15700.0;10086.0;1.557;18700;3000;;;https://www.totalherramientasoficial.com.py/produto/total--broca-kit-12pcs---tacsdl11206-51713.html;;;;;;NO;NO;SIN_PRECIO_PROVEEDOR_ACTUAL
87b0baa1-819f-50ac-9304-942c639916f2;381246;Total bomba de agua pozo TWP515001-SB control;True;False;True;172000.0;110320.0;1.559;204100;32100;;;https://www.totalherramientasoficial.com.py/produto/total-bomba-de-agua-poco-twp515001sb-controle-29288.html;;;;;;NO;NO;SIN_PRECIO_PROVEEDOR_ACTUAL
87daa164-c005-5932-8363-ad114f08aa40;461436;Wadfow caja fuerte digital 50X35X33CM WEB1550;True;False;True;41800.0;26792.0;1.56;49600;7800;;;https://www.totalherramientasoficial.com.py/produto/wadfow-cofre--digital-50x35x33cm----web1550-41769.html;;;;;;NO;NO;SIN_PRECIO_PROVEEDOR_ACTUAL
87daf61d-2c93-5ba4-a008-0889240c4b70;537520;"Wadfow alicate de presion 10"" WLP9C10";True;False;True;13800.0;8826.0;1.564;16300;2500;;;https://www.totalherramientasoficial.com.py/produto/wadfow-alicate-de-pressao-10-wlp9c10-51818.html;;;;;;NO;NO;SIN_PRECIO_PROVEEDOR_ACTUAL
87fa9835-f95b-5e97-8714-b360735899fe;341059;Total capa de lluvia THTRS031.XL;True;False;True;26000.0;16658.0;1.561;30800;4800;;;https://www.totalherramientasoficial.com.py/produto/total-capa-de-chuva-thtrs031xl-25575.html;;;;;;NO;NO;SIN_PRECIO_PROVEEDOR_ACTUAL
880aaff9-fa2e-582e-835b-6cdd283a6dd3;239813;Total bomba de agua UTWP37501 1HP 750W 110V;True;False;True;122800.0;78784.0;1.559;145800;23000;47.25;USD;https://www.totalherramientasoficial.com.py/produto/total-bomba-de-agua-utwp37501-1hp-750w-110v-18496.html;2026-09-27;;;;;NO;NO;DEBAJO_DE_1_75_COSTO_BASE
88310eaa-ef5d-5fba-9dc1-21b6183c4a5c;463539;Wadfow juego de broca 9PCS WTD6B01;True;False;True;15700.0;10086.0;1.557;18700;3000;4.5;USD;https://www.totalherramientasoficial.com.py/produto/wadfow--broca--kit-9pcs------wtd6b01-42000.html;2026-09-27;;;;;NO;NO;DEBAJO_DE_1_75_COSTO_BASE
8836225c-ca6c-51ae-948f-5db29f384f7d;519533;Total amoladora 20V UTAGLI211541 motor sin escobillas;True;False;True;152400.0;97712.0;1.56;180800;28400;;;https://www.totalherramientasoficial.com.py/produto/total-rebarbadora--20v-utagli211541-motor-sem-escovas-49696.html;;;;;;NO;NO;SIN_PRECIO_PROVEEDOR_ACTUAL
8844228a-3578-5065-a4b8-e787766c3eb2;437455;Total extension electrica THES03041V;True;False;True;32500.0;20844.0;1.559;38600;6100;12.5;USD;https://www.totalherramientasoficial.com.py/produto/total-extinsao-de-tomada-de-4-tomadas--thes03041v-34708.html;2026-09-27;;;;;NO;NO;DEBAJO_DE_1_75_COSTO_BASE
884f801e-d85e-516f-8820-0e567f89ee5d;537735;Wadfow candado combinado de latón de 3 digitos WPD3423;True;False;True;7200.0;4586.0;1.57;8500;1300;2.75;USD;https://www.totalherramientasoficial.com.py/produto/wadfow-cadeado-de-combinacao-de-latao-de-3-digitos---wpd3423-51839.html;2026-09-27;;;;;NO;NO;DEBAJO_DE_1_75_COSTO_BASE
88507b33-66b4-5c4a-a00d-c559ace880c7;501873;Total combo herramientas 20V 4PCS TOSLI250782;True;False;True;486600.0;312048.0;1.559;577300;90700;;;https://www.totalherramientasoficial.com.py/produto/total-conjunto-de-ferramentas-industriais-20v-4pcs--tosli250782-47471.html;;;;;;NO;NO;SIN_PRECIO_PROVEEDOR_ACTUAL
8868b2d4-f408-5c9d-b6af-0ac5beba9160;3407;Total atornillador 4V carga usb TSDLI0442;True;False;True;157300.0;100864.0;1.56;186600;29300;;;https://www.totalherramientasoficial.com.py/produto/total-parafusadeira-4v-carga-usb--tsdli0442-55427.html;;;;;;NO;NO;SIN_PRECIO_PROVEEDOR_ACTUAL
88751fab-2014-5739-b375-fd80acd4fb46;456487;Total llave y THYSW101214 10X12X14MM;True;False;True;9100.0;5838.0;1.559;10800;1700;3.5;USD;https://www.totalherramientasoficial.com.py/produto/total-chave-soquete-y---thysw101214---10x12x14mm-40716.html;2026-09-27;;;;;NO;NO;DEBAJO_DE_1_75_COSTO_BASE
888c1b7f-2e05-58b0-a782-5ed341da7ad2;415774;Total atornillador TDLI12325 2BAT li-ion 12VOL;True;False;True;95800.0;61464.0;1.559;113700;17900;;;https://www.totalherramientasoficial.com.py/produto/total-parafusadeira-tdli12325-2bat-liion-12vol-32469.html;;;;;;NO;NO;SIN_PRECIO_PROVEEDOR_ACTUAL
888c6e04-5e38-58be-aff4-cd395162a9a3;463379;Wadfow gato de transmicion WHJ2Q05;True;False;True;949000.0;608604.0;1.559;1125900;176900;365.0;USD;https://www.totalherramientasoficial.com.py/produto/wadfow-macaco-motor-whj2q05-41984.html;2026-09-27;;;;;NO;NO;DEBAJO_DE_1_75_COSTO_BASE
88c4c8db-5624-5b55-84b9-5cf3735ccd86;341165;Total candado 90MM TLK32903 609G;True;False;True;35100.0;22512.0;1.559;41600;6500;13.5;USD;https://www.totalherramientasoficial.com.py/produto/total-cadiado-90mm--tlk32903-609g-25586.html;2026-09-27;;;;;NO;NO;DEBAJO_DE_1_75_COSTO_BASE
88d06d62-a87b-55db-84a6-951a6cb79c58;458801;Total compactadora gasolina 90KG TP7100-2;True;False;True;17200.0;11032.0;1.559;20400;3200;;;https://www.totalherramientasoficial.com.py/produto/total-compactador-gasolina-90kg--tp71002-41060.html;;;;;;NO;NO;SIN_PRECIO_PROVEEDOR_ACTUAL
88d3cbc8-b46e-5501-bf77-dfd2f5a5c9f5;380928;Total sierra sable TRSLI1151 li-ion;True;False;True;127800.0;81952.0;1.559;151600;23800;;;https://www.totalherramientasoficial.com.py/produto/total-serra-sabre-trsli1151-liion-29255.html;;;;;;NO;NO;SIN_PRECIO_PROVEEDOR_ACTUAL
89037d89-7bb1-57a4-86e2-2557ea420281;336055;Total combo 3 en 1 pistola + multímetro + soldador TTCK250716;True;False;True;47400.0;30429.0;1.558;56300;8900;18.25;USD;https://www.totalherramientasoficial.com.py/produto/total-combo-3-em-1-pistola--multimetro--soldador--ttck250716-25103.html;2026-09-27;;;;;NO;NO;DEBAJO_DE_1_75_COSTO_BASE
89250129-d081-59f8-829a-ae47202da55c;553452;"Total lijadora rotativa 5"" 320W TF2131256";True;False;True;108100.0;69344.0;1.559;128300;20200;;;https://www.totalherramientasoficial.com.py/produto/total--lixadera-rotativa--5--320w--tf2131256-53445.html;;;;;;NO;NO;SIN_PRECIO_PROVEEDOR_ACTUAL
8944ebb6-460b-580d-b040-f7c71cc8274a;538084;Wadfow compresor de aire portátil 160PSI WAAC511;True;False;True;78000.0;50006.0;1.56;92500;14500;29.99;USD;https://www.totalherramientasoficial.com.py/produto/wadfow-compressor-de-ar-portatil-160psi--waac511-51874.html;2026-09-27;;;;;NO;NO;DEBAJO_DE_1_75_COSTO_BASE
894e1a0c-8441-56e1-a403-fce93b887222;490900;Total martillo para carroceria 7PCS TBAFO712;True;False;True;93600.0;60027.0;1.559;111000;17400;36.0;USD;https://www.totalherramientasoficial.com.py/produto/total-martelo-de-carrocaria--7pcs----tbafo712-46331.html;2026-09-27;;;;;NO;NO;DEBAJO_DE_1_75_COSTO_BASE
895e02e1-6936-5e7e-b28e-540d9011c80b;615174;Wadfow sierra sable 750W WRS15752 220V;True;False;True;127400.0;81703.0;1.559;151200;23800;49.0;USD;https://www.totalherramientasoficial.com.py/produto/wadfow--serra-sabre---750w--wrs15752-220v-57183.html;2026-09-27;;;;;NO;NO;DEBAJO_DE_1_75_COSTO_BASE
89628484-44bc-53b8-9228-8adb09f38ca0;542258;"Wadfow bolsa de herramientas 19"" 25 bolsillos WTG3120";True;False;True;39000.0;25011.0;1.559;46300;7300;;;https://www.totalherramientasoficial.com.py/produto/wadfow--bolsa-de-ferramentas-19-25-bolsos--wtg3120-52311.html;;;;;;NO;NO;SIN_PRECIO_PROVEEDOR_ACTUAL
8966eb9f-3411-5fc7-9045-4277c64f35a3;340984;Total botas de lluvia TSP302L.42;True;False;True;23400.0;15007.0;1.559;27800;4400;;;https://www.totalherramientasoficial.com.py/produto/total-botas-de-chuva-tsp302l42-25567.html;;;;;;NO;NO;SIN_PRECIO_PROVEEDOR_ACTUAL
8980bbb1-dc67-5792-8520-04217b611ca7;436182;"Total atornillador de impacto 20V hexagonal 1/4"" TIRLI2023";True;False;True;200200.0;128390.0;1.559;237500;37300;77.0;USD;https://www.totalherramientasoficial.com.py/produto/total-parafusadeira-de-impacto-20v-pontas-encaxe-14-tirli2023-34574.html;2026-09-27;;;;;NO;NO;DEBAJO_DE_1_75_COSTO_BASE
8983efa5-cca3-5d66-aa8b-5ffb025892c1;488624;"Wadfow llave para tubos 14"" WPW7114";True;False;True;15600.0;10004.0;1.559;18500;2900;6.0;USD;https://www.totalherramientasoficial.com.py/produto/wadfow-chave-para-tubos--14---wpw7114-46098.html;2026-09-27;;;;;NO;NO;DEBAJO_DE_1_75_COSTO_BASE
8997f62a-d42c-50a8-b0c3-d83c874a945c;436793;Total kit llave fenda THKISD1201 12PCS;True;False;True;52000.0;33332.0;1.56;61700;9700;19.99;USD;https://www.totalherramientasoficial.com.py/produto/total-kit-chave-fenda--thkisd1201--12pcs-34641.html;2026-09-27;;;;;NO;NO;DEBAJO_DE_1_75_COSTO_BASE
89b9ed6f-3618-52c0-9872-1a2a14084330;505871;Wadfow cerradura eléctrica 600MM WKLZ512;True;False;True;59800.0;38350.0;1.559;70900;11100;23.0;USD;https://www.totalherramientasoficial.com.py/produto/wadfow--fechadura-eletrica-600mm--wklz512-47873.html;2026-09-27;;;;;NO;NO;DEBAJO_DE_1_75_COSTO_BASE
89e12b18-c07a-5eca-b782-a0a53ddd5841;28011;Total gato hidráulico de piso 2TON 450MM THT101021;True;False;True;13800.0;8826.0;1.564;16300;2500;;;https://www.totalherramientasoficial.com.py/produto/total-macaco-hidraulico-de-piso-2ton--450mm-tht101021-55507.html;;;;;;NO;NO;SIN_PRECIO_PROVEEDOR_ACTUAL
89e886ce-232c-5aaa-b353-0598e2d5cf04;512695;"Total sierra policorte TS223558 14"" 2200W";True;False;True;137600.0;88256.0;1.559;163300;25700;;;https://www.totalherramientasoficial.com.py/produto/total-serra-policorte-ts223558-14--2200w-48620.html;;;;;;NO;NO;SIN_PRECIO_PROVEEDOR_ACTUAL
8a194d34-a6b9-580e-b962-059ccc25f78c;312080;Total martillo rotativo 1800WTH118366 sds plus 220V;True;False;True;235900.0;151296.0;1.559;279900;44000;;;https://www.totalherramientasoficial.com.py/produto/total-martlete--th118366-1800w-sds-plus--220v-22941.html;;;;;;NO;NO;SIN_PRECIO_PROVEEDOR_ACTUAL
8a1e33af-4645-5266-af41-e45916d1f99b;228817;Total macacon de trabajo TSP6033.XL;True;False;True;57200.0;36683.0;1.559;67900;10700;22.0;USD;https://www.totalherramientasoficial.com.py/produto/total-macacao-de-trabalho--tsp6033xl-17977.html;2026-09-27;;;;;NO;NO;DEBAJO_DE_1_75_COSTO_BASE
8a2682ab-a061-56c2-9ef8-0c0720853208;232111;Total sierra circular 20V 185MM TSLI18513;True;False;True;312000.0;200089.0;1.559;370200;58200;120.0;USD;https://www.totalherramientasoficial.com.py/produto/total-serra-circular-20v-185mm--tsli18513-56024.html;2026-09-27;;;;;NO;NO;DEBAJO_DE_1_75_COSTO_BASE
8a5396b4-c44a-5526-9178-cb1600fcf71e;521161;"Total alicates combinados multifunción 8 en 1 THTMF186 8""";True;False;True;11800.0;7565.0;1.56;14000;2200;;;https://www.totalherramientasoficial.com.py/produto/total-alicate-combinado-multifuncoes-8-em-1--thtmf186--8-49869.html;;;;;;NO;NO;SIN_PRECIO_PROVEEDOR_ACTUAL
8a550657-a8ad-5d64-9f95-e6959cf64e0b;341431;Total alicate pelacable THT15851 215MM;True;False;True;7800.0;4986.0;1.564;9200;1400;;;https://www.totalherramientasoficial.com.py/produto/total-descascador-de-fio--tht15851-215mm-25606.html;;;;;;NO;NO;SIN_PRECIO_PROVEEDOR_ACTUAL
8a8b144b-86dd-5111-9ded-2d72d5cedcd9;470759;"Wadfow válvula de retención tipo horizontal 1"" WVV6851";True;False;True;26000.0;16674.0;1.559;30800;4800;10.0;USD;https://www.totalherramientasoficial.com.py/produto/wadfow-valvula-de-retencao-horizontal-1-wvv6851-42759.html;2026-09-27;;;;;NO;NO;DEBAJO_DE_1_75_COSTO_BASE
8ac90626-996e-58e8-83c8-f0566e21665e;486170;Total remachadora li-ion TRTLI2005 20V;True;False;True;12300.0;7880.0;1.561;14600;2300;;;https://www.totalherramientasoficial.com.py/produto/total--rebitador-liion-trtli2005-20v-45833.html;;;;;;NO;NO;SIN_PRECIO_PROVEEDOR_ACTUAL
8acce959-45d3-53fa-b98f-13113c9c9f18;613798;Wadfow amoladora 20V 1150W WLAP25292;True;False;True;260000.0;166725.0;1.559;308400;48400;99.99;USD;https://www.totalherramientasoficial.com.py/produto/wadfow-esmirilhadeira-20v-1150w---wlap25292-57172.html;2026-09-27;;;;;NO;NO;DEBAJO_DE_1_75_COSTO_BASE
8ae472d2-2255-5116-af2a-0c6f93de432a;589800;Numbuzin No.9 NAD+ Retinol Volumetox Eye Cream 10 ml;True;False;True;36400.0;;;;;15.0;USD;https://atacadousa.com.py/cosmeticos/11994-creme-para-contorno-de-olhos-numbuzin-no9-nadretinol-volumetox-10ml.html;2026-09-27;;;;;NO;NO;SIN_COSTO_BASE_DOCUMENTADO
8af0846c-0cb1-5244-93ca-15fa1db66805;381864;Total cinta metrica TMT11206 20METRO;True;False;True;3900.0;2522.0;1.546;4700;800;;;https://www.totalherramientasoficial.com.py/produto/total-trena-metro--tmt11206---20metro-29346.html;;;;;;NO;NO;SIN_PRECIO_PROVEEDOR_ACTUAL
8b0ad49a-2476-58d9-a13a-f92382f342e5;469128;Wadfow juego de 45 puntas de destornillador WSS8B45;True;False;True;21400.0;13755.0;1.556;25400;4000;8.25;USD;https://www.totalherramientasoficial.com.py/produto/wadfow-conjunto-de-45-pontas-de-chave-de-fenda--wss8b45-42596.html;2026-09-27;;;;;NO;NO;DEBAJO_DE_1_75_COSTO_BASE
8b170c3e-721b-5753-b35b-d9f821e07083;367707;Total prensa sargento f THT1320502 50X200;True;False;True;13800.0;8826.0;1.564;16300;2500;;;https://www.totalherramientasoficial.com.py/produto/total-sargento-f--tht1320502--50x200-27985.html;;;;;;NO;NO;SIN_PRECIO_PROVEEDOR_ACTUAL
8b2e5783-057d-5def-adaa-345d263f5387;341486;"Total pistola de silicona aluminio 12"" THT20112";True;False;True;36900.0;23640.0;1.561;43700;6800;;;https://www.totalherramientasoficial.com.py/produto/total-pistola-de-silicone-aluminio--12--tht20112-calaftagem-25610.html;;;;;;NO;NO;SIN_PRECIO_PROVEEDOR_ACTUAL
8b3075c9-e99a-512d-9911-c3c4c6e521a6;436342;Total presurizador TWPS101 10BAR-10AM;True;False;True;17200.0;11032.0;1.559;20400;3200;;;https://www.totalherramientasoficial.com.py/produto/total-pressurizador-twps101-10bar10am-34592.html;;;;;;NO;NO;SIN_PRECIO_PROVEEDOR_ACTUAL
8b315343-bf4b-522a-952f-cdc4a2887b6b;381215;Total bomba de agua pozo 1HP 750W 80M UTWP57506;True;False;True;517400.0;331814.0;1.559;613900;96500;199.0;USD;https://www.totalherramientasoficial.com.py/produto/total-bbomba-de-agua-de-poco--1hp-750w-80m-utwp57506-29285.html;2026-09-27;;;;;NO;NO;DEBAJO_DE_1_75_COSTO_BASE
8b51e09b-8774-585c-ab15-9aed14e96ea5;462976;Wadfow nivel burbuja 200CM WSL1G200;True;False;True;37700.0;24179.0;1.559;44700;7000;14.5;USD;https://www.totalherramientasoficial.com.py/produto/wadfow-nivel---200cm--wsl1g200-41944.html;2026-09-27;;;;;NO;NO;DEBAJO_DE_1_75_COSTO_BASE
8b7b0d47-9df2-5f57-9ca3-ae853eb95946;436717;Total juego de destornillador 55PCS TACSD30556;True;False;True;26000.0;16658.0;1.561;30800;4800;9.99;USD;https://www.totalherramientasoficial.com.py/produto/total-kit-chave-de-fenda--55pcs--tacsd30556-34633.html;2026-09-27;;;;;NO;NO;DEBAJO_DE_1_75_COSTO_BASE
8b82805b-0e8a-5929-a332-9e4648cb3c84;542210;Wadfow kit de herramientas 211PCS WHS3211;True;False;True;1154400.0;740329.0;1.559;1369600;215200;444.0;USD;https://www.totalherramientasoficial.com.py/produto/wadfow--kit-de-ferramentas--211pcs---whs3211-52307.html;2026-09-27;;;;;NO;NO;DEBAJO_DE_1_75_COSTO_BASE
8b8690fa-58f3-5e37-beff-5f6c8e3d2910;460675;Wadfow juego de cinceles para madera WWC2204 4PCS;True;False;True;22100.0;14175.0;1.559;26200;4100;8.5;USD;https://www.totalherramientasoficial.com.py/produto/wadfow-chave-forman--para-madeira-wwc2204--4pcs-41693.html;2026-09-27;;;;;NO;NO;DEBAJO_DE_1_75_COSTO_BASE
8b8a64c1-815a-579a-8317-deddc6d8e50b;528498;Wadfow cortador azulejos 1000MM WTR1510;True;False;True;12300.0;7880.0;1.561;14600;2300;;;https://www.totalherramientasoficial.com.py/produto/wadfow-cortador-azulejos-1000mm-wtr1510-50681.html;;;;;;NO;NO;SIN_PRECIO_PROVEEDOR_ACTUAL
8ba36e2c-5716-55c0-a0c0-4e357cc7c7bb;12310;Victoria's Secret Loción Love Spell Vacation 236 ml;True;False;True;31200.0;;;;;;;https://atacadousa.com.py/cosmeticos/12310-locao-victoria-s-secret-love-spell-vacation236ml.html;;;;;;NO;NO;SIN_COSTO_BASE_DOCUMENTADO
8bb3a6df-8e09-50db-b778-7aa259353dba;553292;Total compresor de aire 50L TCS1120508;True;False;True;368600.0;236400.0;1.559;437300;68700;;;https://www.totalherramientasoficial.com.py/produto/total-compressor-de-ar-de-50l--tcs1120508-53429.html;;;;;;NO;NO;SIN_PRECIO_PROVEEDOR_ACTUAL
8bc6e451-2334-537f-9f40-209a3cdea8ea;465373;Total set cinceles para madera 4PCS THT41K0401;True;False;True;17200.0;11032.0;1.559;20400;3200;;;https://www.totalherramientasoficial.com.py/produto/total-kit-forman-para-madeira--4pcs-tht41k0401-42184.html;;;;;;NO;NO;SIN_PRECIO_PROVEEDOR_ACTUAL
8bc85f41-489a-5427-a3c6-7f3cd55b2417;397094;Total medidor laser THIT015501;True;False;True;31900.0;20488.0;1.557;37900;6000;;;https://www.totalherramientasoficial.com.py/produto/total-termometro-laser----thit015501-30630.html;;;;;;NO;NO;SIN_PRECIO_PROVEEDOR_ACTUAL
8bce0d94-fbc4-550f-98c0-08dc73efc220;528276;Wadfow martillo de lapidación WHM2310 1000G;True;False;True;11100.0;7086.0;1.566;13100;2000;4.25;USD;https://www.totalherramientasoficial.com.py/produto/wadfow-martelo-de-lapidacao-whm2310-1000g-50659.html;2026-09-27;;;;;NO;NO;DEBAJO_DE_1_75_COSTO_BASE
8bd09dde-e57a-57d4-a5b5-16f55f96023f;397209;Total atornillador 16.8V TDLI1611 lithum biv;True;False;True;157300.0;100864.0;1.56;186600;29300;;;https://www.totalherramientasoficial.com.py/produto/total-parafusadeira-168v-tdli1611-lithum-biv-30640.html;;;;;;NO;NO;SIN_PRECIO_PROVEEDOR_ACTUAL
8bd1a0b3-e4ff-5049-85e0-2e4dadf28f12;613842;Wadfow cortasetos 20V WLYP5181;True;False;True;148200.0;95042.0;1.559;175800;27600;57.0;USD;https://www.totalherramientasoficial.com.py/produto/wadfow-aparador-cerca-viva-20v--wlyp5181-57222.html;2026-09-27;;;;;NO;NO;DEBAJO_DE_1_75_COSTO_BASE
8be462eb-c422-549c-ac18-e0b66f6049ef;239745;Total generador de energia gasolina TP18001 0.8 kva;True;False;True;884700.0;567360.0;1.559;1049600;164900;;;https://www.totalherramientasoficial.com.py/produto/total-gerador-de-energia-a-gasolina-tp18001-08-kva-8438.html;;;;;;NO;NO;SIN_PRECIO_PROVEEDOR_ACTUAL
8be87aff-918a-58ad-acfe-fa8da8d62cc7;527729;Total juego de herramientas aisladas THKIST3062 6PCS;True;False;True;31900.0;20488.0;1.557;37900;6000;;;https://www.totalherramientasoficial.com.py/produto/total--kit-ferramentas-isolada-thkist3062--6pcs-50597.html;;;;;;NO;NO;SIN_PRECIO_PROVEEDOR_ACTUAL
8c0fe96f-4b32-5b52-a237-6cfc7adcc2ac;488549;Wadfow juego de destornilladores de material cv-r WSS1416 16PC;True;False;True;15700.0;10086.0;1.557;18700;3000;;;https://www.totalherramientasoficial.com.py/produto/wadfow-kit-de-chave-de-fenda--de-material-cvr-wss1416-16pcs-46090.html;;;;;;NO;NO;SIN_PRECIO_PROVEEDOR_ACTUAL
8c19242e-8b0a-5cce-a770-613ffa3d6a5b;460699;Wadfow kit llave combinada WDS2208 8PZ;True;False;True;20800.0;13339.0;1.559;24700;3900;8.0;USD;https://www.totalherramientasoficial.com.py/produto/wadfow-kit-chave-combinada--wds2208--8pcs-41695.html;2026-09-27;;;;;NO;NO;DEBAJO_DE_1_75_COSTO_BASE
8c4080bf-6c74-51c6-969a-9ef655981437;316835;Total hoja de siedrra de calar para metal TAC51118B;True;False;True;137600.0;88256.0;1.559;163300;25700;;;https://www.totalherramientasoficial.com.py/produto/total-lamina-de-serra-para-metal-tac51118b-23397.html;;;;;;NO;NO;SIN_PRECIO_PROVEEDOR_ACTUAL
8c4662f5-5a84-5eeb-baf5-2b9169c1eb0f;338332;Total amoladora TG1121256 1010W;True;False;True;118000.0;75648.0;1.56;139900;21900;;;https://www.totalherramientasoficial.com.py/produto/total-rebarbadora-tg1121256--1010w-25316.html;;;;;;NO;NO;SIN_PRECIO_PROVEEDOR_ACTUAL
8c6b69be-ba1e-5984-9cd7-a5c18448bb7d;576109;Total taladro de impacto 42V 99NM UTIDLI429982;True;False;True;270400.0;173410.0;1.559;320800;50400;104.0;USD;https://www.totalherramientasoficial.com.py/produto/total-parafusadeira--42v--99nm--utidli429982-55999.html;2026-09-27;;;;;NO;NO;DEBAJO_DE_1_75_COSTO_BASE
8c759d52-7f47-5ad3-8900-1baa9047b5c0;381345;Total hidrolavadora TGT11356 1800W 2200PSI;True;False;True;324400.0;208032.0;1.559;384900;60500;;;https://www.totalherramientasoficial.com.py/produto/total-lava-jato--tgt11356-1800w-2200psi-29297.html;;;;;;NO;NO;SIN_PRECIO_PROVEEDOR_ACTUAL
8c79e979-5ec2-5e92-9741-862e30eef8d0;512350;Total chaleco para herramientas 42X60X3CM TTVT16025;True;False;True;31200.0;20009.0;1.559;37000;5800;12.0;USD;https://www.totalherramientasoficial.com.py/produto/total-colete-de-ferramentas-42x60x3cm---ttvt16025-48586.html;2026-09-27;;;;;NO;NO;DEBAJO_DE_1_75_COSTO_BASE
8c973c94-3fa7-592a-87c6-a97c3c58ebd9;460736;Wadfow kit llave combinada WSP5207 7PCS c/trinquete flexible;True;False;True;44200.0;28346.0;1.559;52400;8200;17.0;USD;https://www.totalherramientasoficial.com.py/produto/wadfow-kit-chave-combinada--wsp5207-7pcs--catraca-flex-41699.html;2026-09-27;;;;;NO;NO;DEBAJO_DE_1_75_COSTO_BASE
8cc4b1f6-a466-5a7b-9982-1930583ffe06;463638;Wadfow broca escalonada hss kit 3PCS WJD3401;True;False;True;31200.0;20009.0;1.559;37000;5800;12.0;USD;https://www.totalherramientasoficial.com.py/produto/wadfow-broca-etapas-hss--kit--3pcs-wjd3401-42010.html;2026-09-27;;;;;NO;NO;DEBAJO_DE_1_75_COSTO_BASE
8cc5f720-b0f5-5112-a9fc-dadd01e76741;239684;Total sierra mármol 1400W UTS3141102;True;False;True;119600.0;76701.0;1.559;141900;22300;46.0;USD;https://www.totalherramientasoficial.com.py/produto/total-serra-marmore-1400w---uts3141102-18489.html;2026-09-27;;;;;NO;NO;DEBAJO_DE_1_75_COSTO_BASE
8cc7ced9-c809-57b7-9f5c-4bcfb05a35ba;486064;Total atornillador -taladro con funcion de impacto 20V UTIDLI2;True;False;True;137600.0;88256.0;1.559;163300;25700;;;https://www.totalherramientasoficial.com.py/produto/total--parafusadeirafuradeira--com-funcao-de-impacto-20v-utidli201452-45820.html;;;;;;NO;NO;SIN_PRECIO_PROVEEDOR_ACTUAL
8cdac5cd-116d-544e-81d5-1f346e8c00f2;230537;Total compresor de aire 50L TC255016;True;False;True;371800.0;238439.0;1.559;441100;69300;;;https://www.totalherramientasoficial.com.py/produto/total-compressor-de-ar-50l--tc255016-54831.html;;;;;;NO;NO;SIN_PRECIO_PROVEEDOR_ACTUAL
8d1ac38f-41d0-5f12-8912-a3df2245d041;441032;Total gato hidráulico THT10832 3 ton;True;False;True;13800.0;8826.0;1.564;16300;2500;;;https://www.totalherramientasoficial.com.py/produto/total-macaco--hidraulico-tht10832--3-ton-35085.html;;;;;;NO;NO;SIN_PRECIO_PROVEEDOR_ACTUAL
8d7b3e72-6448-5642-8fa2-ae8af5c975ec;488914;Wadfow caja de almacenamiento WTB8346;True;False;True;17200.0;11032.0;1.559;20400;3200;17.5;USD;https://www.totalherramientasoficial.com.py/produto/wadfow-caixa-de-armazenamento-wtb8346-46127.html;2026-09-27;;;;;NO;NO;DEBAJO_DE_1_75_COSTO_BASE
8da05b1b-73a1-5d8a-8631-d77946d49f28;502207;Total kit alicate 3PCS de acción compuesta THT2CK231S;True;False;True;42300.0;27095.0;1.561;50100;7800;16.25;USD;https://www.totalherramientasoficial.com.py/produto/total-kit-de-alicate-de-acao-composto-3-pcs--tht2ck231s-47504.html;2026-09-27;;;;;NO;NO;DEBAJO_DE_1_75_COSTO_BASE
8dca3b53-c67a-5caf-91d9-ac61c2899855;531566;Total lijadora de pared TDWS10508 850W;True;False;True;182000.0;116703.0;1.56;215900;33900;69.99;USD;https://www.totalherramientasoficial.com.py/produto/total-lixadora-de-parede-tdws10508-850w-51210.html;2026-09-27;;;;;NO;NO;DEBAJO_DE_1_75_COSTO_BASE
8e102ae1-92c1-5218-9c4e-da007be30f7a;437486;Total guante TSP12104-L;True;False;True;18200.0;11672.0;1.559;21600;3400;7.0;USD;https://www.totalherramientasoficial.com.py/produto/total-luvas-----------tsp12104l-34711.html;2026-09-27;;;;;NO;NO;DEBAJO_DE_1_75_COSTO_BASE
8e11f37d-ff3a-5f66-8a2f-c8e64499927e;543095;Wadfow llave multifunción 16 in 1 WHK4516;True;False;True;8800.0;5674.0;1.551;10500;1700;3.5;USD;https://www.totalherramientasoficial.com.py/produto/wadfow-chave-multifuncao-16-em-1-whk4516-52395.html;2026-09-27;;;;;NO;NO;DEBAJO_DE_1_75_COSTO_BASE
8e204624-0911-5acf-8965-940ee8ca1bcf;542647;Wadfow juego de puntos de destornillador de trinquete WSS8B05;True;False;True;19800.0;12671.0;1.563;23400;3600;7.6;USD;https://www.totalherramientasoficial.com.py/produto/wadfow-conjunto-de-bits-de-chave-de-fenda-com-catraca-wss8b05-106pcs-52350.html;2026-09-27;;;;;NO;NO;DEBAJO_DE_1_75_COSTO_BASE
8e29e0ae-9b72-5c42-bd47-20d381b29ffe;437011;Total llave de torsión THPTW200N2;True;False;True;8800.0;5674.0;1.551;10500;1700;;;https://www.totalherramientasoficial.com.py/produto/total-chave-de-torque-thptw200n2-34663.html;;;;;;NO;NO;SIN_PRECIO_PROVEEDOR_ACTUAL
8e47355a-c27c-5cb7-987b-226237f2f2e8;437264;Total nivel de burbuja magnetico TMT212026 120CM;True;False;True;13800.0;8826.0;1.564;16300;2500;;;https://www.totalherramientasoficial.com.py/produto/total-nivel------magnetico---tmt212026--120cm-34689.html;;;;;;NO;NO;SIN_PRECIO_PROVEEDOR_ACTUAL
8e477740-98e7-5ffb-a640-2100bfb4c1a5;456210;Total martillo de trineo THT750416 10LB 900MM;True;False;True;62900.0;40352.0;1.559;74700;11800;24.2;USD;https://www.totalherramientasoficial.com.py/produto/total-marreta--tht750416--10lb-900mm-40689.html;2026-09-27;;;;;NO;NO;DEBAJO_DE_1_75_COSTO_BASE
8e53c2a0-2429-585d-b801-3c7c413abc2d;542814;Wadfow alicates funcionales ergonómico 3PCS WPS0413;True;False;True;33800.0;21676.0;1.559;40100;6300;13.0;USD;https://www.totalherramientasoficial.com.py/produto/wadfow-alicate-ergonomico-funcional-3pcs----wps0413-52367.html;2026-09-27;;;;;NO;NO;DEBAJO_DE_1_75_COSTO_BASE
8e5860d9-782d-5bc4-b1e6-72ce078a6f31;528528;Wadfow cortador azulejos 1200MM WTR3512;True;False;True;12300.0;7880.0;1.561;14600;2300;;;https://www.totalherramientasoficial.com.py/produto/wadfow-cortador-azulejos-1200mm--wtr3512-50684.html;;;;;;NO;NO;SIN_PRECIO_PROVEEDOR_ACTUAL
8e5b8040-6fa4-5629-a781-5c9261b87e7f;437431;Total multiprobador TMT42002;True;False;True;31900.0;20488.0;1.557;37900;6000;;;https://www.totalherramientasoficial.com.py/produto/total-multitester---tmt42002-34706.html;;;;;;NO;NO;SIN_PRECIO_PROVEEDOR_ACTUAL
8e70595c-00bf-50af-9e4e-b63d2842fdcb;415538;Total nivel laser tripode de aluminio 1.2M TLLT01152;True;False;True;137600.0;88256.0;1.559;163300;25700;;;https://www.totalherramientasoficial.com.py/produto/total-nivel-laser--tripe-de-aluminio-12m---tllt01152-32446.html;;;;;;NO;NO;SIN_PRECIO_PROVEEDOR_ACTUAL
8e7fc825-befa-514b-bca9-c6abc0437f35;52023;Wadfow llave torx T9-T40 cr-v WHK3281;True;False;True;6500.0;4170.0;1.559;7700;1200;2.5;USD;https://www.totalherramientasoficial.com.py/produto/wadfow-chave-torx-t9t40-crv--whk3281-55227.html;2026-09-27;;;;;NO;NO;DEBAJO_DE_1_75_COSTO_BASE
8ea176e8-2f63-5ec4-a3fc-40c490e1f4c2;486774;"Total trinquete 20V de 3/8"" 65NM TDRLI2060151";True;False;True;13800.0;8826.0;1.564;16300;2500;;;https://www.totalherramientasoficial.com.py/produto/total-chave-catraca-20v-de-38-65nm--tdrli2060151-45893.html;;;;;;NO;NO;SIN_PRECIO_PROVEEDOR_ACTUAL
8eb983f9-1b29-52b1-8575-3fbda41fe349;469975;Wadfow juego de accesorio de baño WZG1516;True;False;True;68900.0;44188.0;1.559;81700;12800;26.5;USD;https://www.totalherramientasoficial.com.py/produto/wadfow--conjunto-de-acessorios-de-banheiro---wzg1516-42681.html;2026-09-27;;;;;NO;NO;DEBAJO_DE_1_75_COSTO_BASE
8ef19724-7837-5ed9-ab6e-087d82e07fa5;531573;Total cepilladora espesor de madera 1500W TTKP15001;True;False;True;17200.0;11032.0;1.559;20400;3200;;;https://www.totalherramientasoficial.com.py/produto/totalplaina-espessura-de-madeira-1500w---ttkp15001-51211.html;;;;;;NO;NO;SIN_PRECIO_PROVEEDOR_ACTUAL
8ef8e848-9929-59e3-9f4f-f8d402677bb2;536592;Total juego de brochas para pintura 3PCS THT8450301;True;False;True;13800.0;8826.0;1.564;16300;2500;;;https://www.totalherramientasoficial.com.py/produto/total-conjunto-de-pinceis-de-pintura-3pcs--tht8450301-51720.html;;;;;;NO;NO;SIN_PRECIO_PROVEEDOR_ACTUAL
8f254bfd-18a3-5af8-a146-c30a17656fcf;564830;Total martillo rotativo 20V TRHLI212282;True;False;True;270400.0;173410.0;1.559;320800;50400;104.0;USD;https://www.totalherramientasoficial.com.py/produto/total-martelete-20v--trhli212282-54593.html;2026-09-27;;;;;NO;NO;DEBAJO_DE_1_75_COSTO_BASE
8f27b9df-eee4-521b-85ea-02dc284677e3;487719;Total tecle de cadena 0.75 toneladas 1.5M THSLB0751;True;False;True;181400.0;116302.0;1.56;215200;33800;69.75;USD;https://www.totalherramientasoficial.com.py/produto/total--talha--075-toneladas-15m--thslb0751-46007.html;2026-09-27;;;;;NO;NO;DEBAJO_DE_1_75_COSTO_BASE
8f3131d6-fc6b-527d-91b6-886e8d463e87;486705;"Total atornillador 3/8"" 20V UTDLI200518-9";True;False;True;130000.0;83370.0;1.559;154200;24200;50.0;USD;https://www.totalherramientasoficial.com.py/produto/total--parafusadeira--38--20v--utdli2005189-45886.html;2026-09-27;;;;;NO;NO;DEBAJO_DE_1_75_COSTO_BASE
8f397df8-6c45-583c-bb90-b23b5200e9d1;380980;Total taladro 12V TDLI12206 2 velocidades;True;False;True;71300.0;45704.0;1.56;84600;13300;;;https://www.totalherramientasoficial.com.py/produto/total-furadeira--12v-tdli12206--2-velocidades-29261.html;;;;;;NO;NO;SIN_PRECIO_PROVEEDOR_ACTUAL
8f47eae0-2677-58c2-98b7-0ae4a25ad8af;164764;"Total motosierra 20V 8"" UTGSLI20882";True;False;True;46700.0;29944.0;1.56;55400;8700;;;https://www.totalherramientasoficial.com.py/produto/total-motoserra-20v-8--utgsli20882-56023.html;;;;;;NO;NO;SIN_PRECIO_PROVEEDOR_ACTUAL
8f50929e-2826-5ff2-9997-4351897b8175;614009;Wadfow extractor de inyectores diesel WGP5D01;True;False;True;31700.0;20343.0;1.558;37600;5900;12.2;USD;https://www.totalherramientasoficial.com.py/produto/wadfow-extrator-de-injetor-de-diesel--wgp5d01-57176.html;2026-09-27;;;;;NO;NO;DEBAJO_DE_1_75_COSTO_BASE
8f591619-a94a-5216-9441-3da1cc7f2a55;60790;"Total llave de impacto 1/2"" con encaje 1/4 "" 20V 230NM TIWLI20";True;False;True;8800.0;5674.0;1.551;10500;1700;;;https://www.totalherramientasoficial.com.py/produto/total-chave-de-impacto-12-com-encaixe-14-230nm-tiwli20236-35949.html;;;;;;NO;NO;SIN_PRECIO_PROVEEDOR_ACTUAL
8f61e188-878f-5b55-9729-5be8e903d530;381888;Total cinta metrica TMT710506 50METRO;True;False;True;3900.0;2522.0;1.546;4700;800;;;https://www.totalherramientasoficial.com.py/produto/total-fita-metrica-tmt710506--50metro-29349.html;;;;;;NO;NO;SIN_PRECIO_PROVEEDOR_ACTUAL
8f6e049c-289f-5918-9000-08a80bab443e;444149;"Total bolsa de herramientas 16"" THT16163";True;False;True;13800.0;8826.0;1.564;16300;2500;;;https://www.totalherramientasoficial.com.py/produto/total-bolsa-de-ferramenta-16-tht16163-37962.html;;;;;;NO;NO;SIN_PRECIO_PROVEEDOR_ACTUAL
8f8ae38f-375e-5272-bc09-1fe89e7c167e;553667;Total kit de máquina vibradora inalámbrica para azulejos ttvli;True;False;True;17200.0;11032.0;1.559;20400;3200;;;https://www.totalherramientasoficial.com.py/produto/total-kit-de-maquina-vibradora-inalambrica-para-azulejos-ttvli20015-53466.html;;;;;;NO;NO;SIN_PRECIO_PROVEEDOR_ACTUAL
8f9a7452-76a4-5122-b3a8-1e7eb8f0e8c6;490047;Wadfow escalera telescópica de aluminio 6 escalones 150KG WLD5;True;False;True;143000.0;91707.0;1.559;169700;26700;55.0;USD;https://www.totalherramientasoficial.com.py/produto/wadfow-escada-telescopica-de-aluminio-6-degraus-150kg---wld5h06-46240.html;2026-09-27;;;;;NO;NO;DEBAJO_DE_1_75_COSTO_BASE
8fa20508-9940-5265-a0d3-a7b3ec1ef069;417556;Total jardin pistola de agua THZATN1031;True;False;True;23600.0;15139.0;1.559;28000;4400;9.08;USD;https://www.totalherramientasoficial.com.py/produto/total-jardim-pistola-de-agua--thzatn1031-32656.html;2026-09-27;;;;;NO;NO;DEBAJO_DE_1_75_COSTO_BASE
8fa4197d-38bc-5cdc-9c0b-3a1a6e3fb354;490009;Wadfow escalera aluminio 3 escalones 120KG WLD3H03;True;False;True;72800.0;46687.0;1.559;86400;13600;28.0;USD;https://www.totalherramientasoficial.com.py/produto/wadfow-escada-de-aluminio-3-degraus-120kg-wld3h03-46236.html;2026-09-27;;;;;NO;NO;DEBAJO_DE_1_75_COSTO_BASE
8fe88569-796c-5bfd-bcd6-d2992b4bfbb0;509992;Total martillo perforador 20V 35MM TDBLI203582;True;False;True;460200.0;295131.0;1.559;546000;85800;177.0;USD;https://www.totalherramientasoficial.com.py/produto/total-martelo-perforador-20v35mm--tdbli203582-48328.html;2026-09-27;;;;;NO;NO;DEBAJO_DE_1_75_COSTO_BASE
8feffc26-ae9a-5ecf-ab02-2534320239c3;270274;Total martillo UTH115362 1500W sds plus;True;False;True;10800.0;6934.0;1.558;12800;2000;;;https://www.totalherramientasoficial.com.py/produto/total-martlete--uth115362-1500w-sds-plus-20306.html;;;;;;NO;NO;SIN_PRECIO_PROVEEDOR_ACTUAL
9000c31f-0582-5466-b9a0-65589d85b4dc;144650;Total kit destornillador 8 pcs TKSDS0846;True;False;True;16900.0;10840.0;1.559;20100;3200;6.5;USD;https://www.totalherramientasoficial.com.py/produto/total-kit-chave-fenda-8-pcs-tksds0846-56389.html;2026-09-27;;;;;NO;NO;DEBAJO_DE_1_75_COSTO_BASE
901baac5-3f1f-500d-ac71-f8bcfa83337b;470926;Wadfow gato hidráulico 32T WHJ1532;True;False;True;59000.0;37824.0;1.56;70000;11000;75.0;USD;https://www.totalherramientasoficial.com.py/produto/wadfow--macaco-32t---whj1532-42776.html;2026-09-27;;;;;NO;NO;DEBAJO_DE_1_75_COSTO_BASE
901ef5e4-8312-5e7d-a656-b01cb2b8cfd3;542968;Wadfow juego de extractores de equilibrador armanonico WGP8K13;True;False;True;14300.0;9172.0;1.559;17000;2700;5.5;USD;https://www.totalherramientasoficial.com.py/produto/wadfow-conjunto-de-extratores-de-balanceador-harmonico--wgp8k13-52382.html;2026-09-27;;;;;NO;NO;DEBAJO_DE_1_75_COSTO_BASE
9029a161-c303-525d-948b-e705c3f0d2b4;112963;"Wadfow camilla para mecánico 36"" WCCP0365";True;False;True;17200.0;11032.0;1.559;20400;3200;;;https://www.totalherramientasoficial.com.py/produto/wadfow--carro-plastico-creeper--36--wccp0365-3247.html;;;;;;NO;NO;SIN_PRECIO_PROVEEDOR_ACTUAL
903f844c-a84f-5f17-acfb-cc2f7ebf051a;442817;Total atornillador 20V UTDLI20012;True;False;True;93400.0;59888.0;1.56;110800;17400;;;https://www.totalherramientasoficial.com.py/produto/total-parafusadeira-20v-utdli20012-35273.html;;;;;;NO;NO;SIN_PRECIO_PROVEEDOR_ACTUAL
9054bb06-92f5-515c-8369-86122ba2f01e;300773;Total pistola de pintura TAT10601 hvlp;True;False;True;221200.0;141840.0;1.56;262400;41200;;;https://www.totalherramientasoficial.com.py/produto/total-pistola-de-pintura-tat10601-hvlp-11885.html;;;;;;NO;NO;SIN_PRECIO_PROVEEDOR_ACTUAL
906d29cb-aa8d-5b22-a657-2c615347601f;532389;Total juego cuchillo 22PCS THT515226;True;False;True;13800.0;8826.0;1.564;16300;2500;;;https://www.totalherramientasoficial.com.py/produto/total-conjunto-estilete-22pcs-tht515226-51292.html;;;;;;NO;NO;SIN_PRECIO_PROVEEDOR_ACTUAL
907447f7-fe4a-5aea-972e-e3bb79a41a9f;512503;Total kit combinado inalámbrico 20V TOSLI240461;True;False;True;319500.0;204880.0;1.559;379000;59500;;;https://www.totalherramientasoficial.com.py/produto/total-kit-de-combinacao--sem-fio--20v-tosli240461-48601.html;;;;;;NO;NO;SIN_PRECIO_PROVEEDOR_ACTUAL
908c2df6-a794-5b02-9781-709485b9a81b;486507;"Total caja de herramientas de plástico 12"" TPBX1121";True;False;True;27000.0;17336.0;1.557;32100;5100;;;https://www.totalherramientasoficial.com.py/produto/total-caixa-de-ferramentas-plastico-12---tpbx1121-45866.html;;;;;;NO;NO;SIN_PRECIO_PROVEEDOR_ACTUAL
90908075-350c-51c3-b5cc-fa280b046325;489249;Wadfow generador a gasolina 800W WGEAA01;True;False;True;466900.0;299440.0;1.559;554000;87100;;;https://www.totalherramientasoficial.com.py/produto/wadfow-gerador-a-gasolina-800w-wgeaa01-46160.html;;;;;;NO;NO;SIN_PRECIO_PROVEEDOR_ACTUAL
90940654-3de8-5b7c-aff5-80ba2d44871a;518703;Total cuchillas multiherramientas 23PCS TAKTMT2301;True;False;True;70200.0;45020.0;1.559;83300;13100;27.0;USD;https://www.totalherramientasoficial.com.py/produto/total-laminas-multiferramentas-23pcs-taktmt2301-49610.html;2026-09-27;;;;;NO;NO;DEBAJO_DE_1_75_COSTO_BASE
90a10ada-61b4-5d13-8f7c-f4fed459ba95;239462;Total sierra sable UTS100801 800W;True;False;True;127800.0;81952.0;1.559;151600;23800;;;https://www.totalherramientasoficial.com.py/produto/total-serra-sabre--uts100801--800w-18479.html;;;;;;NO;NO;SIN_PRECIO_PROVEEDOR_ACTUAL
90c279ce-bb50-5681-8ee6-53b9df4da6f5;529105;Total taladro de impacto 55NM 20V TIDLI205581;True;False;True;85800.0;55024.0;1.559;101800;16000;33.0;USD;https://www.totalherramientasoficial.com.py/produto/total-parafusadeira--55nm--20v-tidli205581-50757.html;2026-09-27;;;;;NO;NO;DEBAJO_DE_1_75_COSTO_BASE
90c2bfe0-9114-554d-ba5f-d7d8513e2a1a;527767;Total detector de voltaje 12V THT210003;True;False;True;13800.0;8826.0;1.564;16300;2500;;;https://www.totalherramientasoficial.com.py/produto/total-detector-de-tensao-tht210003-50601.html;;;;;;NO;NO;SIN_PRECIO_PROVEEDOR_ACTUAL
90cf66a7-1009-5168-8d79-342cbd023f71;415156;Total taladro diamante magnético 2800W TDDM28001;True;False;True;118000.0;75648.0;1.56;139900;21900;;;https://www.totalherramientasoficial.com.py/produto/total-furadeira--2800w--magnetica-tddm28001-32406.html;;;;;;NO;NO;SIN_PRECIO_PROVEEDOR_ACTUAL
90dbe1fd-b5ee-52ba-b304-b0ae36ed9e46;437561;Total tijeras p/poda THT1527101;True;False;True;27200.0;17424.0;1.561;32200;5000;10.45;USD;https://www.totalherramientasoficial.com.py/produto/total-tesoura-ppoda--tht1527101-34719.html;2026-09-27;;;;;NO;NO;DEBAJO_DE_1_75_COSTO_BASE
90e02cd1-a17b-5327-8df8-0706da6e8855;564960;Total taladro de impacto 42V motor sin escobillas TIDLI429982;True;False;True;270400.0;173410.0;1.559;320800;50400;;;https://www.totalherramientasoficial.com.py/produto/total-parafusadeira-de-impacto-42v-motor-sem-escovas--tidli429982-54606.html;;;;;;NO;NO;SIN_PRECIO_PROVEEDOR_ACTUAL
90e2c904-54d5-5c7f-bc12-c614c7931164;446273;Total hidrolavadora 2800W 2600PSI TGT11266;True;False;True;699400.0;448533.0;1.559;829800;130400;269.0;USD;https://www.totalherramientasoficial.com.py/produto/total-lava-jato-2800w-2600psi-tgt11266-38655.html;2026-09-27;;;;;NO;NO;DEBAJO_DE_1_75_COSTO_BASE
911f450e-9754-5c01-9aea-25f1a6eee224;460491;Wadfow martillo de lapidación WMB2310 1000G;True;False;True;10700.0;6837.0;1.565;12600;1900;4.1;USD;https://www.totalherramientasoficial.com.py/produto/wadfow-martelo-marreta--wmb2310-1000g-41675.html;2026-09-27;;;;;NO;NO;DEBAJO_DE_1_75_COSTO_BASE
91481b83-8bd0-5995-ab7d-479b70d8e40f;489393;Wadfow juego de destornilladores de impacto WYM1B13 13PCS;True;False;True;31800.0;20425.0;1.557;37800;6000;12.25;USD;https://www.totalherramientasoficial.com.py/produto/wadfow-conjunto-de-chave-de-fenda-de-impacto-wym1b13-13pcs-46175.html;2026-09-27;;;;;NO;NO;DEBAJO_DE_1_75_COSTO_BASE
9152e7e7-5093-5006-8722-7d511365951f;486491;Total kit herramientas THKTHP22166 216PCS;True;False;True;41800.0;26792.0;1.56;49600;7800;;;https://www.totalherramientasoficial.com.py/produto/total-kit-ferramenta--thkthp22166-216pcs-45865.html;;;;;;NO;NO;SIN_PRECIO_PROVEEDOR_ACTUAL
9156a385-61e2-55bb-8a73-20ed6257394e;461900;Wadfow pistola de pintura WGA1501 100CC;True;False;True;18800.0;12088.0;1.555;22400;3600;;;https://www.totalherramientasoficial.com.py/produto/wadfow-pistola-de-pintura--wga1501-100cc-41816.html;;;;;;NO;NO;SIN_PRECIO_PROVEEDOR_ACTUAL
9160d6cd-c543-5eea-b21b-3301e12f8b62;612487;"Total alicatede punta doblada 8"" 200MM THT241808S";True;False;True;11800.0;7565.0;1.56;14000;2200;;;https://www.totalherramientasoficial.com.py/produto/total--alicate-bico-dobrado--8-200mm--tht241808s-57278.html;;;;;;NO;NO;SIN_PRECIO_PROVEEDOR_ACTUAL
918e1046-9d8d-5d3d-8e54-12a3981bf8eb;397186;Total atornillador 8V TSDLI0801 lithium 2VOL;True;False;True;157300.0;100864.0;1.56;186600;29300;;;https://www.totalherramientasoficial.com.py/produto/total-parafusadeira-8v-tsdli0801-lithium-2vol-30638.html;;;;;;NO;NO;SIN_PRECIO_PROVEEDOR_ACTUAL
91a151ba-2540-5bed-a1ac-8e1de4989e32;471190;Wadfow bomba de agua sumergible WWPQA01;True;False;True;172000.0;110320.0;1.559;204100;32100;;;https://www.totalherramientasoficial.com.py/produto/wadfow-bomba-de-agua-submergivel--wwpqa01-42803.html;;;;;;NO;NO;SIN_PRECIO_PROVEEDOR_ACTUAL
91c6ef88-4d64-5365-9bca-f198d9e2a6ab;609852;Total sierra copa diamante para hormigón 82MM TAC2810821;True;False;True;187200.0;120053.0;1.559;222100;34900;72.0;USD;https://www.totalherramientasoficial.com.py/produto/total-serra-copo-diamante-para-concreto-82mm-tac2810821-57262.html;2026-09-27;;;;;NO;NO;DEBAJO_DE_1_75_COSTO_BASE
91e8aae6-547a-5457-98a3-37d1e872d8d5;533348;"Wadfow alicate de punta larga de alto apalancamiento 8"" WPL271";True;False;True;8400.0;5418.0;1.55;10000;1600;3.25;USD;https://www.totalherramientasoficial.com.py/produto/wadfow-alicate-de-ponta-larga-de-alta-alavancagem-8-wpl2718-51388.html;2026-09-27;;;;;NO;NO;DEBAJO_DE_1_75_COSTO_BASE
91fa6444-2525-59c6-810e-8b9b09416b22;2530;"Wadfow dado hexagonal 3/4"" 50MM WSC4550";True;False;True;15600.0;10004.0;1.559;18500;2900;6.0;USD;https://www.totalherramientasoficial.com.py/produto/wadfow-soquete-hexagonal-34-50mm-wsc4550-54617.html;2026-09-27;;;;;NO;NO;DEBAJO_DE_1_75_COSTO_BASE
9205a1a7-9ece-5b41-8262-97d71b8d4f9c;536646;Total juego de llaves con trinquete 12PCS THT102RK0126;True;False;True;59000.0;37824.0;1.56;70000;11000;;;https://www.totalherramientasoficial.com.py/produto/total--kit-chave-catraca-12pcs--tht102rk0126-51725.html;;;;;;NO;NO;SIN_PRECIO_PROVEEDOR_ACTUAL
92104591-d9d1-5b9d-8573-b8bbbe154b43;538725;Wadfow set de enferdado manual 16MM WHS2621;True;False;True;70200.0;45020.0;1.559;83300;13100;27.0;USD;https://www.totalherramientasoficial.com.py/produto/wadfow-kit-de-enfardadeira-manual--16mm--whs2621-51938.html;2026-09-27;;;;;NO;NO;DEBAJO_DE_1_75_COSTO_BASE
92506a4f-3434-507c-963d-92d962566c6c;22064;Total soldador electrico con control de temperatura 90W TET016;True;False;True;19500.0;12507.0;1.559;23100;3600;;;https://www.totalherramientasoficial.com.py/produto/total--ferro-de-soldar-eletrico-com-controle-de-temperatura-90w--tet01608-55435.html;;;;;;NO;NO;SIN_PRECIO_PROVEEDOR_ACTUAL
926b2db0-2839-5472-be74-6be465606db0;542289;Wadfow sellador de plástico WXY1003;True;False;True;52000.0;33348.0;1.559;61700;9700;20.0;USD;https://www.totalherramientasoficial.com.py/produto/wadfow-selador-de-plastico--wxy1003-52314.html;2026-09-27;;;;;NO;NO;DEBAJO_DE_1_75_COSTO_BASE
92911c07-2398-5bde-8fb8-3907d8cacccd;538565;Wadfow nivel de burbuja 80CM WSL1G80;True;False;True;13800.0;8826.0;1.564;16300;2500;;;https://www.totalherramientasoficial.com.py/produto/wadfow-nivel-manual-80cm--wsl1g80-51922.html;;;;;;NO;NO;SIN_PRECIO_PROVEEDOR_ACTUAL
92cb8949-0e11-5451-af79-aeaf6445ace0;531795;Total porta espuma para hidrolavadora TMFP402;True;False;True;216300.0;138688.0;1.56;256600;40300;;;https://www.totalherramientasoficial.com.py/produto/total--lava-jato-porta-espuma--tmfp402-51233.html;;;;;;NO;NO;SIN_PRECIO_PROVEEDOR_ACTUAL
930aff10-a6f5-5c8b-8b0b-8407a6da5875;486521;Total caja de herramientas de plástico 3PCS TPBXK0032;True;False;True;27000.0;17336.0;1.557;32100;5100;;;https://www.totalherramientasoficial.com.py/produto/total--caixa-de-ferramenta-de-plastico-3pcs--tpbxk0032-45868.html;;;;;;NO;NO;SIN_PRECIO_PROVEEDOR_ACTUAL
9326aacd-c8d5-574c-a3c0-e3c1aedaccfd;506076;Wadfow rotomartillo 1500W UWRH2D32;True;False;True;270300.0;173360.0;1.559;320700;50400;;;https://www.totalherramientasoficial.com.py/produto/wadfow-martelo-rotatorio-1500w---uwrh2d32-47893.html;;;;;;NO;NO;SIN_PRECIO_PROVEEDOR_ACTUAL
9338df5c-c851-589f-ae07-38bc76713c61;10575;Karseell Mascarilla Capilar Maca Power Purple Hair Mask;True;False;True;26000.0;;;;;10.0;USD;https://atacadousa.com.py/cosmeticos/10575-mascara-capilar-karseell-maca-power-purple-hair-mask.html;2026-09-27;;;;;NO;NO;SIN_COSTO_BASE_DOCUMENTADO
933ff3dc-9b2b-57dc-83d9-99e687e15adf;437509;Total chaqueta TJCTC2282.XL;True;False;True;17200.0;11032.0;1.559;20400;3200;;;https://www.totalherramientasoficial.com.py/produto/total--jacketa--tjctc2282xl-34713.html;;;;;;NO;NO;SIN_PRECIO_PROVEEDOR_ACTUAL
935d268a-b189-509a-9f14-a6adc655c501;471121;Wadfow juego de brocas para mamposteria 8PCS WMJ6B08;True;False;True;15700.0;10086.0;1.557;18700;3000;;;https://www.totalherramientasoficial.com.py/produto/wadfow-conjunto-de-brocas-para-alvenaria-8pcs-wmj6b08-42796.html;;;;;;NO;NO;SIN_PRECIO_PROVEEDOR_ACTUAL
936bc7fc-2d1a-5fe9-9295-f0f9137b193d;340267;Total alicate para soldadura THT1921001;True;False;True;8800.0;5674.0;1.551;10500;1700;;;https://www.totalherramientasoficial.com.py/produto/total-alicate-para-solda-tht1921001-25492.html;;;;;;NO;NO;SIN_PRECIO_PROVEEDOR_ACTUAL
93bd0cb3-c8f1-52cf-9ef6-c96308ae3f10;529174;Total combo 3PCS inalámbrica TOSLI241291;True;False;True;368600.0;236400.0;1.559;437300;68700;;;https://www.totalherramientasoficial.com.py/produto/total-combo-sem-fio-de-3-pecas--tosli241291-50764.html;;;;;;NO;NO;SIN_PRECIO_PROVEEDOR_ACTUAL
93be33da-2f7e-52c5-95df-58926791c11e;346153;Total pulidora amortiguar TAC7121801;True;False;True;118000.0;75648.0;1.56;139900;21900;;;https://www.totalherramientasoficial.com.py/produto/total-polidora-almofada-tac7121801-25988.html;;;;;;NO;NO;SIN_PRECIO_PROVEEDOR_ACTUAL
93c33e74-4637-5f6f-9d8f-175d0a1ebb45;415576;Total botas de lluvia TSP302S1P.44;True;False;True;59000.0;37824.0;1.56;70000;11000;;;https://www.totalherramientasoficial.com.py/produto/total-botas-de-chuva--tsp302s1p44-32450.html;;;;;;NO;NO;SIN_PRECIO_PROVEEDOR_ACTUAL
93d8ea6d-93cc-5aed-a209-a69478fd4aa8;18029;Wadfow aspiradora 15LT 1200W seco-humedo WVR1A15;True;False;True;137600.0;88256.0;1.559;163300;25700;;;https://www.totalherramientasoficial.com.py/produto/wadfow-aspirador-de-po-seco-e-umido-15lt-1200w--wvr1a15-54855.html;;;;;;NO;NO;SIN_PRECIO_PROVEEDOR_ACTUAL
941492d4-c5f4-5b20-926b-c57ed3c0c412;526203;Total medidor de pinza amperimétrica ac 600A TMT766001;True;False;True;48800.0;31265.0;1.561;57800;9000;18.75;USD;https://www.totalherramientasoficial.com.py/produto/total-medidor-de-bracadeira-amperimetro-ac-600a--tmt766001-50444.html;2026-09-27;;;;;NO;NO;DEBAJO_DE_1_75_COSTO_BASE
94151e79-d3fb-5280-822b-4a2fb3d55c3f;469791;Wadfow grifo de cocina WZD1526;True;False;True;42900.0;27514.0;1.559;50900;8000;16.5;USD;https://www.totalherramientasoficial.com.py/produto/wadfow-torneira-de-cozinha-wzd1526-42663.html;2026-09-27;;;;;NO;NO;DEBAJO_DE_1_75_COSTO_BASE
941734b7-ec09-5621-8aef-443f2f1493fa;455374;Total kit sierra copa TACSH1071;True;False;True;137600.0;88256.0;1.559;163300;25700;;;https://www.totalherramientasoficial.com.py/produto/total-kit-serra-copo-tacsh1071-40598.html;;;;;;NO;NO;SIN_PRECIO_PROVEEDOR_ACTUAL
941cd7bf-f15e-594e-a5e1-ddb12a896053;288750;Total combo 4PCS 20V TOSLI250993;True;False;True;486600.0;312048.0;1.559;577300;90700;;;https://www.totalherramientasoficial.com.py/produto/total-combo-4pcs-20v-tosli250993-21458.html;;;;;;NO;NO;SIN_PRECIO_PROVEEDOR_ACTUAL
94218d53-f1dd-5246-867d-bb4b74b2294a;553308;Total combo 4PCS bolsas TOS230910;True;False;True;486600.0;312048.0;1.559;577300;90700;;;https://www.totalherramientasoficial.com.py/produto/total-combo-4pcs-bolsas--tos230910-53430.html;;;;;;NO;NO;SIN_PRECIO_PROVEEDOR_ACTUAL
94295a14-460b-520e-a14e-66043475accb;033341;Karseell BNC Argan Oil Leave In Conditioner 200 ml;True;False;True;26000.0;;;;;10.0;USD;https://atacadousa.com.py/cosmeticos/12547-karseell-bnc-argan-oil-leave-in-conditioner-200ml-033341.html;2026-09-27;;;;;NO;NO;SIN_COSTO_BASE_DOCUMENTADO
943c15eb-98ce-5740-b6df-35f7c5a348cc;486057;Total atornillador taladro 20V UTDLI200528;True;False;True;93400.0;59888.0;1.56;110800;17400;;;https://www.totalherramientasoficial.com.py/produto/total--parafusadeira-20v-utdli200528-45819.html;;;;;;NO;NO;SIN_PRECIO_PROVEEDOR_ACTUAL
946a111b-0ee9-5114-938d-b3f9a4062d23;36436;Total combo llave de impacto +puntas TOSLI250784;True;False;True;244400.0;156736.0;1.559;290000;45600;94.0;USD;https://www.totalherramientasoficial.com.py/produto/total-combo--chave-de-impacto-pontas--tosli250784-55439.html;2026-09-27;;;;;NO;NO;DEBAJO_DE_1_75_COSTO_BASE
94a127ca-f876-5838-bfb0-df796ef5279a;41621;Total vibrador de concreto 20V TCVLI202301;True;False;True;17200.0;11032.0;1.559;20400;3200;;;https://www.totalherramientasoficial.com.py/produto/total-vibrador-de-concreto-20v--tcvli202301-55841.html;;;;;;NO;NO;SIN_PRECIO_PROVEEDOR_ACTUAL
94c32c7a-27c1-5b35-9100-9c0d42b3a1d3;487429;Total accesorios para amoladora 10PCS TAKB1001;True;False;True;87500.0;56106.0;1.56;103800;16300;;;https://www.totalherramientasoficial.com.py/produto/total-acessorios-para-retificadora--10pcs--takb1001-45978.html;;;;;;NO;NO;SIN_PRECIO_PROVEEDOR_ACTUAL
94f208e9-0237-53ee-af94-2d89216b418b;312035;Total taladro 1/2 UTG108136 750W;True;False;True;63900.0;40976.0;1.559;75800;11900;;;https://www.totalherramientasoficial.com.py/produto/total-furadeira-12--utg108136-750w-22939.html;;;;;;NO;NO;SIN_PRECIO_PROVEEDOR_ACTUAL
95009573-f4c1-59af-b5a2-7b398c2cd3bd;312158;Total mini rectificador 130W 252PCS TG5133261;True;False;True;118000.0;75648.0;1.56;139900;21900;;;https://www.totalherramientasoficial.com.py/produto/total-mini-retificador-130w-252pcs-tg5133261-12061.html;;;;;;NO;NO;SIN_PRECIO_PROVEEDOR_ACTUAL
95409128-5376-5456-b908-966c88e91995;436786;Total kit herramienta THKTV02H091 9PCS;True;False;True;17200.0;11032.0;1.559;20400;3200;;;https://www.totalherramientasoficial.com.py/produto/total-kit-feramenta--thktv02h091-9pcs-34640.html;;;;;;NO;NO;SIN_PRECIO_PROVEEDOR_ACTUAL
95421cf9-e395-52fa-96da-07b9701a1a9f;501941;Total soplador/aspirador 20V TABLI20323 s/b;True;False;True;186800.0;119776.0;1.56;221600;34800;;;https://www.totalherramientasoficial.com.py/produto/total-soprador--aspirador-20v-tabli20323-sb-47478.html;;;;;;NO;NO;SIN_PRECIO_PROVEEDOR_ACTUAL
957c5999-6852-59bd-9812-cf7b40a3f768;3926;Wadfow juego de llaves 27 pcs hex/ball/torx WHK5203;True;False;True;59000.0;37824.0;1.56;70000;11000;;;https://www.totalherramientasoficial.com.py/produto/wadfow-kit-chave-27pcs-hexballtorx--whk5203-55218.html;;;;;;NO;NO;SIN_PRECIO_PROVEEDOR_ACTUAL
95846988-779b-5a6e-9a0e-f594d3529dce;442862;Total atornillador 20V TIDLI20031;True;False;True;137600.0;88256.0;1.559;163300;25700;;;https://www.totalherramientasoficial.com.py/produto/total-parafusadeira-20v-tidli20031-35278.html;;;;;;NO;NO;SIN_PRECIO_PROVEEDOR_ACTUAL
95bdac62-c9d4-59db-a72e-76687b910812;417273;Total soplador sin escobillas 20V TABLI20428;True;False;True;186800.0;119776.0;1.56;221600;34800;;;https://www.totalherramientasoficial.com.py/produto/total-soprador-sem-escova-20v-tabli20428-32628.html;;;;;;NO;NO;SIN_PRECIO_PROVEEDOR_ACTUAL
95d2612c-49d9-5553-a214-1c48eca08e43;584210;"Total bolsa de herramientas 27"" THRRTB2712";True;False;True;41800.0;26792.0;1.56;49600;7800;;;https://www.totalherramientasoficial.com.py/produto/total--bolsa-de--ferramentas-27-thrrtb2712-56845.html;;;;;;NO;NO;SIN_PRECIO_PROVEEDOR_ACTUAL
95e3a239-5490-55b7-9c27-ba319d61e018;512275;Total kit jardineria a gasolina 5 en 1 TMT55211;True;False;True;17200.0;11032.0;1.559;20400;3200;;;https://www.totalherramientasoficial.com.py/produto/total-kit-jardinagem-a-gasolina-5-em-1-tmt55211-48578.html;;;;;;NO;NO;SIN_PRECIO_PROVEEDOR_ACTUAL
961cb3d3-21e8-5cf7-b249-89e26e58e7e7;56304;Wadfow juego de herramientas 109PCS WHS2109;True;False;True;260000.0;166725.0;1.559;308400;48400;99.99;USD;https://www.totalherramientasoficial.com.py/produto/wadfow-kit-de-ferramentas-109pcs--whs2109-55228.html;2026-09-27;;;;;NO;NO;DEBAJO_DE_1_75_COSTO_BASE
961d8736-4e85-5810-82a1-e23de13f3ff0;417327;Total kit herramientas TKTTSK0512 51PCS;True;False;True;171600.0;110049.0;1.559;203600;32000;66.0;USD;https://www.totalherramientasoficial.com.py/produto/total-kit-ferramentas-tkttsk0512--51pcs-32633.html;2026-09-27;;;;;NO;NO;DEBAJO_DE_1_75_COSTO_BASE
961fb717-4a87-5758-8528-1b3ed6effed6;512466;Total botas de lluvia TSP302LAB.42;True;False;True;59000.0;37824.0;1.56;70000;11000;;;https://www.totalherramientasoficial.com.py/produto/total-botas-de-chuva--tsp302lab42-48597.html;;;;;;NO;NO;SIN_PRECIO_PROVEEDOR_ACTUAL
962a97e3-8d50-52c6-b24a-c2db4e5fef4f;532358;Total fresa rotativa de carburo metal TAKC1003;True;False;True;13000.0;8337.0;1.559;15400;2400;5.0;USD;https://www.totalherramientasoficial.com.py/produto/total-fresa-rotativa-de-carboneto-de-metal--takc1003-51289.html;2026-09-27;;;;;NO;NO;DEBAJO_DE_1_75_COSTO_BASE
96395bcd-abae-5a19-b15c-4f6356289b82;489348;Wadfow juego de llaves de trinquete 6PCS WSP6406;True;False;True;31900.0;20488.0;1.557;37900;6000;;;https://www.totalherramientasoficial.com.py/produto/wadfow-conjunto-de-chave-de-catraca---6pcs--wsp6406-46170.html;;;;;;NO;NO;SIN_PRECIO_PROVEEDOR_ACTUAL
964241de-9ea1-509e-b934-fd910a295aeb;443142;Total control bomba automatica 750W UTWPS102;True;False;True;35100.0;22512.0;1.559;41600;6500;13.5;USD;https://www.totalherramientasoficial.com.py/produto/total-controle-automatico-da-bomba-750w---utwps102-35307.html;2026-09-27;;;;;NO;NO;DEBAJO_DE_1_75_COSTO_BASE
9647f76c-5b12-5964-8dd7-d22986912d30;532211;Total bolsa de herramienta 10KG THT16P10125;True;False;True;18800.0;12088.0;1.555;22400;3600;7.25;USD;https://www.totalherramientasoficial.com.py/produto/total-bolsa-de-ferramenta-10kg--tht16p10125-51275.html;2026-09-27;;;;;NO;NO;DEBAJO_DE_1_75_COSTO_BASE
964ab5e9-b90f-55bd-a339-b66088eae0b4;201612;Total sierra circular 1400W TS11418526;True;False;True;137600.0;88256.0;1.559;163300;25700;;;https://www.totalherramientasoficial.com.py/produto/total-serra-circular-1400w--ts11418526-55255.html;;;;;;NO;NO;SIN_PRECIO_PROVEEDOR_ACTUAL
965a7d37-ac11-542c-a5b2-446b83b04148;3101;Medicube PDRN Pink Hyaluronic Moisturizing Cream 50 ml;True;False;True;33800.0;;;;;12.5;USD;https://atacadousa.com.py/cosmeticos/10934-creme-facial-medicube-pdrn-pink-hyaluronic-moisturizing-cream-503101.html;2026-09-27;;;;;NO;NO;SIN_COSTO_BASE_DOCUMENTADO
96642fce-1be0-5b39-bb12-73ad49967518;449984;Total taladro atornillador inálambrico 20V TDLI20024;True;False;True;93400.0;59888.0;1.56;110800;17400;;;https://www.totalherramientasoficial.com.py/produto/total-parafusadeira--furadeira-sem-fio-20v-tdli20024-40060.html;;;;;;NO;NO;SIN_PRECIO_PROVEEDOR_ACTUAL
9682c13c-3f1d-5272-9087-5abddad6dfc0;127547;Total martillo mango fibra de vidrio 29MM THCH61029;True;False;True;10800.0;6934.0;1.558;12800;2000;;;https://www.totalherramientasoficial.com.py/produto/total--martelo-com-cabo-de-fibra-de-vidro--29mm-thch61029-55449.html;;;;;;NO;NO;SIN_PRECIO_PROVEEDOR_ACTUAL
968a8d59-040e-54e8-a85d-0c8e24136206;512732;Total combo acesorios para rectificador TOS230331;True;False;True;85800.0;55024.0;1.559;101800;16000;33.0;USD;https://www.totalherramientasoficial.com.py/produto/total-acessorios-combo-para-retificador--tos230331-48624.html;2026-09-27;;;;;NO;NO;DEBAJO_DE_1_75_COSTO_BASE
9696ad06-ef2b-5677-9d42-82455380b62d;397223;"Total atornillador 1/4"" 20V motor brushless UTIRLI2002";True;False;True;122900.0;78800.0;1.56;145800;22900;;;https://www.totalherramientasoficial.com.py/produto/total-parafusadeira-14-20v-motor-brusless--utirli2002-30642.html;;;;;;NO;NO;SIN_PRECIO_PROVEEDOR_ACTUAL
96a08bc6-33ea-55c1-9900-daaf86ebe0ce;341066;Total capa de lluvia THTRS031.XXXL;True;False;True;26000.0;16658.0;1.561;30800;4800;;;https://www.totalherramientasoficial.com.py/produto/total-capa-de-chuva-thtrs031xxxl-25576.html;;;;;;NO;NO;SIN_PRECIO_PROVEEDOR_ACTUAL
96a31a24-a273-5bf1-ac74-2ed30853240c;341578;Total kit llave fenda THT250618 18PCS;True;False;True;8800.0;5674.0;1.551;10500;1700;;;https://www.totalherramientasoficial.com.py/produto/total-kit-chave-fenda--tht250618-18pcs-25618.html;;;;;;NO;NO;SIN_PRECIO_PROVEEDOR_ACTUAL
96a41bd4-5600-5eb2-a2e9-8f22487ed2ef;350860;Total lijadora orbital de palma TF2231106 240W;True;False;True;108100.0;69344.0;1.559;128300;20200;;;https://www.totalherramientasoficial.com.py/produto/total-lixadera--tf2231106-240w-treme-tre-26439.html;;;;;;NO;NO;SIN_PRECIO_PROVEEDOR_ACTUAL
96b86132-5676-5f8f-bf19-3180e21b26a7;366618;Total tijera para poda/corta cerco THT1516301;True;False;True;27900.0;17891.0;1.559;33100;5200;10.73;USD;https://www.totalherramientasoficial.com.py/produto/total-tesoura-ppoda--tht1516301-27884.html;2026-09-27;;;;;NO;NO;DEBAJO_DE_1_75_COSTO_BASE
96cab241-e46b-52e0-9808-76cd23cb328a;505895;Wadfow gato hidráulico 2TONELADAS WHJ2522;True;False;True;78000.0;50022.0;1.559;92500;14500;30.0;USD;https://www.totalherramientasoficial.com.py/produto/wadfow-macaco-macaco-hidraulico-2-toneladas--whj2522-47875.html;2026-09-27;;;;;NO;NO;DEBAJO_DE_1_75_COSTO_BASE
96d8cc9a-8a04-54f7-aaef-7bf1c0a196c7;537766;Wadfow caja fuerte con reconocimiento de huellas dactilares 11;True;False;True;41800.0;26792.0;1.56;49600;7800;;;https://www.totalherramientasoficial.com.py/produto/wadfow-cofre-com-reconhecimento-de-impressao-digital-11l--20x20x31cm--web3520-51842.html;;;;;;NO;NO;SIN_PRECIO_PROVEEDOR_ACTUAL
96e45482-62cd-5237-b163-e6d61660d3d3;613958;Wadfow juego de llaves ratchet reversibles 7PCS WSP8207;True;False;True;31900.0;20488.0;1.557;37900;6000;;;https://www.totalherramientasoficial.com.py/produto/wadfow-jogo-de-chaves-de-catraca-reversiveis--7pcs--wsp8207-57205.html;;;;;;NO;NO;SIN_PRECIO_PROVEEDOR_ACTUAL
96ebdb78-0539-5915-8fec-75c988a90a87;529198;Total rotomartillo 20V TRHLI202287 2B 4A.H motor sin escobilla;True;False;True;235900.0;151296.0;1.559;279900;44000;;;https://www.totalherramientasoficial.com.py/produto/total-martlete-20v-trhli202287-2b-4ah-motor-sem-escovas-50766.html;;;;;;NO;NO;SIN_PRECIO_PROVEEDOR_ACTUAL
970845ad-dc61-5e37-a77e-c74a1f04cfe2;616744;"Wadfow ventilador axial móvil 8"" WGFJ2A08 220V";True;False;True;17200.0;11032.0;1.559;20400;3200;;;https://www.totalherramientasoficial.com.py/produto/wadfow-ventilador-axial-movel-8--wgfj2a08--220v-57226.html;;;;;;NO;NO;SIN_PRECIO_PROVEEDOR_ACTUAL
971d1c4f-3f8a-50b4-81f4-324a407ea89f;99592;Total cuerda 2T 3M THTWS0203;True;False;True;17200.0;11032.0;1.559;20400;3200;;;https://www.totalherramientasoficial.com.py/produto/total-corda-2t-3m--thtws0203-55495.html;;;;;;NO;NO;SIN_PRECIO_PROVEEDOR_ACTUAL
9721d4a5-461b-5a7e-bd11-85e15e773d13;521116;Total kit de cepillos para hidrolavadora 5PCS TMGF0501;True;False;True;36400.0;23344.0;1.559;43200;6800;14.0;USD;https://www.totalherramientasoficial.com.py/produto/total-kit-de-escovas-para-lava-jato--5pcs-tmgf0501-49864.html;2026-09-27;;;;;NO;NO;DEBAJO_DE_1_75_COSTO_BASE
972ae335-1dbb-5f1c-817e-86df0c0880f5;553841;Total combo taladro + llave de impacto TCKLI20275;True;False;True;319500.0;204880.0;1.559;379000;59500;;;https://www.totalherramientasoficial.com.py/produto/total-combo-furadeira--chave-de-impacto-tckli20275-53484.html;;;;;;NO;NO;SIN_PRECIO_PROVEEDOR_ACTUAL
974ccdef-6a03-590d-9d47-2c3dd8d1744c;542050;Total taladro 20V TDLI206681 66NM motor sin escobillas;True;False;True;122900.0;78800.0;1.56;145800;22900;;;https://www.totalherramientasoficial.com.py/produto/taladro-parafuzadeira--20v-tdli206681--66nm-motor-sem-escovas-52291.html;;;;;;NO;NO;SIN_PRECIO_PROVEEDOR_ACTUAL
97592df9-aa04-5d75-92de-bae8c0f24c38;512381;Total juego de rodillo de pintura 14 en 1 THT862302;True;False;True;13800.0;8826.0;1.564;16300;2500;;;https://www.totalherramientasoficial.com.py/produto/total-conjunto-de-rolos-de-pintura-14-em-1-tht862302-48589.html;;;;;;NO;NO;SIN_PRECIO_PROVEEDOR_ACTUAL
9768377a-0e1d-5a7f-a782-5eb0e023f976;381031;Total amoladora angular TG11012526 1100W;True;False;True;118000.0;75648.0;1.56;139900;21900;;;https://www.totalherramientasoficial.com.py/produto/total-rebarbadora--tg11012526-1100w-29267.html;;;;;;NO;NO;SIN_PRECIO_PROVEEDOR_ACTUAL
97a50a4a-6b4a-540d-aa8c-c193dd933285;490368;Wadfow carrito de carga plegable 100KG WWB8A10;True;False;True;78000.0;50006.0;1.56;92500;14500;;;https://www.totalherramientasoficial.com.py/produto/wadfow-carrinho-de-carga-dobravel-100kg--wwb8a10-46272.html;;;;;;NO;NO;SIN_PRECIO_PROVEEDOR_ACTUAL
97c3437a-d010-5c83-8e50-c3862e34411f;531962;Total tecle grua cadena 3T X1.5M THSLB3001;True;False;True;345800.0;221765.0;1.559;410300;64500;133.0;USD;https://www.totalherramientasoficial.com.py/produto/total-talha--3t-x15m--thslb3001-51250.html;2026-09-27;;;;;NO;NO;DEBAJO_DE_1_75_COSTO_BASE
97d58eb4-c301-5263-ab1e-02527043682d;460347;Wadfow soporte para taladro perforacion WADS1509;True;False;True;42900.0;27514.0;1.559;50900;8000;16.5;USD;https://www.totalherramientasoficial.com.py/produto/wadfow-suporte-furadeira---wads1509-41660.html;2026-09-27;;;;;NO;NO;DEBAJO_DE_1_75_COSTO_BASE
97eb0f6c-294d-5bff-b9d7-74e35bcc3e21;437424;Total multimetro digital TMT47503;True;False;True;31900.0;20488.0;1.557;37900;6000;;;https://www.totalherramientasoficial.com.py/produto/total-multitester---tmt47503-34705.html;;;;;;NO;NO;SIN_PRECIO_PROVEEDOR_ACTUAL
98282c53-c6d3-5949-81b7-181ec84bad5c;614023;Wadfow compresor de resortes helicoidales 7PCS WHJ3D07;True;False;True;288600.0;185082.0;1.559;342400;53800;111.0;USD;https://www.totalherramientasoficial.com.py/produto/wadfow-compressor-de-mola-helicoidal-7pcs--whj3d07-57178.html;2026-09-27;;;;;NO;NO;DEBAJO_DE_1_75_COSTO_BASE
982fcb85-8ffb-58d2-90d2-30496b6f3481;341158;Total candado 70MM TLK32703 411G;True;False;True;26600.0;17090.0;1.556;31600;5000;10.25;USD;https://www.totalherramientasoficial.com.py/produto/total-cadiado-70mm--tlk32703-411g-25585.html;2026-09-27;;;;;NO;NO;DEBAJO_DE_1_75_COSTO_BASE
98392dd1-9a9b-54ba-8a9e-57fbb065c3a8;317245;Total fresa 8MM TACSR1121 12PCS;True;False;True;45800.0;29345.0;1.561;54300;8500;17.6;USD;https://www.totalherramientasoficial.com.py/produto/total-fresa-8mm-tacsr1121-12pcs-23437.html;2026-09-27;;;;;NO;NO;DEBAJO_DE_1_75_COSTO_BASE
985f5099-6c13-549e-b94f-6ebd4086ba54;122856;Total cortador de azulejos 1200MM THT12001;True;False;True;13800.0;8826.0;1.564;16300;2500;;;https://www.totalherramientasoficial.com.py/produto/total-cortador-de-azulejos-1200mm-tht12001-6259.html;;;;;;NO;NO;SIN_PRECIO_PROVEEDOR_ACTUAL
98a81909-0a8d-59f3-a3d3-612dac34a2aa;512480;Total rodilleras 215X180MM THKPT0201;True;False;True;17200.0;11032.0;1.559;20400;3200;;;https://www.totalherramientasoficial.com.py/produto/total-joelheiras--215x180mm--thkpt0201-48599.html;;;;;;NO;NO;SIN_PRECIO_PROVEEDOR_ACTUAL
98b767dc-2009-52b2-8dea-9d40100afe23;580021;Wadfow sierra circular 20V WLWP5523;True;False;True;187200.0;120053.0;1.559;222100;34900;72.0;USD;https://www.totalherramientasoficial.com.py/produto/wadfow--serra-circular-20v--wlwp5523-56426.html;2026-09-27;;;;;NO;NO;DEBAJO_DE_1_75_COSTO_BASE
98d12ea2-6aa2-5319-bfa7-8223b6885513;486590;Total calibrador digital TMT331501 150MM;True;False;True;31900.0;20488.0;1.557;37900;6000;;;https://www.totalherramientasoficial.com.py/produto/total--paquimetro-digital--tmt331501-150mm-45875.html;;;;;;NO;NO;SIN_PRECIO_PROVEEDOR_ACTUAL
9931a610-f1b0-5dfb-a2e2-40659b3dd00e;18296;Total taladro percutor 20V 96NM TIDLI209685 s/b;True;False;True;137600.0;88256.0;1.559;163300;25700;;;https://www.totalherramientasoficial.com.py/produto/total-parafusadeira-de-impacto-20v-96nm-tidli209685--sb-50796.html;;;;;;NO;NO;SIN_PRECIO_PROVEEDOR_ACTUAL
9932c902-6c5b-5f39-9edc-3ae7d7d299b9;586436;Total taladro de impacto 16V TIDLI166062 2B motor sin escobill;True;False;True;141700.0;90875.0;1.559;168100;26400;54.5;USD;https://www.totalherramientasoficial.com.py/produto/total-parafusadeira-de-impacto-16v-tidli166062-2b--motor-sem-escovas-66nm-57252.html;2026-09-27;;;;;NO;NO;DEBAJO_DE_1_75_COSTO_BASE
9948d433-4251-5162-8848-123de22663c8;486873;Total compresor de aire automático 40V TACLI2003;True;False;True;431600.0;276790.0;1.559;512100;80500;166.0;USD;https://www.totalherramientasoficial.com.py/produto/total-compressor-de-ar-automatico--40v--tacli2003-45922.html;2026-09-27;;;;;NO;NO;DEBAJO_DE_1_75_COSTO_BASE
9956040d-f8a4-5357-abcc-6e09af3f362a;528382;Wadfow llave en t 13MM WTH1113;True;False;True;3100.0;2002.0;1.548;3700;600;1.2;USD;https://www.totalherramientasoficial.com.py/produto/wadfow-chave-em-t-13mm-wth1113-50670.html;2026-09-27;;;;;NO;NO;DEBAJO_DE_1_75_COSTO_BASE
99aadbd7-d302-5570-b5b4-1617d33f45b1;543484;Wadfow probador de bateria 200-1000CCA WBD1510;True;False;True;68900.0;44188.0;1.559;81700;12800;26.5;USD;https://www.totalherramientasoficial.com.py/produto/wadfow-testador-de-bateria-2001000cca-wbd1510-52434.html;2026-09-27;;;;;NO;NO;DEBAJO_DE_1_75_COSTO_BASE
99acff53-e5c2-5aa5-b769-ca83aeefafab;543354;Wadfow sellador de plástico 400MM WXY1004;True;False;True;70200.0;45020.0;1.559;83300;13100;27.0;USD;https://www.totalherramientasoficial.com.py/produto/wadfow-sellador-de-plastico-400mm-wxy1004-52421.html;2026-09-27;;;;;NO;NO;DEBAJO_DE_1_75_COSTO_BASE
99b887c5-9f8f-502d-b5a9-4a6d6d86db98;110976;Wadfow aspiradora seco-humedo 20L WVR2A20;True;False;True;137600.0;88256.0;1.559;163300;25700;;;https://www.totalherramientasoficial.com.py/produto/wadfow-asprirador-secoumido-20l-wvr2a20-55238.html;;;;;;NO;NO;SIN_PRECIO_PROVEEDOR_ACTUAL
99e8cdb0-1d68-5a54-8c43-fb8ecb5dbc5a;616836;"Wadfow juego de dados de impacto 3/4"" 8PCS WMS4D08";True;False;True;31900.0;20488.0;1.557;37900;6000;;;https://www.totalherramientasoficial.com.py/produto/wadfow-jogo-de-soquet--de-impacto----34--8pcs--wms4d08-57228.html;;;;;;NO;NO;SIN_PRECIO_PROVEEDOR_ACTUAL
99eec7bb-3ad6-54f1-b5c7-0ef7a51db08c;487405;Total atornillador 8V TSDLI0802 iones de litio;True;False;True;157300.0;100864.0;1.56;186600;29300;;;https://www.totalherramientasoficial.com.py/produto/total-parafusadeira--8v---tsdli0802-ions-de-litio-45976.html;;;;;;NO;NO;SIN_PRECIO_PROVEEDOR_ACTUAL
99fe3c0e-0028-52e6-af38-c1ae8ff0f2e7;467448;Medicube Rosemary PDRN Damage Care Hair Mask 200 ml;True;False;True;41600.0;;;;;16.0;USD;https://atacadousa.com.py/cosmeticos/12471-medicube-rosemary-pdrn-damage-care-hair-mask-200ml-467448.html;2026-09-27;;;;;NO;NO;SIN_COSTO_BASE_DOCUMENTADO
9a0c37e2-cede-5c8f-8e5a-f4def62f3ff1;368049;"Total kit herramienta THT121251 25PCS 1/2""";True;False;True;114400.0;73366.0;1.559;135700;21300;44.0;USD;https://www.totalherramientasoficial.com.py/produto/total-kit-ferramenta-tht121251-25pcs-12-28020.html;2026-09-27;;;;;NO;NO;DEBAJO_DE_1_75_COSTO_BASE
9a17d8c1-dae1-5bce-ae86-9bf241fd2390;415842;Total amoladora UTG10912556 900W;True;False;True;87500.0;56106.0;1.56;103800;16300;;;https://www.totalherramientasoficial.com.py/produto/total-rebarbadora--utg10912556-900w-32476.html;;;;;;NO;NO;SIN_PRECIO_PROVEEDOR_ACTUAL
9a198892-a961-5f7e-b948-5a0dd6c04cd7;461269;Wadfow aspersor de 15 orificios WSN1E17;True;False;True;20800.0;13339.0;1.559;24700;3900;8.0;USD;https://www.totalherramientasoficial.com.py/produto/wadfow-aspersores-15-furos-wsn1e17-41752.html;2026-09-27;;;;;NO;NO;DEBAJO_DE_1_75_COSTO_BASE
9a1df239-8fd3-5c74-8953-271c37d3a65f;463812;Wadfow amoladora angular 1800W WAG851801;True;False;True;176900.0;113472.0;1.559;209900;33000;65.0;USD;https://www.totalherramientasoficial.com.py/produto/wadfow--esmirilhadeira-angular-1800w---wag851801-42028.html;2026-09-27;;;;;NO;NO;DEBAJO_DE_1_75_COSTO_BASE
9a3812eb-29cd-5615-b962-eecad3b4dca9;543712;Wadfow fresa rotativa 6MM-8MM WYE3K04;True;False;True;11700.0;7505.0;1.559;13900;2200;4.5;USD;https://www.totalherramientasoficial.com.py/produto/wadfow-fresa-rotativa-6mm8mm-wye3k04-52457.html;2026-09-27;;;;;NO;NO;DEBAJO_DE_1_75_COSTO_BASE
9a44ba2b-3e8e-52b1-b9de-16577a0e8f41;488884;Wadfow mochila para herramientas 8KG WTG4100;True;False;True;37700.0;24179.0;1.559;44700;7000;14.5;USD;https://www.totalherramientasoficial.com.py/produto/wadfow-mochila-ferramentas-8kg--wtg4100-46124.html;2026-09-27;;;;;NO;NO;DEBAJO_DE_1_75_COSTO_BASE
9a45ecb7-4a1f-54f6-a604-9412c44c9c0d;469395;Wadfow martillo de goma 450G WHM7304;True;False;True;7800.0;5002.0;1.559;9300;1500;3.0;USD;https://www.totalherramientasoficial.com.py/produto/wadfow-martelo-borracha-450g-whm7304-42623.html;2026-09-27;;;;;NO;NO;DEBAJO_DE_1_75_COSTO_BASE
9a5bb6b7-17b4-5b17-8612-a280b5f3842a;490887;Total cortacésped 1600W 45L TGT616152;True;False;True;17200.0;11032.0;1.559;20400;3200;;;https://www.totalherramientasoficial.com.py/produto/total--corta-grama-1600w-45l--tgt616152-46329.html;;;;;;NO;NO;SIN_PRECIO_PROVEEDOR_ACTUAL
9a723460-ec57-50e1-b7a6-f0a285801ee0;488631;"Wadfow extractor de engranajes 4"" 3 mordazas WGP3A04";True;False;True;17200.0;11032.0;1.559;20400;3200;;;https://www.totalherramientasoficial.com.py/produto/wadfow-puxador-engranagem-4--3-mandibulas--wgp3a04-46099.html;;;;;;NO;NO;SIN_PRECIO_PROVEEDOR_ACTUAL
9abb5fda-4bb1-56ee-ac1d-869dfdd4db83;239790;Total engrapadora clavadora neumática TAT81501 2IN1;True;False;True;108100.0;69344.0;1.559;128300;20200;;;https://www.totalherramientasoficial.com.py/produto/total-pregador-de-grampiador-tat81501-2in1-8451.html;;;;;;NO;NO;SIN_PRECIO_PROVEEDOR_ACTUAL
9acccc5c-de8d-552f-8af4-4ecb57e54055;521062;Total combo 4PCS inálambrico 20V TOSLI240969;True;False;True;486600.0;312048.0;1.559;577300;90700;;;https://www.totalherramientasoficial.com.py/produto/total-combo-sem-fio--4pcs--20v-tosli240969-49859.html;;;;;;NO;NO;SIN_PRECIO_PROVEEDOR_ACTUAL
9ae2171a-03e2-5c1f-b0f5-93a424cde239;529303;Total combo inalambrico 4PCS TOSLI241292;True;False;True;486600.0;312048.0;1.559;577300;90700;;;https://www.totalherramientasoficial.com.py/produto/total-combo-sem-fio-4pcs--tosli241292-50777.html;;;;;;NO;NO;SIN_PRECIO_PROVEEDOR_ACTUAL
9aff8d5e-fb09-5b20-953c-ef758e188d70;415057;"Total lijadora roto orbital 5"" 20V TROSLI20021";True;False;True;150800.0;96710.0;1.559;178900;28100;58.0;USD;https://www.totalherramientasoficial.com.py/produto/total-lixadeira-orbital-rotativa--20v-trosli20021-32397.html;2026-09-27;;;;;NO;NO;DEBAJO_DE_1_75_COSTO_BASE
9b72f4da-815b-5fc1-9770-8b2d6df4b17f;460521;Wadfow hacha mango de madera 1250G WMB6312;True;False;True;22100.0;14175.0;1.559;26200;4100;8.5;USD;https://www.totalherramientasoficial.com.py/produto/wadfow-machado-de-cabo-de-madeira--1250g--wmb6312-41678.html;2026-09-27;;;;;NO;NO;DEBAJO_DE_1_75_COSTO_BASE
9b9eeb7a-5a37-55e6-ad56-4c2054a68c33;536585;"Total set herramientas juego de dados 156PCS 1/4"",3/8"",1/2"" th";True;False;True;358800.0;230102.0;1.559;425700;66900;138.0;USD;https://www.totalherramientasoficial.com.py/produto/total-kit-ferramentas-conjunto-de-socket-156pcs-143812--thkthp21566-51719.html;2026-09-27;;;;;NO;NO;DEBAJO_DE_1_75_COSTO_BASE
9b9ff715-95c7-51af-90a4-011c18787912;612258;Total combo 2PCS soplador + aspirador 20V TOSLI240999;True;False;True;285100.0;182816.0;1.559;338200;53100;;;https://www.totalherramientasoficial.com.py/produto/total-combo-2pcs--soprador--aspirador-20v--tosli240999-57237.html;;;;;;NO;NO;SIN_PRECIO_PROVEEDOR_ACTUAL
9c133954-0e21-5acf-b9ca-988c780c789c;583923;Total juego de herramientas 172PCS THKTHP41728;True;False;True;255600.0;163904.0;1.559;303200;47600;;;https://www.totalherramientasoficial.com.py/produto/total-kit-de-ferramentas--172pcs---thkthp41728-56816.html;;;;;;NO;NO;SIN_PRECIO_PROVEEDOR_ACTUAL
9c1557ea-7d32-5f58-a206-0f4278af2c09;489232;Wadfow taladro de impacto 850W 13MM WMD15851;True;False;True;88500.0;56736.0;1.56;105000;16500;26.0;USD;https://www.totalherramientasoficial.com.py/produto/wadfow--furadeira-850w--13mm--wmd15851-46159.html;2026-09-27;;;;;NO;NO;DEBAJO_DE_1_75_COSTO_BASE
9c437e30-646c-5de6-b88e-5ebf8eb006ac;465410;Total lijadora angular TDSLI2051 20V;True;False;True;83200.0;53357.0;1.559;98700;15500;32.0;USD;https://www.totalherramientasoficial.com.py/produto/total-lixadera-angular-tdsli2051-20v-42188.html;2026-09-27;;;;;NO;NO;DEBAJO_DE_1_75_COSTO_BASE
9c510591-7ca7-501b-ae6a-f53c7ddd56c7;521079;Total combo taladro + martillo + amoladora 20V TOSLI241183;True;False;True;319500.0;204880.0;1.559;379000;59500;;;https://www.totalherramientasoficial.com.py/produto/total-combo-furadeira--martelo--lixadeira---20v-tosli241183-49860.html;;;;;;NO;NO;SIN_PRECIO_PROVEEDOR_ACTUAL
9c530055-017d-51ee-a130-1ff328cf2cf7;436946;Total grapadora 3 en 1 THT31143;True;False;True;15600.0;10004.0;1.559;18500;2900;;;https://www.totalherramientasoficial.com.py/produto/total-pistola-de-grampo--tht31143-34656.html;;;;;;NO;NO;SIN_PRECIO_PROVEEDOR_ACTUAL
9c63d13d-52cf-5e10-aeb0-15f4b28c7e11;528320;Wadfow juego de llave torx con mango en t WHK3481 8PCS;True;False;True;8800.0;5674.0;1.551;10500;1700;;;https://www.totalherramientasoficial.com.py/produto/wadfow-conjunto-de-chave-torx-com-cabo-em-t-whk3481-8pcs-50664.html;;;;;;NO;NO;SIN_PRECIO_PROVEEDOR_ACTUAL
9c745bd3-6cac-5278-8c16-fc08a1f6c544;565295;Wadfow juego de dados cr-v 3/8'' 12PCS UWST3212;True;False;True;28000.0;17925.0;1.562;33200;5200;10.75;USD;https://www.totalherramientasoficial.com.py/produto/wadfow-juego-de-dados-crv-38-12pcs-uwst3212-54679.html;2026-09-27;;;;;NO;NO;DEBAJO_DE_1_75_COSTO_BASE
9c8d03f3-9d5a-5cc1-ba2d-7547e7c790d1;469364;"Wadfow tijera para hojalata 10"" WAS4912";True;False;True;13600.0;8753.0;1.554;16200;2600;5.25;USD;https://www.totalherramientasoficial.com.py/produto/wadfow-tesoura-de-lata-10---was4912-42620.html;2026-09-27;;;;;NO;NO;DEBAJO_DE_1_75_COSTO_BASE
9c94f172-9b68-5b40-a1f1-12886a5d4764;502252;Total conjunto de fijación 3PCS THRSG0401;True;False;True;35500.0;22761.0;1.56;42100;6600;13.65;USD;https://www.totalherramientasoficial.com.py/produto/total-conjunto-de-fixacao--3pcs---thrsg0401-47509.html;2026-09-27;;;;;NO;NO;DEBAJO_DE_1_75_COSTO_BASE
9cb2ea07-63d2-5827-a0cb-d27ab9ea41d1;341721;Total martillo clavo TAT73166 16OZ;True;False;True;10700.0;6887.0;1.554;12700;2000;4.13;USD;https://www.totalherramientasoficial.com.py/produto/total-martelo-unha-tat73166--16oz-25633.html;2026-09-27;;;;;NO;NO;DEBAJO_DE_1_75_COSTO_BASE
9cccc74a-ce7f-592f-b45d-523656dd70df;521390;Total nivel laser TLL156503 18M rojo 2 lineas;True;False;True;122200.0;78368.0;1.559;145000;22800;47.0;USD;https://www.totalherramientasoficial.com.py/produto/total-nivel-laser--tll156503--18m--vermelho-2-linhas-49892.html;2026-09-27;;;;;NO;NO;DEBAJO_DE_1_75_COSTO_BASE
9cd710c1-f7bd-5c42-8897-2e13a9b73b1e;531757;Total bomba sumergible TWP64006 400W 0.5HP 8M;True;False;True;127400.0;81703.0;1.559;151200;23800;49.0;USD;https://www.totalherramientasoficial.com.py/produto/total-bomba-submersivel--twp64006--400w-05hp-8m-51229.html;2026-09-27;;;;;NO;NO;DEBAJO_DE_1_75_COSTO_BASE
9cd846a6-2907-5236-b3fa-fc7a31c71755;126786;Wadfow mesa de 3 bandejas 30KG WWB5307;True;False;True;17200.0;11032.0;1.559;20400;3200;;;https://www.totalherramientasoficial.com.py/produto/wadfow-mesa-3-andar-30kg---wwb5307-54875.html;;;;;;NO;NO;SIN_PRECIO_PROVEEDOR_ACTUAL
9ce5b956-51e0-5ca6-a494-a8d7282cb7fa;341776;Total llave de fenda THTIS5125 isolado;True;False;True;8800.0;5674.0;1.551;10500;1700;;;https://www.totalherramientasoficial.com.py/produto/total-chave-de-fenda--thtis5125-isolado-25638.html;;;;;;NO;NO;SIN_PRECIO_PROVEEDOR_ACTUAL
9d1216c3-6466-572d-b85b-794e12460381;367424;Total martillo rotativo TH308266-2 800W sds plus;True;False;True;152400.0;97712.0;1.56;180800;28400;;;https://www.totalherramientasoficial.com.py/produto/total-martlete--th3082662--800w-sds-plus-27964.html;;;;;;NO;NO;SIN_PRECIO_PROVEEDOR_ACTUAL
9d19029f-5de6-575a-9215-3790110b8fc0;537551;Wadfow kit herramientas manuales 5PCS WHS1M05;True;False;True;21400.0;13755.0;1.556;25400;4000;8.25;USD;https://www.totalherramientasoficial.com.py/produto/wadfow--kit-ferramenta-manuais--5pcs---whs1m05-51821.html;2026-09-27;;;;;NO;NO;DEBAJO_DE_1_75_COSTO_BASE
9d1de88f-9881-5ac3-b03f-cc106e2038c7;536691;Total fresadora 600W UTLT6001 6MM;True;False;True;108100.0;69344.0;1.559;128300;20200;;;https://www.totalherramientasoficial.com.py/produto/total-tupia--manual-600w-utlt6001-6mm-51730.html;;;;;;NO;NO;SIN_PRECIO_PROVEEDOR_ACTUAL
9d3e0320-d2b5-54c9-9a9f-f4d31d78de1f;456920;Total amoladora UTG1091156 950W 115MM;True;False;True;87500.0;56106.0;1.56;103800;16300;;;https://www.totalherramientasoficial.com.py/produto/total-rebarbadora--utg1091156-950w-115mm-40760.html;;;;;;NO;NO;SIN_PRECIO_PROVEEDOR_ACTUAL
9d432862-1f3c-5fdd-a614-615c92902fc8;553230;Total bateria 42V 2.0AH TFBLI42201;True;False;True;81900.0;52525.0;1.559;97200;15300;31.5;USD;https://www.totalherramientasoficial.com.py/produto/total--bateria-42v-20ah--tfbli42201-53423.html;2026-09-27;;;;;NO;NO;DEBAJO_DE_1_75_COSTO_BASE
9d453719-8aba-56ad-ae8c-e13b51819a66;564885;Total combo de brocas 4PCS TOS26068;True;False;True;486600.0;312048.0;1.559;577300;90700;;;https://www.totalherramientasoficial.com.py/produto/total-combo-de-brocas-4pcs--tos26068-54598.html;;;;;;NO;NO;SIN_PRECIO_PROVEEDOR_ACTUAL
9d4549f4-ae4f-5511-b3f6-bca18e24168a;536608;Total juego de brochas para pintura 12PCS THT84501201;True;False;True;13800.0;8826.0;1.564;16300;2500;;;https://www.totalherramientasoficial.com.py/produto/total-conjunto-de-pinceis-12pcs---tht84501201-51721.html;;;;;;NO;NO;SIN_PRECIO_PROVEEDOR_ACTUAL
9d7771c2-b8a1-5363-a7ee-c70ae8c0442b;495578;Total rotomartillo UTH110266 1050W sds plus;True;False;True;179400.0;115051.0;1.559;212800;33400;;;https://www.totalherramientasoficial.com.py/produto/total--martlete--uth110266-1050w-sds-plus-46816.html;;;;;;NO;NO;SIN_PRECIO_PROVEEDOR_ACTUAL
9dcbc5ba-206b-54b7-8d15-9052510c1481;460910;"Wadfow juego de socket 1/2"" WST2212 12PCS";True;False;True;13800.0;8826.0;1.564;16300;2500;13.75;USD;https://www.totalherramientasoficial.com.py/produto/wadfow-kit-socket-12--wst2212--12pcs-41717.html;2026-09-27;;;;;NO;NO;DEBAJO_DE_1_75_COSTO_BASE
9de7190d-a040-58e2-8da8-24a4f3d7e95a;489522;Wadfow manguera de agua con carrete retráctil 1/2 WVZ1520;True;False;True;17200.0;11032.0;1.559;20400;3200;77.0;USD;https://www.totalherramientasoficial.com.py/produto/wadfow-mangueira-de-agua-com-carretel-retratil-12-----wvz1520-46188.html;2026-09-27;;;;;NO;NO;DEBAJO_DE_1_75_COSTO_BASE
9e233380-010d-51b4-b5d4-add377c113aa;538091;Wadfow juego de ruedas giratorias 4PCS WJLS9304;True;False;True;17200.0;11032.0;1.559;20400;3200;;;https://www.totalherramientasoficial.com.py/produto/wadfow--pneu-giratorios--kit-4pcs-wjls9304-51875.html;;;;;;NO;NO;SIN_PRECIO_PROVEEDOR_ACTUAL
9e30cb86-26c5-531f-bd50-62485d6211d2;595971;"Total alicate de corte de acción compuesta 8.5"" 215MM cr-v tht";True;False;True;19500.0;12507.0;1.559;23100;3600;7.5;USD;https://www.totalherramientasoficial.com.py/produto/total-alicate-de-corte-de-acao-composta--85-215mm-crv--thtc560806-57160.html;2026-09-27;;;;;NO;NO;DEBAJO_DE_1_75_COSTO_BASE
9e4463bb-a8c8-58a5-a90f-d8b0f29a0ae7;543033;Wadfow martillo de peña cruzada WHM5325;True;False;True;7800.0;5002.0;1.559;9300;1500;3.0;USD;https://www.totalherramientasoficial.com.py/produto/wadfow-martelo-de-pena-cruzada--whm5325-52389.html;2026-09-27;;;;;NO;NO;DEBAJO_DE_1_75_COSTO_BASE
9e59c570-fe16-5873-984f-37c78b2cd99a;505796;Wadfow nivel laser autonivelante verde 0-30MT mágnetico 2 line;True;False;True;96200.0;61694.0;1.559;114100;17900;37.0;USD;https://www.totalherramientasoficial.com.py/produto/wadfow-nivel-laser-autonivelante-verde-030mt-magnetico-2-linhas--wle2m03-47865.html;2026-09-27;;;;;NO;NO;DEBAJO_DE_1_75_COSTO_BASE
9e8ed97a-52ba-5326-80b6-6469ef11f49b;367936;Total martillo UTH308266 800W sds plus;True;False;True;152400.0;97712.0;1.56;180800;28400;;;https://www.totalherramientasoficial.com.py/produto/total-martlete--uth308266-800w-sds-plus-28009.html;;;;;;NO;NO;SIN_PRECIO_PROVEEDOR_ACTUAL
9ec11527-e0a6-5961-b4ff-cd834d14d580;488860;Wadfow tijera de podar 20MM WPR1E79;True;False;True;27300.0;17509.0;1.559;32400;5100;10.5;USD;https://www.totalherramientasoficial.com.py/produto/wadfow-tesoura-de-poda-20mm-wpr1e79-46122.html;2026-09-27;;;;;NO;NO;DEBAJO_DE_1_75_COSTO_BASE
9ecb4f91-a933-5db2-8af5-d1bbdd8dd0b4;446617;Total hidrolavadora alta presión 3000W 1850PSI TGT11276;True;False;True;466900.0;299440.0;1.559;554000;87100;;;https://www.totalherramientasoficial.com.py/produto/total-lava-jato-de-alta-pressao--3000w-1850psi--tgt11276-38689.html;;;;;;NO;NO;SIN_PRECIO_PROVEEDOR_ACTUAL
9edad5e7-07ce-5243-b757-97b94bb835a1;340427;Total juego de destornilladores 10PCS THT250610;True;False;True;15700.0;10086.0;1.557;18700;3000;;;https://www.totalherramientasoficial.com.py/produto/total-kit-chave-fendas-10pcs-tht250610-25508.html;;;;;;NO;NO;SIN_PRECIO_PROVEEDOR_ACTUAL
9f077bf2-e75a-59e6-8927-23d982199414;511964;Total soplador/aspirador 20V TABLI200281;True;False;True;186800.0;119776.0;1.56;221600;34800;;;https://www.totalherramientasoficial.com.py/produto/total-sopradoraspirador-20v-tabli200281-48547.html;;;;;;NO;NO;SIN_PRECIO_PROVEEDOR_ACTUAL
9f220fbf-ebb1-5b3b-b74f-6cbd098f033c;350990;Total manguera vibrador hormigón TPVP1381A 38MM;True;False;True;200200.0;128390.0;1.559;237500;37300;77.0;USD;https://www.totalherramientasoficial.com.py/produto/total-mangueira-vibrador-concreto-tpvp1381a-38mm-26448.html;2026-09-27;;;;;NO;NO;DEBAJO_DE_1_75_COSTO_BASE
9f3e3abb-19c5-5603-94d7-e367176acad6;487610;Total llave sueca para tubos 45° 55MM THT172153;True;False;True;23400.0;15007.0;1.559;27800;4400;9.0;USD;https://www.totalherramientasoficial.com.py/produto/total-chave-de-tubo-sueca-45-55mm--tht172153-45997.html;2026-09-27;;;;;NO;NO;DEBAJO_DE_1_75_COSTO_BASE
9f5e05a1-270f-55a7-b57a-1e54ff81117e;532235;Total silla mecanico THCS103 110KG;True;False;True;41800.0;26792.0;1.56;49600;7800;;;https://www.totalherramientasoficial.com.py/produto/total-carrinho-mecanico-thcs103-110kg-51277.html;;;;;;NO;NO;SIN_PRECIO_PROVEEDOR_ACTUAL
9f754dfe-0c5e-5b9e-a702-a1a43b5d6aba;514910;Total juego de herramientas manuales aisladas THKIST3082 8PCS;True;False;True;31900.0;20488.0;1.557;37900;6000;;;https://www.totalherramientasoficial.com.py/produto/total-conjunto-de-ferramentas-manuais-isoladas-thkist3082-8pcs-48842.html;;;;;;NO;NO;SIN_PRECIO_PROVEEDOR_ACTUAL
9f8ef386-4b6b-5768-b753-dbac5db98220;28110;Total juego de herramientas 288PCS THPTCS82882;True;False;True;255600.0;163904.0;1.559;303200;47600;;;https://www.totalherramientasoficial.com.py/produto/total-kit-de--ferramentas-288pcs-thptcs82882-55436.html;;;;;;NO;NO;SIN_PRECIO_PROVEEDOR_ACTUAL
9fe069d0-5056-56e2-8869-b64012f830dd;316453;Total arrancador de engranaje THTGP266 2 garras;True;False;True;52000.0;33348.0;1.559;61700;9700;20.0;USD;https://www.totalherramientasoficial.com.py/produto/total-puxador-de-engrnagem-thtgp266-2mandibulas-23358.html;2026-09-27;;;;;NO;NO;DEBAJO_DE_1_75_COSTO_BASE
9fe444fe-a9fd-5f0e-a368-dd86ea417032;341011;Total botas de lluvia TSP302L.45;True;False;True;23400.0;15007.0;1.559;27800;4400;;;https://www.totalherramientasoficial.com.py/produto/total-botas-de-chuva--tsp302l45-25570.html;;;;;;NO;NO;SIN_PRECIO_PROVEEDOR_ACTUAL
a0250774-29c5-530c-8e07-061ec970beed;201315;"Total bolsa de herramientas 19"" THT261925";True;False;True;13800.0;8826.0;1.564;16300;2500;;;https://www.totalherramientasoficial.com.py/produto/total--bolsa-de-ferramentas-19-tht261925-55247.html;;;;;;NO;NO;SIN_PRECIO_PROVEEDOR_ACTUAL
a0428b33-3090-547d-a224-a9bb10203efc;437387;Total regla de ángulo digital TMT333601;True;False;True;17200.0;11032.0;1.559;20400;3200;;;https://www.totalherramientasoficial.com.py/produto/total-regua-----------tmt333601-34701.html;;;;;;NO;NO;SIN_PRECIO_PROVEEDOR_ACTUAL
a0437bde-f53a-552c-adab-b38dada2ea00;511919;Total atornillador de impacto dado hexagonal 1/4 20V 285NM uti;True;False;True;231400.0;148384.0;1.559;274500;43100;88.99;USD;https://www.totalherramientasoficial.com.py/produto/total-parafusadeira-tomada-hexagonal-14-20v-285nm-utirli2028-48542.html;2026-09-27;;;;;NO;NO;DEBAJO_DE_1_75_COSTO_BASE
a04a02b4-87f1-5093-b337-bae2d4c2eedc;366595;Total juego de llaves de estrellas acodadas 8PCS THT102486;True;False;True;31900.0;20488.0;1.557;37900;6000;;;https://www.totalherramientasoficial.com.py/produto/total-conjunto-de-chaves-estrelas--8pcs-tht102486-27882.html;;;;;;NO;NO;SIN_PRECIO_PROVEEDOR_ACTUAL
a059578b-f65a-5b13-a4ca-1dfcc86621f9;471169;Wadfow cargador de bateria 1A WFCP510;True;False;True;31900.0;20488.0;1.557;37900;6000;;;https://www.totalherramientasoficial.com.py/produto/wadfow--carregador-de-bateria-1a---wfcp510-42800.html;;;;;;NO;NO;SIN_PRECIO_PROVEEDOR_ACTUAL
a09a2722-d5da-5f2b-8baa-61b427a89cb8;521130;"Total sierra circular 2200W 9"" TS122235622";True;False;True;137600.0;88256.0;1.559;163300;25700;;;https://www.totalherramientasoficial.com.py/produto/total-serra-circular-2200w--9--ts122235622-49866.html;;;;;;NO;NO;SIN_PRECIO_PROVEEDOR_ACTUAL
a0b339cb-20f5-59dd-a4bb-26a19f795f1e;511940;"Total sierra circular TSLI1652 madera 6""";True;False;True;137600.0;88256.0;1.559;163300;25700;;;https://www.totalherramientasoficial.com.py/produto/total-serra-circular-madeira-tsli1652--6-48545.html;;;;;;NO;NO;SIN_PRECIO_PROVEEDOR_ACTUAL
a0ceb9eb-eaca-5a5b-984e-b333e376cbed;455305;Total martillo rotativo TH1153236 1500W sds plus;True;False;True;234000.0;150051.0;1.559;277600;43600;89.99;USD;https://www.totalherramientasoficial.com.py/produto/total-martelete--th1153236--1500w-sds-plus-40591.html;2026-09-27;;;;;NO;NO;DEBAJO_DE_1_75_COSTO_BASE
a1216eec-b53c-5dc1-92a1-10ac4df5cc33;462082;Wadfow destornillador plano WSD3933;True;False;True;5400.0;3467.0;1.558;6400;1000;;;https://www.totalherramientasoficial.com.py/produto/wadfow-chave-fenda---wsd3933-41834.html;;;;;;NO;NO;SIN_PRECIO_PROVEEDOR_ACTUAL
a12dc26e-0614-532e-be2e-f6fdda982695;469821;Wadfow grifo de cocina WZD1528;True;False;True;51500.0;33014.0;1.56;61100;9600;19.8;USD;https://www.totalherramientasoficial.com.py/produto/wadfow--torneira--de-cozinha----wzd1528-42666.html;2026-09-27;;;;;NO;NO;DEBAJO_DE_1_75_COSTO_BASE
a1304acc-b263-5440-a26a-e16aa9245fb8;6217;Total adaptador de vaso de impacto THIAD1234;True;False;True;157300.0;100864.0;1.56;186600;29300;;;https://www.totalherramientasoficial.com.py/produto/total-adaptador-de-soquete-de-impacto-thiad1234-55504.html;;;;;;NO;NO;SIN_PRECIO_PROVEEDOR_ACTUAL
a172cbbd-b0c8-5306-9540-d7617d23e2dc;458795;"Total sierra mesa 10"" TS526043 2600W";True;False;True;137600.0;88256.0;1.559;163300;25700;;;https://www.totalherramientasoficial.com.py/produto/total-serra-mesa-10--ts526043-2600w-41059.html;;;;;;NO;NO;SIN_PRECIO_PROVEEDOR_ACTUAL
a187839c-2382-519b-9808-f28bd61f219a;528115;Total multimetro digital 2000 counts rms TMT5360011;True;False;True;31900.0;20488.0;1.557;37900;6000;;;https://www.totalherramientasoficial.com.py/produto/total--multitester-digital-2000-counts-rms--tmt5360011-50640.html;;;;;;NO;NO;SIN_PRECIO_PROVEEDOR_ACTUAL
a192351b-7886-564a-a5a3-b3bbbdc250cd;470803;Wadfow botas de lluvia 42 WRB1L42;True;False;True;59000.0;37824.0;1.56;70000;11000;;;https://www.totalherramientasoficial.com.py/produto/wadfow--botas-de-chuva--42---wrb1l42-42764.html;;;;;;NO;NO;SIN_PRECIO_PROVEEDOR_ACTUAL
a19bcb82-2a53-5928-a9e8-3593ff8ce337;469227;Wadfow alicate pelacable WPL5607;True;False;True;5700.0;3669.0;1.554;6800;1100;2.2;USD;https://www.totalherramientasoficial.com.py/produto/wadfow--descascador-de-fio--wpl5607-42606.html;2026-09-27;;;;;NO;NO;DEBAJO_DE_1_75_COSTO_BASE
a1a53961-a7a0-5cd5-bb32-3765abd5ab71;461917;Wadfow pistola de aire 1000CC WGA1510;True;False;True;30900.0;19842.0;1.557;36700;5800;11.9;USD;https://www.totalherramientasoficial.com.py/produto/wadfow-pistola-de-ar-1000cc--wga1510-41817.html;2026-09-27;;;;;NO;NO;DEBAJO_DE_1_75_COSTO_BASE
a1b013ce-8f3f-5c0b-a72e-d416a8bce03b;461993;Wadfow llave en l WTH6317 17MM;True;False;True;7200.0;4586.0;1.57;8500;1300;2.75;USD;https://www.totalherramientasoficial.com.py/produto/wadfow-chave-soquet-l---wth6317-17mm-41825.html;2026-09-27;;;;;NO;NO;DEBAJO_DE_1_75_COSTO_BASE
a1b4f83f-e298-5a71-8531-deb3cdd2fca6;351140;"Total tijeras para poda THT15308 8""";True;False;True;13800.0;8826.0;1.564;16300;2500;;;https://www.totalherramientasoficial.com.py/produto/total-tesoura-de-poda-tht15308-8-26462.html;;;;;;NO;NO;SIN_PRECIO_PROVEEDOR_ACTUAL
a1c85417-cd36-56e1-b578-8455eb121ebf;367776;Total espatula de masa THT83606 60MM;True;False;True;13800.0;8826.0;1.564;16300;2500;;;https://www.totalherramientasoficial.com.py/produto/total-espatula-de-masa--tht83606-60mm-27992.html;;;;;;NO;NO;SIN_PRECIO_PROVEEDOR_ACTUAL
a1da5099-145b-50fc-8dfb-0ca6897bc83b;437516;Total chaqueta TJCTC2282.XXL;True;False;True;17200.0;11032.0;1.559;20400;3200;;;https://www.totalherramientasoficial.com.py/produto/total--jacketa--tjctc2282xxl-34714.html;;;;;;NO;NO;SIN_PRECIO_PROVEEDOR_ACTUAL
a1f25d95-9587-58f9-b1a4-07252cbe33d1;239769;Total generador a gasolina UTP130001 3,0KVA;True;False;True;884700.0;567360.0;1.559;1049600;164900;;;https://www.totalherramientasoficial.com.py/produto/total-gerador-a-gasolina---utp130001-30kva-18494.html;;;;;;NO;NO;SIN_PRECIO_PROVEEDOR_ACTUAL
a1f72eaa-a2a2-5135-9775-a79b7b164926;532037;Total amoladora angular 20V TAGLI271532;True;False;True;152400.0;97712.0;1.56;180800;28400;;;https://www.totalherramientasoficial.com.py/produto/total-esmirilhadeira-angular--20v--tagli271532-51257.html;;;;;;NO;NO;SIN_PRECIO_PROVEEDOR_ACTUAL
a205e292-efd3-54d6-b8b2-76eeac8e884a;489997;Wadfow escalera 7 peldaños 150KG WLD1H07;True;False;True;132600.0;85038.0;1.559;157300;24700;51.0;USD;https://www.totalherramientasoficial.com.py/produto/wadfow-escada-7-degraus-150kg---wld1h07-46235.html;2026-09-27;;;;;NO;NO;DEBAJO_DE_1_75_COSTO_BASE
a22b87d3-2447-5ab3-b926-af358b25460a;367837;Total espatula de reboco THT81286 180X130M;True;False;True;13800.0;8826.0;1.564;16300;2500;;;https://www.totalherramientasoficial.com.py/produto/total-espatula-de-reboco-tht81286-180x130m-27998.html;;;;;;NO;NO;SIN_PRECIO_PROVEEDOR_ACTUAL
a23230ad-f892-5da8-9d83-1211022fbd13;462013;Wadfow nivel magnética WRP1603;True;False;True;18200.0;11672.0;1.559;21600;3400;7.0;USD;https://www.totalherramientasoficial.com.py/produto/wadfow-nivel-magnetico-wrp1603-41827.html;2026-09-27;;;;;NO;NO;DEBAJO_DE_1_75_COSTO_BASE
a24c07ee-c10b-52cc-ab73-77869f0ba0fe;460514;Wadfow martillo orejas mango de madera WMB3316 450G;True;False;True;7800.0;4986.0;1.564;9200;1400;2.99;USD;https://www.totalherramientasoficial.com.py/produto/wadfow-martelo-unha-cabo-de-madeira-wmb3316-450g-41677.html;2026-09-27;;;;;NO;NO;DEBAJO_DE_1_75_COSTO_BASE
a26ba75d-35b8-542f-a538-05ab8e38a391;565059;Total botas de lluvia TSP302LAB.43;True;False;True;59000.0;37824.0;1.56;70000;11000;;;https://www.totalherramientasoficial.com.py/produto/total--botas-de-chuva--tsp302lab43-54615.html;;;;;;NO;NO;SIN_PRECIO_PROVEEDOR_ACTUAL
a27ebff4-fcf5-5d1c-962d-0f386d37548f;460392;Wadfow engrapadora 3IN1 WGU2614;True;False;True;11700.0;7505.0;1.559;13900;2200;4.5;USD;https://www.totalherramientasoficial.com.py/produto/wadfow-grampeador-3in1--wgu2614-41665.html;2026-09-27;;;;;NO;NO;DEBAJO_DE_1_75_COSTO_BASE
a292f22d-6d28-5ceb-ba58-f8dab7ccc3bb;489850;Wadfow ropa de mecanico de algodón WAU0102.XL;True;False;True;119600.0;76701.0;1.559;141900;22300;46.0;USD;https://www.totalherramientasoficial.com.py/produto/wadfow-roupa-mecanica-de-algodao-wau0102xl-46221.html;2026-09-27;;;;;NO;NO;DEBAJO_DE_1_75_COSTO_BASE
a2a54b71-7f86-54e4-83cc-5066ad01020b;538749;Wadfow caja médico botiquín WYYX4501;True;False;True;33200.0;21260.0;1.562;39300;6100;12.75;USD;https://www.totalherramientasoficial.com.py/produto/wadfow--cofre-medical--wyyx4501-51940.html;2026-09-27;;;;;NO;NO;DEBAJO_DE_1_75_COSTO_BASE
a2c1cfc5-e17b-534a-a9b1-9dc53510eb57;381451;Total juego de mechas para vidrio y azulejos 5PCS TACSD7256;True;False;True;25400.0;16258.0;1.562;30100;4700;9.75;USD;https://www.totalherramientasoficial.com.py/produto/total-total-broca-kit-para-vidro-e-azulejos-5pcs-tacsd7256-29307.html;2026-09-27;;;;;NO;NO;DEBAJO_DE_1_75_COSTO_BASE
a2e1c94f-0c4d-523f-b236-5465a358c8d1;415477;Total remachador manual THT32106 10.5 ind;True;False;True;13800.0;8826.0;1.564;16300;2500;;;https://www.totalherramientasoficial.com.py/produto/total-rebitador-manual-tht32106-105-ind-32439.html;;;;;;NO;NO;SIN_PRECIO_PROVEEDOR_ACTUAL
a2e58707-7f96-5c4b-870f-367a82d832cd;443104;Total clavadora brad TAT83301;True;False;True;60100.0;38517.0;1.56;71300;11200;23.1;USD;https://www.totalherramientasoficial.com.py/produto/total-pregador-de-grampo-tat83301-35303.html;2026-09-27;;;;;NO;NO;DEBAJO_DE_1_75_COSTO_BASE
a2ebd1de-b2f8-56aa-bf30-9b56c4345f84;417501;Total botas seguridad TSP203SB.43;True;False;True;59000.0;37824.0;1.56;70000;11000;;;https://www.totalherramientasoficial.com.py/produto/total-botas-seguranca-tsp203sb43-32651.html;;;;;;NO;NO;SIN_PRECIO_PROVEEDOR_ACTUAL
a2f240f9-0736-5d37-9bda-4ca5ee7bbdfb;514934;Total juego de caja de herramientas 132PCS THPTCS71321;True;False;True;27000.0;17336.0;1.557;32100;5100;;;https://www.totalherramientasoficial.com.py/produto/total-conjunto-de-caixa-de-ferramentas-132pcs--thptcs71321-48844.html;;;;;;NO;NO;SIN_PRECIO_PROVEEDOR_ACTUAL
a2fa9782-9968-5dc2-ab70-9be7fcf726a4;469357;"Wadfow alicate presión recto 10"" WLP2110";True;False;True;13800.0;8826.0;1.564;16300;2500;;;https://www.totalherramientasoficial.com.py/produto/wadfow--alicate-de-pressao-reto-10-wlp2110-42619.html;;;;;;NO;NO;SIN_PRECIO_PROVEEDOR_ACTUAL
a2ffb961-ed5a-5d0c-a485-4830e8efa4ec;316279;"Total alicate bomba agua 10"" THT281006";True;False;True;172000.0;110320.0;1.559;204100;32100;;;https://www.totalherramientasoficial.com.py/produto/total-alicate-bomba-agua-10-tht281006-23341.html;;;;;;NO;NO;SIN_PRECIO_PROVEEDOR_ACTUAL
a31fcf46-ab22-5837-8dc5-38bad4ba8cd5;367622;Total kit alicate de anillos THT114041;True;False;True;8800.0;5674.0;1.551;10500;1700;;;https://www.totalherramientasoficial.com.py/produto/total-kit-alicate-de-aneis--tht114041-27978.html;;;;;;NO;NO;SIN_PRECIO_PROVEEDOR_ACTUAL
a3316da5-ae57-5311-ad59-7d1267da8b47;553490;"Total lijas para lijadora de drywall 5"" 125MM TAC7312511";True;False;True;157300.0;100864.0;1.56;186600;29300;;;https://www.totalherramientasoficial.com.py/produto/total--lixa-para-lixadeira-de-drywall--5-125mm--tac7312511-53449.html;;;;;;NO;NO;SIN_PRECIO_PROVEEDOR_ACTUAL
a373d6f4-b9df-5e64-b76d-6b797b3e0c82;501545;Wadfow picadora de madera biotrituradora 7HP WXU1307;True;False;True;17200.0;11032.0;1.559;20400;3200;;;https://www.totalherramientasoficial.com.py/produto/wadfow-picador-de-madeira-moedor--7hp---wxu1307-47437.html;;;;;;NO;NO;SIN_PRECIO_PROVEEDOR_ACTUAL
a3877989-065b-5b0c-996c-c421b652fafd;185677;"Total remachadora manual 8"" 200MM THT32081";True;False;True;22100.0;14175.0;1.559;26200;4100;8.5;USD;https://www.totalherramientasoficial.com.py/produto/total-rebitador-manual-8-200mm-tht32081-15525.html;2026-09-27;;;;;NO;NO;DEBAJO_DE_1_75_COSTO_BASE
a3b2fbea-6fad-508f-94ec-a6d618648969;505857;Wadfow caja de plástico 33L 510X390X242MM WTB2335;True;False;True;17200.0;11032.0;1.559;20400;3200;;;https://www.totalherramientasoficial.com.py/produto/wadfow-caixa-plastico-33l--510x390x242mm--wtb2335-47871.html;;;;;;NO;NO;SIN_PRECIO_PROVEEDOR_ACTUAL
a3b9710d-547e-5d1a-959d-d47c51ff8e40;15455;Wadfow llave de impacto 20V 330NM WCD1B33;True;False;True;148200.0;95042.0;1.559;175800;27600;57.0;USD;https://www.totalherramientasoficial.com.py/produto/wadfow--chave-de-impacto--20v-330nm--wcd1b33-54620.html;2026-09-27;;;;;NO;NO;DEBAJO_DE_1_75_COSTO_BASE
a3c36014-fd60-5e7e-bedf-904020d3e8dd;239875;Total sierra copa para concreto 50MM TAC430501;True;False;True;16300.0;10421.0;1.564;19300;3000;6.25;USD;https://www.totalherramientasoficial.com.py/produto/total-broca-serra-copo-concreto-50mm--tac430501-8444.html;2026-09-27;;;;;NO;NO;DEBAJO_DE_1_75_COSTO_BASE
a42ec98d-add2-52c6-80a4-679c22e05a73;139458;"Wadfow lijadora orbital 20V 5"" WRAP5030";True;False;True;108100.0;69344.0;1.559;128300;20200;37.0;USD;https://www.totalherramientasoficial.com.py/produto/wadfow-lixadeira-treme-treme-20v-5--wrap5030-49922.html;2026-09-27;;;;;NO;NO;DEBAJO_DE_1_75_COSTO_BASE
a43a062f-3fa6-51fc-bf1f-867dd8726377;456692;Total botas de lluvia TSP303L.42;True;False;True;16300.0;10421.0;1.564;19300;3000;;;https://www.totalherramientasoficial.com.py/produto/total-botas-de-chuva--tsp303l42-40737.html;;;;;;NO;NO;SIN_PRECIO_PROVEEDOR_ACTUAL
a43eef52-1851-551b-923c-7a04e6719db4;536530;Total juego de brocas 8PCS 6MM TACSDL10801;True;False;True;93600.0;60027.0;1.559;111000;17400;36.0;USD;https://www.totalherramientasoficial.com.py/produto/total--kit-brocas-8pcs-6mm--tacsdl10801-51714.html;2026-09-27;;;;;NO;NO;DEBAJO_DE_1_75_COSTO_BASE
a4570efb-9435-5cce-a3c0-3cc16caa0103;462938;Wadfow cinta metrica 5MX25MM WMT1230;True;False;True;5900.0;3782.0;1.56;7000;1100;;;https://www.totalherramientasoficial.com.py/produto/wadfow-metro--5mx25mm----wmt1230-41940.html;;;;;;NO;NO;SIN_PRECIO_PROVEEDOR_ACTUAL
a4678fbb-772d-5d66-bc59-d19d52761ef3;490856;Total atornillador 20V TIDLI206021 2BT motor brushless;True;False;True;167100.0;107168.0;1.559;198300;31200;;;https://www.totalherramientasoficial.com.py/produto/total-parafusadeira--20v-tidli206021--2bt--motor-brushless-46326.html;;;;;;NO;NO;SIN_PRECIO_PROVEEDOR_ACTUAL
a4718515-fdf9-55c8-afb9-a98d5b2c863c;615204;"Total alicate corte diagonal 6"" 160MM THT231608S";True;False;True;8800.0;5674.0;1.551;10500;1700;;;https://www.totalherramientasoficial.com.py/produto/total-alicate-corte-diagonal-6--160mm--tht231608s-57195.html;;;;;;NO;NO;SIN_PRECIO_PROVEEDOR_ACTUAL
a47ec96e-f434-511b-b7b4-f200cebc84a6;455282;Total amoladora TG1121256-3 1010W;True;False;True;118000.0;75648.0;1.56;139900;21900;;;https://www.totalherramientasoficial.com.py/produto/total-rebarbadora--tg11212563-1010w-40589.html;;;;;;NO;NO;SIN_PRECIO_PROVEEDOR_ACTUAL
a4b42d86-e537-55fa-97c4-668608b8d5a1;367486;Total generador disil TP2150K3 15KVA;True;False;True;884700.0;567360.0;1.559;1049600;164900;;;https://www.totalherramientasoficial.com.py/produto/total-gerador-disil-tp2150k3-15kva-27968.html;;;;;;NO;NO;SIN_PRECIO_PROVEEDOR_ACTUAL
a4d027d7-76c8-5a28-b9a7-7016e751ea41;532334;Total fresa rotativa metal TAKC1004;True;False;True;12400.0;7921.0;1.565;14700;2300;4.75;USD;https://www.totalherramientasoficial.com.py/produto/total-fresa--rotativo-de-metal--takc1004-51287.html;2026-09-27;;;;;NO;NO;DEBAJO_DE_1_75_COSTO_BASE
a4dd9d73-ebd2-591d-a015-0df9f69f7dd2;489157;"Wadfow mini amoladora 3"" 20V WLAP571";True;False;True;106600.0;68364.0;1.559;126500;19900;41.0;USD;https://www.totalherramientasoficial.com.py/produto/wadfow-mini-lixadeira--3-20v--wlap571-46151.html;2026-09-27;;;;;NO;NO;DEBAJO_DE_1_75_COSTO_BASE
a4efea09-6eec-5623-87a4-1f5de99fcfd3;521444;Total pulverizador 16L THSPP41602;True;False;True;46700.0;29944.0;1.56;55400;8700;;;https://www.totalherramientasoficial.com.py/produto/total-pulverizador-16l--thspp41602-49897.html;;;;;;NO;NO;SIN_PRECIO_PROVEEDOR_ACTUAL
a5200676-c7e3-596d-a9f9-3392fb51e530;461238;Wadfow pulverizador fumigador WRS1550 5L;True;False;True;24100.0;15423.0;1.563;28500;4400;9.25;USD;https://www.totalherramientasoficial.com.py/produto/wadfow-pulverizador-fumigador--wrs1550-5l-41749.html;2026-09-27;;;;;NO;NO;DEBAJO_DE_1_75_COSTO_BASE
a524e8a3-cfaf-5b99-a8a1-e7bfa048be8e;469326;Wadfow cerradora manual de mordaza WZB8002;True;False;True;31200.0;20009.0;1.559;37000;5800;12.0;USD;https://www.totalherramientasoficial.com.py/produto/wadfow-costura-manual-mandibula--wzb8002-42616.html;2026-09-27;;;;;NO;NO;DEBAJO_DE_1_75_COSTO_BASE
a5267a36-b3d8-5277-8dce-af89814ee2d7;133777;Total juego de llaves ajustables 3PCS THTK1013;True;False;True;31900.0;20488.0;1.557;37900;6000;;;https://www.totalherramientasoficial.com.py/produto/total-jogo-de-chaves-ajustaveis-thtk1013-6849.html;;;;;;NO;NO;SIN_PRECIO_PROVEEDOR_ACTUAL
a52ce99d-7866-568b-a626-904d8825c61a;532280;Total combo 3PCS TOSLI250182 taladro +atornillador+soplador;True;False;True;368600.0;236400.0;1.559;437300;68700;;;https://www.totalherramientasoficial.com.py/produto/total-combo-3pcs-tosli250182--furadeira--chave-de-fenda--soprador-51282.html;;;;;;NO;NO;SIN_PRECIO_PROVEEDOR_ACTUAL
a5673f4c-5b69-51f4-9980-656c351fc025;415880;Total pistola calor TB20036 2000W soplador;True;False;True;108100.0;69344.0;1.559;128300;20200;;;https://www.totalherramientasoficial.com.py/produto/total-pistola-calor-tb20036-2000w-soprador-32480.html;;;;;;NO;NO;SIN_PRECIO_PROVEEDOR_ACTUAL
a569b36a-8179-5a0a-9392-ea1ee0215410;442978;Total cortador de concreto TPC9203556;True;False;True;12300.0;7880.0;1.561;14600;2300;;;https://www.totalherramientasoficial.com.py/produto/total-rebarbadora-angular-tpc9203556-35289.html;;;;;;NO;NO;SIN_PRECIO_PROVEEDOR_ACTUAL
a598b3c2-bf76-5296-8121-a4c6236d4588;102964;Wadfow juego de cepillos de limpieza 11PCS WND5511;True;False;True;37100.0;23760.0;1.561;44000;6900;14.25;USD;https://www.totalherramientasoficial.com.py/produto/wadfow-conjunto-de-escovas-de-limpeza-com-11-pecas--wnd5511-3777.html;2026-09-27;;;;;NO;NO;DEBAJO_DE_1_75_COSTO_BASE
a5bcb06c-9b9a-50d6-a793-56b405ea9207;469647;Wadfow tijera de podar WPR2E24;True;False;True;15600.0;10004.0;1.559;18500;2900;6.0;USD;https://www.totalherramientasoficial.com.py/produto/wadfow-tesoura-de--jardim----wpr2e24-42648.html;2026-09-27;;;;;NO;NO;DEBAJO_DE_1_75_COSTO_BASE
a5eda088-a6d0-5c3a-8558-3f121a890b69;21876;"Total dados de impacto profundos 10PCS 3/8"" THKISD38106L";True;False;True;35100.0;22512.0;1.559;41600;6500;13.5;USD;https://www.totalherramientasoficial.com.py/produto/total--soquet-de-impacto-profundos-10pcs-38--thkisd38106l-55433.html;2026-09-27;;;;;NO;NO;DEBAJO_DE_1_75_COSTO_BASE
a5f61aab-602d-5219-a8ac-dced44d2f247;366625;Total tijera de poda THT1527401;True;False;True;28600.0;18341.0;1.559;33900;5300;11.0;USD;https://www.totalherramientasoficial.com.py/produto/total--tesoura-tht1527401-27885.html;2026-09-27;;;;;NO;NO;DEBAJO_DE_1_75_COSTO_BASE
a607c1e2-1a9e-5dfc-95f6-0417fad9456e;495691;Total calibrador análogico 150MM TMT311501;True;False;True;31900.0;20488.0;1.557;37900;6000;;;https://www.totalherramientasoficial.com.py/produto/total-paquimetro--analogico-150mm-tmt311501-46828.html;;;;;;NO;NO;SIN_PRECIO_PROVEEDOR_ACTUAL
a6099d1a-21b9-5e5d-8a9c-8c0f4087ae2f;206549;Total nivel de burbuja 60CM TMT26026;True;False;True;13800.0;8826.0;1.564;16300;2500;;;https://www.totalherramientasoficial.com.py/produto/total-nivel-de-bolha-60cm--tmt26026-56005.html;;;;;;NO;NO;SIN_PRECIO_PROVEEDOR_ACTUAL
a60cc31b-3377-5eae-a1ea-a178bf9858b9;528535;Wadfow sierra de poda con extensión WPR4701;True;False;True;38400.0;24595.0;1.561;45500;7100;14.75;USD;https://www.totalherramientasoficial.com.py/produto/wadfow-serra-de-poda-com-extensor-wpr4701-50685.html;2026-09-27;;;;;NO;NO;DEBAJO_DE_1_75_COSTO_BASE
a62019f0-23a3-50b9-a4de-7647ebab09e4;11825;Dear Body Cream 200 g Asad Bourbon;True;False;True;19500.0;;;;;7.5;USD;https://atacadousa.com.py/cosmeticos/11825-dear-body-cream-200gr-asad-bourbon.html;2026-09-27;;;;;NO;NO;SIN_COSTO_BASE_DOCUMENTADO
a625cc68-2cc4-5102-9ebf-5b3da8899a6d;436571;Total hidraulico corta acero THSC012;True;False;True;145600.0;93375.0;1.559;172700;27100;56.0;USD;https://www.totalherramientasoficial.com.py/produto/total-hidraulico-corta-aco-thsc012-34616.html;2026-09-27;;;;;NO;NO;DEBAJO_DE_1_75_COSTO_BASE
a6271fd5-bcc7-5d04-ad11-583bed813713;489287;"Wadfow llave de tubos sueca 1"" WPW3101";True;False;True;13000.0;8337.0;1.559;15400;2400;5.0;USD;https://www.totalherramientasoficial.com.py/produto/wadfow--chave-de-tubo-sueca--1---wpw3101-46164.html;2026-09-27;;;;;NO;NO;DEBAJO_DE_1_75_COSTO_BASE
a6695f6f-96f7-544e-93be-fa10818ff8e9;528122;Total multímetro digital rango automático TMT5310004;True;False;True;78000.0;50006.0;1.56;92500;14500;29.99;USD;https://www.totalherramientasoficial.com.py/produto/total-multitester-digital-de-alcance-automatico--tmt5310004-50641.html;2026-09-27;;;;;NO;NO;DEBAJO_DE_1_75_COSTO_BASE
a678cd06-9c8d-5a01-aa63-de87fecf02f9;490917;"Total alicate para cerca 12"" 300MM THT210122";True;False;True;18800.0;12088.0;1.555;22400;3600;7.25;USD;https://www.totalherramientasoficial.com.py/produto/total--alicate-para-cerca-12-300mm---tht210122-46332.html;2026-09-27;;;;;NO;NO;DEBAJO_DE_1_75_COSTO_BASE
a67d264a-1d5e-5df5-b3de-32d2c56d8106;11228;Wadfow prensa de banco base giratoria 360° WBV1A06;True;False;True;12300.0;7880.0;1.561;14600;2300;46.0;USD;https://www.totalherramientasoficial.com.py/produto/wadfow--morsa-bancada-base-rotativa-360--wbv1a06-54619.html;2026-09-27;;;;;NO;NO;DEBAJO_DE_1_75_COSTO_BASE
a6918835-d4c4-55c3-9903-4bcd9f75c755;469265;"Wadfow llave para tubo 10.5"" WPW4110";True;False;True;15000.0;9588.0;1.564;17700;2700;5.75;USD;https://www.totalherramientasoficial.com.py/produto/wadfow-chave-grifo--105--wpw4110-42610.html;2026-09-27;;;;;NO;NO;DEBAJO_DE_1_75_COSTO_BASE
a69a8647-8d2a-57fe-99ab-e1106de5b0b9;527613;Total kit de herramentas 20V THKTHP31522 152PCS;True;False;True;41800.0;26792.0;1.56;49600;7800;;;https://www.totalherramientasoficial.com.py/produto/total-kit-de--ferramentas-20v--thkthp31522-152pcs-50586.html;;;;;;NO;NO;SIN_PRECIO_PROVEEDOR_ACTUAL
a69b14fd-baf8-52b8-9eb4-def4a308455c;316248;Total alicate corte diagonal THT230706;True;False;True;9900.0;6336.0;1.562;11700;1800;3.8;USD;https://www.totalherramientasoficial.com.py/produto/total-alicate-corte-diagonal-tht230706-23338.html;2026-09-27;;;;;NO;NO;DEBAJO_DE_1_75_COSTO_BASE
a69c0033-26a2-5955-9938-da07e2a24635;436205;Total tijeras de podar TSSLI20258 li-ion;True;False;True;12300.0;7880.0;1.561;14600;2300;;;https://www.totalherramientasoficial.com.py/produto/total-tesoura-de-poda--tssli20258--liion-34576.html;;;;;;NO;NO;SIN_PRECIO_PROVEEDOR_ACTUAL
a6a64b9b-9b48-53b5-998f-b5e941c967ea;495639;Total lavadora de alta presión a gasolina TGT250105;True;False;True;754000.0;483533.0;1.559;894500;140500;289.99;USD;https://www.totalherramientasoficial.com.py/produto/total-lavadora-de-alta-pressao--a-gasolina--tgt250105-46822.html;2026-09-27;;;;;NO;NO;DEBAJO_DE_1_75_COSTO_BASE
a6bb7b13-c356-5cff-9f5b-d6653a370b2a;528405;Wadfow llave en t 19MM WTH1119;True;False;True;4600.0;2919.0;1.576;5400;800;1.75;USD;https://www.totalherramientasoficial.com.py/produto/wadfow-chave-em-t-19mm--wth1119-50672.html;2026-09-27;;;;;NO;NO;DEBAJO_DE_1_75_COSTO_BASE
a6cb5d92-9032-5299-88d6-2b5318a67a92;468985;Total hacha THT788006 800G;True;False;True;19500.0;12507.0;1.559;23100;3600;7.5;USD;https://www.totalherramientasoficial.com.py/produto/total--machado--tht788006--800g-42582.html;2026-09-27;;;;;NO;NO;DEBAJO_DE_1_75_COSTO_BASE
a6cd6194-d8dd-5616-a27d-a56e7f40deed;436731;Total juego de herramientas 13PCS TKTTSK0132;True;False;True;57200.0;36683.0;1.559;67900;10700;22.0;USD;https://www.totalherramientasoficial.com.py/produto/total-kit-feramentas-13pcs-tkttsk0132-34635.html;2026-09-27;;;;;NO;NO;DEBAJO_DE_1_75_COSTO_BASE
a6f5247a-ca35-5d5c-9fdd-65782602a160;341783;Total llave philips THTISPH2100 isolado;True;False;True;8800.0;5674.0;1.551;10500;1700;;;https://www.totalherramientasoficial.com.py/produto/total-chave-philips--thtisph2100-isolado-25639.html;;;;;;NO;NO;SIN_PRECIO_PROVEEDOR_ACTUAL
a722ad12-73bb-5fbe-ae22-25b9ad5ac72d;564823;Total combo 20V 5PCS TOSLI250592;True;False;True;634000.0;406608.0;1.559;752200;118200;;;https://www.totalherramientasoficial.com.py/produto/total-combo-20v-5pcs--tosli250592-54592.html;;;;;;NO;NO;SIN_PRECIO_PROVEEDOR_ACTUAL
a77b87f8-2121-5deb-9bd8-cae501792747;487689;Total mochila para herramientas THBP02025 8KG;True;False;True;49400.0;31681.0;1.559;58600;9200;;;https://www.totalherramientasoficial.com.py/produto/total-mochila-de-ferramentas-thbp02025--8kg-46004.html;;;;;;NO;NO;SIN_PRECIO_PROVEEDOR_ACTUAL
a79c1ded-4d21-59ff-9a52-a21f69a7dcf8;380942;Total compresor de aire 20V TACLI2018 150PSI lion;True;False;True;108100.0;69344.0;1.559;128300;20200;;;https://www.totalherramientasoficial.com.py/produto/total-compresor-de-ar-20v-tacli2018-150psi-lion-29257.html;;;;;;NO;NO;SIN_PRECIO_PROVEEDOR_ACTUAL
a7aa35a6-04c1-586b-9ae9-76ec5c1fccad;460330;Wadfow soporte para taladro vertical WADS2543;True;False;True;31200.0;20009.0;1.559;37000;5800;12.0;USD;https://www.totalherramientasoficial.com.py/produto/wadfow--suporte-furadeira-vertical-wads2543-41659.html;2026-09-27;;;;;NO;NO;DEBAJO_DE_1_75_COSTO_BASE
a7d3d0c8-b9a2-5d75-8e51-866fc80f9d8a;455299;"Total pulidora 7"" 1400W TP11418018";True;False;True;118000.0;75648.0;1.56;139900;21900;;;https://www.totalherramientasoficial.com.py/produto/total-polidor-7---1400w--tp11418018-40590.html;;;;;;NO;NO;SIN_PRECIO_PROVEEDOR_ACTUAL
a7e1f892-fda1-5fca-8091-6e1e2378f44d;381086;Total fresadora TR111216 1600W roteador industrial;True;False;True;179400.0;115051.0;1.559;212800;33400;69.0;USD;https://www.totalherramientasoficial.com.py/produto/total-tupia-tr111216-1600w-roteador-industrial-29272.html;2026-09-27;;;;;NO;NO;DEBAJO_DE_1_75_COSTO_BASE
a7eb0aaf-b58f-598b-9a45-0091482423cc;501934;Total hilo de corte 1.6MM 4PCS TALS1602;True;False;True;16900.0;10840.0;1.559;20100;3200;6.5;USD;https://www.totalherramientasoficial.com.py/produto/total-linha-de-corte-16mm--4pcs--tals1602-47477.html;2026-09-27;;;;;NO;NO;DEBAJO_DE_1_75_COSTO_BASE
a85cd018-548d-5691-84f5-87f0e44c2234;488327;"Total llave para tubos sueca 2"" THT172023";True;False;True;33800.0;21676.0;1.559;40100;6300;13.0;USD;https://www.totalherramientasoficial.com.py/produto/total--chavepara-tubos-sueca-2-tht172023-46068.html;2026-09-27;;;;;NO;NO;DEBAJO_DE_1_75_COSTO_BASE
a8713cbb-6e1b-5e0f-b0b1-090709a94293;436328;Total cargador de bateria 12/24V UTBC1601;True;False;True;135200.0;86705.0;1.559;160400;25200;;;https://www.totalherramientasoficial.com.py/produto/total-carregador-de-bateria-1224v-utbc1601-34590.html;;;;;;NO;NO;SIN_PRECIO_PROVEEDOR_ACTUAL
a8c3eca4-39b7-56f5-816d-660656c0eac3;126038;Total macacon de trabajo TSP6033.L;True;False;True;57200.0;36683.0;1.559;67900;10700;22.0;USD;https://www.totalherramientasoficial.com.py/produto/total-macacao-de-trabalho---tsp6033l-56395.html;2026-09-27;;;;;NO;NO;DEBAJO_DE_1_75_COSTO_BASE
a8d88ff2-6d73-562d-a93d-486a76b57460;456739;Total botas de lluvia TSP303L.46;True;False;True;16300.0;10421.0;1.564;19300;3000;6.25;USD;https://www.totalherramientasoficial.com.py/produto/total-botas-de-chuva--tsp303l46-40741.html;2026-09-27;;;;;NO;NO;DEBAJO_DE_1_75_COSTO_BASE
a8e8e42f-f05f-5aaa-86cb-46b1ff0274cf;122825;Total nivel de mano 10CM TMT205101;True;False;True;13800.0;8826.0;1.564;16300;2500;;;https://www.totalherramientasoficial.com.py/produto/total-nivel-de-mao--10cm-tmt205101-5293.html;;;;;;NO;NO;SIN_PRECIO_PROVEEDOR_ACTUAL
a8f4e065-2b96-58ce-8994-d162c8c70c9e;583749;Total combo inalámbrico 5PCS 20V UTOSLI251083;True;False;True;634400.0;406848.0;1.559;752700;118300;244.0;USD;https://www.totalherramientasoficial.com.py/produto/total-combo-sem-fio--5pcs-20v---utosli251083-56798.html;2026-09-27;;;;;NO;NO;DEBAJO_DE_1_75_COSTO_BASE
a9062ea6-230a-5b35-bf75-daa975d6c4a5;25577;Wadfow martillo demoledor sds hex 1600W WDB1D80;True;False;True;1081300.0;693440.0;1.559;1282900;201600;;;https://www.totalherramientasoficial.com.py/produto/wadfow--martelete-sds-hex-1600w-wdb1d80-54857.html;;;;;;NO;NO;SIN_PRECIO_PROVEEDOR_ACTUAL
a91aed8b-305a-538a-9fe6-52cec4067357;532112;Total desmalezadora TP5524411 52CC 1.4KW;True;False;True;46700.0;29944.0;1.56;55400;8700;;;https://www.totalherramientasoficial.com.py/produto/total-corta-grama-tp5524411--52cc--14kw-51265.html;;;;;;NO;NO;SIN_PRECIO_PROVEEDOR_ACTUAL
a9437b73-d077-58d8-9956-d2b0c87b850b;488310;Total llave para tubos sueca de alta resistencia 45° THT172013;True;False;True;15000.0;9588.0;1.564;17700;2700;5.75;USD;https://www.totalherramientasoficial.com.py/produto/total-chave-de-tubos-sueca-45-para-servicos-pesados--tht172013-46067.html;2026-09-27;;;;;NO;NO;DEBAJO_DE_1_75_COSTO_BASE
a9460c69-79e0-5f77-8c62-a4a8af937d35;468824;Total alicate pelacable TMPCN5468R;True;False;True;8800.0;5674.0;1.551;10500;1700;;;https://www.totalherramientasoficial.com.py/produto/total-alicate-decapagem-cabo-tmpcn5468r-42566.html;;;;;;NO;NO;SIN_PRECIO_PROVEEDOR_ACTUAL
a9521954-ff03-5647-b37e-675226718467;109390;Wadfow tecle de cadena 1TONELADA WCK2581;True;False;True;104000.0;66681.0;1.56;123400;19400;39.99;USD;https://www.totalherramientasoficial.com.py/produto/wadfow--talha-manual-1ton---wck2581-54634.html;2026-09-27;;;;;NO;NO;DEBAJO_DE_1_75_COSTO_BASE
a95ec754-71d2-5594-9a4b-ea8c90faeb47;536653;Total llave combinada 12PCS THT102RK5126;True;False;True;5900.0;3782.0;1.56;7000;1100;;;https://www.totalherramientasoficial.com.py/produto/total--kit-chave-catraca-12pcs--tht102rk5126-51726.html;;;;;;NO;NO;SIN_PRECIO_PROVEEDOR_ACTUAL
a96d398a-8fc8-5ad5-8b9f-785cf68a6ef0;462778;Wadfow llave combinada set 5PCS WSP1215;True;False;True;5900.0;3782.0;1.56;7000;1100;;;https://www.totalherramientasoficial.com.py/produto/wadfow-chave-combinada-kit-5pcs--wsp1215-41924.html;;;;;;NO;NO;SIN_PRECIO_PROVEEDOR_ACTUAL
a97efb5c-f144-5de4-8050-f5c33f62b25e;338318;Total atornillador 18V TDLI228180 lithum 2BAT;True;False;True;157300.0;100864.0;1.56;186600;29300;;;https://www.totalherramientasoficial.com.py/produto/total-parafusadeira-18v-tdli228180-lithum-2bat-25315.html;;;;;;NO;NO;SIN_PRECIO_PROVEEDOR_ACTUAL
a9a3ccdc-08de-566a-afbc-5f41bc3a2abd;263559;Total rebarbadora UTG1121251 1200W;True;False;True;118000.0;75648.0;1.56;139900;21900;;;https://www.totalherramientasoficial.com.py/produto/total-rebarbadora--utg1121251-1200w-11918.html;;;;;;NO;NO;SIN_PRECIO_PROVEEDOR_ACTUAL
a9aa3936-e2a7-5c30-b39a-07aebddddbc2;495615;Total cargador de bateria 6/12V / 40-90A TBC1501;True;False;True;104000.0;66681.0;1.56;123400;19400;39.99;USD;https://www.totalherramientasoficial.com.py/produto/total-carregador-de-bateria--612v--4090a--tbc1501-46820.html;2026-09-27;;;;;NO;NO;DEBAJO_DE_1_75_COSTO_BASE
a9b53237-b783-536c-8046-9566c34d0ee0;533225;Wadfow juego de destornillador WSS1430 30PCS;True;False;True;5400.0;3467.0;1.558;6400;1000;;;https://www.totalherramientasoficial.com.py/produto/wadfow-kit-chave-fenda-wss1430-30pcs-51376.html;;;;;;NO;NO;SIN_PRECIO_PROVEEDOR_ACTUAL
a9b8fd89-5278-5cb2-baf8-7fd8a2a3f931;585019;Total martillo demoledor UTH2130016 1300W sds 7K;True;False;True;437400.0;280528.0;1.559;519000;81600;;;https://www.totalherramientasoficial.com.py/produto/total-martelete--uth2130016-1300w-sds-7k-56925.html;;;;;;NO;NO;SIN_PRECIO_PROVEEDOR_ACTUAL
a9bb9e55-638e-5f02-90ed-28d52ffab96f;415101;Total sierra caladora TS204556 400W;True;False;True;78600.0;50432.0;1.559;93300;14700;;;https://www.totalherramientasoficial.com.py/produto/total-tico-tico-ts204556-400w-32402.html;;;;;;NO;NO;SIN_PRECIO_PROVEEDOR_ACTUAL
a9bf0866-4da6-50c6-afe2-29ae9dc467b7;108374;Medicube Zero Pore Pad 155 g 70Pads;True;False;True;35900.0;;;;;13.75;USD;https://atacadousa.com.py/cosmeticos/10073-tonico-facial-medicube-lenco-zero-pore-pad-20-70unid-155gx0036owkid.html;2026-09-27;;;;;NO;NO;SIN_COSTO_BASE_DOCUMENTADO
a9cad04b-33b0-55f5-b079-522704d51b4f;543682;Wadfow fresa rotativa 6MM-8MM WYE3K01;True;False;True;11700.0;7505.0;1.559;13900;2200;4.5;USD;https://www.totalherramientasoficial.com.py/produto/wadfow-fresa-rotativa-6mm8mm-wye3k01-52454.html;2026-09-27;;;;;NO;NO;DEBAJO_DE_1_75_COSTO_BASE
a9e50a81-582e-5f18-be72-ec99f9355dfa;239738;Total sierra policorte TS92035526 2350W;True;False;True;137600.0;88256.0;1.559;163300;25700;;;https://www.totalherramientasoficial.com.py/produto/total-serra-policorte--ts92035526--2350w-18492.html;;;;;;NO;NO;SIN_PRECIO_PROVEEDOR_ACTUAL
a9f3c302-f243-5525-9762-2554f5327d58;239349;"Total amoladora angular TG10911526 4"" 950W";True;False;True;87500.0;56106.0;1.56;103800;16300;;;https://www.totalherramientasoficial.com.py/produto/total-rebarbadora-tg1091251-4-950w-8436.html;;;;;;NO;NO;SIN_PRECIO_PROVEEDOR_ACTUAL
aa029390-4250-5a6c-9643-e26ed2f971f0;275903;Total taladro compacto 20V 50NM UTDLI205062 motor sin escobill;True;False;True;122900.0;78800.0;1.56;145800;22900;;;https://www.totalherramientasoficial.com.py/produto/total-parafusadeira-compacta--20v--50nm--utdli205062-motor-sem-escovas-56388.html;;;;;;NO;NO;SIN_PRECIO_PROVEEDOR_ACTUAL
aa1a0e02-8887-5da1-b78e-20eaa69865ec;531931;Total carrete de línea de tiza 30M THT661301;True;False;True;13800.0;8826.0;1.564;16300;2500;;;https://www.totalherramientasoficial.com.py/produto/total-carretel-de-linha-de-giz-30m-tht661301-51247.html;;;;;;NO;NO;SIN_PRECIO_PROVEEDOR_ACTUAL
aa2ee8d8-672a-526b-ad9f-7836b8ed00bf;538473;Wadfow martillo de lapidación 4KG WHM9340;True;False;True;39600.0;25427.0;1.557;47000;7400;15.25;USD;https://www.totalherramientasoficial.com.py/produto/wadfow--martelo-marreta-4kg--whm9340-51913.html;2026-09-27;;;;;NO;NO;DEBAJO_DE_1_75_COSTO_BASE
aa4a91fd-c657-5840-9c7e-8f5dc0f2ef90;583978;Total combo bolsas de herramientas 4PCS TOS230912;True;False;True;486600.0;312048.0;1.559;577300;90700;;;https://www.totalherramientasoficial.com.py/produto/total-combo-bolsas-para-ferramentas--4pcs--tos230912-56821.html;;;;;;NO;NO;SIN_PRECIO_PROVEEDOR_ACTUAL
aa968413-f2c7-5eef-b0af-666b98775650;505901;Wadfow gato hidráulico 3TONELADAS WHJ2503;True;False;True;59000.0;37824.0;1.56;70000;11000;;;https://www.totalherramientasoficial.com.py/produto/wadfow-macaco-hidraulico-3-toneladas---whj2503-47876.html;;;;;;NO;NO;SIN_PRECIO_PROVEEDOR_ACTUAL
aa98d3b7-fd4c-5efb-9bbe-caa7e5c0bce8;397155;Total taladro TD2051026 500W;True;False;True;63900.0;40976.0;1.559;75800;11900;;;https://www.totalherramientasoficial.com.py/produto/total-furadeira-td2051026-500w-30635.html;;;;;;NO;NO;SIN_PRECIO_PROVEEDOR_ACTUAL
aac6e0da-9e57-5688-8718-a380f788caf9;531658;Total botas de seguridad TSP202SB.46 negro;True;False;True;57200.0;36683.0;1.559;67900;10700;;;https://www.totalherramientasoficial.com.py/produto/total-botas-de-seguranca-tsp202sb46--preto-51219.html;;;;;;NO;NO;SIN_PRECIO_PROVEEDOR_ACTUAL
aad44890-69c5-5b74-abf2-c01d29c82490;415187;Total acople para bateria 600A PBCA16008;True;False;True;36400.0;23328.0;1.56;43200;6800;13.99;USD;https://www.totalherramientasoficial.com.py/produto/total-cabo-chupeta-600a--pbca16008-32409.html;2026-09-27;;;;;NO;NO;DEBAJO_DE_1_75_COSTO_BASE
aae1a25b-634a-564f-ba4e-0c43c12c8d27;490153;Wadfow hidrolavadora domestica 2.5LITROS WQX1528;True;False;True;216300.0;138688.0;1.56;256600;40300;;;https://www.totalherramientasoficial.com.py/produto/wadfow-lava-jato-domestica-25-litros--wqx1528-46251.html;;;;;;NO;NO;SIN_PRECIO_PROVEEDOR_ACTUAL
aaf1ea71-bdcb-5da9-baf5-51f59c35f169;584708;Total llave de impacto angular 20V TAIWLI208;True;False;True;247000.0;158404.0;1.559;293000;46000;95.0;USD;https://www.totalherramientasoficial.com.py/produto/total-chave-de-impacto-angular--20v--taiwli208-56894.html;2026-09-27;;;;;NO;NO;DEBAJO_DE_1_75_COSTO_BASE
ab0f9887-b4c6-5896-a22c-5065632d5e25;608602;Total llave de impacto 42V 870NM TIWLI42862 2B;True;False;True;8800.0;5674.0;1.551;10500;1700;;;https://www.totalherramientasoficial.com.py/produto/total-chave-de-impacto-42v-870nm-tiwli42862--2b-57117.html;;;;;;NO;NO;SIN_PRECIO_PROVEEDOR_ACTUAL
ab577a2a-a93a-55e1-91a8-1b2e88a60008;489362;Wadfow pistola engrasadora manual 400CC WGG2540;True;False;True;24700.0;15842.0;1.559;29300;4600;9.5;USD;https://www.totalherramientasoficial.com.py/produto/wadfow-pistola-de-graxa-manual-400cc---wgg2540-46172.html;2026-09-27;;;;;NO;NO;DEBAJO_DE_1_75_COSTO_BASE
ab63af16-79b5-5fbb-984d-6742c9c82d26;125635;Total rotomartillo 20V UTRHLI202862;True;False;True;374400.0;240107.0;1.559;444200;69800;144.0;USD;https://www.totalherramientasoficial.com.py/produto/total-martelete-20v-utrhli202862-6257.html;2026-09-27;;;;;NO;NO;DEBAJO_DE_1_75_COSTO_BASE
ab83fe4d-96a1-5007-95e9-f64f5067aeac;469517;"Wadfow juego de dados 1/2"" 12PCS UWST2212";True;False;True;33800.0;21676.0;1.559;40100;6300;13.0;USD;https://www.totalherramientasoficial.com.py/produto/wadfow-kit-socket-12-12pcs----uwst2212-42635.html;2026-09-27;;;;;NO;NO;DEBAJO_DE_1_75_COSTO_BASE
aba43622-b543-5d6e-a2d9-5110d87640bc;468407;Medicube TXA Niacinamide 15 Serum 15% 30 ml;True;False;True;39000.0;;;;;15.5;USD;https://atacadousa.com.py/cosmeticos/10099-serum-facial-medicube-txa-niacinamide-15-serum-30ml-x004k3t3fh.html;2026-09-27;;;;;NO;NO;SIN_COSTO_BASE_DOCUMENTADO
aba6f800-5fbd-50c5-a25c-509b84d0460e;538244;Wadfow llave de impacto motor sin escobillas 20V WCD1B78 780NM;True;False;True;8800.0;5674.0;1.551;10500;1700;;;https://www.totalherramientasoficial.com.py/produto/wadfow--chave-de--impacto-motor-sem-escovas-20v--wcd1b78--780nm-51890.html;;;;;;NO;NO;SIN_PRECIO_PROVEEDOR_ACTUAL
abab9fa2-f653-575f-91e7-2c29e184c6fa;300728;Total atornillador 18V UTDLI318104 lithum 2BAT;True;False;True;157300.0;100864.0;1.56;186600;29300;;;https://www.totalherramientasoficial.com.py/produto/total-parafusadeira-18v-utdli318104-lithum-2bat-22232.html;;;;;;NO;NO;SIN_PRECIO_PROVEEDOR_ACTUAL
abcaab1e-22d8-56fb-9b65-3ad18f129b98;613866;Wadfow set multimetro digital+detector+pinza amperimetrica 3PC;True;False;True;44800.0;28762.0;1.558;53200;8400;17.25;USD;https://www.totalherramientasoficial.com.py/produto/wadfow-conjunto-de-multimetro-digital--detector--amperimetro-de-pinca--3pcs--wdm94022-57175.html;2026-09-27;;;;;NO;NO;DEBAJO_DE_1_75_COSTO_BASE
abeef66b-db7e-5f82-84d4-e8b8efc5dcf9;538428;Wadfow pinza de resorte c/ mola WCP5379;True;False;True;3100.0;2002.0;1.548;3700;600;1.2;USD;https://www.totalherramientasoficial.com.py/produto/wadfow-abracadeira-de-mola-wcp5379-51908.html;2026-09-27;;;;;NO;NO;DEBAJO_DE_1_75_COSTO_BASE
ac00e1e8-d535-589c-b09d-824fe5d3c383;580052;Wadfow cortacésped inalámbrico 20V UWGTP535;True;False;True;17200.0;11032.0;1.559;20400;3200;47.5;USD;https://www.totalherramientasoficial.com.py/produto/wadfow-corta-grama-sem-fio-20v-uwgtp535-56429.html;2026-09-27;;;;;NO;NO;DEBAJO_DE_1_75_COSTO_BASE
ac26b3c4-fbf1-5243-959e-dacc11e9701b;468893;"Total amoladora angular TG10912556 5"" 900W 220V";True;False;True;152400.0;97712.0;1.56;180800;28400;;;https://www.totalherramientasoficial.com.py/produto/total-esmirilhadeira-angular---tg10912556--5-900w--220v-42573.html;;;;;;NO;NO;SIN_PRECIO_PROVEEDOR_ACTUAL
ac3baf37-4520-50ab-aebe-a409809cd54d;460231;Wadfow alicate corta cable WCT1908;True;False;True;8800.0;5674.0;1.551;10500;1700;;;https://www.totalherramientasoficial.com.py/produto/wadfow-corta-cabo-alicate--wct1908-41649.html;;;;;;NO;NO;SIN_PRECIO_PROVEEDOR_ACTUAL
ac418b5d-5036-5845-a197-92a3cfb72d35;463973;"Wadfow dado de impacto WMS3221 1/2""21MM";True;False;True;157300.0;100864.0;1.56;186600;29300;;;https://www.totalherramientasoficial.com.py/produto/wadfow-soquete-impacto-wms3221-1221mm-42044.html;;;;;;NO;NO;SIN_PRECIO_PROVEEDOR_ACTUAL
ac47ca40-0ad0-5c2d-a97c-6c915ef969db;201667;Total martillo de oreja magnético 8OZ THCH61008D;True;False;True;7800.0;5002.0;1.559;9300;1500;3.0;USD;https://www.totalherramientasoficial.com.py/produto/total-martelo-de-unha-magnetico-8oz--thch61008d-55258.html;2026-09-27;;;;;NO;NO;DEBAJO_DE_1_75_COSTO_BASE
ac4a199d-dbdd-5ff3-9cd0-a0673edba5ea;381871;Total cinta metrica TMT11306 30METRO;True;False;True;3900.0;2522.0;1.546;4700;800;;;https://www.totalherramientasoficial.com.py/produto/total-trena-metro--tmt11306---30metro-29347.html;;;;;;NO;NO;SIN_PRECIO_PROVEEDOR_ACTUAL
ac4d2974-2528-5579-a3d6-091739e55ba2;11704;SKIN1004 Madagascar Centella Crema Para Contorno De Ojos Probio-Cica 20 ml;True;False;True;44200.0;;;;;14.5;USD;https://atacadousa.com.py/cosmeticos/11704-creme-contorno-olhos-skin1004-madagascar-centel-probio-cica-20ml30177.html;2026-09-27;;;;;NO;NO;SIN_COSTO_BASE_DOCUMENTADO
ac5d3708-1056-56cc-90f1-84c3464ec145;528948;Total motosierra TGSLI20683 20V 6'';True;False;True;46700.0;29944.0;1.56;55400;8700;;;https://www.totalherramientasoficial.com.py/produto/total--motosserra--tgsli20683--20v--6-50740.html;;;;;;NO;NO;SIN_PRECIO_PROVEEDOR_ACTUAL
ac678ed8-075b-55de-9ae0-94a2970cbce0;341813;Total candado 30MM TLK32302 95G;True;False;True;7800.0;5002.0;1.559;9300;1500;3.0;USD;https://www.totalherramientasoficial.com.py/produto/total-cadiado-30mm--tlk32302-95g-25642.html;2026-09-27;;;;;NO;NO;DEBAJO_DE_1_75_COSTO_BASE
ac917c56-f061-5257-8c78-07e3380629a3;456326;Total tijera cocina 9'' THSCRS822251;True;False;True;12300.0;7880.0;1.561;14600;2300;;;https://www.totalherramientasoficial.com.py/produto/total-tesoura-cozinha--9-thscrs822251-40700.html;;;;;;NO;NO;SIN_PRECIO_PROVEEDOR_ACTUAL
acabe0b3-e568-54f2-afcf-51c3059dd0c2;512541;Total pistola clavadora brad TCBNLI3505 15-35 s/b;True;False;True;108100.0;69344.0;1.559;128300;20200;;;https://www.totalherramientasoficial.com.py/produto/total-pregador-de-pregos-tcbnli3505-1535-sb-48605.html;;;;;;NO;NO;SIN_PRECIO_PROVEEDOR_ACTUAL
acb44bf6-78c4-5c87-968c-e282e57ca5f2;469388;Wadfow martillo de lapidación 2000G WHM2320;True;False;True;15600.0;10004.0;1.559;18500;2900;6.0;USD;https://www.totalherramientasoficial.com.py/produto/wadfow-martelo-machinista-2000g-whm2320-42622.html;2026-09-27;;;;;NO;NO;DEBAJO_DE_1_75_COSTO_BASE
acb6c979-0162-582e-a9b6-04db5665aa50;63845;Total soldador electrico 20V TSILI2001;True;False;True;206400.0;132384.0;1.559;244900;38500;;;https://www.totalherramientasoficial.com.py/produto/total-ferro-de-solda-eletrico-20v--tsili2001-55490.html;;;;;;NO;NO;SIN_PRECIO_PROVEEDOR_ACTUAL
acb8f77a-1d6f-5763-80a7-2acd0c74420a;341448;Total pinza de cable THT1591 180MM;True;False;True;15000.0;9639.0;1.556;17800;2800;5.78;USD;https://www.totalherramientasoficial.com.py/produto/total-descascador-de-fio-tht1591-180mm-25607.html;2026-09-27;;;;;NO;NO;DEBAJO_DE_1_75_COSTO_BASE
acbf27a3-2681-5c6f-a209-8f05665281f9;460804;Wadfow llave ajustable WAW2210 0-35MM;True;False;True;12800.0;8195.0;1.562;15200;2400;;;https://www.totalherramientasoficial.com.py/produto/wadfow-chave-ajustavel--waw2210-035mm-41706.html;;;;;;NO;NO;SIN_PRECIO_PROVEEDOR_ACTUAL
ace8489a-0a84-5f43-b2df-96d7845c8a8e;542371;Wadfow pistola de calor 350W WHG2501;True;False;True;28000.0;17925.0;1.562;33200;5200;10.75;USD;https://www.totalherramientasoficial.com.py/produto/wadfow-pistola-de-ar-quente-350w--whg2501-52323.html;2026-09-27;;;;;NO;NO;DEBAJO_DE_1_75_COSTO_BASE
ad0c8dba-235d-5f92-869a-3d870d4c7695;461634;Wadfow juego de 32 puntas de destornillador WBS3B32;True;False;True;8400.0;5418.0;1.55;10000;1600;3.25;USD;https://www.totalherramientasoficial.com.py/produto/wadfow-bits-kit-para-chave-de-fenda-32pcs----wbs3b32-41789.html;2026-09-27;;;;;NO;NO;DEBAJO_DE_1_75_COSTO_BASE
ad2c1fd0-7a68-529e-8574-2dbf6fbf9ec6;460156;"Wadfow alicate corte diagonal WPL3907 7""";True;False;True;8800.0;5674.0;1.551;10500;1700;;;https://www.totalherramientasoficial.com.py/produto/wadfow-alicate-de-corte-diagonal-wpl3907-7-41641.html;;;;;;NO;NO;SIN_PRECIO_PROVEEDOR_ACTUAL
ad36f158-c603-53de-ac3a-72468035c9d6;518673;Total amoladora angular 20V TAGLI211156;True;False;True;152400.0;97712.0;1.56;180800;28400;;;https://www.totalherramientasoficial.com.py/produto/total-esmirilhadeira-angular--20v--tagli211156-49607.html;;;;;;NO;NO;SIN_PRECIO_PROVEEDOR_ACTUAL
ad3911ca-cb14-578e-b99a-79c246edb4dc;536363;Total rotomartillo 20V 18MM TRHLI20188;True;False;True;135200.0;86705.0;1.559;160400;25200;52.0;USD;https://www.totalherramientasoficial.com.py/produto/total-martelete-20v-18mm--trhli20188-51697.html;2026-09-27;;;;;NO;NO;DEBAJO_DE_1_75_COSTO_BASE
ad3de71e-73fc-58ad-9e63-cec58655edd0;173384;Total rebarbadora UTG1091251 900W;True;False;True;118000.0;75648.0;1.56;139900;21900;;;https://www.totalherramientasoficial.com.py/produto/total-rebarbadora--utg1091251-900w-11915.html;;;;;;NO;NO;SIN_PRECIO_PROVEEDOR_ACTUAL
ad4293b3-ef78-51d0-8500-44d0c6a50ced;598408;Total llave dinamométrica preajustable 5-25NM THPTW1425N8;True;False;True;62400.0;40018.0;1.559;74000;11600;24.0;USD;https://www.totalherramientasoficial.com.py/produto/total-chave-de-torque-preajustavel-525nm-thptw1425n8-57169.html;2026-09-27;;;;;NO;NO;DEBAJO_DE_1_75_COSTO_BASE
ad44a9d2-abad-5963-883b-2e04c97452bf;490139;Wadfow mechas escalonadas y sierras 6PCS WJD3406;True;False;True;43700.0;28012.0;1.56;51800;8100;16.8;USD;https://www.totalherramientasoficial.com.py/produto/wadfow-brocas-etapas-e-serras-6pcs--wjd3406-46249.html;2026-09-27;;;;;NO;NO;DEBAJO_DE_1_75_COSTO_BASE
ad60a894-b8df-5a1e-a32a-e606b42ba7e1;436298;Total caladora UTS206656 570W;True;False;True;78600.0;50432.0;1.559;93300;14700;;;https://www.totalherramientasoficial.com.py/produto/total-tico-tico--uts206656--570w-34586.html;;;;;;NO;NO;SIN_PRECIO_PROVEEDOR_ACTUAL
ad665273-f9d0-5846-aa0b-1415d1abfed2;486095;Total atornillador 20V UTIDLI20602 60NM brushless;True;False;True;167100.0;107168.0;1.559;198300;31200;;;https://www.totalherramientasoficial.com.py/produto/total-parafusadeira-20v-utidli20602--60nm-brushless-45823.html;;;;;;NO;NO;SIN_PRECIO_PROVEEDOR_ACTUAL
ad81cda8-903d-50f0-ad0a-7caff0f5185e;488822;Wadfow nivel de burbuja 100CM WSL2G100;True;False;True;13800.0;8826.0;1.564;16300;2500;;;https://www.totalherramientasoficial.com.py/produto/wadfow-nivel-de-bolha-100-cm-wsl2g100-46118.html;;;;;;NO;NO;SIN_PRECIO_PROVEEDOR_ACTUAL
ad8aae25-fc12-58ec-a17a-06b93e7e03a8;542845;"Wadfow alicate para bombas WPL6710 10""";True;False;True;13600.0;8753.0;1.554;16200;2600;5.25;USD;https://www.totalherramientasoficial.com.py/produto/wadfow-alicate-para-bombas-wpl6710-10-52370.html;2026-09-27;;;;;NO;NO;DEBAJO_DE_1_75_COSTO_BASE
ad9572d6-713f-5228-8987-9462a357bdd5;537582;"Wadfow llave trinquete extensible 1/2"" 450-600MM WRW6212";True;False;True;36400.0;23344.0;1.559;43200;6800;14.0;USD;https://www.totalherramientasoficial.com.py/produto/wadfow--chave-catraca-extensivel--12-450600mm----wrw6212-51824.html;2026-09-27;;;;;NO;NO;DEBAJO_DE_1_75_COSTO_BASE
adae2df1-deb2-5a53-9bce-e0453bfc4fe2;487801;Total atornillador 20V TDLI20508 2BAT 2.0 motor brushless;True;False;True;226100.0;144992.0;1.559;268200;42100;;;https://www.totalherramientasoficial.com.py/produto/total-parafusadeira-20v-tdli20508-2bat-20-motor-brushless-46016.html;;;;;;NO;NO;SIN_PRECIO_PROVEEDOR_ACTUAL
adc5dd07-27e3-5f18-b7f1-5035ee21c8fe;151030;Total taladro de impacto percutor 710W UTG1071366;True;False;True;70200.0;45020.0;1.559;83300;13100;;;https://www.totalherramientasoficial.com.py/produto/total-furadeira-de-impacto-710w--utg1071366-56026.html;;;;;;NO;NO;SIN_PRECIO_PROVEEDOR_ACTUAL
adcd99cf-8207-55a2-b68b-09babbaff272;532457;Total botas de seguridad TSP207IDSB.39 negro/rojo;True;False;True;57200.0;36683.0;1.559;67900;10700;;;https://www.totalherramientasoficial.com.py/produto/total-botas-de-seguranca--tsp207idsb39---pretovermelho-51299.html;;;;;;NO;NO;SIN_PRECIO_PROVEEDOR_ACTUAL
adddadcc-cb48-5616-9284-7e925c765fb3;340502;Total llave philips THTISPH180 isolado;True;False;True;8800.0;5674.0;1.551;10500;1700;;;https://www.totalherramientasoficial.com.py/produto/total-chave-philips-thtisph180-isolado-25518.html;;;;;;NO;NO;SIN_PRECIO_PROVEEDOR_ACTUAL
ae47c5e1-93bf-5509-bccc-b1b40cd62f14;415866;"Total lijadora giratorio TF2041506 6""450W";True;False;True;108100.0;69344.0;1.559;128300;20200;;;https://www.totalherramientasoficial.com.py/produto/total-lixadeira-rotativa-tf2041506-6450w-32478.html;;;;;;NO;NO;SIN_PRECIO_PROVEEDOR_ACTUAL
ae4e5d4f-4cd4-53f3-8b26-fcd2395090b1;56366;Wadfow rectificador 4V WRYN418;True;False;True;118000.0;75648.0;1.56;139900;21900;;;https://www.totalherramientasoficial.com.py/produto/wadfow-retificador-4v--wryn418-55198.html;;;;;;NO;NO;SIN_PRECIO_PROVEEDOR_ACTUAL
ae61b47a-fac4-550a-992f-a0bc0e0add52;488853;Wadfow nivel laser 3D verde WLE2M12;True;False;True;221200.0;141840.0;1.56;262400;41200;;;https://www.totalherramientasoficial.com.py/produto/wadfow-nivel-laser-3d-verde-wle2m12-46121.html;;;;;;NO;NO;SIN_PRECIO_PROVEEDOR_ACTUAL
ae9c9edb-bbf2-5fb0-82a0-6401e14746f1;460705;Wadfow kit llave combinada 8PZ WFR3208;True;False;True;5900.0;3782.0;1.56;7000;1100;;;https://www.totalherramientasoficial.com.py/produto/wadfow-kit-chave-combinada-8pcs-wfr3208-41696.html;;;;;;NO;NO;SIN_PRECIO_PROVEEDOR_ACTUAL
aea90b59-f792-5496-968a-25e46d5b152a;341707;Total cortador de tubos THT534216 193MM (pvc);True;False;True;13000.0;8337.0;1.559;15400;2400;5.0;USD;https://www.totalherramientasoficial.com.py/produto/total-cortador-de-tubos--tht534216-193mm-pvc-25631.html;2026-09-27;;;;;NO;NO;DEBAJO_DE_1_75_COSTO_BASE
aebc5832-dddd-594c-82f2-787b132d725b;490320;"Wadfow tijera de podar 200MM 8"" WPA1E03";True;False;True;18200.0;11672.0;1.559;21600;3400;7.0;USD;https://www.totalherramientasoficial.com.py/produto/wadfow-tesoura-de-jardim-200mm-8---wpa1e03-46268.html;2026-09-27;;;;;NO;NO;DEBAJO_DE_1_75_COSTO_BASE
aec91a20-c765-540e-9c75-7c488ad5f4e5;300735;Total cortadora de pasto TGT141181 141CC 3KW;True;False;True;748800.0;480214.0;1.559;888400;139600;288.0;USD;https://www.totalherramientasoficial.com.py/produto/total-corta-grama-tgt141181-141cc-3kw-12051.html;2026-09-27;;;;;NO;NO;DEBAJO_DE_1_75_COSTO_BASE
aef056f3-833b-5b89-90a3-79615c1579f2;489676;Wadfow amoladora WAG15851 850W 125MM 220V;True;False;True;152400.0;97712.0;1.56;180800;28400;;;https://www.totalherramientasoficial.com.py/produto/wadfow-esmirilhadeira---wag15851-850w-125mm-220v-46203.html;;;;;;NO;NO;SIN_PRECIO_PROVEEDOR_ACTUAL
af0f3bc0-7585-5457-8f34-72d346dcb197;443074;Total escuadro magnetico TAMWH7006;True;False;True;17200.0;11032.0;1.559;20400;3200;;;https://www.totalherramientasoficial.com.py/produto/total-esquadro-magnetico-tamwh7006-35300.html;;;;;;NO;NO;SIN_PRECIO_PROVEEDOR_ACTUAL
af24f9d9-38e3-52bb-9e37-18a602e2755a;489201;Wadfow bateria 20V 5.AH indicador led de carga WLBP550;True;False;True;91000.0;58359.0;1.559;108000;17000;35.0;USD;https://www.totalherramientasoficial.com.py/produto/wadfow-bateria-20v-5ah-led-indicador-de-carga-wlbp550-46156.html;2026-09-27;;;;;NO;NO;DEBAJO_DE_1_75_COSTO_BASE
af264385-4633-55e6-833e-e81b05aa77d8;341790;Total capa de lluvia THTRS031.XXL;True;False;True;26000.0;16658.0;1.561;30800;4800;9.99;USD;https://www.totalherramientasoficial.com.py/produto/total-capa-de-chuva-thtrs031xxl-25640.html;2026-09-27;;;;;NO;NO;DEBAJO_DE_1_75_COSTO_BASE
af654713-16fa-577f-8cc0-bc16653f7ded;526067;Total hidrolavadora 2000W TGT11376;True;False;True;324400.0;208032.0;1.559;384900;60500;;;https://www.totalherramientasoficial.com.py/produto/total--lava-jato-2000w-tgt11376-50430.html;;;;;;NO;NO;SIN_PRECIO_PROVEEDOR_ACTUAL
af6d0235-1ac2-55f7-8605-37fa4f8bae8c;201735;Total adaptador de dados de impacto THIUJ1202;True;False;True;13600.0;8753.0;1.554;16200;2600;5.25;USD;https://www.totalherramientasoficial.com.py/produto/total-adaptador-de-dados-de-impacto--thiuj1202-55262.html;2026-09-27;;;;;NO;NO;DEBAJO_DE_1_75_COSTO_BASE
af6d883d-59b0-577c-84f9-03c54236eca0;5043;"Total machete acero al carbono 14"" THMPS0114";True;False;True;17200.0;11032.0;1.559;20400;3200;;;https://www.totalherramientasoficial.com.py/produto/total-facao-de-aco-carbono-14-thmps0114-55430.html;;;;;;NO;NO;SIN_PRECIO_PROVEEDOR_ACTUAL
af716691-cf11-5ca4-b5f4-9ad09b07150c;181167;Wadfow juego de llaves tipo s 5PCS WFR4405;True;False;True;31900.0;20488.0;1.557;37900;6000;;;https://www.totalherramientasoficial.com.py/produto/wadfow-kit-chave-tipo-s-5pcs-wfr4405-54650.html;;;;;;NO;NO;SIN_PRECIO_PROVEEDOR_ACTUAL
af73734d-d45a-5fb9-8a9c-928d8e68152c;340625;Total cuchillo multiuso plegable THT513613 61X19MM;True;False;True;13800.0;8826.0;1.564;16300;2500;;;https://www.totalherramientasoficial.com.py/produto/total-faca-multiusos-dobravel--tht513613--61x19mm-25530.html;;;;;;NO;NO;SIN_PRECIO_PROVEEDOR_ACTUAL
af7467cf-a08b-5e4d-9aa9-20af97e7cd64;367790;Total espatula de masa THT831256 125MM;True;False;True;13800.0;8826.0;1.564;16300;2500;;;https://www.totalherramientasoficial.com.py/produto/total-espatula-de-masa--tht831256-125mm-27994.html;;;;;;NO;NO;SIN_PRECIO_PROVEEDOR_ACTUAL
af84dbb4-be62-542a-8a4d-5fe5bdff751c;584838;Total vibrador de concreto 20V TCVLI2025021;True;False;True;17200.0;11032.0;1.559;20400;3200;;;https://www.totalherramientasoficial.com.py/produto/total-vibrador-de-concreto--20v--tcvli2025021-57112.html;;;;;;NO;NO;SIN_PRECIO_PROVEEDOR_ACTUAL
af939a11-31aa-539c-99a8-3568d370e78a;456777;Total temporizador riego THHCQ9206 2 zonas;True;False;True;184600.0;118386.0;1.559;219000;34400;71.0;USD;https://www.totalherramientasoficial.com.py/produto/total-temporizador-irrigacao-thhcq9206-2-zonas-40745.html;2026-09-27;;;;;NO;NO;DEBAJO_DE_1_75_COSTO_BASE
af983062-aabd-54ee-ac9a-bc21b9b52e72;486293;Total atornillador con impacto TDLI1228 1.5A 12V;True;False;True;71300.0;45704.0;1.56;84600;13300;;;https://www.totalherramientasoficial.com.py/produto/total-parafusadeira-con-impacto-tdli1228-15a-12v-45845.html;;;;;;NO;NO;SIN_PRECIO_PROVEEDOR_ACTUAL
afa928e8-5962-531d-a256-b16b10308b67;437233;Total cortador de piso THT578004B lamina;True;False;True;14300.0;9172.0;1.559;17000;2700;5.5;USD;https://www.totalherramientasoficial.com.py/produto/total-cortador-de-piso-tht578004b-lamina-34686.html;2026-09-27;;;;;NO;NO;DEBAJO_DE_1_75_COSTO_BASE
afc51f2e-754b-5fe9-986c-9fc430d60925;488761;Wadfow juego de dados cr-v 10PCS WST2410;True;False;True;20200.0;12923.0;1.563;23900;3700;7.75;USD;https://www.totalherramientasoficial.com.py/produto/wadfow-conjunto-soquete-crv-10pcs----wst2410-46112.html;2026-09-27;;;;;NO;NO;DEBAJO_DE_1_75_COSTO_BASE
b014df8b-8114-5de1-a51e-6fa7d798b647;430456;"Total cortacables aislado THTIP2761 6""";True;False;True;12300.0;7880.0;1.561;14600;2300;;;https://www.totalherramientasoficial.com.py/produto/total-cortador-cabos--thtip2761-6-33983.html;;;;;;NO;NO;SIN_PRECIO_PROVEEDOR_ACTUAL
b019ddc2-a37a-5eaa-9851-939c39f9e4c2;554152;Total sierra de poda 300MM THPS3008;True;False;True;11700.0;7505.0;1.559;13900;2200;4.5;USD;https://www.totalherramientasoficial.com.py/produto/total-serra-de-poda-300mm--thps3008-53515.html;2026-09-27;;;;;NO;NO;DEBAJO_DE_1_75_COSTO_BASE
b07184ef-20f1-5c0a-add7-66df2a2a3777;320805;Celimax Sérum Facial The Vita A Retinol Shot Tightening 30 ml;True;False;True;30600.0;;;;;11.75;USD;https://atacadousa.com.py/cosmeticos/12212-serum-facial-celimax-the-vita-a-retinol-shot-tightening-30ml.html;2026-09-27;;;;;NO;NO;SIN_COSTO_BASE_DOCUMENTADO
b083234a-0edf-58b2-8a59-11e5be407b31;176026;Total gato botella hidráulico 10 toneladas THT109102;True;False;True;13800.0;8826.0;1.564;16300;2500;;;https://www.totalherramientasoficial.com.py/produto/total-macaco-hidraulico-de-garrafa-de-10-toneladas--tht109102-15124.html;;;;;;NO;NO;SIN_PRECIO_PROVEEDOR_ACTUAL
b0866c09-2899-5cec-badd-d545a4b270a3;495516;Total sierra circular 20V TSLI14021 motor brushless;True;False;True;195000.0;125056.0;1.559;231400;36400;75.0;USD;https://www.totalherramientasoficial.com.py/produto/total--serra-circular-20v-tsli14021-motor-brushless-46810.html;2026-09-27;;;;;NO;NO;DEBAJO_DE_1_75_COSTO_BASE
b09afc52-f2cf-5f8c-a382-b910ddc0d728;367967;Total martillo demoledor UTH215456 1700W hex 16KG;True;False;True;520000.0;333466.0;1.559;616900;96900;;;https://www.totalherramientasoficial.com.py/produto/total-martlete--uth215456-1700w-hex-16kg-28012.html;;;;;;NO;NO;SIN_PRECIO_PROVEEDOR_ACTUAL
b0b496b8-257c-5d66-af09-0d48253899a1;487795;Total atornillador con impacto 20V TIDLI201452 2BT;True;False;True;137600.0;88256.0;1.559;163300;25700;;;https://www.totalherramientasoficial.com.py/produto/total-parafusadeira-com-impacto-20v-tidli201452--2bt-46015.html;;;;;;NO;NO;SIN_PRECIO_PROVEEDOR_ACTUAL
b0b590d8-df2d-5d1a-a9ab-2b730c510e8a;512589;Total juego de baterias 20V 5.0AH TOSLI240464;True;False;True;319500.0;204880.0;1.559;379000;59500;;;https://www.totalherramientasoficial.com.py/produto/total-conjunto-de-bateria-20v-50ah-tosli240464-48609.html;;;;;;NO;NO;SIN_PRECIO_PROVEEDOR_ACTUAL
b0c2ab6c-2191-5e65-b833-6b8e4920fa09;612302;Total soplador/aspirador 400W 220V TB4066;True;False;True;186800.0;119776.0;1.56;221600;34800;;;https://www.totalherramientasoficial.com.py/produto/total--sopradoraspirador--400w--220v--tb4066-57241.html;;;;;;NO;NO;SIN_PRECIO_PROVEEDOR_ACTUAL
b0ca60a6-ee50-5ded-a5dc-8fece273b3c5;501811;Total taladro atornillador 20V TDLI20453;True;False;True;93400.0;59888.0;1.56;110800;17400;;;https://www.totalherramientasoficial.com.py/produto/total-furadeira-parafuzadeira--20v-tdli20453-47465.html;;;;;;NO;NO;SIN_PRECIO_PROVEEDOR_ACTUAL
b0d88291-9be2-53cf-93bb-1f31b87acf7b;456630;Total cinta metrica TMT126681 8MX25MM;True;False;True;8800.0;5674.0;1.551;10500;1700;;;https://www.totalherramientasoficial.com.py/produto/total-trena-metro--tmt126681---8mx25mm-40731.html;;;;;;NO;NO;SIN_PRECIO_PROVEEDOR_ACTUAL
b0f3280e-fc08-5bac-9611-be98a102d409;341127;Total candado 60MM TLK32602 385G;True;False;True;8800.0;5674.0;1.551;10500;1700;;;https://www.totalherramientasoficial.com.py/produto/total-cadiado-60mm--tlk32602-385g-25582.html;;;;;;NO;NO;SIN_PRECIO_PROVEEDOR_ACTUAL
b105ab37-35b1-570b-8548-4248d1b5fb7e;486163;Total pulidora ion de litio 20V TOPLI2001;True;False;True;114400.0;73366.0;1.559;135700;21300;44.0;USD;https://www.totalherramientasoficial.com.py/produto/total-polidor-de-ions-de-litio-20v-topli2001-45832.html;2026-09-27;;;;;NO;NO;DEBAJO_DE_1_75_COSTO_BASE
b113cb09-9c56-53e7-979c-19ab4f2e5313;553261;Total cargador 42V UTFCLI42021 110VOLT;True;False;True;52000.0;33348.0;1.559;61700;9700;20.0;USD;https://www.totalherramientasoficial.com.py/produto/total--carregador-42v--utfcli42021-110volt-53426.html;2026-09-27;;;;;NO;NO;DEBAJO_DE_1_75_COSTO_BASE
b1df9339-5e50-5dc4-b771-ee830020f49a;542234;Wadfow kit de pintura WCB3H62 6PCS;True;False;True;17200.0;11032.0;1.559;20400;3200;;;https://www.totalherramientasoficial.com.py/produto/wadfow-kit-para-pintura--wcb3h62-6pcs-52309.html;;;;;;NO;NO;SIN_PRECIO_PROVEEDOR_ACTUAL
b1e568f2-172b-5203-83bc-0040aa7df4b3;487641;Total caja de herramientas con 4 gavetas THRC01041;True;False;True;27000.0;17336.0;1.557;32100;5100;;;https://www.totalherramientasoficial.com.py/produto/total-caixa-de-ferramentas-com-4-gavetas-thrc01041-46000.html;;;;;;NO;NO;SIN_PRECIO_PROVEEDOR_ACTUAL
b1e8506f-5fc9-5b22-8f14-6d75255fdc7d;609975;Total guante de mecánico TSP1808-XL;True;False;True;15600.0;10004.0;1.559;18500;2900;;;https://www.totalherramientasoficial.com.py/produto/total-luva-de-mecanico--tsp1808xl-57276.html;;;;;;NO;NO;SIN_PRECIO_PROVEEDOR_ACTUAL
b1f5088f-de95-57dc-81ba-55c9f8796d76;417433;Total botas seguridad TSP201SB.41;True;False;True;57200.0;36683.0;1.559;67900;10700;;;https://www.totalherramientasoficial.com.py/produto/total-botas-seguranca-tsp201sb41-32644.html;;;;;;NO;NO;SIN_PRECIO_PROVEEDOR_ACTUAL
b223817c-682f-5abd-9d1d-0c172b8b0938;381369;Total compactadora a gasolina TP880-2 4.8KW;True;False;True;17200.0;11032.0;1.559;20400;3200;;;https://www.totalherramientasoficial.com.py/produto/total-compactador-de-gasolina-tp8802---48kw-29298.html;;;;;;NO;NO;SIN_PRECIO_PROVEEDOR_ACTUAL
b2474326-0843-5057-81c4-ec1665c06eaf;414999;Total atornillador TIDLI1232 12V impacto;True;False;True;71300.0;45704.0;1.56;84600;13300;;;https://www.totalherramientasoficial.com.py/produto/total-parafusadeira-tidli1232-12v-impacto-32391.html;;;;;;NO;NO;SIN_PRECIO_PROVEEDOR_ACTUAL
b24dffca-bddf-5432-a915-a5a60a7de340;11826;Dear Body Cream 200 g Club De Nuit;True;False;True;19500.0;;;;;7.5;USD;https://atacadousa.com.py/cosmeticos/11826-dear-body-cream-200gr-club-de-nuit.html;2026-09-27;;;;;NO;NO;SIN_COSTO_BASE_DOCUMENTADO
b262d468-1531-58a1-a69e-ebb31b60d411;351072;"Total remachador manual THT32176 7""";True;False;True;13800.0;8826.0;1.564;16300;2500;;;https://www.totalherramientasoficial.com.py/produto/total-rebitador-manual-tht32176-7-26456.html;;;;;;NO;NO;SIN_PRECIO_PROVEEDOR_ACTUAL
b26a9e7a-5df2-57d6-9e28-3924a567f992;501835;Total llave de impacto 20V 400NM TIWLI2040;True;False;True;8800.0;5674.0;1.551;10500;1700;;;https://www.totalherramientasoficial.com.py/produto/total-chave-de-impacto-20v-400nm--tiwli2040-47467.html;;;;;;NO;NO;SIN_PRECIO_PROVEEDOR_ACTUAL
b26cb241-4d57-54f2-b343-c01b19c5169c;469692;Wadfow carrito carga plegable WWB9A10;True;False;True;41800.0;26792.0;1.56;49600;7800;39.0;USD;https://www.totalherramientasoficial.com.py/produto/wadfow-carrinho-de-carga-dobravel---wwb9a10-42653.html;2026-09-27;;;;;NO;NO;DEBAJO_DE_1_75_COSTO_BASE
b2813bd7-94c9-51a7-ace6-cc712c95218d;537230;Wadfow alicate tenaza 200MM WPL8C08;True;False;True;7200.0;4586.0;1.57;8500;1300;2.75;USD;https://www.totalherramientasoficial.com.py/produto/wadfow-alicate-tenazes-200mm---wpl8c08-51789.html;2026-09-27;;;;;NO;NO;DEBAJO_DE_1_75_COSTO_BASE
b28229bc-3222-544f-9b73-f940012d1ff9;456708;Total botas de lluvia TSP303L.43;True;False;True;16300.0;10421.0;1.564;19300;3000;;;https://www.totalherramientasoficial.com.py/produto/total-botas-de-chuva--tsp303l43-40738.html;;;;;;NO;NO;SIN_PRECIO_PROVEEDOR_ACTUAL
b2a0a789-7c16-5ffd-8999-68aa22190fff;511995;Total atornillador drywall 20V TDSLI2042006;True;False;True;93400.0;59888.0;1.56;110800;17400;;;https://www.totalherramientasoficial.com.py/produto/total-parafusadeira-drywall-20v--tdsli2042006-48550.html;;;;;;NO;NO;SIN_PRECIO_PROVEEDOR_ACTUAL
b2bd4eb9-a9f9-5edc-87e2-74cd98fe287e;614108;Wadfow candado 50MM WPD1450;True;False;True;11700.0;7505.0;1.559;13900;2200;4.5;USD;https://www.totalherramientasoficial.com.py/produto/wadfow-cadiado-50mm---wpd1450-57217.html;2026-09-27;;;;;NO;NO;DEBAJO_DE_1_75_COSTO_BASE
b2c1a822-1745-5ec4-9d1e-a1e733fdbad8;505741;"Wadfow alicate combinado de alta resistencia 7"" WPL1717";True;False;True;8800.0;5674.0;1.551;10500;1700;3.5;USD;https://www.totalherramientasoficial.com.py/produto/wadfow-alicate-combinado-7-de-alta-resistencia--wpl1717-47860.html;2026-09-27;;;;;NO;NO;DEBAJO_DE_1_75_COSTO_BASE
b2e32b07-15bb-5497-a614-9999feb84f40;489225;Wadfow taladro percutor 650W 13MM WMD15651;True;False;True;59800.0;38350.0;1.559;70900;11100;23.0;USD;https://www.totalherramientasoficial.com.py/produto/wadfow-furadeira-650w--13mm-wmd15651-46158.html;2026-09-27;;;;;NO;NO;DEBAJO_DE_1_75_COSTO_BASE
b30f1451-5967-5cf6-ae53-50434309b478;486156;Total sierra de pértiga con cortasetos TPTS201681 20V;True;False;True;137600.0;88256.0;1.559;163300;25700;;;https://www.totalherramientasoficial.com.py/produto/total-serra-de-poste-com-cortasebes--tpts201681-20v-45829.html;;;;;;NO;NO;SIN_PRECIO_PROVEEDOR_ACTUAL
b322fd6b-cec4-5d3c-a771-71cd9ba406e5;609869;Total generador a gasolina 0,8KVA TP18005;True;False;True;351000.0;225100.0;1.559;416400;65400;135.0;USD;https://www.totalherramientasoficial.com.py/produto/total-gerador-a-gasolina-08kva-tp18005-57260.html;2026-09-27;;;;;NO;NO;DEBAJO_DE_1_75_COSTO_BASE
b32ab932-feba-51af-ae45-fc1e3c665c5a;437288;Total regla de aluminio TMT222606;True;False;True;17200.0;11004.0;1.563;20400;3200;6.6;USD;https://www.totalherramientasoficial.com.py/produto/total-regua-aluminio---tmt222606-34691.html;2026-09-27;;;;;NO;NO;DEBAJO_DE_1_75_COSTO_BASE
b33884b3-b233-51aa-aac9-7e56fc2169cd;487702;Total juego de llaves en ángulo l 6PCS TLASWT0601;True;False;True;31200.0;20009.0;1.559;37000;5800;12.0;USD;https://www.totalherramientasoficial.com.py/produto/total-kit-de-chave-de-angulo-l--6pcs--tlaswt0601-46006.html;2026-09-27;;;;;NO;NO;DEBAJO_DE_1_75_COSTO_BASE
b34cbacd-bb93-59c5-bb43-6760811370ae;617932;Total taladro de impacto 20V 76NM UTIDLI207686 2B;True;False;True;236600.0;151734.0;1.559;280700;44100;91.0;USD;https://www.totalherramientasoficial.com.py/produto/total-parafusadeira--20v-76nm-utidli207686--2b-57251.html;2026-09-27;;;;;NO;NO;DEBAJO_DE_1_75_COSTO_BASE
b352b15d-9f23-500a-a4fa-1ef71553806c;595155;Total martillo perforador 20V UTRHLI262085 motor sin escobilla;True;False;True;338000.0;216747.0;1.559;401000;63000;129.99;USD;https://www.totalherramientasoficial.com.py/produto/total-martelete-20v-utrhli262085-motor-sem-escovas-57092.html;2026-09-27;;;;;NO;NO;DEBAJO_DE_1_75_COSTO_BASE
b35e931e-5ae8-5e32-b9cd-0cf3526ede7d;489898;Wadfow escurridor de aceite 70L WKD1A07;True;False;True;439400.0;281792.0;1.559;521300;81900;169.0;USD;https://www.totalherramientasoficial.com.py/produto/wadfow-drenador-de-oleo-70l-wkd1a07-46225.html;2026-09-27;;;;;NO;NO;DEBAJO_DE_1_75_COSTO_BASE
b37a9951-358e-545f-96b5-6a82d34954e8;456869;"Total alicate de presion 10"" THT191003";True;False;True;13800.0;8826.0;1.564;16300;2500;;;https://www.totalherramientasoficial.com.py/produto/total-alicate-pressao-10-tht191003-40754.html;;;;;;NO;NO;SIN_PRECIO_PROVEEDOR_ACTUAL
b37ec08a-90eb-59b3-a2c2-0ff643cbb148;367684;Total kit llave catraca TACSD30156 15PC;True;False;True;8800.0;5674.0;1.551;10500;1700;;;https://www.totalherramientasoficial.com.py/produto/total-kit-chave-catraca--tacsd30156-15pc-27983.html;;;;;;NO;NO;SIN_PRECIO_PROVEEDOR_ACTUAL
b37f33ca-7926-53d3-88a5-eea091c07ad4;553506;Total juego de destornilladores 6PCS TGTST0606;True;False;True;15700.0;10086.0;1.557;18700;3000;;;https://www.totalherramientasoficial.com.py/produto/total--kit-chave-de-fenda-6pcs--tgtst0606-53450.html;;;;;;NO;NO;SIN_PRECIO_PROVEEDOR_ACTUAL
b38db724-d0e0-50a4-b106-bc1dc3ed0d26;612371;"Total juego de llaves de vaso de 1/2"" 26PCS THT121266";True;False;True;59000.0;37824.0;1.56;70000;11000;;;https://www.totalherramientasoficial.com.py/produto/total-jogo-de-chaves-de-soquete-de-12-26pcs--tht121266-57244.html;;;;;;NO;NO;SIN_PRECIO_PROVEEDOR_ACTUAL
b3b3cd17-4c26-50d2-98b1-798a9960d10d;301329;Total paleta hidráulica 2500KG THT301251;True;False;True;13800.0;8826.0;1.564;16300;2500;;;https://www.totalherramientasoficial.com.py/produto/total-paletera-hidraulica-2500kg-tht301251-22259.html;;;;;;NO;NO;SIN_PRECIO_PROVEEDOR_ACTUAL
b3ba4ae7-e7fa-5510-b131-cf5e7aacd6c0;528078;Total kit de herramentas juego de dados THKTHP21396 139PCS;True;False;True;157300.0;100864.0;1.56;186600;29300;;;https://www.totalherramientasoficial.com.py/produto/total--kit-de-ferramentas-de-conjunto-de-dados-thkthp21396-139pcs-50636.html;;;;;;NO;NO;SIN_PRECIO_PROVEEDOR_ACTUAL
b3bfabb1-d323-5dbb-96a7-c6385989be6e;612524;Total bolsa de herramientas para taladro 295X180MM THT16P30625;True;False;True;63900.0;40976.0;1.559;75800;11900;;;https://www.totalherramientasoficial.com.py/produto/total--bolsa-de-ferramentas-para-furadeira---295x180mm--tht16p30625-57279.html;;;;;;NO;NO;SIN_PRECIO_PROVEEDOR_ACTUAL
b3bfbf0d-10ad-5de5-be96-547a20fde246;489492;Wadfow carrito carga plegable 150KG WWB9A15;True;False;True;41800.0;26792.0;1.56;49600;7800;;;https://www.totalherramientasoficial.com.py/produto/wadfow-carrinho-de-carga-dobravel-150kg--wwb9a15-46185.html;;;;;;NO;NO;SIN_PRECIO_PROVEEDOR_ACTUAL
b3c0c922-8ded-526c-81cc-dffe91a47db1;381673;Total kit herramienta THKTHP21176 117PCS;True;False;True;41800.0;26792.0;1.56;49600;7800;;;https://www.totalherramientasoficial.com.py/produto/total-kit-ferramienta--thkthp21176-117pcs-29327.html;;;;;;NO;NO;SIN_PRECIO_PROVEEDOR_ACTUAL
b3c44975-f61b-537d-abc2-8ccbb62b7688;340113;Total fresa kit TACSR0121 12PCS;True;False;True;108100.0;69344.0;1.559;128300;20200;;;https://www.totalherramientasoficial.com.py/produto/total-fresa-set-tacsr0121-12pcs-25482.html;;;;;;NO;NO;SIN_PRECIO_PROVEEDOR_ACTUAL
b3ee833e-5093-56f0-a7c9-6818cc89433a;456616;Total cinta metrica TMT126651 5MX19MM;True;False;True;5900.0;3782.0;1.56;7000;1100;;;https://www.totalherramientasoficial.com.py/produto/total-trena-metro--tmt126651-5mx19mm-40729.html;;;;;;NO;NO;SIN_PRECIO_PROVEEDOR_ACTUAL
b3f7815c-fc37-5530-a4f6-79ded010194f;487825;Total atornillador 20V TDLI206021 motor brushless;True;False;True;122900.0;78800.0;1.56;145800;22900;;;https://www.totalherramientasoficial.com.py/produto/total-parafusadeira-20v-tdli206021--motor-brushless-46018.html;;;;;;NO;NO;SIN_PRECIO_PROVEEDOR_ACTUAL
b3fd0846-e239-5cdf-b5a0-4fcff667fb1a;37303;Wadfow aspiradora 30LT 1200W seco-humedo WVR4A30;True;False;True;221200.0;141840.0;1.56;262400;41200;;;https://www.totalherramientasoficial.com.py/produto/wadfow-aspirador-de-po-seco-e-umido-30lt-1200w--wvr4a30-54862.html;;;;;;NO;NO;SIN_PRECIO_PROVEEDOR_ACTUAL
b408d041-3fd2-50f7-8bc4-966d7bfc14cf;557948;Total juego de herramientas llave de impacto 126PCS THKTHP3126;True;False;True;157300.0;100864.0;1.56;186600;29300;;;https://www.totalherramientasoficial.com.py/produto/total--kit-feramenta-chave-de-impacto--126pcs--thkthp31262-53896.html;;;;;;NO;NO;SIN_PRECIO_PROVEEDOR_ACTUAL
b410e887-f2bc-528e-8b03-b0838ac17cc9;341639;Total grapas 10MM THT39101;True;False;True;13800.0;8826.0;1.564;16300;2500;;;https://www.totalherramientasoficial.com.py/produto/total-grampos-10mm-tht39101-25624.html;;;;;;NO;NO;SIN_PRECIO_PROVEEDOR_ACTUAL
b427d330-242e-5833-9707-a557d321ad11;595254;Total mochila para herramientas 12KG THBP04025;True;False;True;41800.0;26792.0;1.56;49600;7800;;;https://www.totalherramientasoficial.com.py/produto/total-mochila-de-ferramentas-12kg--thbp04025-57264.html;;;;;;NO;NO;SIN_PRECIO_PROVEEDOR_ACTUAL
b437bcba-6402-5adf-8c6a-02d1ae4699a0;533263;Wadfow juego de puntas destornillador WSS8B43 43PCS;True;False;True;18200.0;11672.0;1.559;21600;3400;7.0;USD;https://www.totalherramientasoficial.com.py/produto/wadfow-conjunto-chave-bits-wss8b43-43pcs-51380.html;2026-09-27;;;;;NO;NO;DEBAJO_DE_1_75_COSTO_BASE
b442e02b-e8d2-5f30-9d54-8daba99e3111;489454;Wadfow pala de acero con mango de madera 1000MM WSE1317;True;False;True;17200.0;11032.0;1.559;20400;3200;;;https://www.totalherramientasoficial.com.py/produto/wadfow-pa-de-aco-com-cabo-de-madeira-1000mm-wse1317-46181.html;;;;;;NO;NO;SIN_PRECIO_PROVEEDOR_ACTUAL
b462d27c-274e-514a-88fa-baddbf2943e8;512190;Total atornillador 12V TIRLI12015 100NM;True;False;True;71300.0;45704.0;1.56;84600;13300;;;https://www.totalherramientasoficial.com.py/produto/total-parafusadeira-12v-tirli12015-100nm-48570.html;;;;;;NO;NO;SIN_PRECIO_PROVEEDOR_ACTUAL
b46c9790-1777-5c44-884d-5f91b69cfe0a;584807;Total llave trinquete 20V TDRLI206529;True;False;True;174200.0;111716.0;1.559;206700;32500;67.0;USD;https://www.totalherramientasoficial.com.py/produto/total-chave-catraca-20v-tdrli206529-57095.html;2026-09-27;;;;;NO;NO;DEBAJO_DE_1_75_COSTO_BASE
b46d5346-fcc2-5109-a6e5-630320d5b5e0;468756;Total atornillador 20V TIDLI20608;True;False;True;137600.0;88256.0;1.559;163300;25700;;;https://www.totalherramientasoficial.com.py/produto/total-parafusadeira--20v-tidli20608-42559.html;;;;;;NO;NO;SIN_PRECIO_PROVEEDOR_ACTUAL
b472d38e-3228-5d60-bd90-3aea43d6e78c;133647;Wadfow botas de lluvia WRB1L44;True;False;True;20200.0;12923.0;1.563;23900;3700;7.75;USD;https://www.totalherramientasoficial.com.py/produto/wadfow--botas-de-chuva--wrb1l44-54644.html;2026-09-27;;;;;NO;NO;DEBAJO_DE_1_75_COSTO_BASE
b489c59e-d579-53f3-85cb-db34d3d14892;543132;"Wadfow llave de trinquete 1/4"" WWQ4D14";True;False;True;48800.0;31265.0;1.561;57800;9000;18.75;USD;https://www.totalherramientasoficial.com.py/produto/wadfow-chave-torque-14--wwq4d14-52399.html;2026-09-27;;;;;NO;NO;DEBAJO_DE_1_75_COSTO_BASE
b489f636-daf7-5202-a962-eec300605b43;538572;Wadfow nivel laser 3D rojo 15MT 2 lineas WLE1M03;True;False;True;78000.0;50006.0;1.56;92500;14500;29.99;USD;https://www.totalherramientasoficial.com.py/produto/wadfow-nivel-laser-3d-vermelho-15mt-2-linhas---wle1m03-51923.html;2026-09-27;;;;;NO;NO;DEBAJO_DE_1_75_COSTO_BASE
b49a805a-9a84-5ebd-83ff-eb683d97ff0a;501415;Wadfow sierra copa de diamante 45MM WKJ7645;True;False;True;137600.0;88256.0;1.559;163300;25700;;;https://www.totalherramientasoficial.com.py/produto/wadfow-serra-copo-diamante-45mm--wkj7645-47424.html;;;;;;NO;NO;SIN_PRECIO_PROVEEDOR_ACTUAL
b4a39c9a-76de-5006-844e-4dd2dfb786ae;415354;"Total alicate presión THT191005 10""";True;False;True;13800.0;8826.0;1.564;16300;2500;;;https://www.totalherramientasoficial.com.py/produto/total-alicate-pressao-tht191005-10-12644.html;;;;;;NO;NO;SIN_PRECIO_PROVEEDOR_ACTUAL
b4b5664c-3e44-5589-8a6d-ef78c5d29ddb;334242;Total botas de seguridad anticlavos +antiresbalante TSP206SB.4;True;False;True;59000.0;37824.0;1.56;70000;11000;;;https://www.totalherramientasoficial.com.py/produto/total-botas-de-seguranca-antiderrapantes-e-anticlipe-tsp206sb41-24963.html;;;;;;NO;NO;SIN_PRECIO_PROVEEDOR_ACTUAL
b4c00e35-9c17-5a8c-bedf-1de3fd047964;462983;Wadfow laser de nivel WLE1M04;True;False;True;137600.0;88256.0;1.559;163300;25700;;;https://www.totalherramientasoficial.com.py/produto/wadfow-nivel-laser--wle1m04-41945.html;;;;;;NO;NO;SIN_PRECIO_PROVEEDOR_ACTUAL
b4eb54db-4fc7-595f-97a8-90e4107aabc2;471145;Wadfow terraja y macho métricos 12PCS WAJ1L01;True;False;True;47400.0;30429.0;1.558;56300;8900;18.25;USD;https://www.totalherramientasoficial.com.py/produto/wadfow--matrize-metrica-12pcs--waj1l01-42798.html;2026-09-27;;;;;NO;NO;DEBAJO_DE_1_75_COSTO_BASE
b4fdd65f-6331-5328-ad45-94bd151af4a3;527552;Total hoja de sierra sable TRSB1001 10PCS;True;False;True;127800.0;81952.0;1.559;151600;23800;;;https://www.totalherramientasoficial.com.py/produto/total-lamina-serra-sabre-trsb1001--10pcs-50580.html;;;;;;NO;NO;SIN_PRECIO_PROVEEDOR_ACTUAL
b525e66b-6a78-5346-8c6e-4a17f9982c0b;583671;Total martillo rotativo 2.5J 20V UTRHLI202682;True;False;True;235900.0;151296.0;1.559;279900;44000;;;https://www.totalherramientasoficial.com.py/produto/total-martelete-25j-20v-utrhli202682-56791.html;;;;;;NO;NO;SIN_PRECIO_PROVEEDOR_ACTUAL
b52835cb-c937-5fb6-b4f1-c038796d1293;502054;Total máquina de soldar 200A TW220069 tig/mma;True;False;True;314600.0;201756.0;1.559;373200;58600;;;https://www.totalherramientasoficial.com.py/produto/total-maquina-de-soldadura-tigmma-200a-tw220069-47489.html;;;;;;NO;NO;SIN_PRECIO_PROVEEDOR_ACTUAL
b52f05cb-cf4b-5ce5-87e9-c320b55a486a;533331;"Wadfow alicate de punta larga de alto apalancamiento 6"" WPL271";True;False;True;8800.0;5674.0;1.551;10500;1700;;;https://www.totalherramientasoficial.com.py/produto/wadfow-alicate-de-ponta-longa-de-alta-alavancagem-6-wpl2716-51387.html;;;;;;NO;NO;SIN_PRECIO_PROVEEDOR_ACTUAL
b545c5fa-81ca-5c14-976a-7e5971390111;489669;Wadfow pistola de calor 300/550°C WKH1501 20V;True;False;True;106200.0;68083.0;1.56;126000;19800;24.99;USD;https://www.totalherramientasoficial.com.py/produto/wadfow-pistola-de-calor-300550c-wkh1501-20v-46202.html;2026-09-27;;;;;NO;NO;DEBAJO_DE_1_75_COSTO_BASE
b557fc4d-4209-5b29-b27e-896b9eca9fbb;461542;Wadfow compresor 12V para auto WAAC501 160PSI;True;False;True;57200.0;36683.0;1.559;67900;10700;22.0;USD;https://www.totalherramientasoficial.com.py/produto/wadfow-compresor-ar-12v---waac501-160psi-41780.html;2026-09-27;;;;;NO;NO;DEBAJO_DE_1_75_COSTO_BASE
b55efdc3-183b-5f78-91f3-387a57f258ce;341769;Total alicate punta larga THTIP381 isol;True;False;True;8800.0;5674.0;1.551;10500;1700;;;https://www.totalherramientasoficial.com.py/produto/total-alicate-bico-longo-thtip381-isol-25637.html;;;;;;NO;NO;SIN_PRECIO_PROVEEDOR_ACTUAL
b567e941-69ae-5fc4-b851-684e0b64f6dd;461344;Wadfow mesa de trabajo plegable WWE1525;True;False;True;32800.0;21008.0;1.561;38900;6100;12.6;USD;https://www.totalherramientasoficial.com.py/produto/wadfow-mesa-de-trabalho-dobravel-wwe1525-41760.html;2026-09-27;;;;;NO;NO;DEBAJO_DE_1_75_COSTO_BASE
b59a17a5-3b60-554c-beb8-2fdcd2c5654a;415934;Total kit 357 pcs accesorios mini mecha TACSD13571;True;False;True;42300.0;27095.0;1.561;50100;7800;16.25;USD;https://www.totalherramientasoficial.com.py/produto/total-kit-357-pcs-acessorios-de-mini-broca-tacsd13571-32486.html;2026-09-27;;;;;NO;NO;DEBAJO_DE_1_75_COSTO_BASE
b5a5f79b-655c-5287-b218-674e5fb5d370;313841;Total pistola de pintura TAT11004 hvlp;True;False;True;54600.0;35016.0;1.559;64800;10200;21.0;USD;https://www.totalherramientasoficial.com.py/produto/total-pistola-de-pintura-tat11004-hvlp-11887.html;2026-09-27;;;;;NO;NO;DEBAJO_DE_1_75_COSTO_BASE
b5b7afb2-4180-5121-b69f-f95111be51d6;553407;Total grapas para clavadora de aire 2.2MM-18MM 1200PCS TAC1201;True;False;True;108100.0;69344.0;1.559;128300;20200;;;https://www.totalherramientasoficial.com.py/produto/total-grampos-para-pregador--22mm18mm---1200pcs--tac12018-53440.html;;;;;;NO;NO;SIN_PRECIO_PROVEEDOR_ACTUAL
b5d6baf9-b9e4-51c9-b1c5-ebee3018cf75;543477;Wadfow auxiliar de partida de íons de lítio 12V WLY1512;True;False;True;17200.0;11032.0;1.559;20400;3200;;;https://www.totalherramientasoficial.com.py/produto/wadfow-auxiliar-de-partida-de-ions-de-litio-12v-wly1512-52433.html;;;;;;NO;NO;SIN_PRECIO_PROVEEDOR_ACTUAL
b62ed601-0a46-5f8c-a644-9c5e4f70c5de;2738;Total taladro de banco 1500W TDP3211005;True;False;True;118000.0;75648.0;1.56;139900;21900;;;https://www.totalherramientasoficial.com.py/produto/total-furadeira-de-bancada-1500w--tdp3211005-20504.html;;;;;;NO;NO;SIN_PRECIO_PROVEEDOR_ACTUAL
b64f2370-faa3-593d-b2ff-2d70f779e15c;532471;Total botas de seguridad TSP207IDSB.46 negro/rojo;True;False;True;57200.0;36683.0;1.559;67900;10700;;;https://www.totalherramientasoficial.com.py/produto/total-botas-de-seguranca-isoladas-eletricamente-tsp207idsb46--pretovermelho-51301.html;;;;;;NO;NO;SIN_PRECIO_PROVEEDOR_ACTUAL
b6661563-48d5-5c70-b8a4-6c8caee500e6;465458;Total kit lima para madera THT918326 3PCS 8';True;False;True;23400.0;15007.0;1.559;27800;4400;9.0;USD;https://www.totalherramientasoficial.com.py/produto/total-kit-lima-para-madeira-tht918326-3pcs-8-42192.html;2026-09-27;;;;;NO;NO;DEBAJO_DE_1_75_COSTO_BASE
b66d496a-f79b-59e0-a149-afb01b3dcdcb;486781;Total tijera para podar 20V motor brushless TSSLI20308;True;False;True;12300.0;7880.0;1.561;14600;2300;;;https://www.totalherramientasoficial.com.py/produto/total-tesoura-para-poda--motor-20v-brushless--tssli20308-45894.html;;;;;;NO;NO;SIN_PRECIO_PROVEEDOR_ACTUAL
b66d64f9-7a09-521c-9fb4-6c6223ae1c66;340434;Total juego de destornillador de precisión THT250726 7PCS;True;False;True;10400.0;6654.0;1.563;12300;1900;3.99;USD;https://www.totalherramientasoficial.com.py/produto/total-kit-chave-fenda-de-precisao-tht250726-7pcs-25510.html;2026-09-27;;;;;NO;NO;DEBAJO_DE_1_75_COSTO_BASE
b6a3afbc-11db-52a5-8a64-6442d6a6d8c3;531979;Total juego de niveles de burbuja 3PCS THT10403;True;False;True;13800.0;8826.0;1.564;16300;2500;;;https://www.totalherramientasoficial.com.py/produto/total-jogo-de-niveis-de-bolha-3pcs--tht10403-51251.html;;;;;;NO;NO;SIN_PRECIO_PROVEEDOR_ACTUAL
b6a68bcb-9aac-5f64-8327-bb4efe790bfd;584722;Total combo 2PCS amoladora + taladro de impacto 20V TCKLI20256;True;False;True;374400.0;240107.0;1.559;444200;69800;144.0;USD;https://www.totalherramientasoficial.com.py/produto/total-combo-2pcs-esmerilhadeira--furadeira-de-impacto--20v--tckli20256-56896.html;2026-09-27;;;;;NO;NO;DEBAJO_DE_1_75_COSTO_BASE
b6af385d-8173-5941-aad4-2433e1b95fe8;456180;Total martillo de goma THT76836 8OZ;True;False;True;10800.0;6934.0;1.558;12800;2000;;;https://www.totalherramientasoficial.com.py/produto/total-martelo-boracha--tht76836-8oz-40686.html;;;;;;NO;NO;SIN_PRECIO_PROVEEDOR_ACTUAL
b6b2c204-f429-537e-88e7-e10e25586ca4;613859;Wadfow corta césped inalámbrico 20V WLKP530 30L;True;False;True;200200.0;128390.0;1.559;237500;37300;77.0;USD;https://www.totalherramientasoficial.com.py/produto/wadfow-cortador-de-grama-sem-fio-20v---wlkp530--30l-57174.html;2026-09-27;;;;;NO;NO;DEBAJO_DE_1_75_COSTO_BASE
b6bdb2ed-d8ac-54ec-b87e-987f40758727;612357;"Total alicate de punta curva 50% 160MM 6"" THT241608S";True;False;True;8800.0;5674.0;1.551;10500;1700;;;https://www.totalherramientasoficial.com.py/produto/total--alicate-de-bico-dobrado-50-160mm-6--tht241608s-57248.html;;;;;;NO;NO;SIN_PRECIO_PROVEEDOR_ACTUAL
b6d14412-6fc3-52a9-af36-aaad650ef052;536400;Total juego de 31 puntas de destornillador de impacto TACSDL11;True;False;True;5400.0;3467.0;1.558;6400;1000;;;https://www.totalherramientasoficial.com.py/produto/total-conjunto-de-31-brocas-para-chave-de-impacto--tacsdl11306-51701.html;;;;;;NO;NO;SIN_PRECIO_PROVEEDOR_ACTUAL
b6dcf6f6-01fe-5bc8-bb16-fa62ef427fb1;461818;Wadfow rotomartillo de demolición 1050W WRH2D26;True;False;True;206400.0;132384.0;1.559;244900;38500;67.0;USD;https://www.totalherramientasoficial.com.py/produto/wadfow-martelo-rotativo-demolicao-1050w--wrh2d26-41807.html;2026-09-27;;;;;NO;NO;DEBAJO_DE_1_75_COSTO_BASE
b7061b29-a852-5dbe-a74a-9c61effe52a4;528771;Wadfow juego de dados de impacto WMS4D01 1/2 14PCS corto;True;False;True;36400.0;23344.0;1.559;43200;6800;14.0;USD;https://www.totalherramientasoficial.com.py/produto/wadfow-conjunto-de-dados-de-impacto-wms4d01-12-14pcs-curto-50709.html;2026-09-27;;;;;NO;NO;DEBAJO_DE_1_75_COSTO_BASE
b7210a47-4fe6-577b-ad6f-0e707bdd9aae;462259;"Wadfow alicate punta larga WPL2908 8""";True;False;True;8600.0;5503.0;1.563;10200;1600;3.3;USD;https://www.totalherramientasoficial.com.py/produto/wadfow-alicate-de-ponta-fina--wpl2908-8-41851.html;2026-09-27;;;;;NO;NO;DEBAJO_DE_1_75_COSTO_BASE
b724904c-de9b-5e35-9709-016d273881b7;470834;Wadfow botas de lluvia 46 WRB1L46;True;False;True;21400.0;13755.0;1.556;25400;4000;8.25;USD;https://www.totalherramientasoficial.com.py/produto/wadfow--botas-de-chuva--46---wrb1l46-42767.html;2026-09-27;;;;;NO;NO;DEBAJO_DE_1_75_COSTO_BASE
b72ac08b-56b2-5427-a31f-f756cf1857d7;134484;"Wadfow llave combinada con ratchet flexible 19"" WSP6119";True;False;True;9100.0;5838.0;1.559;10800;1700;3.5;USD;https://www.totalherramientasoficial.com.py/produto/wadfow--chave-combinada-com-catraca-flexivel-19-wsp6119-54876.html;2026-09-27;;;;;NO;NO;DEBAJO_DE_1_75_COSTO_BASE
b75501b9-540f-51e6-a355-4b245c5881a1;12017;Celimax Sérum Facial The Vita A Retinal Shot Tightening Booster 15 ml;True;False;True;32500.0;;;;;;;https://atacadousa.com.py/cosmeticos/12017-serum-facial-celimax-the-vita-a-retinal-shot-tightening-booster15.html;;;;;;NO;NO;SIN_COSTO_BASE_DOCUMENTADO
b76ccdd0-e5d3-508e-b5fd-e26e47fa612f;469210;"Wadfow alicate corte de extremos 6"" WPL7906";True;False;True;8300.0;5336.0;1.555;9900;1600;3.2;USD;https://www.totalherramientasoficial.com.py/produto/wadfow-alicate-corte-final-6--wpl7906-42605.html;2026-09-27;;;;;NO;NO;DEBAJO_DE_1_75_COSTO_BASE
b789a483-6d93-5fa3-b37b-fcdc68d5864d;442657;Total alicate cabo red THCPJ0506;True;False;True;8800.0;5674.0;1.551;10500;1700;;;https://www.totalherramientasoficial.com.py/produto/total-alicate-cabo-rede-thcpj0506-35256.html;;;;;;NO;NO;SIN_PRECIO_PROVEEDOR_ACTUAL
b79157a0-80d1-5430-a20a-4f4d960df798;502078;Total máquina de soldar 250A industrial TW225079;True;False;True;206400.0;132384.0;1.559;244900;38500;;;https://www.totalherramientasoficial.com.py/produto/total-maquina-de-solda-industrial-250a-tw225079-47491.html;;;;;;NO;NO;SIN_PRECIO_PROVEEDOR_ACTUAL
b7a6e59f-754e-5eee-bacd-f1859f59fb34;527576;Total fresa kit 12MM TACSR12412 24PCS;True;False;True;108100.0;69344.0;1.559;128300;20200;;;https://www.totalherramientasoficial.com.py/produto/total-fresa-kit--12mm--tacsr12412--24pcs-50582.html;;;;;;NO;NO;SIN_PRECIO_PROVEEDOR_ACTUAL
b7a80ca7-1977-5f38-89d8-ae33fd02a655;236331;Total tira linea 30M THT666301;True;False;True;13600.0;8753.0;1.554;16200;2600;5.25;USD;https://www.totalherramientasoficial.com.py/produto/total-linha-de-giz-30m-tht666301-18382.html;2026-09-27;;;;;NO;NO;DEBAJO_DE_1_75_COSTO_BASE
b7b00021-545a-5c55-b9cc-84253abebc6e;436359;Total cortador de pasto TP5434421;True;False;True;12300.0;7880.0;1.561;14600;2300;;;https://www.totalherramientasoficial.com.py/produto/total-corta-grama--tp5434421-34593.html;;;;;;NO;NO;SIN_PRECIO_PROVEEDOR_ACTUAL
b7b4bc4a-db5a-5b2e-82bf-6b81d2e1f440;239806;Total bomba de agua TWP37501 1HP 750W 220V;True;False;True;235900.0;151296.0;1.559;279900;44000;;;https://www.totalherramientasoficial.com.py/produto/total-bomba-de-agua-twp37501-1hp-750w-220v-18495.html;;;;;;NO;NO;SIN_PRECIO_PROVEEDOR_ACTUAL
b7db2211-da0a-50ca-8b24-eee5629da9c2;526159;Total llave ajustable y de tubos 2 en 1 THT10210G;True;False;True;12800.0;8195.0;1.562;15200;2400;;;https://www.totalherramientasoficial.com.py/produto/total-chave-ajustavel-e-para-tubo-2-em-1-tht10210g-50439.html;;;;;;NO;NO;SIN_PRECIO_PROVEEDOR_ACTUAL
b7e86f7e-89ca-53d8-ac63-dac6a07a0935;381932;Total caja de herramientas metalica THT10701;True;False;True;75400.0;48355.0;1.559;89500;14100;29.0;USD;https://www.totalherramientasoficial.com.py/produto/total-caixa-de-ferramentas-de-metal----tht10701-29354.html;2026-09-27;;;;;NO;NO;DEBAJO_DE_1_75_COSTO_BASE
b7ff6e96-0259-5327-b92d-2c7d382773b8;316828;Total lamina tico TAC51111C p/ madera;True;False;True;17200.0;11032.0;1.559;20400;3200;;;https://www.totalherramientasoficial.com.py/produto/total-lamina-tico-tac51111c--pmadeira-23396.html;;;;;;NO;NO;SIN_PRECIO_PROVEEDOR_ACTUAL
b81a67c3-489f-5f1a-84f9-b0fc438fe7c4;543521;Wadfow cuerda elástica con ganchos WAQS2520;True;False;True;34400.0;22092.0;1.557;40900;6500;13.25;USD;https://www.totalherramientasoficial.com.py/produto/wadfow-corda-elastica-com-ganchos-waqs2520-52438.html;2026-09-27;;;;;NO;NO;DEBAJO_DE_1_75_COSTO_BASE
b81ffd5c-15d8-57b8-9f5b-4a40ea712260;341264;Total generador gaso TP115001 1.2KVA;True;False;True;884700.0;567360.0;1.559;1049600;164900;;;https://www.totalherramientasoficial.com.py/produto/total-gerador-gaso-tp115001-12kva-25595.html;;;;;;NO;NO;SIN_PRECIO_PROVEEDOR_ACTUAL
b8201689-dc80-5ff1-b803-8e5356d5a13f;488150;Total compresor de aire TCS1110242 24L;True;False;True;270300.0;173360.0;1.559;320700;50400;;;https://www.totalherramientasoficial.com.py/produto/total-compressor-de-ar-tcs1110242--24l-46051.html;;;;;;NO;NO;SIN_PRECIO_PROVEEDOR_ACTUAL
b85b4dc7-f45b-571f-87f3-8b6351e1899d;542852;"Wadfow alicate pelacable WSX8604 7""";True;False;True;7200.0;4586.0;1.57;8500;1300;2.75;USD;https://www.totalherramientasoficial.com.py/produto/wadfow-alicate-para-cabo-wsx8604-7-52371.html;2026-09-27;;;;;NO;NO;DEBAJO_DE_1_75_COSTO_BASE
b872d8f7-179b-5496-ace8-104fdbde2405;002542;Karseell Maca Power Repair Curl Defining Cream 500 ml;True;False;True;46800.0;;;;;18.0;USD;https://atacadousa.com.py/cosmeticos/12555-karseell-maca-power-repair-curl-defining-cream-500ml-002542.html;2026-09-27;;;;;NO;NO;SIN_COSTO_BASE_DOCUMENTADO
b88fbcb3-7aa5-5391-ba6f-141967be1eac;463553;Wadfow juego de broca 9PCS WTD6B02;True;False;True;15700.0;10086.0;1.557;18700;3000;4.7;USD;https://www.totalherramientasoficial.com.py/produto/wadfow--broca-kit-9pcs--wtd6b02-42002.html;2026-09-27;;;;;NO;NO;DEBAJO_DE_1_75_COSTO_BASE
b8e8a3ab-eda8-530a-9da1-ab456926eed6;489171;Wadfow aspiradoradora 20V 20L WQV1A20;True;False;True;78600.0;50432.0;1.559;93300;14700;;;https://www.totalherramientasoficial.com.py/produto/wadfow-aspirador-20v-20l--wqv1a20-46153.html;;;;;;NO;NO;SIN_PRECIO_PROVEEDOR_ACTUAL
b96ad2e3-a59e-59e1-9b7c-15c7fbf47ef5;312141;Total sierra corta pared TWC1551 1500W;True;False;True;137600.0;88256.0;1.559;163300;25700;;;https://www.totalherramientasoficial.com.py/produto/total-serra-corta-parede-twc1551--1500w-22943.html;;;;;;NO;NO;SIN_PRECIO_PROVEEDOR_ACTUAL
b9766e81-08a1-5b67-89d4-58d80863d6b7;502276;Total gato hidráulico perfil bajo 3 toneladas THT10834;True;False;True;13800.0;8826.0;1.564;16300;2500;;;https://www.totalherramientasoficial.com.py/produto/total-macaco-hidraulico-de-perfil-baixo--3-toneladas-tht10834-47511.html;;;;;;NO;NO;SIN_PRECIO_PROVEEDOR_ACTUAL
b9784e8c-97d4-5724-97d0-2f3ca595e0ef;529426;Total gato hidráulico profesional THT108253 3TONELADAS;True;False;True;13800.0;8826.0;1.564;16300;2500;;;https://www.totalherramientasoficial.com.py/produto/total-macaco-hidraulico-profissional-tht108253--3toneladas-50789.html;;;;;;NO;NO;SIN_PRECIO_PROVEEDOR_ACTUAL
b9aa2edc-17dd-5162-bbbb-c42653ece8bd;528696;Wadfow juego de brocas hss 15PCS WTD6515;True;False;True;15700.0;10086.0;1.557;18700;3000;8.75;USD;https://www.totalherramientasoficial.com.py/produto/wadfow-conjunto-de-broca-15pcs--wtd6515-50701.html;2026-09-27;;;;;NO;NO;DEBAJO_DE_1_75_COSTO_BASE
b9b0ce42-d64f-5cdd-a49a-06e094dd4ae7;521123;Total martillo rotativo sds-max 1200W TH112426;True;False;True;206400.0;132384.0;1.559;244900;38500;;;https://www.totalherramientasoficial.com.py/produto/total-martelo-rotativo-sdsmax-1200w-th112426-49865.html;;;;;;NO;NO;SIN_PRECIO_PROVEEDOR_ACTUAL
b9c0ca78-4446-517b-80d1-475e0555d625;614030;Wadfow rótulas y juntas prensa tipo c 7PCS WGP5D07;True;False;True;119600.0;76701.0;1.559;141900;22300;46.0;USD;https://www.totalherramientasoficial.com.py/produto/wadfow-rotulos-e-juntas-de-prensagem-tipo-c--7pcs----wgp5d07-57179.html;2026-09-27;;;;;NO;NO;DEBAJO_DE_1_75_COSTO_BASE
b9f6c4e2-151e-5983-a9ae-5aa918e0e2a8;128087;Total maquina de soldadura inverter 130A mma UTW213049;True;False;True;228800.0;146732.0;1.559;271500;42700;88.0;USD;https://www.totalherramientasoficial.com.py/produto/total-maquina-de-solda-inverter-130a-mma-utw213049-6458.html;2026-09-27;;;;;NO;NO;DEBAJO_DE_1_75_COSTO_BASE
b9fa15c2-dbd3-581a-9c4c-f4a05860dacf;487504;"Total juego de mechas escalonadas 1/4"" TACSD2051";True;False;True;70200.0;45020.0;1.559;83300;13100;27.0;USD;https://www.totalherramientasoficial.com.py/produto/total--conjunto-de-brocas-escalonadas---14-tacsd2051-45986.html;2026-09-27;;;;;NO;NO;DEBAJO_DE_1_75_COSTO_BASE
ba189b74-711d-5f7d-b8d6-59599e869163;417389;Total botas seguridad TSP202SB.42;True;False;True;57200.0;36683.0;1.559;67900;10700;22.0;USD;https://www.totalherramientasoficial.com.py/produto/total-botas-seguranca-tsp202sb42-32639.html;2026-09-27;;;;;NO;NO;DEBAJO_DE_1_75_COSTO_BASE
ba7510d9-73c3-5441-80b6-5848bf564484;415200;"Total socket de impacto THKISD12102L 1/2"" 10PCS";True;False;True;49400.0;31681.0;1.559;58600;9200;;;https://www.totalherramientasoficial.com.py/produto/total-soquet-de-impacto-thkisd12102l-12-10pcs-32412.html;;;;;;NO;NO;SIN_PRECIO_PROVEEDOR_ACTUAL
ba7dd6df-97b5-5b52-8802-53c69920a1da;486767;Total pistola clavadora brad TCBNLI2028 15X50MM;True;False;True;108100.0;69344.0;1.559;128300;20200;;;https://www.totalherramientasoficial.com.py/produto/total-pistola-de-pregador-brad--tcbnli2028-15x50mm-45892.html;;;;;;NO;NO;SIN_PRECIO_PROVEEDOR_ACTUAL
bac6a66f-0508-578d-a2c7-1673c7504ae9;469463;Wadfow juego de alicates de crimpado 7PCS WHS1B07;True;False;True;55900.0;35851.0;1.559;66300;10400;21.5;USD;https://www.totalherramientasoficial.com.py/produto/wadfow-conjunto-de-alicates-de-crimpagem-7pcs--whs1b07-42630.html;2026-09-27;;;;;NO;NO;DEBAJO_DE_1_75_COSTO_BASE
bad841f0-d885-5f95-97fd-2529b6044c9c;532006;Total catraca 4PCS 6M x 25MM THTRS065606;True;False;True;13800.0;8826.0;1.564;16300;2500;;;https://www.totalherramientasoficial.com.py/produto/total-catraca-4pcs--6m-x-25mm--thtrs065606-51254.html;;;;;;NO;NO;SIN_PRECIO_PROVEEDOR_ACTUAL
bae0b5b7-210e-520e-a518-1c6eeb53427d;367417;Total pulidora TP1141806 1400W;True;False;True;118000.0;75648.0;1.56;139900;21900;;;https://www.totalherramientasoficial.com.py/produto/total-polidora--tp1141806--1400w-27963.html;;;;;;NO;NO;SIN_PRECIO_PROVEEDOR_ACTUAL
bae5045a-fd52-51ae-bda5-253c24d4bda4;381567;"Total alicate universal THTIP181 8""";True;False;True;11800.0;7565.0;1.56;14000;2200;;;https://www.totalherramientasoficial.com.py/produto/total-alicate-combnada-thtip181-8-29318.html;;;;;;NO;NO;SIN_PRECIO_PROVEEDOR_ACTUAL
baf82bbf-b63f-5439-8e30-04ec0c1f1c5b;463867;Wadfow estacion de soldadura WEL7506;True;False;True;49400.0;31681.0;1.559;58600;9200;19.0;USD;https://www.totalherramientasoficial.com.py/produto/wadfow-estacao-solda-wel7506-42033.html;2026-09-27;;;;;NO;NO;DEBAJO_DE_1_75_COSTO_BASE
baf970c7-477c-58db-a4a7-c0abbdf490f9;380881;Total bateria 20V 4.0AH TFBLI20021;True;False;True;78000.0;50006.0;1.56;92500;14500;29.99;USD;https://www.totalherramientasoficial.com.py/produto/total-bateria-20v-40ah-tfbli20021-29251.html;2026-09-27;;;;;NO;NO;DEBAJO_DE_1_75_COSTO_BASE
bb0e932c-23b8-563e-9a90-5250457986be;381291;Total corta g.linea TGTLS2541 2.5MM 4M;True;False;True;17200.0;11032.0;1.559;20400;3200;;;https://www.totalherramientasoficial.com.py/produto/total-corta-glinha--tgtls2541-25mm-4m-29293.html;;;;;;NO;NO;SIN_PRECIO_PROVEEDOR_ACTUAL
bb134ed4-0461-5dfe-ae49-aa02714508db;437202;"Total extension de barra en t 1/2"" THTSTB12106";True;False;True;17200.0;11032.0;1.559;20400;3200;;;https://www.totalherramientasoficial.com.py/produto/total-extensao-da-barra-em-t-12-thtstb12106-34683.html;;;;;;NO;NO;SIN_PRECIO_PROVEEDOR_ACTUAL
bb32af96-8bf8-5470-8d76-aa297a8c8f59;436151;Total atornillador TIDLI20012 2BAT li-ion 20V;True;False;True;235900.0;151296.0;1.559;279900;44000;;;https://www.totalherramientasoficial.com.py/produto/total-parafusadeira-tidli20012-2bat-liion-20v-34571.html;;;;;;NO;NO;SIN_PRECIO_PROVEEDOR_ACTUAL
bb384e2d-5b74-5eaf-889a-68b1e3cd57da;512060;Total kit de herramientas manuales THKTHP21686 168PCS;True;False;True;41800.0;26792.0;1.56;49600;7800;;;https://www.totalherramientasoficial.com.py/produto/total-kit-de-ferramentas-manuais-thkthp21686-168pcs-48557.html;;;;;;NO;NO;SIN_PRECIO_PROVEEDOR_ACTUAL
bb696f7e-779e-51ec-b522-e5ed4934d6b7;239202;Total taladro 450W UTD204102;True;False;True;63900.0;40976.0;1.559;75800;11900;;;https://www.totalherramientasoficial.com.py/produto/total-furadeira--450w-utd204102-18470.html;;;;;;NO;NO;SIN_PRECIO_PROVEEDOR_ACTUAL
bba29210-a3ae-5e3f-aff9-c99c3ec6c790;456791;Total candado 38MM TLK31381 146G;True;False;True;3900.0;2503.0;1.558;4600;700;1.5;USD;https://www.totalherramientasoficial.com.py/produto/total-cadiado-38mm--tlk31381-146g-40747.html;2026-09-27;;;;;NO;NO;DEBAJO_DE_1_75_COSTO_BASE
bbca1c80-327b-545e-b342-f918abf03846;469623;Wadfow tijera de podar WPR2E21;True;False;True;15600.0;10004.0;1.559;18500;2900;6.0;USD;https://www.totalherramientasoficial.com.py/produto/wadfow-tesoura-de-jardim---wpr2e21-42646.html;2026-09-27;;;;;NO;NO;DEBAJO_DE_1_75_COSTO_BASE
bbfb9cea-fb16-541c-b4fa-c13f7b07df01;488075;Total máquina de soldar 200A TW2200691;True;False;True;206400.0;132384.0;1.559;244900;38500;;;https://www.totalherramientasoficial.com.py/produto/total-maquina-de-soldar-200a-tw2200691-46043.html;;;;;;NO;NO;SIN_PRECIO_PROVEEDOR_ACTUAL
bc298b88-9b42-5309-83ae-36623f41fc67;462754;Wadfow cincel 19X16X305MM WCC2311;True;False;True;12800.0;8195.0;1.562;15200;2400;;;https://www.totalherramientasoficial.com.py/produto/wadfow-cinzel-19x16x305mm---wcc2311-41922.html;;;;;;NO;NO;SIN_PRECIO_PROVEEDOR_ACTUAL
bc2c7a68-6111-5ed2-b12e-690c6f8dce58;350983;Total vibrador de hormigón a gasolina hexagonal 5.5HP TP630-22;True;False;True;13800.0;8826.0;1.564;16300;2500;;;https://www.totalherramientasoficial.com.py/produto/total-vibrador-de-concreto-a-gasolina-hexagonal--55hp-tp63022-26447.html;;;;;;NO;NO;SIN_PRECIO_PROVEEDOR_ACTUAL
bc3aa8d6-bc64-5abf-b59a-c1e034ab2e7b;461849;Wadfow afilador multiuso WBG1551;True;False;True;17200.0;11032.0;1.559;20400;3200;;;https://www.totalherramientasoficial.com.py/produto/wadfow--afiador-multiuso-wbg1551-41810.html;;;;;;NO;NO;SIN_PRECIO_PROVEEDOR_ACTUAL
bc3fd8b1-2bf2-57eb-81b6-5f44e42de079;121484;Wadfow pistola de pintura 20V 800ML WSU30664;True;False;True;114400.0;73366.0;1.559;135700;21300;44.0;USD;https://www.totalherramientasoficial.com.py/produto/wadfow-pistola-de-pintura-20v-800ml--wsu30664-833.html;2026-09-27;;;;;NO;NO;DEBAJO_DE_1_75_COSTO_BASE
bc59562a-fcc0-56f5-b602-487b8be2dba2;341257;Total juego de herramientas 5PCS neumáticas TATK053-1;True;False;True;60400.0;38766.0;1.558;71700;11300;;;https://www.totalherramientasoficial.com.py/produto/totalconjunto-de-ferramentas-pneumaticas--5pcs--tatk0531-12040.html;;;;;;NO;NO;SIN_PRECIO_PROVEEDOR_ACTUAL
bc63343b-7479-5d65-b89a-ec5443dfd8e3;486354;"Total juego de 3 cepillos con vástago hex 1/4"" TACB0301";True;False;True;20200.0;12923.0;1.563;23900;3700;7.75;USD;https://www.totalherramientasoficial.com.py/produto/total-conjunto-de-3-escovas-com-haste-hexagonal-14--tacb0301-45851.html;2026-09-27;;;;;NO;NO;DEBAJO_DE_1_75_COSTO_BASE
bc782f96-7230-5732-bb98-087f7f6adbae;584999;Total sierra circular 20V motor sin escobillas TSLI16523;True;False;True;226100.0;144992.0;1.559;268200;42100;;;https://www.totalherramientasoficial.com.py/produto/total-serra-circular-20v-motor-sem-escovas--tsli16523-56923.html;;;;;;NO;NO;SIN_PRECIO_PROVEEDOR_ACTUAL
bc85164a-a0f2-5f88-a578-808bb04591ed;543576;Wadfow juego de sierras copa para madera 16PCS WKJ4416;True;False;True;19900.0;12756.0;1.56;23600;3700;7.65;USD;https://www.totalherramientasoficial.com.py/produto/wadfow-conjunto-de-serras-copo-para-madeira-16pcs-wkj4416-52443.html;2026-09-27;;;;;NO;NO;DEBAJO_DE_1_75_COSTO_BASE
bca43952-444c-5afc-afa4-f863a0c38936;030548;Karseell Maca Essence Oil 50 ml;True;False;True;9100.0;;;;;3.5;USD;https://atacadousa.com.py/cosmeticos/9918-oleo-capilar-karseell-maca-essence-50ml.html;2026-09-27;;;;;NO;NO;SIN_COSTO_BASE_DOCUMENTADO
bcb19721-f64b-5aaf-b50a-ec7e5a493da2;444095;Total juego de destornilladores 26PCS THTDC252601;True;False;True;15700.0;10086.0;1.557;18700;3000;;;https://www.totalherramientasoficial.com.py/produto/total-kit-de-chaves-fenda-26pcs-thtdc252601-37957.html;;;;;;NO;NO;SIN_PRECIO_PROVEEDOR_ACTUAL
bcb305d4-d10e-50ad-91fd-6973b09bc921;316309;Total cinzel THT4211026 22X16X250MM;True;False;True;13800.0;8826.0;1.564;16300;2500;;;https://www.totalherramientasoficial.com.py/produto/total-cinzel-tht4211026-22x16x250mm-23343.html;;;;;;NO;NO;SIN_PRECIO_PROVEEDOR_ACTUAL
bcb6514e-c289-5612-8116-634bb12e2b91;470827;Wadfow botas de lluvia 45 WRB1L45;True;False;True;20200.0;12923.0;1.563;23900;3700;7.75;USD;https://www.totalherramientasoficial.com.py/produto/wadfow-botas-de-chuva--45----wrb1l45-42766.html;2026-09-27;;;;;NO;NO;DEBAJO_DE_1_75_COSTO_BASE
bcf681a1-92e0-5c15-8935-1ced738f18fe;489867;Wadfow traje de lluvia 100% pvc WRC300L;True;False;True;26000.0;16674.0;1.559;30800;4800;10.0;USD;https://www.totalherramientasoficial.com.py/produto/wadfow--capa-de-chuva-100-pvc---wrc300l-46222.html;2026-09-27;;;;;NO;NO;DEBAJO_DE_1_75_COSTO_BASE
bcfcfa3a-e5ff-5b1e-99ed-daf9d67ef42d;584937;Total soplador/aspirador 20V 600W TABLI20682;True;False;True;150800.0;96710.0;1.559;178900;28100;58.0;USD;https://www.totalherramientasoficial.com.py/produto/total-sopradoraspirador-20v-600w-tabli20682-56917.html;2026-09-27;;;;;NO;NO;DEBAJO_DE_1_75_COSTO_BASE
bcfdde98-87ea-5048-a765-9c48080bf2be;514903;Total juego de llaves hexagonal/torx THT106KT0271 27PCS;True;False;True;59000.0;37824.0;1.56;70000;11000;;;https://www.totalherramientasoficial.com.py/produto/total-conjunto-de-chaves-hexagonaistorx--tht106kt0271--27pcs-48841.html;;;;;;NO;NO;SIN_PRECIO_PROVEEDOR_ACTUAL
bcfde698-0de1-5c6c-aa88-c36a61942a87;338790;Total kit de mechas de concreto TACSD5051 5PCS;True;False;True;11700.0;7505.0;1.559;13900;2200;4.5;USD;https://www.totalherramientasoficial.com.py/produto/total-broca-kit-tacsd5051-5pcs-alvenaria-25358.html;2026-09-27;;;;;NO;NO;DEBAJO_DE_1_75_COSTO_BASE
bd096670-5673-51ed-9d50-301cf9078e41;122672;Total juego de herramientas combinadas 137PCS THKTHP21376;True;False;True;312000.0;200073.0;1.559;370100;58100;119.99;USD;https://www.totalherramientasoficial.com.py/produto/total-conjunto-de-ferramentas-combinadas-137pcs--thkthp21376-1037.html;2026-09-27;;;;;NO;NO;DEBAJO_DE_1_75_COSTO_BASE
bd0c132b-e69d-556a-92bf-71057e50d0ad;528313;Wadfow juego de llaves hexagonales con punta esférica WHK2292;True;False;True;31900.0;20488.0;1.557;37900;6000;;;https://www.totalherramientasoficial.com.py/produto/wadfow-conjunto-de-chaves-hexagonais-com-ponta-esferica-whk2292-9pcs-50663.html;;;;;;NO;NO;SIN_PRECIO_PROVEEDOR_ACTUAL
bd18db09-dd26-5082-b7ee-1c2eb62b8a23;489270;"Wadfow llave de tubo sueco 1"" WPW2101";True;False;True;13000.0;8337.0;1.559;15400;2400;5.0;USD;https://www.totalherramientasoficial.com.py/produto/wadfow--chave-de-tubos-sueca-1--wpw2101-46163.html;2026-09-27;;;;;NO;NO;DEBAJO_DE_1_75_COSTO_BASE
bd5db2d9-0a79-597f-a8de-bdb3f31f5740;436809;Total kit herramienta THT341151 15PCS 3/4;True;False;True;13800.0;8826.0;1.564;16300;2500;;;https://www.totalherramientasoficial.com.py/produto/total-kit-feramenta--tht341151-15pcs--34-34642.html;;;;;;NO;NO;SIN_PRECIO_PROVEEDOR_ACTUAL
bd9c5ce8-e7dd-5637-b787-02c68d890f9e;502023;Total amoladora angular 710W UTG10711576 115MM;True;False;True;87500.0;56106.0;1.56;103800;16300;;;https://www.totalherramientasoficial.com.py/produto/total-esmirilhadeira-angular--710w--utg10711576-115mm-47486.html;;;;;;NO;NO;SIN_PRECIO_PROVEEDOR_ACTUAL
bd9f3722-ec05-5a7c-94ff-2236ce1a6cf1;341714;"Total serrucho de mano THT55206 500MM/20""";True;False;True;14300.0;9172.0;1.559;17000;2700;5.5;USD;https://www.totalherramientasoficial.com.py/produto/total-serote-de-mao--tht55206-500mm20-25632.html;2026-09-27;;;;;NO;NO;DEBAJO_DE_1_75_COSTO_BASE
bdd8d0d2-c742-546b-8de4-39310421e4ff;350815;Total amoladora angular 750W UTG10711556;True;False;True;85800.0;55024.0;1.559;101800;16000;33.0;USD;https://www.totalherramientasoficial.com.py/produto/total-lixadeira-750w--utg10711556-26435.html;2026-09-27;;;;;NO;NO;DEBAJO_DE_1_75_COSTO_BASE
bde50a22-0633-5171-baf7-c81aa558a526;486132;Total aspiradora TVLI201261 20V;True;False;True;54600.0;35016.0;1.559;64800;10200;;;https://www.totalherramientasoficial.com.py/produto/total-aspirador-tvli201261-20v-45827.html;;;;;;NO;NO;SIN_PRECIO_PROVEEDOR_ACTUAL
bdf10ff7-a67d-593f-9d08-73520f5286b5;469425;Wadfow barra de demolición 900MM WQB1390;True;False;True;18600.0;11921.0;1.56;22100;3500;7.15;USD;https://www.totalherramientasoficial.com.py/produto/wadfow-demolador--900mm---wqb1390-42626.html;2026-09-27;;;;;NO;NO;DEBAJO_DE_1_75_COSTO_BASE
bdf3bab6-f0da-57af-a2c5-9a8bdc7b3d4a;340618;Total estilete THT512611 61X19MM;True;False;True;13800.0;8826.0;1.564;16300;2500;;;https://www.totalherramientasoficial.com.py/produto/total-estilete--tht512611-61x19mm-25529.html;;;;;;NO;NO;SIN_PRECIO_PROVEEDOR_ACTUAL
be160427-d3c1-592d-819e-2c5081c44667;121446;Total chaqueta de trabajo TSP6011.XXXL;True;False;True;57800.0;37099.0;1.558;68600;10800;22.25;USD;https://www.totalherramientasoficial.com.py/produto/total-jaqueta-de-trabalho-tsp6011xxxl-5238.html;2026-09-27;;;;;NO;NO;DEBAJO_DE_1_75_COSTO_BASE
be1e9597-6465-5285-b0c1-a77ca23ca610;487696;"Total llave trinquete extensible 1/2"" THT106128L";True;False;True;8800.0;5674.0;1.551;10500;1700;;;https://www.totalherramientasoficial.com.py/produto/total-chave-de-catraca-extensivel-12--tht106128l-46005.html;;;;;;NO;NO;SIN_PRECIO_PROVEEDOR_ACTUAL
be488be5-ecfb-5fe1-822f-00b3e4ad63df;529334;Total combo pistola de clavos +nivel TOSLI250201;True;False;True;319500.0;204880.0;1.559;379000;59500;;;https://www.totalherramientasoficial.com.py/produto/total-combo-pistola-de-pregos--nivel-tosli250201-50780.html;;;;;;NO;NO;SIN_PRECIO_PROVEEDOR_ACTUAL
be55e610-1af6-5508-8694-103ec2aa3e25;340977;Total botas de lluvia TSP302L.41;True;False;True;23400.0;15007.0;1.559;27800;4400;;;https://www.totalherramientasoficial.com.py/produto/total-botas-de-chuva-tsp302l41-25565.html;;;;;;NO;NO;SIN_PRECIO_PROVEEDOR_ACTUAL
be5ab49b-8594-5147-a4c3-79714fba63c8;731792;Anua Tónico Facial Heartleaf 77% Soothing Toner 40 ml;True;False;True;18200.0;;;;;7.0;USD;https://atacadousa.com.py/cosmeticos/12339-tonico-facial-anua-heartleaf-77-soothing-toner-40ml-731792.html;2026-09-27;;;;;NO;NO;SIN_COSTO_BASE_DOCUMENTADO
be65cf32-fc5f-524d-9cc4-455039a4571a;461764;Wadfow amoladora angular 20V WLAPM22;True;False;True;152400.0;97712.0;1.56;180800;28400;;;https://www.totalherramientasoficial.com.py/produto/wadfow-lixadeira--20v---wlapm22-41802.html;;;;;;NO;NO;SIN_PRECIO_PROVEEDOR_ACTUAL
be6ee360-d3c7-5c45-b5a5-f29b3dcd9fad;470735;"Wadfow válvula de retención tipo horizontal 1/2"" WVV6852";True;False;True;14300.0;9172.0;1.559;17000;2700;5.5;USD;https://www.totalherramientasoficial.com.py/produto/wadfow--valvula-de-retencao-horizontal-12--wvv6852-42757.html;2026-09-27;;;;;NO;NO;DEBAJO_DE_1_75_COSTO_BASE
be7a24ec-2aab-5546-b405-4fbc7e4933af;609913;Total martillo de lapidación THSLH6104 4LB;True;False;True;22800.0;14591.0;1.563;27000;4200;8.75;USD;https://www.totalherramientasoficial.com.py/produto/total-martelo-de-demolicao-thslh6104--4lb-57270.html;2026-09-27;;;;;NO;NO;DEBAJO_DE_1_75_COSTO_BASE
be8e759e-7454-52d5-9ff4-c0093b84d371;542128;Wadfow juego de herramientas manuales 8PCS WPS1M08;True;False;True;41600.0;26679.0;1.559;49400;7800;16.0;USD;https://www.totalherramientasoficial.com.py/produto/wadfow-kit-de-ferramentas-manuais--8pcs---wps1m08-52298.html;2026-09-27;;;;;NO;NO;DEBAJO_DE_1_75_COSTO_BASE
be92c6a3-a57f-5847-a364-039d0f554663;469111;Wadfow juego de púas y ganchos 4PCS WSS2604;True;False;True;17200.0;11032.0;1.559;20400;3200;1.75;USD;https://www.totalherramientasoficial.com.py/produto/wadfow-conjunto-de-pinos-e-ganchos-4pcs---wss2604-42595.html;2026-09-27;;;;;NO;NO;DEBAJO_DE_1_75_COSTO_BASE
bec15037-03c0-53ee-8773-c8e1bec6a2c8;542340;Wadfow llave de impacto motor sin escobillas 20V WCD1B483;True;False;True;8800.0;5674.0;1.551;10500;1700;;;https://www.totalherramientasoficial.com.py/produto/wadfow-chave-de-impacto-motor-sem-escovas-20v--wcd1b483-52320.html;;;;;;NO;NO;SIN_PRECIO_PROVEEDOR_ACTUAL
bee2e99d-54c6-531e-a023-bc9f6c494649;239370;"Total sierra circular TS1161856 1600W madera 7""";True;False;True;137600.0;88256.0;1.559;163300;25700;;;https://www.totalherramientasoficial.com.py/produto/total-serra-circular-ts1161856-1600w-madeira--7-18475.html;;;;;;NO;NO;SIN_PRECIO_PROVEEDOR_ACTUAL
beed5461-576c-524c-be49-2720063d4c03;488372;Total kit amoladora angular +amoladora recta 20V TOSLI23120215;True;False;True;319500.0;204880.0;1.559;379000;59500;;;https://www.totalherramientasoficial.com.py/produto/total-kit-esmirilhadeiralixadeira--reto--20v-tosli23120215-46073.html;;;;;;NO;NO;SIN_PRECIO_PROVEEDOR_ACTUAL
bf2198d5-7195-5aef-bb11-84cef2c9ca4c;462433;Wadfow cerradora manual de mordaza recta WZB1501;True;False;True;17200.0;11032.0;1.559;20400;3200;;;https://www.totalherramientasoficial.com.py/produto/wadfow-costura-manual-mandibula-reta--wzb1501-41890.html;;;;;;NO;NO;SIN_PRECIO_PROVEEDOR_ACTUAL
bf26196f-69c0-576c-9b93-d1906d0f7d87;489911;Wadfow plataforma rodante para llanta WVD1A01;True;False;True;179400.0;115051.0;1.559;212800;33400;69.0;USD;https://www.totalherramientasoficial.com.py/produto/wadfow-plataforma--de-pneu-wvd1a01-46227.html;2026-09-27;;;;;NO;NO;DEBAJO_DE_1_75_COSTO_BASE
bf62256c-c296-5ce2-8520-435800fbe93c;380843;Total atornillador 20V TIDLI2002 2BAT impacto;True;False;True;286000.0;183415.0;1.559;339300;53300;;;https://www.totalherramientasoficial.com.py/produto/total-parafusadeira-20v-tidli2002-2bat-impacto-29247.html;;;;;;NO;NO;SIN_PRECIO_PROVEEDOR_ACTUAL
bf7fca11-5ec2-5c03-81e5-be756cdc1370;367462;Total máquina de soldar de tubo de pvc TT328151;True;False;True;85800.0;55024.0;1.559;101800;16000;33.0;USD;https://www.totalherramientasoficial.com.py/produto/total-maquina-de-solda-tubo-pvc-800w1500w--tt328151-12062.html;2026-09-27;;;;;NO;NO;DEBAJO_DE_1_75_COSTO_BASE
bf80397c-c926-507d-84ff-3ba95e086bf7;546065;Total martillo maquinista 500GR THMH62500;True;False;True;7800.0;4986.0;1.564;9200;1400;2.99;USD;https://www.totalherramientasoficial.com.py/produto/total-martelo-machnista-500gr--thmh62500-52698.html;2026-09-27;;;;;NO;NO;DEBAJO_DE_1_75_COSTO_BASE
bf952344-6b57-5bb8-a739-f781eb631700;462273;"Wadfow alicate pico l. 6"" WPL2C06";True;False;True;5800.0;3751.0;1.546;6900;1100;2.25;USD;https://www.totalherramientasoficial.com.py/produto/wadfow-alicate-ponta-l-6-wpl2c06-41853.html;2026-09-27;;;;;NO;NO;DEBAJO_DE_1_75_COSTO_BASE
bfb45ee2-5bde-55a2-a811-50c06ee9e2c6;11700;SKIN1004 Madagascar Centella Tone Brightening Boosting Toner 210 ml;True;False;True;46800.0;;;;;18.0;USD;https://atacadousa.com.py/cosmeticos/11700-tonico-facial-skin1004-madagascar-centella-tone-brightening-210m61165.html;2026-09-27;;;;;NO;NO;SIN_COSTO_BASE_DOCUMENTADO
bfd2a813-30cf-5665-833d-d5b20078279d;495707;Total nivel laser de 5 lineas 30M verde TLL305205;True;False;True;137600.0;88256.0;1.559;163300;25700;;;https://www.totalherramientasoficial.com.py/produto/total-nivel-laser-com-5-linhas-30m-verde-tll305205-46829.html;;;;;;NO;NO;SIN_PRECIO_PROVEEDOR_ACTUAL
bfd4018b-c295-5e19-9d0d-234394a90ca3;229135;Total botas de seguridad anticlavos +antiresbalante TSP206SB.4;True;False;True;59000.0;37824.0;1.56;70000;11000;;;https://www.totalherramientasoficial.com.py/produto/total-botas--de-seguranca-antiderrapante--anticlipe-tsp206sb40-17993.html;;;;;;NO;NO;SIN_PRECIO_PROVEEDOR_ACTUAL
bfd40a22-5a34-5c77-9de6-bd6c07c93202;512206;Total bateria 12V 1.5AH TBLI12153;True;False;True;22100.0;14184.0;1.558;26200;4100;;;https://www.totalherramientasoficial.com.py/produto/total--bateria-12v-15ah--tbli12153-48571.html;;;;;;NO;NO;SIN_PRECIO_PROVEEDOR_ACTUAL
bff26f3a-0eb8-5a86-a20f-94350dcb0767;460606;Wadfow martillo mecánico 1300G WHM5348;True;False;True;15000.0;9588.0;1.564;17700;2700;5.75;USD;https://www.totalherramientasoficial.com.py/produto/wadfow-martelo-bola-1300g----whm5348-41686.html;2026-09-27;;;;;NO;NO;DEBAJO_DE_1_75_COSTO_BASE
bff36104-ecfe-5d50-a8e8-7b82a4a47259;614115;Wadfow probador de baterias para autos 12V/24V WVTD1511;True;False;True;61100.0;39186.0;1.559;72500;11400;23.5;USD;https://www.totalherramientasoficial.com.py/produto/wadfow-testador-de-bateria-de-carro--12v24v---wvtd1511-57181.html;2026-09-27;;;;;NO;NO;DEBAJO_DE_1_75_COSTO_BASE
c02a730b-e750-545c-8f4a-c7e3b0b9963c;584159;Total pulidora 20V control de velocidad variable TAPLI20188;True;False;True;118000.0;75648.0;1.56;139900;21900;;;https://www.totalherramientasoficial.com.py/produto/total-polidor--20v-controle-de-velocidade-variavel-tapli20188-56839.html;;;;;;NO;NO;SIN_PRECIO_PROVEEDOR_ACTUAL
c043357f-3555-5bd2-bfc3-4f0e88a95e0f;116;Wadfow martillo rotativo 20V WLM1B283;True;False;True;374400.0;240107.0;1.559;444200;69800;144.0;USD;https://www.totalherramientasoficial.com.py/produto/wadfow--martelete-20v-wlm1b283-55177.html;2026-09-27;;;;;NO;NO;DEBAJO_DE_1_75_COSTO_BASE
c045f759-e2f3-5252-983b-f26847c75f63;444439;Total martillo perforador de iones de litio UTRHLI202287;True;False;True;10800.0;6934.0;1.558;12800;2000;;;https://www.totalherramientasoficial.com.py/produto/total-martelete-rotativo-de-ionlitio-utrhli202287-37991.html;;;;;;NO;NO;SIN_PRECIO_PROVEEDOR_ACTUAL
c0577cd6-d1f6-58cc-9ffd-0c04e72d35a1;488723;Wadfow filtro de aceite de acero inoxidable WUL1401;True;False;True;17200.0;11032.0;1.559;20400;3200;;;https://www.totalherramientasoficial.com.py/produto/wadfow-filtro-de-oleo-de-aco-inoxidavel-wul1401-46108.html;;;;;;NO;NO;SIN_PRECIO_PROVEEDOR_ACTUAL
c0845512-0813-518b-86b5-b01bb66a11fc;460125;"Wadfow sierra de mano 12"" WHF3108";True;False;True;13000.0;8321.0;1.562;15400;2400;4.99;USD;https://www.totalherramientasoficial.com.py/produto/wadfow-serra-de-mao--12----whf3108-41638.html;2026-09-27;;;;;NO;NO;DEBAJO_DE_1_75_COSTO_BASE
c09041b0-0ad3-554a-a829-2f66e3ffcfe0;488686;Wadfow set cinceles de letras 27PCS WCC9273;True;False;True;13600.0;8753.0;1.554;16200;2600;5.25;USD;https://www.totalherramientasoficial.com.py/produto/wadfow-conjunto-de-cinzel-de-letras-27-pcs--wcc9273-46104.html;2026-09-27;;;;;NO;NO;DEBAJO_DE_1_75_COSTO_BASE
c0d8209b-ef43-5d04-9d89-6be4a193bf06;470841;Wadfow botas de lluvia 46 blanco WRB2L46;True;False;True;22900.0;14673.0;1.561;27100;4200;8.8;USD;https://www.totalherramientasoficial.com.py/produto/wadfow-botas-de-chuva-46-branca--wrb2l46-42768.html;2026-09-27;;;;;NO;NO;DEBAJO_DE_1_75_COSTO_BASE
c0f6829e-d9ff-505c-ac0e-f95a64d0a592;114313;Medicube Crema Facial Triple Collagen Cream 4.0 50 ml;True;False;True;41600.0;;;;;15.0;USD;https://atacadousa.com.py/cosmeticos/12308-creme-facial-medicube-triple-collagen-cream-40-50ml-114313.html;2026-09-27;;;;;NO;NO;SIN_COSTO_BASE_DOCUMENTADO
c11cced9-a294-5c0b-b9b1-c3b3d4c03ecb;532075;Total sierra ingletadora radial para madera con banco TMS43183;True;False;True;368600.0;236400.0;1.559;437300;68700;;;https://www.totalherramientasoficial.com.py/produto/total-serra-esquadria--radial-para-madeira-com-banco-tms43183051--1800w-51261.html;;;;;;NO;NO;SIN_PRECIO_PROVEEDOR_ACTUAL
c147e364-1b8d-5cef-8067-10022cb56b7a;554046;Total alicate de punta larga de alta palanca THT220806S;True;False;True;8800.0;5674.0;1.551;10500;1700;;;https://www.totalherramientasoficial.com.py/produto/total-alicate-de-ponta-longa-de-alta-alavancagem-tht220806s-53504.html;;;;;;NO;NO;SIN_PRECIO_PROVEEDOR_ACTUAL
c162649b-c235-5551-881d-25babc546066;512213;Total taladro de impacto con juego de herramientas 165PCS thkt;True;False;True;63900.0;40976.0;1.559;75800;11900;;;https://www.totalherramientasoficial.com.py/produto/total-furadeira-de-impacto-com-conjunto-de-ferramentas-165pcs-thkthp11652-48572.html;;;;;;NO;NO;SIN_PRECIO_PROVEEDOR_ACTUAL
c16c1760-5ecc-5edb-90be-72c6a986daa2;595179;Total combo 3PCS taladro + amoladora + rotomartillo TCKLI20259;True;False;True;525200.0;336816.0;1.559;623100;97900;202.0;USD;https://www.totalherramientasoficial.com.py/produto/total-combo-3pcs-parfusadeira--esmerilhadeira--martelo-rotativo--tckli202598-57250.html;2026-09-27;;;;;NO;NO;DEBAJO_DE_1_75_COSTO_BASE
c16f2954-1375-541f-a8a8-d62da909a93a;340090;Total cuchilla para plancha TAC618202;True;False;True;108100.0;69344.0;1.559;128300;20200;;;https://www.totalherramientasoficial.com.py/produto/total-lamina-para-plaina-tac618202-25480.html;;;;;;NO;NO;SIN_PRECIO_PROVEEDOR_ACTUAL
c1781fda-df11-567e-b797-cc19829ad51a;239219;Total taladro TD204102 450W;True;False;True;63900.0;40976.0;1.559;75800;11900;;;https://www.totalherramientasoficial.com.py/produto/total-furadeira-td204102--450w-8428.html;;;;;;NO;NO;SIN_PRECIO_PROVEEDOR_ACTUAL
c17c73de-6711-5131-a054-9e26e1f89240;173339;Total atornillador 110V UTD312103 12V nic;True;False;True;71300.0;45704.0;1.56;84600;13300;;;https://www.totalherramientasoficial.com.py/produto/total-parafusadeira-110v-utd312103--12v-nic-11912.html;;;;;;NO;NO;SIN_PRECIO_PROVEEDOR_ACTUAL
c1b0136a-ec4f-5520-824f-80dc51a6ec40;458818;Total cargador UTFCLI20411 20V rapido;True;False;True;39600.0;25427.0;1.557;47000;7400;;;https://www.totalherramientasoficial.com.py/produto/total-caregador-utfcli20411-20v-rapido-41061.html;;;;;;NO;NO;SIN_PRECIO_PROVEEDOR_ACTUAL
c1b2f972-97ea-510d-af5a-f0b120609ebe;125;SKIN1004 Madagascar Centella Tone Brightening Cleansing Gel Foam 125 ml;True;False;True;35100.0;;;;;13.5;USD;https://atacadousa.com.py/cosmeticos/11701-gel-facial-de-limpieza-skin1004-madagascar-centella-tone-brighetin-125.html;2026-09-27;;;;;NO;NO;SIN_COSTO_BASE_DOCUMENTADO
c1b4eb40-45c4-5bb7-b46d-f44fc4d52047;242738;"Wadfow calibre digital 150MM 6"" WVC2B15";True;False;True;34400.0;22092.0;1.557;40900;6500;13.25;USD;https://www.totalherramientasoficial.com.py/produto/wadfow-paquimetro-digital--150mm-6--wvc2b15-54655.html;2026-09-27;;;;;NO;NO;DEBAJO_DE_1_75_COSTO_BASE
c1c7f2d5-7698-5a85-8f82-5884807f2875;415118;Total lijadora rotativa TF2031256;True;False;True;108100.0;69344.0;1.559;128300;20200;;;https://www.totalherramientasoficial.com.py/produto/total-lixadera-rotativa-tf2031256-32403.html;;;;;;NO;NO;SIN_PRECIO_PROVEEDOR_ACTUAL
c1e27d8e-03ce-56b9-b523-57ff62928f7b;501538;Wadfow fumigadora motorizada 2 tiempos 14LITROS WKN1A41;True;False;True;46700.0;29944.0;1.56;55400;8700;;;https://www.totalherramientasoficial.com.py/produto/wadfow-fumigadora-motorizada-2-tempos-14-litros-----wkn1a41-47436.html;;;;;;NO;NO;SIN_PRECIO_PROVEEDOR_ACTUAL
c1f5d9b5-ac5d-5140-92c5-76dbcfe81fe6;469869;Wadfow grifo de agua fria WZD2507;True;False;True;22900.0;14673.0;1.561;27100;4200;8.8;USD;https://www.totalherramientasoficial.com.py/produto/wadfow-torneira-de-agua-fria---wzd2507-42670.html;2026-09-27;;;;;NO;NO;DEBAJO_DE_1_75_COSTO_BASE
c1f6da03-eb05-59b1-a331-946aa6b6608e;553537;Total dados hexagonales 3/4 36MM THHAST34361;True;False;True;11700.0;7505.0;1.559;13900;2200;4.5;USD;https://www.totalherramientasoficial.com.py/produto/total-soquetes-hexagonais-34--36mm--thhast34361-53453.html;2026-09-27;;;;;NO;NO;DEBAJO_DE_1_75_COSTO_BASE
c201868c-4899-5cee-9c02-f7b75abbbd2b;436458;Total cincel plano sds hex TAC1532301 30X410X40M hex;True;False;True;36900.0;23678.0;1.558;43800;6900;14.2;USD;https://www.totalherramientasoficial.com.py/produto/total-broca-ma-tac1532301-30x410x40m-hex-34603.html;2026-09-27;;;;;NO;NO;DEBAJO_DE_1_75_COSTO_BASE
c22d3d5c-e5bb-5305-8c69-b76236b813a1;417426;Total botas seguridad TSP201SB.40;True;False;True;57200.0;36683.0;1.559;67900;10700;;;https://www.totalherramientasoficial.com.py/produto/total-botas-seguranca-tsp201sb40-32643.html;;;;;;NO;NO;SIN_PRECIO_PROVEEDOR_ACTUAL
c23df9c1-2555-5132-976b-14fe4e178d9b;310963;Wadfow lijadora orbital 20V WRAP5020;True;False;True;57800.0;37099.0;1.558;68600;10800;22.25;USD;https://www.totalherramientasoficial.com.py/produto/wadfow-lixadeira-treme-treme-20v--wrap5020-22859.html;2026-09-27;;;;;NO;NO;DEBAJO_DE_1_75_COSTO_BASE
c24cbb6d-b994-59a9-b00e-3ddde6090728;460620;Wadfow martillo de goma 450G WMB7302;True;False;True;5700.0;3669.0;1.554;6800;1100;2.2;USD;https://www.totalherramientasoficial.com.py/produto/wadfow-martelo-boracha-450g-wmb7302-41688.html;2026-09-27;;;;;NO;NO;DEBAJO_DE_1_75_COSTO_BASE
c26bb762-bc23-57a7-8b51-83e562996a07;167482;Total amoladora 20V TAGLI2120272 motor sin escobillas;True;False;True;152400.0;97712.0;1.56;180800;28400;;;https://www.totalherramientasoficial.com.py/produto/total-lixadeira-20v--tagli2120272-motor-sem-escovas-56398.html;;;;;;NO;NO;SIN_PRECIO_PROVEEDOR_ACTUAL
c274aaaf-112e-5db9-abcc-683e0b006e61;229951;Total caja de herramientas 369PCS THPTCS83692;True;False;True;27000.0;17336.0;1.557;32100;5100;;;https://www.totalherramientasoficial.com.py/produto/total-caixa-de-ferramentas--369pcs--thptcs83692-54828.html;;;;;;NO;NO;SIN_PRECIO_PROVEEDOR_ACTUAL
c297c620-2229-51c2-8dbd-4a9d67d01406;350921;Total lijadoras eléctricas TS70906 engalletadora;True;False;True;137600.0;88256.0;1.559;163300;25700;;;https://www.totalherramientasoficial.com.py/produto/total-lixadeira-eletrica-ts70906-biscuit-jointer-11904.html;;;;;;NO;NO;SIN_PRECIO_PROVEEDOR_ACTUAL
c2ab81a8-f783-5dfe-b1fb-12880dcbca8c;417365;Total caballete suporte THJS0201;True;False;True;17200.0;11032.0;1.559;20400;3200;;;https://www.totalherramientasoficial.com.py/produto/total-caballete-suporte-thjs0201-32637.html;;;;;;NO;NO;SIN_PRECIO_PROVEEDOR_ACTUAL
c2c74314-0383-5b95-a3a4-ade29e961423;583916;Total juego de herramientas 166PCS THKTHP41667;True;False;True;255600.0;163904.0;1.559;303200;47600;;;https://www.totalherramientasoficial.com.py/produto/total-kit-de-ferramentas-166pcs--thkthp41667-56815.html;;;;;;NO;NO;SIN_PRECIO_PROVEEDOR_ACTUAL
c30c831c-2c21-55b8-9408-7fae72f65f53;609616;Total martillo demoledor 42V TDBLI423582 18J 2B 2.5A;True;False;True;437400.0;280528.0;1.559;519000;81600;;;https://www.totalherramientasoficial.com.py/produto/total-martelo-de-demolicao-42v-tdbli423582-18j--2b-25a-57288.html;;;;;;NO;NO;SIN_PRECIO_PROVEEDOR_ACTUAL
c3387c57-28fd-5539-91c8-ec55532f8d5b;472333;"Total pulidora angular 1400W UTP11418018 7""";True;False;True;118000.0;75648.0;1.56;139900;21900;;;https://www.totalherramientasoficial.com.py/produto/total--polidor--utp11418018-1400w-7-43334.html;;;;;;NO;NO;SIN_PRECIO_PROVEEDOR_ACTUAL
c3525bee-2b09-58f9-8de1-9b4935c1016c;495523;Total corta césped 40V TSTLI200285;True;False;True;496600.0;318475.0;1.559;589200;92600;;;https://www.totalherramientasoficial.com.py/produto/total--corta-grama-40v--tstli200285-46811.html;;;;;;NO;NO;SIN_PRECIO_PROVEEDOR_ACTUAL
c355ff42-6b2d-547d-a40c-58f6d29e6a5f;612470;"Total alicate de punta larga 8"" 200MM THT221808S";True;False;True;11800.0;7565.0;1.56;14000;2200;;;https://www.totalherramientasoficial.com.py/produto/total--alicate-bico-dobrado-8-200mm--tht221808s-57277.html;;;;;;NO;NO;SIN_PRECIO_PROVEEDOR_ACTUAL
c35c55c1-46eb-58ed-a282-d6fa6c4d72ca;532273;Total pulverizador 2L THSPP20202;True;False;True;46700.0;29944.0;1.56;55400;8700;;;https://www.totalherramientasoficial.com.py/produto/total--pulverizador-2l--thspp20202-51281.html;;;;;;NO;NO;SIN_PRECIO_PROVEEDOR_ACTUAL
c370d090-1ccd-5e07-9d92-642210bbcb25;381796;Total lubricador de grasa THT118452 45L ar;True;False;True;460200.0;295131.0;1.559;546000;85800;177.0;USD;https://www.totalherramientasoficial.com.py/produto/total-lubrfcador-de-graxa--tht118452-45l-ar-29339.html;2026-09-27;;;;;NO;NO;DEBAJO_DE_1_75_COSTO_BASE
c3a21e1d-1a04-58a7-ad4f-8e7a80ade5cd;112234;Medicube Tónico Facial PDRN Pink Cica Soothing 250 ml;True;False;True;39000.0;;;;;15.0;USD;https://atacadousa.com.py/cosmeticos/10763-tonico-facial-medicube-pdrn-pink-cica-soothing-250ml112234.html;2026-09-27;;;;;NO;NO;SIN_COSTO_BASE_DOCUMENTADO
c3b0f7a1-710d-5d13-8279-19234ac82313;537728;Wadfow carrito de carga plegable 90KG WWB9A09;True;False;True;41800.0;26792.0;1.56;49600;7800;;;https://www.totalherramientasoficial.com.py/produto/wadfow-carrinho-de-carga-dobravel-90kg--wwb9a09-51838.html;;;;;;NO;NO;SIN_PRECIO_PROVEEDOR_ACTUAL
c3b21e43-60cb-50c3-a258-a8d47454a517;462006;Wadfow llave tipo l WTH6319 19MM;True;False;True;7900.0;5053.0;1.563;9300;1400;3.03;USD;https://www.totalherramientasoficial.com.py/produto/wadfow-chave-soquet-l---wth6319-19mm-41826.html;2026-09-27;;;;;NO;NO;DEBAJO_DE_1_75_COSTO_BASE
c3bd552d-2299-51bc-a719-4bdd7468d1d3;11827;Dear Body Cream 200 g Fakhar Rose;True;False;True;19500.0;;;;;7.5;USD;https://atacadousa.com.py/cosmeticos/11827-dear-body-cream-200gr-fakhar-rose.html;2026-09-27;;;;;NO;NO;SIN_COSTO_BASE_DOCUMENTADO
c3c03407-3155-5f55-b518-169b17b2e781;312066;Total llave de impacto 55KG TIW10101 220V;True;False;True;103700.0;66529.0;1.559;123100;19400;39.9;USD;https://www.totalherramientasoficial.com.py/produto/total-chave-impacto-tiw10101-55kg--220v-12058.html;2026-09-27;;;;;NO;NO;DEBAJO_DE_1_75_COSTO_BASE
c3e43594-0da5-5d47-a82c-183dc2cd9d19;238779;Total caballete 2PCS 6 toneladas THJS0601;True;False;True;17200.0;11032.0;1.559;20400;3200;;;https://www.totalherramientasoficial.com.py/produto/total-cavalete--2pcs-6-toneladas--thjs0601-55266.html;;;;;;NO;NO;SIN_PRECIO_PROVEEDOR_ACTUAL
c4154606-48df-594e-84bf-fcfd93fdb4f3;542302;Wadfow gato hidráulico 2.5T WHJ2525;True;False;True;145600.0;93375.0;1.559;172700;27100;;;https://www.totalherramientasoficial.com.py/produto/wadfow-macaco-hidraulico-25t---whj2525-52316.html;;;;;;NO;NO;SIN_PRECIO_PROVEEDOR_ACTUAL
c41f6068-c0cf-52ad-af42-2bf44ad61cdb;456685;Total botas de lluvia TSP303L.41;True;False;True;16300.0;10421.0;1.564;19300;3000;;;https://www.totalherramientasoficial.com.py/produto/total-botas-de-chuva--tsp303l41-40736.html;;;;;;NO;NO;SIN_PRECIO_PROVEEDOR_ACTUAL
c44731a0-ffa0-5487-bdfa-73b23aa5b69e;241472;Total combo inalámbrico 3PCS TOSLI250606;True;False;True;335400.0;215096.0;1.559;397900;62500;129.0;USD;https://www.totalherramientasoficial.com.py/produto/total-combo-sem-fio-3pcs-tosli250606-56002.html;2026-09-27;;;;;NO;NO;DEBAJO_DE_1_75_COSTO_BASE
c45fcf8e-8e90-5deb-9d57-04114b0bb64c;487597;Total kit alicate de anillos de seguridad THTJ214041;True;False;True;8800.0;5674.0;1.551;10500;1700;;;https://www.totalherramientasoficial.com.py/produto/total--kit-de-alicate-de-anel-de-bloqueio-thtj214041-45995.html;;;;;;NO;NO;SIN_PRECIO_PROVEEDOR_ACTUAL
c4610135-903d-579c-817f-38ca0b603d9e;278416;Total gato hidráulico de botella 4TON THT109042;True;False;True;13800.0;8826.0;1.564;16300;2500;;;https://www.totalherramientasoficial.com.py/produto/total-macaco-hidraulico-de-garrafa-4ton--tht109042-55267.html;;;;;;NO;NO;SIN_PRECIO_PROVEEDOR_ACTUAL
c474f618-b581-58cf-a30c-4cf338930e37;436274;Total amoladora angular TG11512526 5` 1500W;True;False;True;176900.0;113472.0;1.559;209900;33000;;;https://www.totalherramientasoficial.com.py/produto/total-rebarbadora--tg11512526-5--1500w-34584.html;;;;;;NO;NO;SIN_PRECIO_PROVEEDOR_ACTUAL
c493eb7e-e9fe-537e-95a0-043c8fb391c7;54522;"Total machete acero al carbono 20"" THMPS0120";True;False;True;17200.0;11032.0;1.559;20400;3200;;;https://www.totalherramientasoficial.com.py/produto/total-facao-de-aco-carbono-20--thmps0120-55444.html;;;;;;NO;NO;SIN_PRECIO_PROVEEDOR_ACTUAL
c4a6d41a-1b6d-548c-8957-6ad9e4945851;527682;"Total espada para motosierras 8"" TGTSB50801";True;False;True;46700.0;29944.0;1.56;55400;8700;;;https://www.totalherramientasoficial.com.py/produto/total-barra-de-motosserra-de-8--tgtsb50801-50593.html;;;;;;NO;NO;SIN_PRECIO_PROVEEDOR_ACTUAL
c4aaff5d-066d-5d05-a0f7-f92470f68f16;527569;Total fresa kit 6MM TACSR12406 24PCS;True;False;True;124800.0;80036.0;1.559;148100;23300;48.0;USD;https://www.totalherramientasoficial.com.py/produto/total--fresa-kit--6mm-tacsr12406-24pcs-50581.html;2026-09-27;;;;;NO;NO;DEBAJO_DE_1_75_COSTO_BASE
c4b93f96-80c5-56b5-ad27-e2b340563e4e;340526;Total llave philips THTISPZ2100 isolado;True;False;True;3900.0;2503.0;1.558;4600;700;1.5;USD;https://www.totalherramientasoficial.com.py/produto/total-chave-philips--thtispz2100-isolado-25520.html;2026-09-27;;;;;NO;NO;DEBAJO_DE_1_75_COSTO_BASE
c4bb1b63-3ced-5526-9175-600a820dda86;415163;Total gincho electrico 900W 500KG TLH1952;True;False;True;403000.0;258448.0;1.559;478100;75100;155.0;USD;https://www.totalherramientasoficial.com.py/produto/total-gincho-eletrico-900w--500kg-tlh1952-32407.html;2026-09-27;;;;;NO;NO;DEBAJO_DE_1_75_COSTO_BASE
c4c0950c-d38e-58af-9c18-1f6bfc7a452e;368001;Total sierra policorte UTS92035516 2350W;True;False;True;137600.0;88256.0;1.559;163300;25700;;;https://www.totalherramientasoficial.com.py/produto/total-serra-policut-uts92035516-2350w-28016.html;;;;;;NO;NO;SIN_PRECIO_PROVEEDOR_ACTUAL
c4c30f0e-1df0-54ef-9106-05ef7abdf382;553445;Total martillo rotativo 42V TRHLI422682 2 baterias;True;False;True;338000.0;216747.0;1.559;401000;63000;129.99;USD;https://www.totalherramientasoficial.com.py/produto/total--martelete--42v---trhli422682--2-baterias-53444.html;2026-09-27;;;;;NO;NO;DEBAJO_DE_1_75_COSTO_BASE
c4c51a4e-7a4e-5255-973d-92ceee3f76cf;553384;Total grapas 18GA 35MM 6000PZS TAC918356;True;False;True;13000.0;8337.0;1.559;15400;2400;5.0;USD;https://www.totalherramientasoficial.com.py/produto/total--grampo-18ga-35mm-6000pzs--tac918356-53438.html;2026-09-27;;;;;NO;NO;DEBAJO_DE_1_75_COSTO_BASE
c500c3ba-e007-52fd-8cd3-f28cd4dfa381;460507;Wadfow martillo orejas WMB3308 220G;True;False;True;5800.0;3751.0;1.546;6900;1100;2.25;USD;https://www.totalherramientasoficial.com.py/produto/wadfow-martelo-unha--wmb3308-220g-41676.html;2026-09-27;;;;;NO;NO;DEBAJO_DE_1_75_COSTO_BASE
c52d0222-8830-5c1d-a267-82d899826ab4;442930;"Total amoladora angular 9"" TG12223026 2200W";True;False;True;228500.0;146568.0;1.559;271200;42700;;;https://www.totalherramientasoficial.com.py/produto/total-lixadeira-9-tg12223026--2200w-35285.html;;;;;;NO;NO;SIN_PRECIO_PROVEEDOR_ACTUAL
c52f6a1a-6fe5-5030-a4a2-9875ff3c5602;460774;Wadfow llave ajustable mini WAW3106 0-19MM;True;False;True;6500.0;4170.0;1.559;7700;1200;2.5;USD;https://www.totalherramientasoficial.com.py/produto/wadfow-mini-chave-ajustavel--waw3106-019mm-41703.html;2026-09-27;;;;;NO;NO;DEBAJO_DE_1_75_COSTO_BASE
c532f681-5068-540d-b59c-0a4890c30fb9;461313;Wadfow bolsa de herramientas WTG2106 280X275MM;True;False;True;13000.0;8337.0;1.559;15400;2400;5.0;USD;https://www.totalherramientasoficial.com.py/produto/wadfow-bolsa-de-ferramentas-wtg2106-280x275mm-41757.html;2026-09-27;;;;;NO;NO;DEBAJO_DE_1_75_COSTO_BASE
c53ae357-0272-53ff-a1ac-2d3196a3fa63;12319;Medicube Tónico Facial Lenco Kojic Acid Turmeric Pad 70Un 160 ml;True;False;True;41600.0;;;;;16.0;USD;https://atacadousa.com.py/cosmeticos/12319-tonico-facial-medicube-lenco-kojic-acid-turmeric-pad-70un-160ml477386.html;2026-09-27;;;;;NO;NO;SIN_COSTO_BASE_DOCUMENTADO
c55d2149-fa32-5e84-915b-2795ed0709a6;5845;"Total taladro de impacto 20V 1/2"" 86NM UTIDLI208687";True;False;True;221000.0;141730.0;1.559;262200;41200;;;https://www.totalherramientasoficial.com.py/produto/total-parafusadeira-de-impacto-20v-12-86nm-utidli208687-55839.html;;;;;;NO;NO;SIN_PRECIO_PROVEEDOR_ACTUAL
c55d66aa-e5f3-509d-8988-728b5d6e60e2;460545;Wadfow martillo de lapidación 4LB WHM4304;True;False;True;16300.0;10421.0;1.564;19300;3000;6.25;USD;https://www.totalherramientasoficial.com.py/produto/wadfow-martelo-marreta-4lb--whm4304-41680.html;2026-09-27;;;;;NO;NO;DEBAJO_DE_1_75_COSTO_BASE
c5679917-570f-58c5-9db8-7c4249fbd273;469203;Wadfow alicate set 3PCS mini WPS1613;True;False;True;10400.0;6670.0;1.559;12300;1900;4.0;USD;https://www.totalherramientasoficial.com.py/produto/wadfow-conjunto-de-alicates-3-pcs-mini---wps1613-42604.html;2026-09-27;;;;;NO;NO;DEBAJO_DE_1_75_COSTO_BASE
c570dea2-7970-5f79-a926-156caab2a8e9;486361;Wadfow martillo de goma 450G WHM7302;True;False;True;5700.0;3669.0;1.554;6800;1100;2.2;USD;https://www.totalherramientasoficial.com.py/produto/wadfow-martelo-de-borracha-450g--whm7302-45852.html;2026-09-27;;;;;NO;NO;DEBAJO_DE_1_75_COSTO_BASE
c5971d84-9e37-54e5-963f-8e745f217994;469494;Wadfow palanca de neumáticos WQB2316 400X25X9MM;True;False;True;221200.0;141840.0;1.56;262400;41200;;;https://www.totalherramientasoficial.com.py/produto/wadfow-alavanca-de-pneu--wqb2316-400x25x9mm-42633.html;;;;;;NO;NO;SIN_PRECIO_PROVEEDOR_ACTUAL
c5a4cc9e-9f20-5b9f-90ba-6914d7323394;614146;Wadfow sierra mármol 1400W WMR15141 220V;True;False;True;104000.0;66681.0;1.56;123400;19400;39.99;USD;https://www.totalherramientasoficial.com.py/produto/wadfow--serra-marmore-1400w--wmr15141-220v-57182.html;2026-09-27;;;;;NO;NO;DEBAJO_DE_1_75_COSTO_BASE
c5c184a4-e969-5f86-9cb3-865edfa77b19;490337;Wadfow rastrillo de jardín de acero de acero al caborno 1380MM;True;False;True;14200.0;9087.0;1.563;16800;2600;5.45;USD;https://www.totalherramientasoficial.com.py/produto/wadfow-ancinho-de-cascalho-de-jardim-em-aco-carbono-1380mm--wxw3314-46269.html;2026-09-27;;;;;NO;NO;DEBAJO_DE_1_75_COSTO_BASE
c5daaf44-916c-5c5b-9d21-79c58bb5a619;543569;Wadfow juego de sierras copo bimetálicas 13PCS WKJ3413;True;False;True;70200.0;45020.0;1.559;83300;13100;27.0;USD;https://www.totalherramientasoficial.com.py/produto/wadfow-conjunto-de-serras-copo-bimetalicas-13pcs--wkj3413-52442.html;2026-09-27;;;;;NO;NO;DEBAJO_DE_1_75_COSTO_BASE
c60df869-772a-509f-bb92-169376dd300b;88381;Total alicate combinados 180MM THTC510706;True;False;True;15600.0;10004.0;1.559;18500;2900;6.0;USD;https://www.totalherramientasoficial.com.py/produto/total-alicate-combinado-180mm-thtc510706-36931.html;2026-09-27;;;;;NO;NO;DEBAJO_DE_1_75_COSTO_BASE
c60fae91-d38f-582d-b69c-c008c6da362b;462945;Wadfow cinta metrica 10M x 25MM WMT1250;True;False;True;8800.0;5674.0;1.551;10500;1700;3.5;USD;https://www.totalherramientasoficial.com.py/produto/wadfow-metro-10m-x--25mm----wmt1250-41941.html;2026-09-27;;;;;NO;NO;DEBAJO_DE_1_75_COSTO_BASE
c60fbe50-6e62-5390-bb60-73d88e2bd582;615181;Wadfow soplador a gasolina 25.4CC WYQ3A25;True;False;True;186800.0;119776.0;1.56;221600;34800;;;https://www.totalherramientasoficial.com.py/produto/wadfow-soprador-a-gasolina-254cc---wyq3a25-57198.html;;;;;;NO;NO;SIN_PRECIO_PROVEEDOR_ACTUAL
c65e2c0f-ac0d-539c-a270-f1909cd8ac32;518789;Total hidrolavadora 1600W TGT11336;True;False;True;216300.0;138688.0;1.56;256600;40300;;;https://www.totalherramientasoficial.com.py/produto/total-lava-jato-1600w--tgt11336-49618.html;;;;;;NO;NO;SIN_PRECIO_PROVEEDOR_ACTUAL
c669a160-79bf-5590-8529-3f66796ff288;460682;Wadfow kit llave combinada WSP1208 8PZ;True;False;True;5900.0;3782.0;1.56;7000;1100;7.65;USD;https://www.totalherramientasoficial.com.py/produto/wadfow--kit-chave-combinada--wsp1208-8pz-41694.html;2026-09-27;;;;;NO;NO;DEBAJO_DE_1_75_COSTO_BASE
c6828824-592e-5ee0-bfce-5e6dfd0ccf7f;471220;Total soplador aspiradora 20V TABLI20018;True;False;True;78600.0;50432.0;1.559;93300;14700;;;https://www.totalherramientasoficial.com.py/produto/total-soprador-aspirador-20v-tabli20018-42806.html;;;;;;NO;NO;SIN_PRECIO_PROVEEDOR_ACTUAL
c685723d-d085-5277-90be-6ec1a8dee7da;527590;Total rotomartillo TRHLI20208 20V motor sin escobillas;True;False;True;235900.0;151296.0;1.559;279900;44000;;;https://www.totalherramientasoficial.com.py/produto/total--martelete-trhli20208-20v--motor-sem-escovas-50584.html;;;;;;NO;NO;SIN_PRECIO_PROVEEDOR_ACTUAL
c6919b75-1e46-55b0-966f-b8509f84d061;468879;Total pistola de pintura 20V TSGLI2003;True;False;True;221200.0;141840.0;1.56;262400;41200;;;https://www.totalherramientasoficial.com.py/produto/total-pistola-de-pintura-20v-tsgli2003-42571.html;;;;;;NO;NO;SIN_PRECIO_PROVEEDOR_ACTUAL
c6959a3b-2626-519b-a545-1ff4e5391007;340458;Total kit herramienta THKTHP90256 25IN1;True;False;True;41800.0;26792.0;1.56;49600;7800;;;https://www.totalherramientasoficial.com.py/produto/total-kit-feramenta--thkthp90256-25in1-25512.html;;;;;;NO;NO;SIN_PRECIO_PROVEEDOR_ACTUAL
c6b638b3-d832-503c-8e9a-ebc22d29dd32;113601;Wadfow combo nivel laser + medidor de distancia WLDK3902;True;False;True;317200.0;203424.0;1.559;376300;59100;122.0;USD;https://www.totalherramientasoficial.com.py/produto/wadfow--combo-nivel-laser--trena--wldk3902-54639.html;2026-09-27;;;;;NO;NO;DEBAJO_DE_1_75_COSTO_BASE
c6b77d4a-8529-55b1-a0d9-f6115722595a;462365;"Wadfow alicate extension WPL6510 10""";True;False;True;8800.0;5674.0;1.551;10500;1700;;;https://www.totalherramientasoficial.com.py/produto/wadfow-alicate-de-extensao---wpl6510-10-41862.html;;;;;;NO;NO;SIN_PRECIO_PROVEEDOR_ACTUAL
c6da731f-60e4-55b9-84a2-cfc0e7e5fe09;609807;Total juego de hojas para sierra de calar 22PCS TACSDL62201;True;False;True;32500.0;20844.0;1.559;38600;6100;12.5;USD;https://www.totalherramientasoficial.com.py/produto/total-jogo-de-laminas-de-serra-ticotico--22pcs--tacsdl62201-57254.html;2026-09-27;;;;;NO;NO;DEBAJO_DE_1_75_COSTO_BASE
c6e046f4-0a5f-5878-8ee0-98de965133ff;487887;Total amoladora angular de iones de litio 20V TAGLI2011587;True;False;True;152400.0;97712.0;1.56;180800;28400;;;https://www.totalherramientasoficial.com.py/produto/total-lixadeira-de-ion-de-litio--20v-tagli2011587-46024.html;;;;;;NO;NO;SIN_PRECIO_PROVEEDOR_ACTUAL
c6ebdcf6-0ce3-50d9-8119-8e413c3a8ff0;487818;Total atornillador 20V TIDLI20508 2BT 2.0 motor brushless;True;False;True;167100.0;107168.0;1.559;198300;31200;;;https://www.totalherramientasoficial.com.py/produto/total-parafusadeira-20v-tidli20508--2bt-20-motor-brushless-46017.html;;;;;;NO;NO;SIN_PRECIO_PROVEEDOR_ACTUAL
c6f4d334-c61e-500a-8aef-68ec1318614b;538695;Wadfow caja de herramientas plástico 30KG WTB4303;True;False;True;59800.0;38350.0;1.559;70900;11100;23.0;USD;https://www.totalherramientasoficial.com.py/produto/wadfow-caixa-de-ferramenta-plastico--30kg--wtb4303-51935.html;2026-09-27;;;;;NO;NO;DEBAJO_DE_1_75_COSTO_BASE
c71a41f0-f1ad-5b9c-94e9-2766b42ef466;531986;Total arnes de seguridad 14MMx1.5MM TSH501415;True;False;True;44200.0;28346.0;1.559;52400;8200;;;https://www.totalherramientasoficial.com.py/produto/total-arnes-de-seguranca--14mmx15mm--tsh501415-51252.html;;;;;;NO;NO;SIN_PRECIO_PROVEEDOR_ACTUAL
c734a4fa-5bbb-50b8-b253-a5574366b8eb;33909;"Wadfow caja de herramientas de plástico 19"" WTB3319";True;False;True;27000.0;17336.0;1.557;32100;5100;;;https://www.totalherramientasoficial.com.py/produto/wadfow-caixa-de-ferramentas-de-plastico--19---wtb3319-54859.html;;;;;;NO;NO;SIN_PRECIO_PROVEEDOR_ACTUAL
c7536ab8-46e9-5f1c-8a6c-e9a89ee314c2;443173;Total mecha kit TACSD1945;True;False;True;11700.0;7505.0;1.559;13900;2200;4.5;USD;https://www.totalherramientasoficial.com.py/produto/total-broca-kit-tacsd1945-35310.html;2026-09-27;;;;;NO;NO;DEBAJO_DE_1_75_COSTO_BASE
c75e3443-d4e6-5095-8c69-c6af58e46cd2;538886;Wadfow rotomartillo 20V WLM1B262;True;False;True;260000.0;166725.0;1.559;308400;48400;99.99;USD;https://www.totalherramientasoficial.com.py/produto/wadfow-martelete-20v---wlm1b262-51954.html;2026-09-27;;;;;NO;NO;DEBAJO_DE_1_75_COSTO_BASE
c7632e45-9d45-5f8e-9d92-3eb80dd40e04;531788;Total pistola para hidrolavadora TGTAN4501;True;False;True;12400.0;7921.0;1.565;14700;2300;4.75;USD;https://www.totalherramientasoficial.com.py/produto/total-lava-jato-pistola--tgtan4501-51232.html;2026-09-27;;;;;NO;NO;DEBAJO_DE_1_75_COSTO_BASE
c76f033f-328b-5027-8ab3-c61f4fe92934;614016;Wadfow juego de inyector y cortador diesel WSP5D07;True;False;True;59800.0;38350.0;1.559;70900;11100;23.0;USD;https://www.totalherramientasoficial.com.py/produto/wadfow-conjunto-de-injetor-e-cortador-de-diesel-wsp5d07-57177.html;2026-09-27;;;;;NO;NO;DEBAJO_DE_1_75_COSTO_BASE
c7b474fb-3a7f-5af9-b9f9-c46c1dd80a15;531764;Total bomba de agua de pozo profundo TWP53701 0.5HP 370W 48M;True;False;True;340600.0;218430.0;1.559;404100;63500;131.0;USD;https://www.totalherramientasoficial.com.py/produto/total--bomba-de-agua-de-poco-profundo-twp53701-05hp-370w-48m-51230.html;2026-09-27;;;;;NO;NO;DEBAJO_DE_1_75_COSTO_BASE
c7d75cd6-1085-5651-85d6-1ba848cf516a;277754;Total escalera de 5 peldaños THLAD09051;True;False;True;12800.0;8195.0;1.562;15200;2400;;;https://www.totalherramientasoficial.com.py/produto/total-escada-de-5-degraus--thlad09051-54835.html;;;;;;NO;NO;SIN_PRECIO_PROVEEDOR_ACTUAL
c7d988c7-360a-5a87-9c8d-b2c84827072c;527439;Total pistola clavadora concreto TCSTLI3805 20V 18/SB;True;False;True;338000.0;216747.0;1.559;401000;63000;129.99;USD;https://www.totalherramientasoficial.com.py/produto/total-pistola-de-pregos-de-concreto-tcstli3805--20v-18sb-50568.html;2026-09-27;;;;;NO;NO;DEBAJO_DE_1_75_COSTO_BASE
c7dc15c7-3bcb-5d5a-b2be-013fe0367f6d;532198;"Total juego de dados cr-v 1/4 "" 27PCS THT141271";True;False;True;29900.0;19177.0;1.559;35500;5600;11.5;USD;https://www.totalherramientasoficial.com.py/produto/total--kit-catraca-crv--14---27pcs---tht141271-51273.html;2026-09-27;;;;;NO;NO;DEBAJO_DE_1_75_COSTO_BASE
c7e5d8d6-02ea-54f5-977b-ccb06ea9e4d8;615242;Total taladro de impacto 20V 96NM TIDLI209687;True;False;True;137600.0;88256.0;1.559;163300;25700;;;https://www.totalherramientasoficial.com.py/produto/total--parafusadeira-de-impacto-20v-96nm--tidli209687-57185.html;;;;;;NO;NO;SIN_PRECIO_PROVEEDOR_ACTUAL
c7f67b21-f60a-5486-8b0c-521c4b4e0f7a;527507;Total máquina vibratoria de azulejos 20V TTTVLI20018;True;False;True;17200.0;11032.0;1.559;20400;3200;;;https://www.totalherramientasoficial.com.py/produto/total-maquina-de-azulejos-vibratoria-20v-ttvli20018-50575.html;;;;;;NO;NO;SIN_PRECIO_PROVEEDOR_ACTUAL
c7f9943a-b930-5110-97c7-34be4eac597c;529433;Total combo multimetro 3PCS TOS23068;True;False;True;368600.0;236400.0;1.559;437300;68700;;;https://www.totalherramientasoficial.com.py/produto/total-combo-multimetro-3pcs-tos23068-50790.html;;;;;;NO;NO;SIN_PRECIO_PROVEEDOR_ACTUAL
c8099242-4892-51e7-ad43-ff310b3d6766;035758;Karseell Maca Power Repair Conditioner Deep Hydration 200 ml;True;False;True;15600.0;;;;;6.0;USD;https://atacadousa.com.py/cosmeticos/12550-karseell-maca-power-repair-conditioner-200ml-035758.html;2026-09-27;;;;;NO;NO;SIN_COSTO_BASE_DOCUMENTADO
c824179a-d54f-5a31-a656-c6afd44e04c1;527385;Total juego de socket de impacto 14 pcs THISTD12141;True;False;True;46200.0;29597.0;1.561;54800;8600;17.75;USD;https://www.totalherramientasoficial.com.py/produto/total-jogo-de-socket-de-impacto-14-pcs--thistd12141-50563.html;2026-09-27;;;;;NO;NO;DEBAJO_DE_1_75_COSTO_BASE
c83dd4b5-d5e2-5a16-ac26-cfe8d30df038;381758;Total barra de demolicion THT431362 910X30X16;True;False;True;13800.0;8826.0;1.564;16300;2500;;;https://www.totalherramientasoficial.com.py/produto/total-bara-demolicao-tht431362-910x30x16-29335.html;;;;;;NO;NO;SIN_PRECIO_PROVEEDOR_ACTUAL
c88734a5-813b-59cd-b495-06fcc967260c;239172;Total taladro percutor TG1061356 680 w;True;False;True;63900.0;40976.0;1.559;75800;11900;;;https://www.totalherramientasoficial.com.py/produto/total-furadeira-tg1061356-680-w-8433.html;;;;;;NO;NO;SIN_PRECIO_PROVEEDOR_ACTUAL
c8974162-5c4b-5070-94bb-ab156e580e78;528191;Wadfow juego de tijeras WSX4603 (3PCS);True;False;True;12300.0;7880.0;1.561;14600;2300;3.0;USD;https://www.totalherramientasoficial.com.py/produto/wadfow-conjunto-de-tesoura-wsx4603-3pcs-50651.html;2026-09-27;;;;;NO;NO;DEBAJO_DE_1_75_COSTO_BASE
c89b31c4-ea05-5259-ba00-8218e190064c;381338;Total hidrolavadora UTGT11316 1900PSI;True;False;True;200200.0;128390.0;1.559;237500;37300;77.0;USD;https://www.totalherramientasoficial.com.py/produto/total-lava-jato--utgt11316-1900psi-12054.html;2026-09-27;;;;;NO;NO;DEBAJO_DE_1_75_COSTO_BASE
c8af40aa-ca3f-5a5f-9a44-a4836d020478;502061;Total máquina de soldar 250A TW225069;True;False;True;460200.0;295131.0;1.559;546000;85800;177.0;USD;https://www.totalherramientasoficial.com.py/produto/total-maquina-de-soldar-250a-tw225069-47490.html;2026-09-27;;;;;NO;NO;DEBAJO_DE_1_75_COSTO_BASE
c8b524be-65ed-598b-9a24-c941068e309f;538923;Wadfow regla vibratoria a gasolina 1.2HP WSFS2A09;True;False;True;17200.0;11032.0;1.559;20400;3200;;;https://www.totalherramientasoficial.com.py/produto/wadfow-betonilha--a-gasolina-12hp-wsfs2a09-51958.html;;;;;;NO;NO;SIN_PRECIO_PROVEEDOR_ACTUAL
c8cab185-ffc5-5011-933a-d9eb9a783f98;20763;Wadfow tijera de poda 20V WJFP525;True;False;True;150800.0;96710.0;1.559;178900;28100;58.0;USD;https://www.totalherramientasoficial.com.py/produto/wadfow--tesoura-de-poda--20v-wjfp525-54622.html;2026-09-27;;;;;NO;NO;DEBAJO_DE_1_75_COSTO_BASE
c8d5d32b-a1d2-5dcb-b719-9413cf141084;489805;"Wadfow alicate crimpeadora terminales aislados 9"" WCP3609";True;False;True;24100.0;15423.0;1.563;28500;4400;9.25;USD;https://www.totalherramientasoficial.com.py/produto/wadfow-alicate-de-cripagem-de-terminal-isolado--9-wcp3609-46216.html;2026-09-27;;;;;NO;NO;DEBAJO_DE_1_75_COSTO_BASE
c8e01bb1-b21f-5e6a-a195-28c5afd6ad7d;487665;"Total bolsa de herramientas 16"" THT561625";True;False;True;13800.0;8826.0;1.564;16300;2500;;;https://www.totalherramientasoficial.com.py/produto/total--bolsa-de-ferramentas-16--tht561625-46002.html;;;;;;NO;NO;SIN_PRECIO_PROVEEDOR_ACTUAL
c8e7fd8c-1ef6-59ba-b3c8-016092f818aa;341547;Total llave torx THT2366 6X150MM T20;True;False;True;8800.0;5674.0;1.551;10500;1700;;;https://www.totalherramientasoficial.com.py/produto/total-chave-torx-tht2366-6x150mm-t20-25616.html;;;;;;NO;NO;SIN_PRECIO_PROVEEDOR_ACTUAL
c8f6114a-4955-548a-94f9-3c5ea4ab2fb4;43403;Wadfow sierra de sable 20V WLR15115;True;False;True;115700.0;74201.0;1.559;137300;21600;;;https://www.totalherramientasoficial.com.py/produto/wadfow-serra-sabre-20v----wlr15115-55196.html;;;;;;NO;NO;SIN_PRECIO_PROVEEDOR_ACTUAL
c8fd5158-641a-5fbd-81a7-049deb0a28d4;583961;Total juego de herramientas 148PCS THKTHP41487;True;False;True;255600.0;163904.0;1.559;303200;47600;;;https://www.totalherramientasoficial.com.py/produto/total-kit-de-ferramentas-148pcs-thkthp41487-56820.html;;;;;;NO;NO;SIN_PRECIO_PROVEEDOR_ACTUAL
c9160c61-4eff-5409-9ea6-beae597954a1;512367;Total cuchillo multiusos 180MM SK5 THT5116118;True;False;True;13800.0;8826.0;1.564;16300;2500;;;https://www.totalherramientasoficial.com.py/produto/total-faca-multiusos-180mm-sk5--tht5116118-48587.html;;;;;;NO;NO;SIN_PRECIO_PROVEEDOR_ACTUAL
c93bf3ef-bf28-5e8f-8bb2-1d48e5cf143a;341462;"Total llave de trinquete para tubos TAT171102 10""";True;False;True;18800.0;12088.0;1.555;22400;3600;7.25;USD;https://www.totalherramientasoficial.com.py/produto/total-chave-tubulacao--tat171102-10-25609.html;2026-09-27;;;;;NO;NO;DEBAJO_DE_1_75_COSTO_BASE
c94325cb-7fce-55c8-a74a-190b953ae4ca;113618;Wadfow multimetro 600V WDM2508;True;False;True;31900.0;20488.0;1.557;37900;6000;;;https://www.totalherramientasoficial.com.py/produto/wadfow--multitester-600v--wdm2508-54640.html;;;;;;NO;NO;SIN_PRECIO_PROVEEDOR_ACTUAL
c94b6fd7-81d5-5100-8e11-7bf5b7468450;489218;Wadfow cargador de bateria 1.8 ah WFCP518;True;False;True;20800.0;13339.0;1.559;24700;3900;8.0;USD;https://www.totalherramientasoficial.com.py/produto/wadfow-carregador-de-bateria-18ah-wfcp518-46157.html;2026-09-27;;;;;NO;NO;DEBAJO_DE_1_75_COSTO_BASE
c95083fe-d121-5c00-bd3b-c0e70f3ff80f;463782;Wadfow juego de portaherramientas magnéticos WHH2603;True;False;True;19000.0;12173.0;1.561;22500;3500;7.3;USD;https://www.totalherramientasoficial.com.py/produto/wadfow-conjunto-de-portaferramentas-magneticos-whh2603-42025.html;2026-09-27;;;;;NO;NO;DEBAJO_DE_1_75_COSTO_BASE
c99264cb-7153-561b-913c-a6aed9319bae;460439;"Wadfow alicate de bloqueo WLP4106 6""";True;False;True;8800.0;5674.0;1.551;10500;1700;;;https://www.totalherramientasoficial.com.py/produto/wadfow-alicate-de-bloqueio--wlp4106-6-41669.html;;;;;;NO;NO;SIN_PRECIO_PROVEEDOR_ACTUAL
c993b4e1-a70c-5aaa-bc42-bd100a4c73af;338356;Total martillo demoledor 1700W 10K TH217506;True;False;True;712700.0;457040.0;1.559;845500;132800;;;https://www.totalherramientasoficial.com.py/produto/total-martelo-de-demolicao-1700w--10k--th217506-25317.html;;;;;;NO;NO;SIN_PRECIO_PROVEEDOR_ACTUAL
c99884d7-04cb-5455-bc63-55d6ccb4356e;506212;Wadfow desmalezadora a nafta 43CC WGM1543;True;False;True;46700.0;29944.0;1.56;55400;8700;;;https://www.totalherramientasoficial.com.py/produto/wadfow-corta-grama-nafta-43cc-wgm1543-47907.html;;;;;;NO;NO;SIN_PRECIO_PROVEEDOR_ACTUAL
c99cdead-f8a5-5aeb-b2fa-8c8125a9ec05;615341;Total amoladora angular 20V 1250W TAGLI235172;True;False;True;152400.0;97712.0;1.56;180800;28400;;;https://www.totalherramientasoficial.com.py/produto/total--esmerilhadeira-angular-20v-1250w--tagli235172-57191.html;;;;;;NO;NO;SIN_PRECIO_PROVEEDOR_ACTUAL
c9a844fd-814a-5445-8a8c-3cd8f7b62848;18876;Wadfow juego de llaves combinadas 4PCS WFR2404;True;False;True;31900.0;20488.0;1.557;37900;6000;;;https://www.totalherramientasoficial.com.py/produto/wadfow-kit-chave-combinada-4pcs--wfr2404-54621.html;;;;;;NO;NO;SIN_PRECIO_PROVEEDOR_ACTUAL
c9af702e-7aab-5a82-8509-b8eccc992fdf;553568;Total dados hexagonales 3/4 46MM THHAST34461;True;False;True;15600.0;10004.0;1.559;18500;2900;6.0;USD;https://www.totalherramientasoficial.com.py/produto/total-soquetes-hexagonais-34--46mm--thhast34461-53456.html;2026-09-27;;;;;NO;NO;DEBAJO_DE_1_75_COSTO_BASE
c9c5cc52-c50e-5fd8-b664-92a19da765d7;462426;Wadfow cerradora manual de mordaza recta WZB8001;True;False;True;31200.0;20009.0;1.559;37000;5800;12.0;USD;https://www.totalherramientasoficial.com.py/produto/wadfow-costura-manual-de-mandibula-reta-wzb8001-41889.html;2026-09-27;;;;;NO;NO;DEBAJO_DE_1_75_COSTO_BASE
c9ec77b8-a5ea-5d59-b5ec-4f1509a3774f;437257;Total nivel burbuja magnético TMT210026 100CM;True;False;True;24700.0;15842.0;1.559;29300;4600;9.5;USD;https://www.totalherramientasoficial.com.py/produto/total-nivel---magnetico--tmt210026--100cm-34688.html;2026-09-27;;;;;NO;NO;DEBAJO_DE_1_75_COSTO_BASE
c9f1cb4f-448c-52c3-96e1-3cdf4a1ef1be;462266;"Wadfow alicate combinado WPL1C08 8""";True;False;True;11800.0;7565.0;1.56;14000;2200;;;https://www.totalherramientasoficial.com.py/produto/wadfow-alicate-combinado--wpl1c08--8-41852.html;;;;;;NO;NO;SIN_PRECIO_PROVEEDOR_ACTUAL
c9f6b92a-5a25-5c9c-a151-decd9c9e4a43;488709;Wadfow llave de torque 330MM WTH1D68;True;False;True;103400.0;66280.0;1.56;122600;19200;39.75;USD;https://www.totalherramientasoficial.com.py/produto/wadfow--chave-deforcimetro--330mm--wth1d68-46106.html;2026-09-27;;;;;NO;NO;DEBAJO_DE_1_75_COSTO_BASE
ca0dc48b-4156-5373-b6b0-496cd3132312;341554;Total alicate punta doblado THT24616;True;False;True;8800.0;5674.0;1.551;10500;1700;;;https://www.totalherramientasoficial.com.py/produto/total-alicate-bico-dobrado-tht24616-12487.html;;;;;;NO;NO;SIN_PRECIO_PROVEEDOR_ACTUAL
ca1cb45f-93d7-5f4b-a435-9ec905f5186c;470448;Medicube PDRN Pink Collagen Toning Gel Toner Pad 120 ml 70Pads;True;False;True;39000.0;;;;;14.0;USD;https://atacadousa.com.py/cosmeticos/10939-medicube-pdrn-pink-collagen-toning-gel-toner-pad-120ml-70pads-470448.html;2026-09-27;;;;;NO;NO;SIN_COSTO_BASE_DOCUMENTADO
ca44798e-06ea-5d88-9ca7-33515ec4ccfd;537773;Wadfow caja fuerte 19L con reconocimiento de huellas dactilare;True;False;True;41800.0;26792.0;1.56;49600;7800;;;https://www.totalherramientasoficial.com.py/produto/wadfow-cofre-19l-com-reconhecimento-de-impressao-digital-25x25x35cm-web3525-51843.html;;;;;;NO;NO;SIN_PRECIO_PROVEEDOR_ACTUAL
ca8b699f-c96d-5786-8ee9-217e5ef65310;488068;Total juego de fresas rotativas TAKC0651;True;False;True;108100.0;69344.0;1.559;128300;20200;;;https://www.totalherramientasoficial.com.py/produto/total--conjunto-de-broca-rotativa--takc0651-46042.html;;;;;;NO;NO;SIN_PRECIO_PROVEEDOR_ACTUAL
ca91231e-9a41-5b8a-a3c9-72d77ff222b6;456722;Total botas de lluvia TSP303L.45;True;False;True;16300.0;10421.0;1.564;19300;3000;6.25;USD;https://www.totalherramientasoficial.com.py/produto/total-botas-de-chuva--tsp303l45-40740.html;2026-09-27;;;;;NO;NO;DEBAJO_DE_1_75_COSTO_BASE
cacfb78b-fc41-5ce3-8f49-d2da938504f6;579841;Total bomba de agua periférica 0.75HP 8M 550W TWP15506;True;False;True;158600.0;101712.0;1.559;188200;29600;61.0;USD;https://www.totalherramientasoficial.com.py/produto/total-bomba-de-agua-periferica-075hp-8m--550w-twp15506-56408.html;2026-09-27;;;;;NO;NO;DEBAJO_DE_1_75_COSTO_BASE
cb0c3baf-d01a-59f3-93ec-73f5e67cf526;125765;Total taladro de impacto 20V 96NM TIDLI209686;True;False;True;137600.0;88256.0;1.559;163300;25700;;;https://www.totalherramientasoficial.com.py/produto/total-parafusadeira-de-impacto-20v-96nm--tidli209686-55965.html;;;;;;NO;NO;SIN_PRECIO_PROVEEDOR_ACTUAL
cb146b43-dcd3-59e6-98fe-5107137c31bf;5951;Total taladro de impacto 20V 1/2 86NM TIDLI208687;True;False;True;137600.0;88256.0;1.559;163300;25700;;;https://www.totalherramientasoficial.com.py/produto/total-parafusadeira-de-impacto--20v-12--86nm--tidli208687-55838.html;;;;;;NO;NO;SIN_PRECIO_PROVEEDOR_ACTUAL
cb4611cb-567f-5a5a-b58b-ab6245d58878;2745;Wadfow hacha 2000G WHM6322;True;False;True;17200.0;11032.0;1.559;20400;3200;;;https://www.totalherramientasoficial.com.py/produto/wadfow-machado-2000g--whm6322-55183.html;;;;;;NO;NO;SIN_PRECIO_PROVEEDOR_ACTUAL
cbd53091-6edd-5b41-a766-97b7306df571;460309;"Wadfow prensa 12"" WCP4312 60X300MM";True;False;True;12300.0;7880.0;1.561;14600;2300;;;https://www.totalherramientasoficial.com.py/produto/wadfow-bracadeira-12-wcp4312--60x300mm-41656.html;;;;;;NO;NO;SIN_PRECIO_PROVEEDOR_ACTUAL
cc0ecdf1-f9e2-5f2f-bc8c-6759730ad14e;316200;Total talha 3TON 3M THT1631;True;False;True;59000.0;37824.0;1.56;70000;11000;;;https://www.totalherramientasoficial.com.py/produto/total-talha-3ton-3m--tht1631-23335.html;;;;;;NO;NO;SIN_PRECIO_PROVEEDOR_ACTUAL
cc14af64-8a63-57ca-bdf0-a388da521862;565042;Total juego de llaves combinadas 6PCS THT102266;True;False;True;31900.0;20488.0;1.557;37900;6000;;;https://www.totalherramientasoficial.com.py/produto/total--kit-chaves-combinadas-6pcs---tht102266-54614.html;;;;;;NO;NO;SIN_PRECIO_PROVEEDOR_ACTUAL
cc160935-87ac-5585-92e9-bb52ecb13f00;486323;Total máquina de soldar 160A UTMGT1601;True;False;True;206400.0;132384.0;1.559;244900;38500;;;https://www.totalherramientasoficial.com.py/produto/total-maquina-de-soldadura-160a--utmgt1601-45848.html;;;;;;NO;NO;SIN_PRECIO_PROVEEDOR_ACTUAL
cc4cd7df-73e7-55e0-a8e8-d1533398232a;554039;Total alicate de punta curva de alta palanca THT24616S;True;False;True;9100.0;5838.0;1.559;10800;1700;3.5;USD;https://www.totalherramientasoficial.com.py/produto/total-alicate-de-ponta-de-alta-alavancagem-tht24616s-53503.html;2026-09-27;;;;;NO;NO;DEBAJO_DE_1_75_COSTO_BASE
cc4eaeb7-dbe3-5e8d-97fe-266544b293f3;527736;Total cuchilla 18X11MM THT511807;True;False;True;13800.0;8826.0;1.564;16300;2500;;;https://www.totalherramientasoficial.com.py/produto/total-estilete-18x11mm-tht511807-50598.html;;;;;;NO;NO;SIN_PRECIO_PROVEEDOR_ACTUAL
cc56af41-dc69-5f51-a202-c79a0a10e4ea;460767;Wadfow llave ajustable WAW174K 4PCS;True;False;True;12800.0;8195.0;1.562;15200;2400;;;https://www.totalherramientasoficial.com.py/produto/wadfow-chave-ajustaveis-waw174k-4pcs-41702.html;;;;;;NO;NO;SIN_PRECIO_PROVEEDOR_ACTUAL
cc6f7f4e-048b-5fc5-960e-67f5dc357c30;505727;Wadfow cuchilla de hoja a presión WSK4928;True;False;True;12300.0;7880.0;1.561;14600;2300;;;https://www.totalherramientasoficial.com.py/produto/wadfow-estilete--da-lamina-de-pressao-wsk4928-47858.html;;;;;;NO;NO;SIN_PRECIO_PROVEEDOR_ACTUAL
cc95ee2e-4acc-5d45-9b3f-fd20961aedbe;62190;Wadfow rotomartillo 800W WRH1D26-2;True;False;True;143000.0;91707.0;1.559;169700;26700;55.0;USD;https://www.totalherramientasoficial.com.py/produto/wadfow--martelete-800w---wrh1d262-55235.html;2026-09-27;;;;;NO;NO;DEBAJO_DE_1_75_COSTO_BASE
cce7f3eb-95db-5cae-a799-b5f71040cd79;301305;Total gato hidráulico 2 toneladas industrial THT10821;True;False;True;89700.0;57527.0;1.559;106400;16700;34.5;USD;https://www.totalherramientasoficial.com.py/produto/total-macaco-hidraulico---2-toneladas--industrial-tht10821-22257.html;2026-09-27;;;;;NO;NO;DEBAJO_DE_1_75_COSTO_BASE
cce9b9f4-6302-5815-88f8-e45ceaf511b4;511902;Total kit llave de impacto+pulidora +batidora TOSLI240686;True;False;True;319500.0;204880.0;1.559;379000;59500;;;https://www.totalherramientasoficial.com.py/produto/total-kit-chave-de-impactopolidor-batedeira--tosli240686-48541.html;;;;;;NO;NO;SIN_PRECIO_PROVEEDOR_ACTUAL
cce9f806-70db-5306-906e-51db9ba8da94;462327;"Wadfow alicate pico.l WPL2936 6"" aislado";True;False;True;11100.0;7086.0;1.566;13100;2000;4.25;USD;https://www.totalherramientasoficial.com.py/produto/wadfow-alicate-picol--wpl2936-6-isolada-41858.html;2026-09-27;;;;;NO;NO;DEBAJO_DE_1_75_COSTO_BASE
ccfd252b-2765-5c43-9164-4eeeb8cd1727;367691;"Total prensa sargento g THT13161 6""";True;False;True;13800.0;8826.0;1.564;16300;2500;;;https://www.totalherramientasoficial.com.py/produto/total-sargento-g---tht13161--6-27984.html;;;;;;NO;NO;SIN_PRECIO_PROVEEDOR_ACTUAL
cd12f9da-044a-52c4-9620-4f1a740b7295;536516;Total juego de brocas 33PCS TACSDL63306;True;False;True;33200.0;21260.0;1.562;39300;6100;12.75;USD;https://www.totalherramientasoficial.com.py/produto/total-kit-de-brocas--33pcs---tacsdl63306-51712.html;2026-09-27;;;;;NO;NO;DEBAJO_DE_1_75_COSTO_BASE
cd21eee5-dd3f-5e0d-8e68-6f199d470ce5;456272;"Total llave caño THT171006 10""";True;False;True;17600.0;11256.0;1.564;20800;3200;6.75;USD;https://www.totalherramientasoficial.com.py/produto/total-chave-grifo--tht171006-10-40695.html;2026-09-27;;;;;NO;NO;DEBAJO_DE_1_75_COSTO_BASE
cd26016c-906a-55df-8ab5-0b120fe1a92b;455251;Total rápido cargador TFCLI20411 20V;True;False;True;39600.0;25427.0;1.557;47000;7400;15.25;USD;https://www.totalherramientasoficial.com.py/produto/total-rapido-caregador-tfcli20411-20v-40587.html;2026-09-27;;;;;NO;NO;DEBAJO_DE_1_75_COSTO_BASE
cd449f9d-18b9-534a-ae40-ff0687cc62f7;340533;Total prensa sargento f THT1321201 120X300;True;False;True;26000.0;16658.0;1.561;30800;4800;9.99;USD;https://www.totalherramientasoficial.com.py/produto/total-sargento-f--tht1321201--120x300-25521.html;2026-09-27;;;;;NO;NO;DEBAJO_DE_1_75_COSTO_BASE
cd4a7720-13d7-5983-bc72-150278805a61;532372;Total fresa rotativa metal TAKC1001;True;False;True;14300.0;9172.0;1.559;17000;2700;5.5;USD;https://www.totalherramientasoficial.com.py/produto/total-rotativo-de-metal-takc1001-51291.html;2026-09-27;;;;;NO;NO;DEBAJO_DE_1_75_COSTO_BASE
cd61dec2-f8ac-5f6c-abfd-1cb303993345;528207;Wadfow sierra de poda WHW8G14;True;False;True;137600.0;88256.0;1.559;163300;25700;;;https://www.totalherramientasoficial.com.py/produto/wadfow-serra-poda-whw8g14-50652.html;;;;;;NO;NO;SIN_PRECIO_PROVEEDOR_ACTUAL
cd65a66e-520a-5481-b931-34d69e45071f;521925;"Total motosierra 20V 8"" TGSLI20851 motor sin escobillas";True;False;True;46700.0;29944.0;1.56;55400;8700;;;https://www.totalherramientasoficial.com.py/produto/total-motorserra-20v-8-tgsli20851-motor-sem-escovas-49978.html;;;;;;NO;NO;SIN_PRECIO_PROVEEDOR_ACTUAL
cd743c14-e51f-53d0-9db8-108b1c39fff2;488969;Wadfow caja de herramientas metálica plegable WTB8A33;True;False;True;27000.0;17336.0;1.557;32100;5100;;;https://www.totalherramientasoficial.com.py/produto/wadfow-caixa-de-ferramentas-dobravel-de-metal-wtb8a33-46132.html;;;;;;NO;NO;SIN_PRECIO_PROVEEDOR_ACTUAL
cd7dcf84-f345-53d8-b2fb-562ce5a47fe8;580045;"Wadfow motosierra 20V 12"" WCLP5121";True;False;True;46700.0;29944.0;1.56;55400;8700;115.0;USD;https://www.totalherramientasoficial.com.py/produto/wadfow-motoserra-20v-12--wclp5121-56428.html;2026-09-27;;;;;NO;NO;DEBAJO_DE_1_75_COSTO_BASE
cd8dcb58-42cc-504f-b076-b5449f349e4c;367585;"Total alicate de corte diagonal 7"" THT27716S";True;False;True;8800.0;5674.0;1.551;10500;1700;;;https://www.totalherramientasoficial.com.py/produto/total-alicate-de-corte-diagonal-7-tht27716s-27974.html;;;;;;NO;NO;SIN_PRECIO_PROVEEDOR_ACTUAL
cda95115-5475-548e-9b3e-dda85b65c075;436700;Total juego de destornilladores con llave con mango t 47PCS ta;True;False;True;15700.0;10086.0;1.557;18700;3000;;;https://www.totalherramientasoficial.com.py/produto/total-kit-de-chave-de-fenda-com-chave-com-cabo-t--tacsd30476-47pcs-34632.html;;;;;;NO;NO;SIN_PRECIO_PROVEEDOR_ACTUAL
cda9e5a2-43a3-57aa-ac4e-2674595cf187;532433;Total botas de seguridad con cuero goma TSP209SB.43;True;False;True;71500.0;45855.0;1.559;84800;13300;27.5;USD;https://www.totalherramientasoficial.com.py/produto/total-botas-de-seguranca-com-couro-de-borracha---tsp209sb43-51297.html;2026-09-27;;;;;NO;NO;DEBAJO_DE_1_75_COSTO_BASE
cdfa857b-6e20-5e1d-a8e6-4d51692b1655;554008;Total maquina de soldadura inverter TW213049 130A mma;True;False;True;182000.0;116703.0;1.56;215900;33900;;;https://www.totalherramientasoficial.com.py/produto/total-maquina-de-solda-inversora--tw213049-130a-mma-53500.html;;;;;;NO;NO;SIN_PRECIO_PROVEEDOR_ACTUAL
ce01516b-6b18-55df-b351-f81480ce6180;37907;Wadfow llave combinada con ratchet 15MM WSA5115;True;False;True;5800.0;3751.0;1.546;6900;1100;2.25;USD;https://www.totalherramientasoficial.com.py/produto/wadfow-chave-combinada-com-catraca15mm--wsa5115-55203.html;2026-09-27;;;;;NO;NO;DEBAJO_DE_1_75_COSTO_BASE
ce230e6d-a1f1-5d1f-a279-e692069d6d05;566872;Total compresor de aire TC202416 24L;True;False;True;270300.0;173360.0;1.559;320700;50400;;;https://www.totalherramientasoficial.com.py/produto/total-compresor-de-ar-tc202416-24l-54851.html;;;;;;NO;NO;SIN_PRECIO_PROVEEDOR_ACTUAL
ce23981c-fc9b-5884-8079-948ee71eed49;442954;Total martillo de demolición TH115326 220V 1500W;True;False;True;10800.0;6934.0;1.558;12800;2000;;;https://www.totalherramientasoficial.com.py/produto/total-martlete-th115326-220v-1500w-35287.html;;;;;;NO;NO;SIN_PRECIO_PROVEEDOR_ACTUAL
ce32132c-9f8e-558e-ae40-5092239441fc;537780;Wadfow caja de llaves 20X16x7.5CM WYSX1H01;True;False;True;23400.0;15007.0;1.559;27800;4400;9.0;USD;https://www.totalherramientasoficial.com.py/produto/wadfow--cofre-chaves-20x16x75cm--wysx1h01-51844.html;2026-09-27;;;;;NO;NO;DEBAJO_DE_1_75_COSTO_BASE
ce4282e9-7768-5fe6-bce2-666dee1884b5;316460;Total arrancador de engranaje THTGP336 3GARRAS;True;False;True;27900.0;17891.0;1.559;33100;5200;10.73;USD;https://www.totalherramientasoficial.com.py/produto/total-puxador-de-engrnagem-thtgp336-3mandibulas-23359.html;2026-09-27;;;;;NO;NO;DEBAJO_DE_1_75_COSTO_BASE
ce61debc-24a0-54f1-8ca6-5c971be8b133;436168;Total atornillador UTIDLI20012 2BAT li-ion 20V;True;False;True;235900.0;151296.0;1.559;279900;44000;;;https://www.totalherramientasoficial.com.py/produto/total-parafusadeira-utidli20012-2bat-liion-20v-34572.html;;;;;;NO;NO;SIN_PRECIO_PROVEEDOR_ACTUAL
ce7453d1-e276-5049-828a-80c9e3d33902;316347;Total cortador de tubos THT53422 225MM (pvc);True;False;True;13800.0;8826.0;1.564;16300;2500;;;https://www.totalherramientasoficial.com.py/produto/total-cortador-de-tubos--tht53422-225mm-pvc-23347.html;;;;;;NO;NO;SIN_PRECIO_PROVEEDOR_ACTUAL
ce81740a-47fb-51f8-9908-50c2eabd2a65;417495;Total botas seguridad TSP203SB.41;True;False;True;59000.0;37824.0;1.56;70000;11000;;;https://www.totalherramientasoficial.com.py/produto/total-botas-seguranca-tsp203sb41-32650.html;;;;;;NO;NO;SIN_PRECIO_PROVEEDOR_ACTUAL
ce861871-c341-58ba-8f20-fcd3fda1d13d;3025;Wadfow llave combinada con ratchet 13MM WSA5113;True;False;True;5900.0;3782.0;1.56;7000;1100;;;https://www.totalherramientasoficial.com.py/produto/wadfow-chave-combinada-com-catraca-13mm--wsa5113-55199.html;;;;;;NO;NO;SIN_PRECIO_PROVEEDOR_ACTUAL
ce940420-2a55-5efa-abfa-191af23b9e9e;462037;Wadfow cargador bateria UWBY1501 4A;True;False;True;59200.0;37934.0;1.561;70200;11000;;;https://www.totalherramientasoficial.com.py/produto/wadfow-carregador-de-bateria--uwby1501-4a-41829.html;;;;;;NO;NO;SIN_PRECIO_PROVEEDOR_ACTUAL
ceab5ed4-1e9c-59b5-b0f3-55fe3f57bc70;486958;Total soldador 60W TET160923;True;False;True;93600.0;60027.0;1.559;111000;17400;36.0;USD;https://www.totalherramientasoficial.com.py/produto/total--soldador-60w--tet160923-45930.html;2026-09-27;;;;;NO;NO;DEBAJO_DE_1_75_COSTO_BASE
cecda48e-7073-5d75-b929-53b2fd9690de;612609;"Total tijera de podar extensible 26-34"" 45MM THTS1528608";True;False;True;137600.0;88256.0;1.559;163300;25700;;;https://www.totalherramientasoficial.com.py/produto/total-tesoura-de-poda-extensivel--2634-45mm---thts1528608-57253.html;;;;;;NO;NO;SIN_PRECIO_PROVEEDOR_ACTUAL
cedb035e-44ca-50fb-ba0a-87eea8a6e53a;579988;Wadfow pulidora 20V WHL1B18;True;False;True;135200.0;86705.0;1.559;160400;25200;52.0;USD;https://www.totalherramientasoficial.com.py/produto/wadfow-polidora-20v--whl1b18-56422.html;2026-09-27;;;;;NO;NO;DEBAJO_DE_1_75_COSTO_BASE
cef83232-20c4-5606-9177-4dc92a57060b;553650;Total máquina vibratoria de azulejos 20V TTVLI2001;True;False;True;17200.0;11032.0;1.559;20400;3200;;;https://www.totalherramientasoficial.com.py/produto/total-maquina-vibratoria-de-azulejos-20v-ttvli2001-53465.html;;;;;;NO;NO;SIN_PRECIO_PROVEEDOR_ACTUAL
cf0a65ea-0a49-5857-a1a8-8d8d50d53a4a;228770;Total chaqueta de trabajo TSP6011.XL;True;False;True;57800.0;37099.0;1.558;68600;10800;22.25;USD;https://www.totalherramientasoficial.com.py/produto/total-jaqueta-de-trabalho--tsp6011xl-56394.html;2026-09-27;;;;;NO;NO;DEBAJO_DE_1_75_COSTO_BASE
cf169c9d-0b99-5469-b378-c6942882a77a;518642;Total combo llave de impacto+pistola de calor 20V TOSLI240489;True;False;True;319500.0;204880.0;1.559;379000;59500;;;https://www.totalherramientasoficial.com.py/produto/total-combo-chave-de-impacto--pistola-de-calor-20v--tosli240489-49604.html;;;;;;NO;NO;SIN_PRECIO_PROVEEDOR_ACTUAL
cf322e23-313b-567e-97c2-1f9388272d73;436137;Total atornillador 20V TDLI20011 1BAT li-ion;True;False;True;142500.0;91408.0;1.559;169100;26600;;;https://www.totalherramientasoficial.com.py/produto/total-parafusadeira-20v-tdli20011-1bat-liion-34569.html;;;;;;NO;NO;SIN_PRECIO_PROVEEDOR_ACTUAL
cf36996a-784c-53dd-b5b3-b505e2bd1b88;505949;Wadfow corta cerco jardín 2EN1 WJC1512 12V;True;False;True;59800.0;38350.0;1.559;70900;11100;23.0;USD;https://www.totalherramientasoficial.com.py/produto/wadfow-aparador-2en1-wjc1512-12v-47880.html;2026-09-27;;;;;NO;NO;DEBAJO_DE_1_75_COSTO_BASE
cf52f8de-d95e-586c-b06b-3ec5e4ea7011;341356;Total sierra ingletadora TS42182552 1800W;True;False;True;368600.0;236400.0;1.559;437300;68700;;;https://www.totalherramientasoficial.com.py/produto/total-serra-esquadria-ts42182552-1800w-12046.html;;;;;;NO;NO;SIN_PRECIO_PROVEEDOR_ACTUAL
cf57b6b2-7419-56ee-9bee-f6dab1c2a98d;553551;Total dados hexagonales 3/4 41MM THHAST34411;True;False;True;13500.0;8671.0;1.557;16000;2500;5.2;USD;https://www.totalherramientasoficial.com.py/produto/total-soquetes-hexagonais-34-41mm--thhast34411-53455.html;2026-09-27;;;;;NO;NO;DEBAJO_DE_1_75_COSTO_BASE
cf73cfac-9c3a-5bf4-8552-831a79b0d51f;444163;Total mochila para herramientas THBP0201;True;False;True;41800.0;26792.0;1.56;49600;7800;;;https://www.totalherramientasoficial.com.py/produto/total-mochila-de-ferramentas-thbp0201-37964.html;;;;;;NO;NO;SIN_PRECIO_PROVEEDOR_ACTUAL
cf7dee92-fa3f-5757-9b1c-72e03aac34a8;381536;Total hacha THT786006 600G 390MM;True;False;True;13800.0;8826.0;1.564;16300;2500;;;https://www.totalherramientasoficial.com.py/produto/total-machado--tht786006--600g-390mm-29315.html;;;;;;NO;NO;SIN_PRECIO_PROVEEDOR_ACTUAL
cfa90d55-a411-5a87-b8b4-9ce511803d77;537247;Wadfow alicate tenaza 250MM WPL8C10;True;False;True;8800.0;5674.0;1.551;10500;1700;3.25;USD;https://www.totalherramientasoficial.com.py/produto/wadfow-alicate-tenazes-250mm--wpl8c10-51790.html;2026-09-27;;;;;NO;NO;DEBAJO_DE_1_75_COSTO_BASE
cfd22ef3-96f9-57e3-a6f3-a51b22b76325;415460;"Total remachador manual THT32105 10.5""";True;False;True;13800.0;8826.0;1.564;16300;2500;;;https://www.totalherramientasoficial.com.py/produto/total-rebitador-manual-tht32105-105-32438.html;;;;;;NO;NO;SIN_PRECIO_PROVEEDOR_ACTUAL
d015ddbd-750a-5ead-8da4-bc58134df283;316224;Total alicate punta larga THT220606;True;False;True;9800.0;6254.0;1.567;11600;1800;3.75;USD;https://www.totalherramientasoficial.com.py/produto/total-alicate-bico-longo--tht220606-12489.html;2026-09-27;;;;;NO;NO;DEBAJO_DE_1_75_COSTO_BASE
d027b2c0-3500-526a-96c5-75241087fb7a;531641;Total tijera de aviacion larga (recta ) 300MM THT525106;True;False;True;13800.0;8826.0;1.564;16300;2500;;;https://www.totalherramientasoficial.com.py/produto/total--tesoura-lata-longa-reta-300mm---tht525106-51218.html;;;;;;NO;NO;SIN_PRECIO_PROVEEDOR_ACTUAL
d0469112-30f8-59d5-aab9-6c7aa0af1b85;542142;Wadfow llave para tubos autoajustable 6'' WPW0A06;True;False;True;8400.0;5418.0;1.55;10000;1600;3.25;USD;https://www.totalherramientasoficial.com.py/produto/wadfow--chave-de-tubo-autoajustavel--6--wpw0a06-52300.html;2026-09-27;;;;;NO;NO;DEBAJO_DE_1_75_COSTO_BASE
d052af46-9071-5848-b74e-86c9e2190d5c;338400;Total generador gasolina TP155001 5.5KVA;True;False;True;1391000.0;892063.0;1.559;1650300;259300;535.0;USD;https://www.totalherramientasoficial.com.py/produto/total-gerador-gasolina-tp155001-55kva-12055.html;2026-09-27;;;;;NO;NO;DEBAJO_DE_1_75_COSTO_BASE
d07ffced-0e8e-5b60-b092-7cc287111724;381574;"Total alicate presión 10"" THT191001";True;False;True;13800.0;8826.0;1.564;16300;2500;;;https://www.totalherramientasoficial.com.py/produto/total-alicate-pressao-10-tht191001-29319.html;;;;;;NO;NO;SIN_PRECIO_PROVEEDOR_ACTUAL
d0938096-e1da-5540-aee3-6f10802ca628;486712;Total atornillador con funcion de impacto 20V TIDLI201455;True;False;True;137600.0;88256.0;1.559;163300;25700;;;https://www.totalherramientasoficial.com.py/produto/total-parafusadeira-com-funcao-de-impacto-20v-tidli201455-45887.html;;;;;;NO;NO;SIN_PRECIO_PROVEEDOR_ACTUAL
d09ae65e-883a-5848-b4a1-f82b961e945a;542791;"Wadfow alicate de corte diagonal WPL3768 7.5""";True;False;True;12400.0;7921.0;1.565;14700;2300;4.75;USD;https://www.totalherramientasoficial.com.py/produto/wadfow-alicate-de-corte-diagonal-wpl3768-75-52365.html;2026-09-27;;;;;NO;NO;DEBAJO_DE_1_75_COSTO_BASE
d0de66f6-ca64-5d2c-87c5-334f19690e76;381185;Total compresor de aire 12V 120PSI TTAC2506;True;False;True;60900.0;39085.0;1.558;72300;11400;;;https://www.totalherramientasoficial.com.py/produto/total-compresor-de-ar-12v-120psi--ttac2506-29282.html;;;;;;NO;NO;SIN_PRECIO_PROVEEDOR_ACTUAL
d12e63b1-e30b-54af-ac39-41df7814e475;553247;Total bateria 42V 2.5AH TFBLI42251;True;False;True;106600.0;68364.0;1.559;126500;19900;41.0;USD;https://www.totalherramientasoficial.com.py/produto/total--bateria-42v-25ah--tfbli42251-53424.html;2026-09-27;;;;;NO;NO;DEBAJO_DE_1_75_COSTO_BASE
d16a6084-e6f6-5f7f-bc61-ddad2eca98b2;553988;Total rotomartillo TH110266 1050W sds plus;True;False;True;179400.0;115051.0;1.559;212800;33400;;;https://www.totalherramientasoficial.com.py/produto/total-martelete-th110266-1050w-sds-plus-53498.html;;;;;;NO;NO;SIN_PRECIO_PROVEEDOR_ACTUAL
d16f456a-1979-5641-809f-bca4ff7210c8;415033;Total sierra circular 20V TSLI1401 madera 5';True;False;True;117400.0;75282.0;1.559;139300;21900;45.15;USD;https://www.totalherramientasoficial.com.py/produto/total-serra-circular-20v-tsli1401--madeira-5-32395.html;2026-09-27;;;;;NO;NO;DEBAJO_DE_1_75_COSTO_BASE
d1861e3d-04c0-5d64-867e-ad388edff647;436977;Total cuchillo THT51886;True;False;True;13800.0;8826.0;1.564;16300;2500;;;https://www.totalherramientasoficial.com.py/produto/total-faca-tht51886-34659.html;;;;;;NO;NO;SIN_PRECIO_PROVEEDOR_ACTUAL
d1afaa2f-f6bb-5b02-9c71-06ac2a5e8343;163675;Wadfow dados de impacto 10PCS 1/2 crmo WMSD201;True;False;True;26600.0;17090.0;1.556;31600;5000;;;https://www.totalherramientasoficial.com.py/produto/wadfow-soquet-de-impacto-10pcs12-crmo-wmsd201-54877.html;;;;;;NO;NO;SIN_PRECIO_PROVEEDOR_ACTUAL
d1b69229-b75f-53dc-9f4d-7910a9857054;615358;Total hidrolavadora 20V TPWLI20582 2B 2.0A;True;False;True;157300.0;100864.0;1.56;186600;29300;;;https://www.totalherramientasoficial.com.py/produto/total-lava-jato-20v---tpwli20582--2b-20a-57224.html;;;;;;NO;NO;SIN_PRECIO_PROVEEDOR_ACTUAL
d1c5beba-d921-551b-a0fb-f87a0ce565c9;583893;Total sierra circular 42V motor sin escobillas TSLI4214012;True;False;True;317200.0;203424.0;1.559;376300;59100;122.0;USD;https://www.totalherramientasoficial.com.py/produto/total-serra-circular-42v-motor-sem-escovas--tsli4214012-56813.html;2026-09-27;;;;;NO;NO;DEBAJO_DE_1_75_COSTO_BASE
d1ea39f8-8b96-5797-b932-f018f8b478cb;486484;Total martillo para techo 600 gr THTRH6006;True;False;True;18200.0;11672.0;1.559;21600;3400;7.0;USD;https://www.totalherramientasoficial.com.py/produto/total-martelo-de-telhado-600-gr--thtrh6006-45864.html;2026-09-27;;;;;NO;NO;DEBAJO_DE_1_75_COSTO_BASE
d2157d2c-9adc-5821-8154-3281ee4b1fba;456760;Total sierra de mano THT59241 24'';True;False;True;15700.0;10086.0;1.557;18700;3000;6.05;USD;https://www.totalherramientasoficial.com.py/produto/total-serote-de-mao--tht59241-24-40744.html;2026-09-27;;;;;NO;NO;DEBAJO_DE_1_75_COSTO_BASE
d21dbd74-11fc-552e-b841-930de1f635aa;444132;Total caja de herramientas metalica THT10702;True;False;True;59800.0;38335.0;1.56;70900;11100;22.99;USD;https://www.totalherramientasoficial.com.py/produto/total-caixa-de-ferramentas-de-metal--tht10702-37961.html;2026-09-27;;;;;NO;NO;DEBAJO_DE_1_75_COSTO_BASE
d2205f96-f606-5f70-8935-9e392b727ee9;538282;Wadfow hidrolavadora 1885PSI WHP3A18 1800W 220V;True;False;True;157300.0;100864.0;1.56;186600;29300;79.99;USD;https://www.totalherramientasoficial.com.py/produto/wadfow--lava-jato-1885psi--whp3a18-1800w--220v-51894.html;2026-09-27;;;;;NO;NO;DEBAJO_DE_1_75_COSTO_BASE
d231ff32-d2ff-56da-9302-402fec03b20b;518628;Total taladro de impacto 20V TIDLI206681 motor sin escobillas;True;False;True;98800.0;63362.0;1.559;117200;18400;38.0;USD;https://www.totalherramientasoficial.com.py/produto/total-furadeira-de-impacto---20v-tidli206681-motor-sem-escovas-49602.html;2026-09-27;;;;;NO;NO;DEBAJO_DE_1_75_COSTO_BASE
d249d940-c81a-5a86-8eee-b1d33c4b8544;170925;Total soplador/aspiradora 20V TABLI2078;True;False;True;78600.0;50432.0;1.559;93300;14700;;;https://www.totalherramientasoficial.com.py/produto/total-sopradoraspirador---20v-tabli2078-50292.html;;;;;;NO;NO;SIN_PRECIO_PROVEEDOR_ACTUAL
d2509cf3-8bb2-5d2b-aa73-f599b9ea56dd;542166;Wadfow extractor de rodamientos 13PCS WGP7D02;True;False;True;17200.0;11032.0;1.559;20400;3200;36.5;USD;https://www.totalherramientasoficial.com.py/produto/wadfow--extrator-de-rolamento-13pcs--wgp7d02-52302.html;2026-09-27;;;;;NO;NO;DEBAJO_DE_1_75_COSTO_BASE
d2642581-02d9-579b-be17-f17e61a8ea93;553643;Total pistola de calor 20V TBLI20065;True;False;True;106200.0;68083.0;1.56;126000;19800;;;https://www.totalherramientasoficial.com.py/produto/total-pistola-de-calor-20v-tbli20065-53464.html;;;;;;NO;NO;SIN_PRECIO_PROVEEDOR_ACTUAL
d26e2e05-f6b2-5ecc-a1aa-ac4102241a99;467714;Medicube PDRN Pink Collagen Capsule Cream 55 g;True;False;True;44900.0;;;;;19.0;USD;https://atacadousa.com.py/cosmeticos/10760-creme-facial-medicube-pdnr-pink-collagen-capsule-cream-55g118885.html;2026-09-27;;;;;NO;NO;SIN_COSTO_BASE_DOCUMENTADO
d2731d94-5998-56f2-acf1-59c02b1c00e1;9450;Victoria's Secret Loción Amber Romance;True;False;True;31200.0;;;;;12.0;USD;https://atacadousa.com.py/cosmeticos/9450-locao-victoria-s-secret-amber-romance.html;2026-09-27;;;;;NO;NO;SIN_COSTO_BASE_DOCUMENTADO
d273726a-14a1-565d-b187-20ef10a672c6;612333;"Total alicate de corte diagonal 50% 200MM 8"" THT271808S";True;False;True;11800.0;7565.0;1.56;14000;2200;;;https://www.totalherramientasoficial.com.py/produto/total-alicate-de-corte-diagonal--50-200mm--8--tht271808s-57246.html;;;;;;NO;NO;SIN_PRECIO_PROVEEDOR_ACTUAL
d2767e58-8620-589e-a725-2192f5637869;538619;Wadfow dent puller (ventosa de vidrio) WKR1G50;True;False;True;17200.0;11032.0;1.559;20400;3200;;;https://www.totalherramientasoficial.com.py/produto/wadfow-dent-puller-ventosa-de-vidrio--wkr1g50-51927.html;;;;;;NO;NO;SIN_PRECIO_PROVEEDOR_ACTUAL
d285c25d-4e4b-574b-87d8-6a2b41cde152;469173;"Wadfow alicate de corte diagonal 6"" WPL3C06";True;False;True;8800.0;5674.0;1.551;10500;1700;;;https://www.totalherramientasoficial.com.py/produto/wadfow--alicate-de-corte-diagonal-6--wpl3c06-42601.html;;;;;;NO;NO;SIN_PRECIO_PROVEEDOR_ACTUAL
d2956e8d-7b08-5bce-8819-f0232472d4c9;460613;Wadfow martillo set 7PCS WHZ1D07;True;False;True;10800.0;6934.0;1.558;12800;2000;;;https://www.totalherramientasoficial.com.py/produto/wadfow-martelo-kit-7pcs---whz1d07-41687.html;;;;;;NO;NO;SIN_PRECIO_PROVEEDOR_ACTUAL
d2b1e2a3-d12d-54d9-b973-8f669d5bf65c;543071;Wadfow set llaves combinada c/ trinquete WSP5212 12PCS;True;False;True;76700.0;49190.0;1.559;91000;14300;;;https://www.totalherramientasoficial.com.py/produto/wadfow-kit-llave-combinada-c-trinquete-wsp5212--12pcs-52393.html;;;;;;NO;NO;SIN_PRECIO_PROVEEDOR_ACTUAL
d2cb480c-7818-5124-afac-309a5efaa5d2;576628;Total pistola de pintura 450W 800ML plástico UTT3506;True;False;True;62400.0;40018.0;1.559;74000;11600;24.0;USD;https://www.totalherramientasoficial.com.py/produto/total-pistola-de-tinta--450w-800ml-plastico-utt3506-56067.html;2026-09-27;;;;;NO;NO;DEBAJO_DE_1_75_COSTO_BASE
d2d0c9bb-19e4-5386-a864-ca06aea506f5;470704;"Wadfow válvula de retención 1"" acero WVV6811";True;False;True;14300.0;9172.0;1.559;17000;2700;5.5;USD;https://www.totalherramientasoficial.com.py/produto/wadfow-valvula-de-retencao-1-aco-wvv6811-42754.html;2026-09-27;;;;;NO;NO;DEBAJO_DE_1_75_COSTO_BASE
d2de4faa-0797-50b9-adf6-88c0bb9018b1;487931;Total martillo demoledor 20V UTRHLI202081;True;False;True;437400.0;280528.0;1.559;519000;81600;;;https://www.totalherramientasoficial.com.py/produto/total-martelo-de-demolicao--20v-utrhli202081-46029.html;;;;;;NO;NO;SIN_PRECIO_PROVEEDOR_ACTUAL
d32c91dc-1b2f-5cd4-80e0-5392e31e033e;461535;Wadfow capa de lluvia WRC1001;True;False;True;14300.0;9172.0;1.559;17000;2700;5.5;USD;https://www.totalherramientasoficial.com.py/produto/wadfow-capa-chuva------wrc1001-41779.html;2026-09-27;;;;;NO;NO;DEBAJO_DE_1_75_COSTO_BASE
d33fc5f4-7fae-5b9e-bcbe-6da76cf31929;443081;Total acople para bateria PBCA12001;True;False;True;18800.0;12088.0;1.555;22400;3600;7.25;USD;https://www.totalherramientasoficial.com.py/produto/total-cabo-chupeta-pbca12001-35301.html;2026-09-27;;;;;NO;NO;DEBAJO_DE_1_75_COSTO_BASE
d358ef39-5cef-5c97-a00b-33f5b9958261;381581;Total pinza pelacable THT15606 0.5-6MM;True;False;True;8800.0;5674.0;1.551;10500;1700;;;https://www.totalherramientasoficial.com.py/produto/total-descascador-de-fio-tht15606-056mm-29320.html;;;;;;NO;NO;SIN_PRECIO_PROVEEDOR_ACTUAL
d37a0892-e7f8-5b68-ab1f-d13779e900c0;381116;Total pistola de pintura 500W 800ML 2.0M TT5006-2;True;False;True;85800.0;55024.0;1.559;101800;16000;;;https://www.totalherramientasoficial.com.py/produto/total-pistola-de-pintura--500w-800ml-20m--tt50062-29275.html;;;;;;NO;NO;SIN_PRECIO_PROVEEDOR_ACTUAL
d37bba9e-42a8-59fb-acff-3e2226aa686d;527705;Total nivel laser 3D 16V 12 lineas TLL301201;True;False;True;221200.0;141840.0;1.56;262400;41200;;;https://www.totalherramientasoficial.com.py/produto/total-nivel-laser-3d-16v-12-linhas-tll301201-50595.html;;;;;;NO;NO;SIN_PRECIO_PROVEEDOR_ACTUAL
d39151ac-3153-51eb-976d-bd621c16d4ff;460354;Wadfow soporte para amoladora angular WASC1251;True;False;True;87500.0;56106.0;1.56;103800;16300;;;https://www.totalherramientasoficial.com.py/produto/wadfow-suporte-para-lixadeira--wasc1251-41661.html;;;;;;NO;NO;SIN_PRECIO_PROVEEDOR_ACTUAL
d3e1fc0c-23a6-5b45-8162-dad92f498808;341479;"Total llave caño 24"" THT171246";True;False;True;33800.0;21676.0;1.559;40100;6300;13.0;USD;https://www.totalherramientasoficial.com.py/produto/total-chave-grifo-24-tht171246-11899.html;2026-09-27;;;;;NO;NO;DEBAJO_DE_1_75_COSTO_BASE
d3e43472-399d-546f-b8a7-f8e251ecfbf8;529136;Total combo herramientas 20V 4PCS TOSLI241293;True;False;True;486600.0;312048.0;1.559;577300;90700;;;https://www.totalherramientasoficial.com.py/produto/total-combo-de-ferramentas-20v-4-pcs--tosli241293-50760.html;;;;;;NO;NO;SIN_PRECIO_PROVEEDOR_ACTUAL
d3ed5803-0959-551b-b3f2-5e9bb0c0b28a;566841;Total combo 4PCS 20V TOSLI250696;True;False;True;486600.0;312048.0;1.559;577300;90700;;;https://www.totalherramientasoficial.com.py/produto/total-combo-4pcs-20v--tosli250696-54848.html;;;;;;NO;NO;SIN_PRECIO_PROVEEDOR_ACTUAL
d3f00288-2945-54e4-812d-0eaa28538bdd;542906;"Wadfow prensa sargento en g WCP1106 150MM 6""";True;False;True;12300.0;7880.0;1.561;14600;2300;;;https://www.totalherramientasoficial.com.py/produto/wadfow-abracadeira-em-g--wcp1106-150mm-6-52376.html;;;;;;NO;NO;SIN_PRECIO_PROVEEDOR_ACTUAL
d41ba3dc-4943-5016-a85a-1d847df466a2;436854;"Total prensa sargento g 8"" THT13186";True;False;True;13800.0;8826.0;1.564;16300;2500;;;https://www.totalherramientasoficial.com.py/produto/total-sargento-g--8-tht13186-34647.html;;;;;;NO;NO;SIN_PRECIO_PROVEEDOR_ACTUAL
d41cc482-b0fc-554f-9b15-e43c8bb43f9a;442893;Total cortador de pasto TGTLI20301;True;False;True;156000.0;100029.0;1.56;185100;29100;;;https://www.totalherramientasoficial.com.py/produto/total-corta-grama----tgtli20301-35281.html;;;;;;NO;NO;SIN_PRECIO_PROVEEDOR_ACTUAL
d4209eca-be92-53fe-9152-933a913e6c6a;486941;Total taladro con funcion de impacto 810W UTG1081316-9;True;False;True;88500.0;56736.0;1.56;105000;16500;;;https://www.totalherramientasoficial.com.py/produto/total--furadeira-com-funcao-de-impacto-810w--utg10813169-45929.html;;;;;;NO;NO;SIN_PRECIO_PROVEEDOR_ACTUAL
d46c1f26-f6ae-5273-86fe-a8510d2d103a;488426;Total portapuntas de destornillador TAC464601 60MM;True;False;True;7800.0;5002.0;1.559;9300;1500;3.0;USD;https://www.totalherramientasoficial.com.py/produto/total--porta-pontas-de-chave-de-fenda-tac464601-60mm-46078.html;2026-09-27;;;;;NO;NO;DEBAJO_DE_1_75_COSTO_BASE
d475b9a7-9dc9-5cf4-9604-3382ffbee357;316217;"Total alicate universal THT210806 8""";True;False;True;11700.0;7505.0;1.559;13900;2200;4.5;USD;https://www.totalherramientasoficial.com.py/produto/total-alicate-combnada--tht210806--8-23336.html;2026-09-27;;;;;NO;NO;DEBAJO_DE_1_75_COSTO_BASE
d479bc30-882a-5994-aa72-02301051ca7a;030180;Karseell Maca Power Repair Collagen 500 ml;True;False;True;15600.0;;;;;5.75;USD;https://atacadousa.com.py/cosmeticos/8489-mascara-capilar-karseell-maca-power-collagen-500ml.html;2026-09-27;;;;;NO;NO;SIN_COSTO_BASE_DOCUMENTADO
d47bf3a8-f617-54ab-8d01-91eed72e710c;576147;Total combo 20V llave de impacto + trinquete + lámpara UTOSLI2;True;False;True;319500.0;204880.0;1.559;379000;59500;;;https://www.totalherramientasoficial.com.py/produto/total-combo-20v-chave-de-impacto--catraca--lampada--utosli250981-56010.html;;;;;;NO;NO;SIN_PRECIO_PROVEEDOR_ACTUAL
d4a0bae1-7eba-575c-8d45-9a29c5c54b40;585248;Total amoladora angular 710W 115MM TG10711576 220V;True;False;True;152400.0;97712.0;1.56;180800;28400;;;https://www.totalherramientasoficial.com.py/produto/total-esmerilhadeira-angular-710w-115mm-tg10711576---220v-56948.html;;;;;;NO;NO;SIN_PRECIO_PROVEEDOR_ACTUAL
d4a17109-7927-51c2-85c6-7b3659e45d24;487863;Total llave de impacto 20V motor sin escobillas 85NM TIWLI2085;True;False;True;8800.0;5674.0;1.551;10500;1700;;;https://www.totalherramientasoficial.com.py/produto/total-chave-de-impacto-20v-motor-sem-escovas-85nm-tiwli2085-46022.html;;;;;;NO;NO;SIN_PRECIO_PROVEEDOR_ACTUAL
d4a48207-28db-5631-acfd-61b1fd9d4154;536448;Total juntadora y planificadora 1500W TJPR15001;True;False;True;17200.0;11032.0;1.559;20400;3200;;;https://www.totalherramientasoficial.com.py/produto/total--jointeira-1500w--tjpr15001-51705.html;;;;;;NO;NO;SIN_PRECIO_PROVEEDOR_ACTUAL
d4b23816-132e-5dcb-8fb8-fefc0113fdfd;584142;Total combo 3PCS amoladora + taladro + llave de impacto TCKLI2;True;False;True;368600.0;236400.0;1.559;437300;68700;;;https://www.totalherramientasoficial.com.py/produto/total-combo-3pcs-lixadeira--parafuzadeira--chave-de-impacto-tckli20358-56838.html;;;;;;NO;NO;SIN_PRECIO_PROVEEDOR_ACTUAL
d4c525de-5a3e-5f5c-be55-900d087fcded;553179;Total combo motosierra + cortosetos + sopladora + cortadora de;True;False;True;319500.0;204880.0;1.559;379000;59500;;;https://www.totalherramientasoficial.com.py/produto/total-combo-motoserra--aparador-de-cerca--soprador--corta-grama-tosli250496-53417.html;;;;;;NO;NO;SIN_PRECIO_PROVEEDOR_ACTUAL
d4d8364b-547a-5c09-b6bd-17762d903d15;537537;"Wadfow alicate de presión para soldador 10"" WLP6210";True;False;True;12700.0;8170.0;1.554;15100;2400;4.9;USD;https://www.totalherramientasoficial.com.py/produto/wadfow-alicate-de-pressao-para-soldador-10--wlp6210-51819.html;2026-09-27;;;;;NO;NO;DEBAJO_DE_1_75_COSTO_BASE
d4f0d8cb-6dcb-59b3-83d2-220ceaa2e70d;542203;Wadfow kit de llave hexagonales WHK1292 9PCS;True;False;True;8800.0;5674.0;1.551;10500;1700;;;https://www.totalherramientasoficial.com.py/produto/wadfow-kit-de-chave-hexagonais-whk1292-9pcs-52306.html;;;;;;NO;NO;SIN_PRECIO_PROVEEDOR_ACTUAL
d4f91914-bf91-57fc-8365-51762e464306;518727;Total kit de baterias +cargador TFBCPK1222;True;False;True;31900.0;20488.0;1.557;37900;6000;;;https://www.totalherramientasoficial.com.py/produto/total-kit-bateria--carregador-tfbcpk1222-49612.html;;;;;;NO;NO;SIN_PRECIO_PROVEEDOR_ACTUAL
d501bf5b-3c34-5c81-8fca-ae7f1171b4f1;437493;Total chaqueta TJCTC2282.L;True;False;True;17200.0;11032.0;1.559;20400;3200;;;https://www.totalherramientasoficial.com.py/produto/total--jacketa----tjctc2282l-34712.html;;;;;;NO;NO;SIN_PRECIO_PROVEEDOR_ACTUAL
d54906bb-7703-57d6-b1b4-a88d1e7810fd;487634;"Total juego de dados 1/4"" y 1/2"" THT421441 44PCS";True;False;True;163800.0;105047.0;1.559;194300;30500;63.0;USD;https://www.totalherramientasoficial.com.py/produto/total-kit-de-socket-14-e-12-tht421441-44pcs-45999.html;2026-09-27;;;;;NO;NO;DEBAJO_DE_1_75_COSTO_BASE
d59bd2bc-9d0c-5bd6-9d72-5ff2e43c09f1;240857;Total martillo magnético #45 16OZ THCH61016L;True;False;True;23400.0;15007.0;1.559;27800;4400;9.0;USD;https://www.totalherramientasoficial.com.py/produto/total-martelo-magnetico-45-16oz--thch61016l-55425.html;2026-09-27;;;;;NO;NO;DEBAJO_DE_1_75_COSTO_BASE
d5aa0a75-6270-5f25-b85d-574749b4557d;614092;Wadfow candado 40MM WPD1440;True;False;True;7800.0;4986.0;1.564;9200;1400;2.99;USD;https://www.totalherramientasoficial.com.py/produto/wadfow-cadiado-40mm--wpd1440-57216.html;2026-09-27;;;;;NO;NO;DEBAJO_DE_1_75_COSTO_BASE
d5c4a611-ee60-578c-b82b-1bddba93801a;506175;Wadfow pistola de aire 400CC WGA1540;True;False;True;17200.0;11032.0;1.559;20400;3200;;;https://www.totalherramientasoficial.com.py/produto/wadfow-pistola-de-ar-400cc--wga1540-47903.html;;;;;;NO;NO;SIN_PRECIO_PROVEEDOR_ACTUAL
d5c50480-3245-5e13-9394-eb4606674091;553421;Total set de lijadora 145X114MM 50PCS TAC145115;True;False;True;14300.0;9172.0;1.559;17000;2700;5.5;USD;https://www.totalherramientasoficial.com.py/produto/total-conjunto-de-lixadeira--50-pcs--145x114mm--tac145115-53442.html;2026-09-27;;;;;NO;NO;DEBAJO_DE_1_75_COSTO_BASE
d5d26917-143f-5820-ba32-4dc8b1e02e0d;461023;"Wadfow llave cruzada 16"" WTH8316 17/19/21/23MM";True;False;True;8800.0;5674.0;1.551;10500;1700;;;https://www.totalherramientasoficial.com.py/produto/wadfow-chave-cruz-16--wth8316-17192123mm-41728.html;;;;;;NO;NO;SIN_PRECIO_PROVEEDOR_ACTUAL
d5da2fa1-b47d-596f-8657-cbcf0e0035c9;526098;Total juego de destornilladores 8PCS TKSDS0836;True;False;True;15700.0;10086.0;1.557;18700;3000;;;https://www.totalherramientasoficial.com.py/produto/total--kit-chave-fenda-8pcs--tksds0836-50433.html;;;;;;NO;NO;SIN_PRECIO_PROVEEDOR_ACTUAL
d5de50a7-1e24-5d73-8eab-ee640e499b2c;492119;Total cortadora de pasto TSTLI20018 40V motor sin escobillas;True;False;True;286000.0;183415.0;1.559;339300;53300;110.0;USD;https://www.totalherramientasoficial.com.py/produto/total--corta-grama--tstli20018-40v--motor-sem-escovas-46467.html;2026-09-27;;;;;NO;NO;DEBAJO_DE_1_75_COSTO_BASE
d5df6f0e-64a9-5134-8199-ee035664fac4;367998;Total taladro de banco TDP3211002 1100W 32MM;True;False;True;118000.0;75648.0;1.56;139900;21900;;;https://www.totalherramientasoficial.com.py/produto/total-furadeira-bancada-tdp3211002-1100w-32mm-28015.html;;;;;;NO;NO;SIN_PRECIO_PROVEEDOR_ACTUAL
d6227835-8521-5407-b410-0b37f3f77e09;547239;Wadfow combo 2PCS amoladora +taladro 20V WCK20273;True;False;True;285100.0;182816.0;1.559;338200;53100;;;https://www.totalherramientasoficial.com.py/produto/wadfow-combo-2pcs-lixadeira--furadeira--20v--wck20273-52814.html;;;;;;NO;NO;SIN_PRECIO_PROVEEDOR_ACTUAL
d625989b-c589-5b67-9ab1-f97d8f9999c3;528504;Wadfow cortador azulejos 1200MM WTR1512;True;False;True;12300.0;7880.0;1.561;14600;2300;;;https://www.totalherramientasoficial.com.py/produto/wadfow-cortador-azulejos-1200mm-wtr1512-50682.html;;;;;;NO;NO;SIN_PRECIO_PROVEEDOR_ACTUAL
d64de616-1ab6-5352-a6bb-9a5559da6775;456234;Total alicate bomba agua THT281202 12'';True;False;True;17200.0;11004.0;1.563;20400;3200;6.6;USD;https://www.totalherramientasoficial.com.py/produto/total-alicate-bomba-agua-tht281202--12-40691.html;2026-09-27;;;;;NO;NO;DEBAJO_DE_1_75_COSTO_BASE
d661701a-eeeb-5e8b-b1da-c31ad8dd62ed;489300;"Wadfow alicate de filtro de aceite ajustable 10"" WLP8C10";True;False;True;8800.0;5674.0;1.551;10500;1700;4.75;USD;https://www.totalherramientasoficial.com.py/produto/wadfow-alicate-para-filtro-de-oleo-ajustavel-10--wlp8c10-46166.html;2026-09-27;;;;;NO;NO;DEBAJO_DE_1_75_COSTO_BASE
d67b6c3b-4383-59ac-a3da-ee04632801c5;121453;Total pantalones de trabajo TSP6022.L;True;False;True;50700.0;32516.0;1.559;60200;9500;19.5;USD;https://www.totalherramientasoficial.com.py/produto/total-calca-de-trabalho-tsp6022l-785.html;2026-09-27;;;;;NO;NO;DEBAJO_DE_1_75_COSTO_BASE
d68f5aac-8208-52d9-99b6-993a82c9b1ed;444378;"Total juego de conectores rápidos de manguera 1/2"" 3PZS THWS03";True;False;True;17200.0;11032.0;1.559;20400;3200;;;https://www.totalherramientasoficial.com.py/produto/total-conjunto-de-conectores-rapidos-de-mangueira-12-3-pcs-thws030301-37985.html;;;;;;NO;NO;SIN_PRECIO_PROVEEDOR_ACTUAL
d69affdc-aeed-5a90-98a8-f2f803d84850;312042;Total taladro percutor TG108136 750W;True;False;True;63900.0;40976.0;1.559;75800;11900;;;https://www.totalherramientasoficial.com.py/produto/total-furadeira-tg108136--750w-22940.html;;;;;;NO;NO;SIN_PRECIO_PROVEEDOR_ACTUAL
d6a8aaaa-8831-57fc-86a0-e0fc4c42041d;201803;Total gato hidráulico botella 6TON THT109062;True;False;True;13800.0;8826.0;1.564;16300;2500;;;https://www.totalherramientasoficial.com.py/produto/total-macaco-hidraulico-de-garrafa-6ton--tht109062-55263.html;;;;;;NO;NO;SIN_PRECIO_PROVEEDOR_ACTUAL
d6ac4e34-c857-5627-bbd0-731b264c07db;251136;Total lijadora 20V motor sin escobillas TPSLI20241;True;False;True;119600.0;76701.0;1.559;141900;22300;46.0;USD;https://www.totalherramientasoficial.com.py/produto/total-lixadeira-20v-motor-sem-escovas--tpsli20241-55480.html;2026-09-27;;;;;NO;NO;DEBAJO_DE_1_75_COSTO_BASE
d6ad1b11-9cbb-5d0a-8428-c70b906c4b6b;232340;Total bomba de agua 20V 180W TGWPLI201801;True;False;True;200200.0;128390.0;1.559;237500;37300;77.0;USD;https://www.totalherramientasoficial.com.py/produto/total-bomba-de-agua--20v-180w--tgwpli201801-56025.html;2026-09-27;;;;;NO;NO;DEBAJO_DE_1_75_COSTO_BASE
d6c9cf27-b070-55af-b336-0bc64eedf66f;460033;Wadfow juego de destornilladores WSS2410 10PZ;True;False;True;15700.0;10086.0;1.557;18700;3000;;;https://www.totalherramientasoficial.com.py/produto/wadfow--kit-chave-fenda--wss2410-10pc-41629.html;;;;;;NO;NO;SIN_PRECIO_PROVEEDOR_ACTUAL
d6f60078-1d3e-5d93-9454-4550601974be;341134;Total candado 70MM TLK32702 542G;True;False;True;8800.0;5674.0;1.551;10500;1700;;;https://www.totalherramientasoficial.com.py/produto/total-cadiado-70mm--tlk32702-542g-25583.html;;;;;;NO;NO;SIN_PRECIO_PROVEEDOR_ACTUAL
d6f65667-ffde-50bc-97f2-53db4b7ec657;532136;Total set de mechas albañileria 5PCS 4-10MM TACSD6055;True;False;True;15700.0;10086.0;1.557;18700;3000;;;https://www.totalherramientasoficial.com.py/produto/total-kit-brocas-de-alvenaria--5pcs--410mm---tacsd6055-51267.html;;;;;;NO;NO;SIN_PRECIO_PROVEEDOR_ACTUAL
d70f1a12-9543-5d82-9ac5-c81d6b41bf7f;528443;Wadfow cinta metrica 12.5MM 20M WMT2520;True;False;True;7200.0;4586.0;1.57;8500;1300;2.75;USD;https://www.totalherramientasoficial.com.py/produto/wadfow-trena-125mm-20m-wmt2520-50676.html;2026-09-27;;;;;NO;NO;DEBAJO_DE_1_75_COSTO_BASE
d72b40c7-3035-57d9-b572-65d6aa94d04a;532242;Total botas de seguridad TSP206SB.43 negro;True;False;True;59000.0;37824.0;1.56;70000;11000;;;https://www.totalherramientasoficial.com.py/produto/total-botas-de-seguranca---tsp206sb43--preto-51278.html;;;;;;NO;NO;SIN_PRECIO_PROVEEDOR_ACTUAL
d733575e-81f2-529f-a3d5-729a3e7e29c0;583763;Total kit de baterias 20V 2.0AH 3PCS TOSLI240311;True;False;True;368600.0;236400.0;1.559;437300;68700;;;https://www.totalherramientasoficial.com.py/produto/total-kit-de-bateria-20v-20ah-3pcs--tosli240311-56800.html;;;;;;NO;NO;SIN_PRECIO_PROVEEDOR_ACTUAL
d7b961f9-9107-596a-a749-59fc15aa4372;543439;Wadfow capa de lluvia gabardina 100% pvc WRC20XL;True;False;True;14300.0;9172.0;1.559;17000;2700;5.5;USD;https://www.totalherramientasoficial.com.py/produto/wadfow-capa-de-chuva-100-pvc-wrc20xl-52429.html;2026-09-27;;;;;NO;NO;DEBAJO_DE_1_75_COSTO_BASE
d7fe95f4-a22c-5d30-b24a-b58422a97bb4;461368;Wadfow estantes ajustables 5NI WTS1A73 700X300X1.5;True;False;True;17200.0;11032.0;1.559;20400;3200;;;https://www.totalherramientasoficial.com.py/produto/wadfow-prateleira-5ni--wts1a73-700x300x15-41762.html;;;;;;NO;NO;SIN_PRECIO_PROVEEDOR_ACTUAL
d8011a2d-d572-56ff-b0ad-534226eaeb07;456357;Total caja de herramienta de plástico TPBX0142 6'X14'X6'';True;False;True;17200.0;11032.0;1.559;20400;3200;;;https://www.totalherramientasoficial.com.py/produto/total-caixa-ferramenta-tpbx0142-6x14x6-40703.html;;;;;;NO;NO;SIN_PRECIO_PROVEEDOR_ACTUAL
d802669d-8859-5871-a727-55bcb4424ca8;368018;Total bomba de agua TWP711001 1100W 1.5HP 15M;True;False;True;304700.0;195424.0;1.559;361500;56800;;;https://www.totalherramientasoficial.com.py/produto/total-bomba-de-agua-twp711001-1100w-15hp-15m-28017.html;;;;;;NO;NO;SIN_PRECIO_PROVEEDOR_ACTUAL
d80e0a09-70c4-5c60-90f7-adac21963d23;134538;Total bomba de agua a gasolina 7 hp TP3202;True;False;True;172000.0;110320.0;1.559;204100;32100;;;https://www.totalherramientasoficial.com.py/produto/total-bomba-de-agua-a-gasolina-7-hp--tp3202-55845.html;;;;;;NO;NO;SIN_PRECIO_PROVEEDOR_ACTUAL
d8157390-c945-5b7a-80e5-74f52128fb94;437578;Total tijeras p/poda THTS1527406;True;False;True;137600.0;88256.0;1.559;163300;25700;;;https://www.totalherramientasoficial.com.py/produto/total-tesoura-ppoda--thts1527406-34720.html;;;;;;NO;NO;SIN_PRECIO_PROVEEDOR_ACTUAL
d816abf8-6de0-5ab6-b21e-1dcc49a08279;584906;Total multímetro digital 600V 4000 ncv TMT516003;True;False;True;31900.0;20488.0;1.557;37900;6000;;;https://www.totalherramientasoficial.com.py/produto/total-multimetro-digital-600v-4000-ncv--tmt516003-57163.html;;;;;;NO;NO;SIN_PRECIO_PROVEEDOR_ACTUAL
d82cc4be-c6b4-51f8-a094-d86524104d57;338417;Total generador a gasolina TP165006 6.5KVA;True;False;True;884700.0;567360.0;1.559;1049600;164900;;;https://www.totalherramientasoficial.com.py/produto/total-gerador-a-gasolina---tp165006-65kva-25321.html;;;;;;NO;NO;SIN_PRECIO_PROVEEDOR_ACTUAL
d8351605-1de7-569b-8a9c-823bd8a80d5f;538268;Wadfow kit combinado de máquina vibradora inalámbrica para azu;True;False;True;17200.0;11032.0;1.559;20400;3200;;;https://www.totalherramientasoficial.com.py/produto/wadfow-kit-combo-de-maquina-de-vibracao-de-azulejos-sem-fio-3pcs---wos241185-51892.html;;;;;;NO;NO;SIN_PRECIO_PROVEEDOR_ACTUAL
d8374c7a-f391-56b6-b6d5-6b6a1c633cfe;528214;Wadfow juego de alicates WPS0623 3PCS;True;False;True;16300.0;10421.0;1.564;19300;3000;6.25;USD;https://www.totalherramientasoficial.com.py/produto/wadfow-conjunto-de-alicates--3pcs--wps0623-50653.html;2026-09-27;;;;;NO;NO;DEBAJO_DE_1_75_COSTO_BASE
d83c4f17-6905-5eea-bd04-337053295a85;468930;Total rectificador 6MM 550W TG55061;True;False;True;118000.0;75648.0;1.56;139900;21900;;;https://www.totalherramientasoficial.com.py/produto/total-retificador-6mm--550w--tg55061-42577.html;;;;;;NO;NO;SIN_PRECIO_PROVEEDOR_ACTUAL
d84f2594-033e-5550-b504-eff0ba379807;490054;Wadfow escalera telescópica de aluminio 8 escalones WLD5H08;True;False;True;187200.0;120053.0;1.559;222100;34900;72.0;USD;https://www.totalherramientasoficial.com.py/produto/wadfow-escada-telescopica-de-aluminio-8-degraus-wld5h08-46241.html;2026-09-27;;;;;NO;NO;DEBAJO_DE_1_75_COSTO_BASE
d8668296-bafa-57c4-b4f0-006553caf79d;489331;Wadfow barra de demolición 750MM WQB1375;True;False;True;16300.0;10421.0;1.564;19300;3000;;;https://www.totalherramientasoficial.com.py/produto/wadfow-barra-demolicao-750mm---wqb1375-46169.html;;;;;;NO;NO;SIN_PRECIO_PROVEEDOR_ACTUAL
d881e4d8-8ac4-52c3-9284-d1198ff810b7;502238;"Total bolsa de herramientas 13"" THT261325";True;False;True;13600.0;8753.0;1.554;16200;2600;5.25;USD;https://www.totalherramientasoficial.com.py/produto/total-bolsa-de-ferramentas-13-tht261325-47507.html;2026-09-27;;;;;NO;NO;DEBAJO_DE_1_75_COSTO_BASE
d88b78d6-6e2a-59c8-9d12-dfa35d614952;532259;Total botas de seguridad TSP206SB.44 negro;True;False;True;59000.0;37824.0;1.56;70000;11000;;;https://www.totalherramientasoficial.com.py/produto/total-botas-de-seguranca-tsp206sb44--preto-51279.html;;;;;;NO;NO;SIN_PRECIO_PROVEEDOR_ACTUAL
d88fd091-d7dc-5211-b51b-18639e524994;437448;Total multiprobador TMT46003;True;False;True;31900.0;20488.0;1.557;37900;6000;;;https://www.totalherramientasoficial.com.py/produto/total-multitester---tmt46003-34707.html;;;;;;NO;NO;SIN_PRECIO_PROVEEDOR_ACTUAL
d89cb493-e886-5428-ab28-f971873678c7;511889;Total llave de impacto 20V 500NM TIWLI20501;True;False;True;8800.0;5674.0;1.551;10500;1700;;;https://www.totalherramientasoficial.com.py/produto/total--chave-de-impacto-20v-500nm--tiwli20501-48539.html;;;;;;NO;NO;SIN_PRECIO_PROVEEDOR_ACTUAL
d8a3fc4a-0ad6-5594-98a5-dc557d48821b;437059;Total socket hexagonal THTST12193L 1/2 19MM;True;False;True;13800.0;8826.0;1.564;16300;2500;;;https://www.totalherramientasoficial.com.py/produto/total-soquet-hexagonal-thtst12193l-12-19mm-34667.html;;;;;;NO;NO;SIN_PRECIO_PROVEEDOR_ACTUAL
d8c39f16-cc47-5026-b773-c655ec258082;469159;"Wadfow alicate de corte diagonal 6"" WPL3926";True;False;True;8800.0;5674.0;1.551;10500;1700;;;https://www.totalherramientasoficial.com.py/produto/wadfow-alicate-de-corte-diagonal---6--wpl3926-42599.html;;;;;;NO;NO;SIN_PRECIO_PROVEEDOR_ACTUAL
d8d0ba18-7b9d-54e8-9273-1ed817af6eff;538701;Wadfow caja de herramientas plástico 35KG WTB4305;True;False;True;27000.0;17336.0;1.557;32100;5100;;;https://www.totalherramientasoficial.com.py/produto/wadfow-caixa-de-ferramentas-de--plastico-35kg--wtb4305-51936.html;;;;;;NO;NO;SIN_PRECIO_PROVEEDOR_ACTUAL
d8d343d0-f45b-5d18-b442-f26624f65a61;415002;Total amoladora TAGLI1151 lithium 20V;True;False;True;152400.0;97712.0;1.56;180800;28400;;;https://www.totalherramientasoficial.com.py/produto/total-rebarbadora--tagli1151-lithium-20v-32392.html;;;;;;NO;NO;SIN_PRECIO_PROVEEDOR_ACTUAL
d8f0f192-c237-5e80-957f-7cce7e0764a6;350952;Total ingleteadora UTS42142101 1400W;True;False;True;137600.0;88256.0;1.559;163300;25700;;;https://www.totalherramientasoficial.com.py/produto/total-serra-esquadro-uts42142101-1400w-26445.html;;;;;;NO;NO;SIN_PRECIO_PROVEEDOR_ACTUAL
d907557e-8155-5c26-a305-bb1cc2d77b4c;460828;Wadfow llave torx kit WHK3292 9PCS;True;False;True;10400.0;6670.0;1.559;12300;1900;4.0;USD;https://www.totalherramientasoficial.com.py/produto/wadfow-chave-torx-kit---whk3292-9pcs-41708.html;2026-09-27;;;;;NO;NO;DEBAJO_DE_1_75_COSTO_BASE
d92b3d71-5303-5db5-9846-f56900d295b5;531917;Total remachadora manual 10.5'' THT32108S;True;False;True;13800.0;8826.0;1.564;16300;2500;;;https://www.totalherramientasoficial.com.py/produto/total--rebitador-manual-105--tht32108s-51245.html;;;;;;NO;NO;SIN_PRECIO_PROVEEDOR_ACTUAL
d95b599e-9698-5c7e-8cc3-b643e3d6aebd;496209;Wadfow llave tipo y 8-9-10MM WTH2100;True;False;True;5200.0;3335.0;1.559;6200;1000;2.0;USD;https://www.totalherramientasoficial.com.py/produto/wadfow-chave-tipo-y-8910mm--wth2100-46896.html;2026-09-27;;;;;NO;NO;DEBAJO_DE_1_75_COSTO_BASE
d969cc4f-a223-52ea-819d-cb1d8bdcc0a5;615259;Total combo 2PCS mini amoladora +taladro percutor 2B 2A TCKLI2;True;False;True;285100.0;182816.0;1.559;338200;53100;;;https://www.totalherramientasoficial.com.py/produto/total-combo-2pcs--mini-lixadeira--parafusadeira-de-impacto-2b-2a--tckli20255-57186.html;;;;;;NO;NO;SIN_PRECIO_PROVEEDOR_ACTUAL
d9836f07-b391-5ad4-900d-065a2dfe407d;469289;Wadfow prensa WCP4388 45X200MM;True;False;True;12300.0;7880.0;1.561;14600;2300;;;https://www.totalherramientasoficial.com.py/produto/wadfow--bracadeira--wcp4388--45x200mm-42612.html;;;;;;NO;NO;SIN_PRECIO_PROVEEDOR_ACTUAL
d985f417-78b9-5054-a0c6-4e2f820aa032;228459;Total chaqueta de trabajo TSP6011.L;True;False;True;57800.0;37099.0;1.558;68600;10800;22.25;USD;https://www.totalherramientasoficial.com.py/produto/total-jaqueta-de-trabalho-tsp6011l-56393.html;2026-09-27;;;;;NO;NO;DEBAJO_DE_1_75_COSTO_BASE
d9915962-fa66-5d6f-a6d9-095dc90101f8;531856;"Total alicate para cortar plástico 6"" THT230612";True;False;True;8800.0;5674.0;1.551;10500;1700;;;https://www.totalherramientasoficial.com.py/produto/total-alicate-de-corte-de-plastico--6---tht230612-51239.html;;;;;;NO;NO;SIN_PRECIO_PROVEEDOR_ACTUAL
d9af6b9a-7c4d-59f4-97c4-6e16cbf740c1;443005;Total máquina de soldadura TW25005 220V 500A;True;False;True;1240200.0;795354.0;1.559;1471400;231200;477.0;USD;https://www.totalherramientasoficial.com.py/produto/total-maquina-de-solda-tw25005-220v-500a-35292.html;2026-09-27;;;;;NO;NO;DEBAJO_DE_1_75_COSTO_BASE
d9cbc886-ec82-5f28-bb3b-265ec7d08259;239141;Total atornillador 110V UTD318104 18V nic;True;False;True;157300.0;100864.0;1.56;186600;29300;;;https://www.totalherramientasoficial.com.py/produto/total-parafusadeira-110v-utd318104-18v-nic-11913.html;;;;;;NO;NO;SIN_PRECIO_PROVEEDOR_ACTUAL
d9d8f45e-23e8-5609-b27c-b0f52f341658;460576;Wadfow martillo de orejas 560G WHM3320;True;False;True;10800.0;6934.0;1.558;12800;2000;;;https://www.totalherramientasoficial.com.py/produto/wadfow-martelo-unha---560g---whm3320-41683.html;;;;;;NO;NO;SIN_PRECIO_PROVEEDOR_ACTUAL
d9e32148-0197-5436-a6fe-2e8fde68e59f;228428;Total macacon de trabajo TSP6033.XXXL;True;False;True;57200.0;36683.0;1.559;67900;10700;22.0;USD;https://www.totalherramientasoficial.com.py/produto/total-macacao-de-trabalho--tsp6033xxxl-56396.html;2026-09-27;;;;;NO;NO;DEBAJO_DE_1_75_COSTO_BASE
d9e74cc3-f926-581c-80f2-8b1bad9135ca;527644;"Total llave de impacto 3/4"" TIWLI20135 135K bl";True;False;True;8800.0;5674.0;1.551;10500;1700;;;https://www.totalherramientasoficial.com.py/produto/total-chave-de-impacto--34-tiwli20135--135k-bl-50589.html;;;;;;NO;NO;SIN_PRECIO_PROVEEDOR_ACTUAL
d9ed9ee2-19cd-5733-a18e-068c58639f31;609814;"Total espada de motosierra 12"" TGTSB51218";True;False;True;19500.0;12507.0;1.559;23100;3600;7.5;USD;https://www.totalherramientasoficial.com.py/produto/total-barra-de-motosserra-12---tgtsb51218-57255.html;2026-09-27;;;;;NO;NO;DEBAJO_DE_1_75_COSTO_BASE
da0b4da0-bb7f-5105-a2d1-c2ab1e1336d3;461962;"Wadfow alicate pico.l WPL4938 8"" aislado";True;False;True;13600.0;8753.0;1.554;16200;2600;5.25;USD;https://www.totalherramientasoficial.com.py/produto/wadfow-alicate-picol--wpl4938-8-isolada-41822.html;2026-09-27;;;;;NO;NO;DEBAJO_DE_1_75_COSTO_BASE
da38ac3f-3aa3-5696-935a-e61662af0502;458764;Total amoladora angular TG11312526 1300W;True;False;True;118000.0;75648.0;1.56;139900;21900;;;https://www.totalherramientasoficial.com.py/produto/total-esmirilhadeira-angular--tg11312526-1300w-41056.html;;;;;;NO;NO;SIN_PRECIO_PROVEEDOR_ACTUAL
daa06355-8ea1-5f8d-a860-a9fe0573e5f9;33442;Total combo 3PCS sierra circular+ multiherramientas+ lijadora;True;False;True;361400.0;231770.0;1.559;428800;67400;139.0;USD;https://www.totalherramientasoficial.com.py/produto/total-kit-ferramentas-3pcs--seera-circularmultiferramentaslixadeira--tosli250781-55437.html;2026-09-27;;;;;NO;NO;DEBAJO_DE_1_75_COSTO_BASE
daa505c1-f361-510d-b6a7-d2c95c5d927c;163224;"Wadfow dado hexagonal 3/4"" 46MM WSC4546";True;False;True;14300.0;9172.0;1.559;17000;2700;5.5;USD;https://www.totalherramientasoficial.com.py/produto/wadfow-soquete-hexagonal-34-46mm--wsc4546-54649.html;2026-09-27;;;;;NO;NO;DEBAJO_DE_1_75_COSTO_BASE
daca6135-1b5a-543f-8f0e-b4bc269d118d;611985;Total combo 2PCS nivel laser + medidor de distancia TLL260403;True;False;True;285100.0;182816.0;1.559;338200;53100;;;https://www.totalherramientasoficial.com.py/produto/total-combo-2pcs-nivel-a-laser--medidor-de-distancia--tll260403-57232.html;;;;;;NO;NO;SIN_PRECIO_PROVEEDOR_ACTUAL
dacc760e-30bd-5752-aa3d-c22fc15518a5;488037;Total podadora 20V TPHT2016012 largo;True;False;True;273000.0;175078.0;1.559;323900;50900;105.0;USD;https://www.totalherramientasoficial.com.py/produto/total--aparador-20v-tpht2016012--longo-46039.html;2026-09-27;;;;;NO;NO;DEBAJO_DE_1_75_COSTO_BASE
dad32959-5020-59d7-a8eb-f6a0e3a0291a;469630;Wadfow tijera de podar WPR1E90;True;False;True;25400.0;16258.0;1.562;30100;4700;9.75;USD;https://www.totalherramientasoficial.com.py/produto/wadfow-tesoura-de-jardim--wpr1e90-42647.html;2026-09-27;;;;;NO;NO;DEBAJO_DE_1_75_COSTO_BASE
daef30db-7405-576a-b06b-61876162f470;496186;"Wadfow llave dinamométrica 1/4"" 5-125NM WWQ1D14";True;False;True;51700.0;33181.0;1.558;61400;9700;19.9;USD;https://www.totalherramientasoficial.com.py/produto/wadfow-chave-de-torque-14-5125nm---wwq1d14-46894.html;2026-09-27;;;;;NO;NO;DEBAJO_DE_1_75_COSTO_BASE
daf8de07-f127-5a1e-ad2c-840480bfbd5a;487351;Total atornillador 20V UTDLI20602 motor brushless;True;False;True;122900.0;78800.0;1.56;145800;22900;;;https://www.totalherramientasoficial.com.py/produto/total--parafusadeira-20v-utdli20602--motor-brushless-45971.html;;;;;;NO;NO;SIN_PRECIO_PROVEEDOR_ACTUAL
db0ce2bb-0321-5d5e-8b9d-db4e72c2e855;543408;Wadfow mosquetones 2PCS WQL2K04;True;False;True;17200.0;11032.0;1.559;20400;3200;;;https://www.totalherramientasoficial.com.py/produto/wadfow-mosquetao-2pcs-wql2k04-52426.html;;;;;;NO;NO;SIN_PRECIO_PROVEEDOR_ACTUAL
db27fd96-0fec-5451-848d-402b07b7f24b;472456;Total juego de cinceles para madera 3PCS THT41K0302;True;False;True;17200.0;11032.0;1.559;20400;3200;;;https://www.totalherramientasoficial.com.py/produto/total--kit-forman-para-madeira-3pcs--tht41k0302-43679.html;;;;;;NO;NO;SIN_PRECIO_PROVEEDOR_ACTUAL
db2d1ad8-2a18-54bd-9c12-d49b68090b7e;488846;Wadfow nivel de laser cubo 30 mts WLE2M02;True;False;True;137600.0;88256.0;1.559;163300;25700;;;https://www.totalherramientasoficial.com.py/produto/wadfow-nivel-laser-cubo--30-mts-wle2m02-46120.html;;;;;;NO;NO;SIN_PRECIO_PROVEEDOR_ACTUAL
db59e9f0-461c-50ce-914e-1dbdb59dbd76;531733;Total amoladora angular TG110125565 1100W;True;False;True;118000.0;75648.0;1.56;139900;21900;;;https://www.totalherramientasoficial.com.py/produto/total-esmirilhadeira-angular--tg110125565--1100w-51227.html;;;;;;NO;NO;SIN_PRECIO_PROVEEDOR_ACTUAL
db701c8b-9d67-594f-9ba3-f6d4e9525c83;462310;"Wadfow alicate combinado aislado 8"" WPL1938";True;False;True;12400.0;7921.0;1.565;14700;2300;4.75;USD;https://www.totalherramientasoficial.com.py/produto/wadfow-alicate-combinado--isolado--8---wpl1938-41857.html;2026-09-27;;;;;NO;NO;DEBAJO_DE_1_75_COSTO_BASE
db753607-2082-57aa-977a-72266eedb4b3;461122;Wadfow laser de linea WLE1M02;True;False;True;31900.0;20488.0;1.557;37900;6000;;;https://www.totalherramientasoficial.com.py/produto/wadfow-nivel-laser----wle1m02-41738.html;;;;;;NO;NO;SIN_PRECIO_PROVEEDOR_ACTUAL
db821d77-e853-5d66-87cc-23aff44eb789;536875;Total llave de impacto TIWLI2001 s/b 30K;True;False;True;8800.0;5674.0;1.551;10500;1700;;;https://www.totalherramientasoficial.com.py/produto/total--chave-de--impacto-tiwli2001-sb-30k-51748.html;;;;;;NO;NO;SIN_PRECIO_PROVEEDOR_ACTUAL
db8bb247-ba4e-5281-9951-62bdd3a10336;486514;"Total caja de herramientas de plástico 15"" TPBX1151";True;False;True;27000.0;17336.0;1.557;32100;5100;;;https://www.totalherramientasoficial.com.py/produto/total--caixa-ferramentas-de-plastico--15-tpbx1151-45867.html;;;;;;NO;NO;SIN_PRECIO_PROVEEDOR_ACTUAL
dbb005b8-491b-5d32-ab3b-38892841d3d5;261233;SKIN1004 Madagascar Centella Travel Kit;True;False;True;77400.0;;;;;29.75;USD;https://atacadousa.com.py/cosmeticos/11671-kit-facial-skin1004-madagascar-centella-travel261233.html;2026-09-27;;;;;NO;NO;SIN_COSTO_BASE_DOCUMENTADO
dbdfa4b3-0c00-5744-bbf1-92a573693d62;521369;Total bolsa de herramientas THT16P20325;True;False;True;23400.0;14991.0;1.561;27700;4300;8.99;USD;https://www.totalherramientasoficial.com.py/produto/total-bolsa-de-ferramentas--tht16p20325-49889.html;2026-09-27;;;;;NO;NO;DEBAJO_DE_1_75_COSTO_BASE
dbe16752-66ec-5530-b620-9d10e4b003b7;565035;Total silla de mecanico 100KG THTWB61001;True;False;True;17200.0;11032.0;1.559;20400;3200;;;https://www.totalherramientasoficial.com.py/produto/total-cadeira-de-mecanico-100kg-thtwb61001-54613.html;;;;;;NO;NO;SIN_PRECIO_PROVEEDOR_ACTUAL
dbe8194d-6083-52bb-be80-562269cc1d0d;444279;Total cinta metrica TMT34825 8X25MM;True;False;True;5900.0;3782.0;1.56;7000;1100;;;https://www.totalherramientasoficial.com.py/produto/total-trena--tmt34825-8x25mm-37975.html;;;;;;NO;NO;SIN_PRECIO_PROVEEDOR_ACTUAL
dc35b461-e1b8-5e7c-9c82-f2f3471307cf;470858;Wadfow botas de lluvia 45 blanco WRB2L45;True;False;True;22900.0;14673.0;1.561;27100;4200;8.8;USD;https://www.totalherramientasoficial.com.py/produto/wadfow-botas-de-chuva---45-branca---wrb2l45-42769.html;2026-09-27;;;;;NO;NO;DEBAJO_DE_1_75_COSTO_BASE
dc44d5f6-0299-5ddd-9a60-75e542e92176;340441;Total kit llave TACSD30246 24IN1;True;False;True;8800.0;5674.0;1.551;10500;1700;;;https://www.totalherramientasoficial.com.py/produto/total-kit-chave-tacsd30246-24in1-25511.html;;;;;;NO;NO;SIN_PRECIO_PROVEEDOR_ACTUAL
dc5d7be1-416e-5d7f-8d78-d38de0f42636;381826;Total juego de llaves torx 9PCS THT106392;True;False;True;31900.0;20488.0;1.557;37900;6000;;;https://www.totalherramientasoficial.com.py/produto/total-kit-chaves--torx-9pcs-tht106392-29342.html;;;;;;NO;NO;SIN_PRECIO_PROVEEDOR_ACTUAL
dc5e2190-00b0-507e-ab20-6502e466e26e;542784;Wadfow alicate pico l 215MM WPL2768;True;False;True;11300.0;7253.0;1.558;13400;2100;4.35;USD;https://www.totalherramientasoficial.com.py/produto/wadfow-alicate-de-bico-l-215mm-wpl2768-52364.html;2026-09-27;;;;;NO;NO;DEBAJO_DE_1_75_COSTO_BASE
dc72313b-5011-5096-bdd1-e0c04b6d22f1;528740;Wadfow soplador inalámbrico 20V WBLP521;True;False;True;186800.0;119776.0;1.56;221600;34800;49.0;USD;https://www.totalherramientasoficial.com.py/produto/wadfow-soprador-sem-fio-20v-wblp521-50706.html;2026-09-27;;;;;NO;NO;DEBAJO_DE_1_75_COSTO_BASE
dc981685-0d6d-5e0f-9a7f-24a86a5fe709;527491;Total cargador de bateria 20V 2 puertos TFCLI2082;True;False;True;80600.0;51690.0;1.559;95600;15000;31.0;USD;https://www.totalherramientasoficial.com.py/produto/total-carregador-de-bateria-de-20-v-com-2-portas-tfcli2082-50574.html;2026-09-27;;;;;NO;NO;DEBAJO_DE_1_75_COSTO_BASE
dccfafc1-e792-52e4-9782-deda2a0e56b0;239257;Total mezclador UTD61101 1100W;True;False;True;54600.0;35016.0;1.559;64800;10200;21.0;USD;https://www.totalherramientasoficial.com.py/produto/total-misturador----utd61101-1100w-18473.html;2026-09-27;;;;;NO;NO;DEBAJO_DE_1_75_COSTO_BASE
dcd52418-104b-51d6-9f09-274d4506372f;456388;Total prensa sargento THT1346803 80X900 36'135K;True;False;True;39600.0;25427.0;1.557;47000;7400;15.25;USD;https://www.totalherramientasoficial.com.py/produto/total-sargento-tht1346803-80x900-36135k-40706.html;2026-09-27;;;;;NO;NO;DEBAJO_DE_1_75_COSTO_BASE
dcd8eb4a-2b6b-5439-b1a3-39dcc6cc5762;538640;Wadfow pulverizador 8L WRS1580;True;False;True;31800.0;20425.0;1.557;37800;6000;12.25;USD;https://www.totalherramientasoficial.com.py/produto/wadfow-pulverizador-8l-wrs1580-51930.html;2026-09-27;;;;;NO;NO;DEBAJO_DE_1_75_COSTO_BASE
dcdbae6d-8003-5664-bbbf-645dd927b56b;442985;Total máquina de soldadura TW216049 220V 160A;True;False;True;206400.0;132384.0;1.559;244900;38500;;;https://www.totalherramientasoficial.com.py/produto/total-maquina-de-solda--tw216049--220v-160a-35290.html;;;;;;NO;NO;SIN_PRECIO_PROVEEDOR_ACTUAL
dce0b3ad-cf9d-5edc-a150-053667531163;460996;Wadfow llave ajustable WAW2212 0-41MM;True;False;True;12800.0;8195.0;1.562;15200;2400;;;https://www.totalherramientasoficial.com.py/produto/wadfow-chave-ajustavel-waw2212-041mm-41725.html;;;;;;NO;NO;SIN_PRECIO_PROVEEDOR_ACTUAL
dce2617c-1c24-586c-836e-3ba10d58ee7d;555180;Total pistola de pintura inalámbrica a bateria 20V TSGLI2004;True;False;True;33400.0;21434.0;1.558;39700;6300;;;https://www.totalherramientasoficial.com.py/produto/total-pistola-de-pintura-sem-fio-a-bateria-20v-tsgli2004-53618.html;;;;;;NO;NO;SIN_PRECIO_PROVEEDOR_ACTUAL
dd2a5c17-ed60-5ef8-98ac-97e1f4cc2664;542043;Total taladro función de bloqueo de eje 20V UTDLI205582 1BAT 2;True;False;True;114400.0;73366.0;1.559;135700;21300;44.0;USD;https://www.totalherramientasoficial.com.py/produto/total-parafuzadeira-funcao-de-bloqueio-do-eixo--20v-utdli205582--1bat-20ah-52290.html;2026-09-27;;;;;NO;NO;DEBAJO_DE_1_75_COSTO_BASE
dd37133e-dfc7-51ca-affe-645d634a1fa8;42307;"Total alicate corte diagonal 7"" 18MM THT1776P";True;False;True;8800.0;5670.0;1.552;10500;1700;3.4;USD;https://www.totalherramientasoficial.com.py/produto/total-alicate-corte-diagonal-7-18mm-tht1776p-55440.html;2026-09-27;;;;;NO;NO;DEBAJO_DE_1_75_COSTO_BASE
dd5abe8c-bff8-504e-be95-b1df80a74ac1;529358;Total mini amoladora 16V TAGLI16762;True;False;True;87500.0;56106.0;1.56;103800;16300;;;https://www.totalherramientasoficial.com.py/produto/total-mini-lixadeira-16v-tagli16762-50782.html;;;;;;NO;NO;SIN_PRECIO_PROVEEDOR_ACTUAL
dd6bb054-a39e-5bb9-8f5d-c7d03a212c58;444064;"Total alicate de la bomba de agua 10"" THT281005";True;False;True;172000.0;110320.0;1.559;204100;32100;;;https://www.totalherramientasoficial.com.py/produto/total-alicate-bomba-agua-10-tht281005-37954.html;;;;;;NO;NO;SIN_PRECIO_PROVEEDOR_ACTUAL
dd6d9f50-e8e1-5e66-ac24-33ab03dd25dc;316354;Total marco de sierra THT54103;True;False;True;137600.0;88256.0;1.559;163300;25700;;;https://www.totalherramientasoficial.com.py/produto/total-quadro-de-serra--tht54103-23348.html;;;;;;NO;NO;SIN_PRECIO_PROVEEDOR_ACTUAL
dd6e287c-fc81-5ae4-a766-37c4e6e71156;518765;Total soldador eléctrico 60W TET160831;True;False;True;206400.0;132384.0;1.559;244900;38500;;;https://www.totalherramientasoficial.com.py/produto/total-soldador-eletrico-60w-tet160831-49616.html;;;;;;NO;NO;SIN_PRECIO_PROVEEDOR_ACTUAL
dd77c410-5074-58a0-9c49-fb6bb0d18e98;502221;Total juego de llaves hexagonales 8PCS THHW80826;True;False;True;31900.0;20488.0;1.557;37900;6000;;;https://www.totalherramientasoficial.com.py/produto/total-conjunto-de-chave-torx-8-pcs--thhw80826-47506.html;;;;;;NO;NO;SIN_PRECIO_PROVEEDOR_ACTUAL
dd8874b8-0c87-55c4-ad45-29623ab1a00e;502191;"Total alicate combinado 8"" THT210806S";True;False;True;11800.0;7565.0;1.56;14000;2200;;;https://www.totalherramientasoficial.com.py/produto/total-alicate-combinado-8-tht210806s-47503.html;;;;;;NO;NO;SIN_PRECIO_PROVEEDOR_ACTUAL
ddb84764-5577-5181-a1ba-0b3a37738d07;334928;Medicube One Day Exosome Shot 2000 30 ml;True;False;True;36100.0;;;;;13.9;USD;https://atacadousa.com.py/cosmeticos/12315-serum-facial-medicube-one-day-exosome-shot-2000-30ml334928.html;2026-09-27;;;;;NO;NO;SIN_COSTO_BASE_DOCUMENTADO
ddc55393-f1b0-5151-9971-49028aac4b52;529341;Total kit baterias y cargador 20V TFBCLI20285;True;False;True;403000.0;258448.0;1.559;478100;75100;155.0;USD;https://www.totalherramientasoficial.com.py/produto/total-kit-baterias-e-carregador-20v-tfbcli20285-50781.html;2026-09-27;;;;;NO;NO;DEBAJO_DE_1_75_COSTO_BASE
ddcbfd61-2d2a-57d4-88c2-7ee007cdfbdc;486200;Total cepillo TPB30160;True;False;True;31200.0;20009.0;1.559;37000;5800;12.0;USD;https://www.totalherramientasoficial.com.py/produto/total-escova---tpb30160-45836.html;2026-09-27;;;;;NO;NO;DEBAJO_DE_1_75_COSTO_BASE
ddd15270-b2e8-55d5-875b-8653cfe96b33;583701;"Total llave de impacto 20V 1/2"" 230NM UTIWLI20236";True;False;True;228800.0;146732.0;1.559;271500;42700;88.0;USD;https://www.totalherramientasoficial.com.py/produto/total-chave-de-impacto-20v-12-230nm-utiwli20236-56794.html;2026-09-27;;;;;NO;NO;DEBAJO_DE_1_75_COSTO_BASE
ddda53cc-abea-5bbd-a428-cf347cae9451;367530;Total bomba de agua residuales TWP775016 750W 1HP 13M;True;False;True;345800.0;221765.0;1.559;410300;64500;133.0;USD;https://www.totalherramientasoficial.com.py/produto/total-bomba-de-esgoto-twp775016-750w--1hp-13m-27970.html;2026-09-27;;;;;NO;NO;DEBAJO_DE_1_75_COSTO_BASE
ddee00cb-466b-52de-8b1e-f1bbcb21c2d7;538251;Wadfow sierra circular 20V 165MM WLWP5521;True;False;True;226100.0;144992.0;1.559;268200;42100;;;https://www.totalherramientasoficial.com.py/produto/wadfow-serra-circular-20v-165mm--wlwp5521-51891.html;;;;;;NO;NO;SIN_PRECIO_PROVEEDOR_ACTUAL
ddfc3da9-c4d8-5325-9a62-a444f0e5aeef;528801;Wadfow máquina de soldar 200A UWGTMA20;True;False;True;206400.0;132384.0;1.559;244900;38500;;;https://www.totalherramientasoficial.com.py/produto/wadfow--maquina-de-solda--200a--uwgtma20-50712.html;;;;;;NO;NO;SIN_PRECIO_PROVEEDOR_ACTUAL
ddfff309-d5d1-5338-977c-b9f510ee1da2;415279;Total juego de brocas TACSDL1201 12PC mad/pvc;True;False;True;15700.0;10086.0;1.557;18700;3000;;;https://www.totalherramientasoficial.com.py/produto/total-jogo-de-brocas-tacsdl1201-12pc-madpvc-32419.html;;;;;;NO;NO;SIN_PRECIO_PROVEEDOR_ACTUAL
de149a34-fe69-5eaa-9462-dcdcb8d8c887;114714;Total compactadora a gasolina 4.0HP 79KG TPS890;True;False;True;17200.0;11032.0;1.559;20400;3200;;;https://www.totalherramientasoficial.com.py/produto/total-compactador-de-gasolina-40hp-79kg-tps890-6598.html;;;;;;NO;NO;SIN_PRECIO_PROVEEDOR_ACTUAL
de15807e-0abd-5c2c-9806-06bcda5e17f4;583770;Total llave de impacto 42V 460NM TIWLI42462;True;False;True;8800.0;5674.0;1.551;10500;1700;;;https://www.totalherramientasoficial.com.py/produto/total--chave-de-impacto--42v-460nm--tiwli42462-56801.html;;;;;;NO;NO;SIN_PRECIO_PROVEEDOR_ACTUAL
de31e93d-7a5b-54f2-810e-eab0cbeefb8c;465304;Total taladro de impacto 12V TIDLI12201 2X1.5AH;True;False;True;125800.0;80704.0;1.559;149300;23500;48.4;USD;https://www.totalherramientasoficial.com.py/produto/total-furadeira-de-impacto-12v-tidli12201-2x15ah-42177.html;2026-09-27;;;;;NO;NO;DEBAJO_DE_1_75_COSTO_BASE
de3ae5f0-0860-58a3-bb80-e9e1e0302156;3018;Wadfow juego de llaves combinadas 8PCS 6-22MM WFR3208;True;False;True;31900.0;20488.0;1.557;37900;6000;10.0;USD;https://www.totalherramientasoficial.com.py/produto/wadfow-conjunto-de-chaves-combinadas-8pcs--622mm--wfr3208-55186.html;2026-09-27;;;;;NO;NO;DEBAJO_DE_1_75_COSTO_BASE
de4b7d45-efba-51a6-a8c5-6f87a1a6dc83;173377;Total martillo UTH117501 1700W max 10K;True;False;True;10800.0;6934.0;1.558;12800;2000;;;https://www.totalherramientasoficial.com.py/produto/total-martlete--uth117501-1700w-max-10k-15030.html;;;;;;NO;NO;SIN_PRECIO_PROVEEDOR_ACTUAL
de6d8ba6-0911-5ffb-adc9-e09418929e6c;397087;Total martillo TRHLI1601 20V li-ion;True;False;True;10800.0;6934.0;1.558;12800;2000;;;https://www.totalherramientasoficial.com.py/produto/total-martlete--trhli1601-20v-liion-30629.html;;;;;;NO;NO;SIN_PRECIO_PROVEEDOR_ACTUAL
de9381c1-a381-503c-87ba-6db8a8d86e86;314152;Total cincel plano sds plus TAC15121412 14X40X250MM;True;False;True;12800.0;8195.0;1.562;15200;2400;;;https://www.totalherramientasoficial.com.py/produto/totalcinzel-plano-sds-plus-tac15121412-14x40x250mm-23129.html;;;;;;NO;NO;SIN_PRECIO_PROVEEDOR_ACTUAL
de9db949-84b6-55fb-bf75-af8863197284;542821;"Wadfow alicate para bombas WPL9C10 10""";True;False;True;8800.0;5674.0;1.551;10500;1700;;;https://www.totalherramientasoficial.com.py/produto/wadfow-alicate-para-bombas-wpl9c10-10-52368.html;;;;;;NO;NO;SIN_PRECIO_PROVEEDOR_ACTUAL
deb2ea0a-de51-5b85-90e0-8c14058e0997;436175;Total llave de imp TIWLI20020 20V;True;False;True;8800.0;5674.0;1.551;10500;1700;;;https://www.totalherramientasoficial.com.py/produto/total-chave-de-imp-tiwli20020-20v-34573.html;;;;;;NO;NO;SIN_PRECIO_PROVEEDOR_ACTUAL
deb9d83c-a204-57c3-90c5-506387b6fc05;458757;"Total amoladora angular 900W 5"" UTG109125565 110V";True;False;True;96200.0;61694.0;1.559;114100;17900;;;https://www.totalherramientasoficial.com.py/produto/total--esmirilhadeira-angular-900w-5--utg109125565-110v-41055.html;;;;;;NO;NO;SIN_PRECIO_PROVEEDOR_ACTUAL
debc6594-a4a5-5380-b4ba-ab662c9eadc4;543767;Wadfow taladro de impacto WMD151051 1050W 13MM;True;False;True;118000.0;75648.0;1.56;139900;21900;36.0;USD;https://www.totalherramientasoficial.com.py/produto/wadfow-furadeira-de-impacto--wmd151051-1050w-13mm-52462.html;2026-09-27;;;;;NO;NO;DEBAJO_DE_1_75_COSTO_BASE
df198629-c3d1-5629-b6e4-79dbd2a7fc73;468831;Total tesoura cocina THSCRS812001;True;False;True;12300.0;7880.0;1.561;14600;2300;;;https://www.totalherramientasoficial.com.py/produto/total-tesoura-de-cozinha-thscrs812001-42567.html;;;;;;NO;NO;SIN_PRECIO_PROVEEDOR_ACTUAL
df74712f-71f4-544f-b2de-c2f302222d8c;102995;Wadfow llave inglesa pico de loro 23-32MM WUW1103;True;False;True;11100.0;7086.0;1.566;13100;2000;4.25;USD;https://www.totalherramientasoficial.com.py/produto/wadfow-chave-de-bico-de-papagaio-2332mm--wuw1103-2741.html;2026-09-27;;;;;NO;NO;DEBAJO_DE_1_75_COSTO_BASE
df7839e4-a752-52f9-b6a2-b616ede51474;518772;Total máquina cortadora de plasma TCUT401;True;False;True;186800.0;119776.0;1.56;221600;34800;;;https://www.totalherramientasoficial.com.py/produto/total-maquina-de-corte-plasma-tcut401-49617.html;;;;;;NO;NO;SIN_PRECIO_PROVEEDOR_ACTUAL
df7fa8da-94d9-5500-bff1-60900be1e7f8;381604;Total kit de llaves de precisión TACSD30326 32PZS;True;False;True;23400.0;15007.0;1.559;27800;4400;9.0;USD;https://www.totalherramientasoficial.com.py/produto/total-kit-de-chaves-de-precisao-tacsd30326-32pc-29322.html;2026-09-27;;;;;NO;NO;DEBAJO_DE_1_75_COSTO_BASE
dfc1b277-f7d2-5b24-ad71-2cb6705cee6c;035772;Karseell Maca Power Repair Conditioner Deep Hydration 500 ml;True;False;True;23400.0;;;;;9.0;USD;https://atacadousa.com.py/cosmeticos/12551-karseell-maca-power-repair-conditioner-500ml-035772.html;2026-09-27;;;;;NO;NO;SIN_COSTO_BASE_DOCUMENTADO
dfc41377-406c-5ad0-957e-af2dfe5ec27b;351157;Total serrucho plegable THFSW1806;True;False;True;137600.0;88256.0;1.559;163300;25700;;;https://www.totalherramientasoficial.com.py/produto/total-serra-poda----thfsw1806-26463.html;;;;;;NO;NO;SIN_PRECIO_PROVEEDOR_ACTUAL
e03d00e2-e029-58b3-9c7e-97a491b29105;341141;Total candado 60MM TLK32603 234G;True;False;True;19500.0;12507.0;1.559;23100;3600;7.5;USD;https://www.totalherramientasoficial.com.py/produto/total-cadiado-60mm--tlk32603-234g-25584.html;2026-09-27;;;;;NO;NO;DEBAJO_DE_1_75_COSTO_BASE
e04c7983-ef69-5556-a2c4-bd3696046956;553377;Total combo taladro + llave de impacto TOSLI250586;True;False;True;319500.0;204880.0;1.559;379000;59500;;;https://www.totalherramientasoficial.com.py/produto/total-combo-furadeira-chave-de-impacto--tosli250586-53437.html;;;;;;NO;NO;SIN_PRECIO_PROVEEDOR_ACTUAL
e05af61d-3383-55b0-bc4d-44e9fe28a336;415545;Total arnes de seguridad THSH501506;True;False;True;54100.0;34672.0;1.56;64100;10000;;;https://www.totalherramientasoficial.com.py/produto/total-arnes-de-seguranca--thsh501506-32447.html;;;;;;NO;NO;SIN_PRECIO_PROVEEDOR_ACTUAL
e082a1a3-9764-521d-8593-79c72dcab54f;207546;Total rotomartillo 20V 28MM TRHLI202862;True;False;True;374400.0;240107.0;1.559;444200;69800;144.0;USD;https://www.totalherramientasoficial.com.py/produto/total-martelete-20v-28mm-trhli202862-56021.html;2026-09-27;;;;;NO;NO;DEBAJO_DE_1_75_COSTO_BASE
e0836635-b948-52b9-877e-3c8b6b06bf5a;316514;Total cinta metrica TMT126051 5M x 19MM;True;False;True;5500.0;3502.0;1.571;6500;1000;2.1;USD;https://www.totalherramientasoficial.com.py/produto/total-trena-metro-tmt126051--5m-x-19mm-23364.html;2026-09-27;;;;;NO;NO;DEBAJO_DE_1_75_COSTO_BASE
e09edb42-8232-5434-b15c-db69fd3b9ab4;502016;Total atornillador 8V TSDLI08025 2VOL;True;False;True;157300.0;100864.0;1.56;186600;29300;;;https://www.totalherramientasoficial.com.py/produto/total-parafuzadeira-8v-tsdli08025---2vol-47485.html;;;;;;NO;NO;SIN_PRECIO_PROVEEDOR_ACTUAL
e0b413b2-376b-5950-9349-06f22c9623a6;455268;Total cargador rápido TCLI2034 20V;True;False;True;31900.0;20488.0;1.557;37900;6000;;;https://www.totalherramientasoficial.com.py/produto/total-caregador-rapido--tcli2034--20v-40027.html;;;;;;NO;NO;SIN_PRECIO_PROVEEDOR_ACTUAL
e0fac226-48b8-5c85-94d3-f6f9f6246932;528061;"Total juego de alicate THT1K0206 2PCS 7""-6""";True;False;True;8800.0;5674.0;1.551;10500;1700;;;https://www.totalherramientasoficial.com.py/produto/total-kit-alicate-tht1k0206--2pcs--76-50635.html;;;;;;NO;NO;SIN_PRECIO_PROVEEDOR_ACTUAL
e105b41a-fb4c-5aff-8e85-7d73f4596a16;444446;Total soplador de iones de litio TABLI200181;True;False;True;186800.0;119776.0;1.56;221600;34800;;;https://www.totalherramientasoficial.com.py/produto/total-soprador-de-ionlitio-tabli200181-37992.html;;;;;;NO;NO;SIN_PRECIO_PROVEEDOR_ACTUAL
e1886ada-9553-5eb5-ae5c-31a43c71ca89;446242;Total sierra ingletadora 1400W TS42142107;True;False;True;368600.0;236400.0;1.559;437300;68700;;;https://www.totalherramientasoficial.com.py/produto/total-serra-esquadria-1400w--ts42142107-38652.html;;;;;;NO;NO;SIN_PRECIO_PROVEEDOR_ACTUAL
e19e7ac5-bf0d-53e2-9d0f-ba0180a5d594;532228;Total cortador de piso THT578002 800MM;True;False;True;223600.0;143397.0;1.559;265300;41700;86.0;USD;https://www.totalherramientasoficial.com.py/produto/total-cortador-de-azulejo--tht578002--800mm-51276.html;2026-09-27;;;;;NO;NO;DEBAJO_DE_1_75_COSTO_BASE
e1a0b872-1aeb-565e-bdb9-7bfe6d8f6843;511988;Total accesorios para herramientas de pintura 9PCS TMGF0702;True;False;True;17200.0;11032.0;1.559;20400;3200;;;https://www.totalherramientasoficial.com.py/produto/total-acessorios-para-ferramentas-de-pintura--9pcs-tmgf0702-48549.html;;;;;;NO;NO;SIN_PRECIO_PROVEEDOR_ACTUAL
e1a18ff4-378e-5348-b69c-2397422e853a;232333;Total kit de herramientas 165PCS UTHKTHP11652;True;False;True;41800.0;26792.0;1.56;49600;7800;;;https://www.totalherramientasoficial.com.py/produto/total-kit-de-ferramentas-165pcs-uthkthp11652-56022.html;;;;;;NO;NO;SIN_PRECIO_PROVEEDOR_ACTUAL
e1aee1eb-6159-50c4-a4a8-42b01a60a902;415347;Total kit alicate 3PCS THT2K0302;True;False;True;40300.0;25846.0;1.559;47800;7500;15.5;USD;https://www.totalherramientasoficial.com.py/produto/total-kit-alicate--3pcs--tht2k0302-32426.html;2026-09-27;;;;;NO;NO;DEBAJO_DE_1_75_COSTO_BASE
e1de19e4-58d5-51d2-b3e4-2d8c9259e767;501842;Total llave de impacto 20V TIWLI2050 50K 2BT;True;False;True;8800.0;5674.0;1.551;10500;1700;;;https://www.totalherramientasoficial.com.py/produto/total-chave-de-impacto-20v-tiwli2050-50k-2bt-47468.html;;;;;;NO;NO;SIN_PRECIO_PROVEEDOR_ACTUAL
e202a876-e62d-566e-afd0-db398850b743;316163;"Total llave ajustable THT101086 8""";True;False;True;13600.0;8753.0;1.554;16200;2600;5.25;USD;https://www.totalherramientasoficial.com.py/produto/total-chave-ajustavel--tht101086-8-23330.html;2026-09-27;;;;;NO;NO;DEBAJO_DE_1_75_COSTO_BASE
e2087732-674c-5d70-88ca-debc28221a6e;501385;Wadfow sierra copa de diamante 32MM WKJ7632;True;False;True;137600.0;88256.0;1.559;163300;25700;;;https://www.totalherramientasoficial.com.py/produto/wadfow-serra-copo-diamante-32mm--wkj7632-47421.html;;;;;;NO;NO;SIN_PRECIO_PROVEEDOR_ACTUAL
e21b9225-d325-5d66-8873-6a5423ef20c5;341363;Total cortadora de azulejo TS6082001 800W mesa;True;False;True;137600.0;88256.0;1.559;163300;25700;;;https://www.totalherramientasoficial.com.py/produto/total-sera-azulejo-ts6082001-800w--mesa-25600.html;;;;;;NO;NO;SIN_PRECIO_PROVEEDOR_ACTUAL
e22e1c54-089b-55df-82c4-0801d666ed4f;531542;Total hidrolavadora 20V portátil TPWLI20362;True;False;True;157300.0;100864.0;1.56;186600;29300;;;https://www.totalherramientasoficial.com.py/produto/total-lava-jato--20v-portatil--tpwli20362-51208.html;;;;;;NO;NO;SIN_PRECIO_PROVEEDOR_ACTUAL
e26740b0-b9df-5457-960b-544b9bd4b29b;511858;Total llave de impacto 400NM TIWLI20401;True;False;True;8800.0;5674.0;1.551;10500;1700;;;https://www.totalherramientasoficial.com.py/produto/total-chave-de-impacto-400nm-tiwli20401-48536.html;;;;;;NO;NO;SIN_PRECIO_PROVEEDOR_ACTUAL
e274662a-9714-5aa7-bb0d-918f798ecf3f;468855;Total candado 50MM TLK31501;True;False;True;8800.0;5674.0;1.551;10500;1700;;;https://www.totalherramientasoficial.com.py/produto/total-cadiado-50-mm--tlk31501-42569.html;;;;;;NO;NO;SIN_PRECIO_PROVEEDOR_ACTUAL
e27a1c96-91ed-5ebd-bf6e-25913cb9c3aa;528795;Wadfow máquina de soldadura (fcaw) WWFC1301;True;False;True;206400.0;132384.0;1.559;244900;38500;;;https://www.totalherramientasoficial.com.py/produto/wadfow-maquina-de-soldar-fcaw--wwfc1301-50711.html;;;;;;NO;NO;SIN_PRECIO_PROVEEDOR_ACTUAL
e296b910-1c7c-5b7e-996b-7904f5461146;512701;Total cepillo para hidrolavadora TGTPB251;True;False;True;32500.0;20844.0;1.559;38600;6100;12.5;USD;https://www.totalherramientasoficial.com.py/produto/total-escova-para-lava-jato--tgtpb251-48621.html;2026-09-27;;;;;NO;NO;DEBAJO_DE_1_75_COSTO_BASE
e2b7bc3a-1630-58bb-8b40-901c13a1ebb2;437592;Total tijeras p/poda THT1576033;True;False;True;54600.0;35016.0;1.559;64800;10200;21.0;USD;https://www.totalherramientasoficial.com.py/produto/total-tesoura-ppoda--tht1576033-34722.html;2026-09-27;;;;;NO;NO;DEBAJO_DE_1_75_COSTO_BASE
e2e0b8b2-6976-57e6-a1ff-25ac315b3627;2431;Wadfow martillo maquinista 500GR WHM8335;True;False;True;14300.0;9172.0;1.559;17000;2700;5.5;USD;https://www.totalherramientasoficial.com.py/produto/wadfow-martelo--maquinista-500gr-whm8335-55181.html;2026-09-27;;;;;NO;NO;DEBAJO_DE_1_75_COSTO_BASE
e303d927-e298-5ca1-b988-2b8d4da42e15;415170;Total escuadro magnetico TAMWH25032;True;False;True;17200.0;11032.0;1.559;20400;3200;;;https://www.totalherramientasoficial.com.py/produto/total-esquadro-magnetico-tamwh25032-32408.html;;;;;;NO;NO;SIN_PRECIO_PROVEEDOR_ACTUAL
e32e5f5e-6a18-5105-916f-311a5272dca6;580083;Wadfow cargador de bateria 2A WFCP502;True;False;True;24100.0;15423.0;1.563;28500;4400;9.25;USD;https://www.totalherramientasoficial.com.py/produto/wadfow-caregador-de-bateria-2a--wfcp502-56432.html;2026-09-27;;;;;NO;NO;DEBAJO_DE_1_75_COSTO_BASE
e35a8782-95b8-5d7e-9769-2c6269684dcb;316422;Total martillo lapidacao THT7210006 1000G;True;False;True;13000.0;8337.0;1.559;15400;2400;5.0;USD;https://www.totalherramientasoficial.com.py/produto/total-martelo-lapidacao-tht7210006-1000g-23355.html;2026-09-27;;;;;NO;NO;DEBAJO_DE_1_75_COSTO_BASE
e3739a31-eb24-550b-a95e-22ca69c64e4a;356170;Medicube Red Succinic Acid Peeling Pad 155 g - 70 Discos;True;False;True;39000.0;;;;;15.0;USD;https://atacadousa.com.py/cosmeticos/11831-esfoliante-medicube-red-succing-acid-peeling-pad-70un1556170.html;2026-09-27;;;;;NO;NO;SIN_COSTO_BASE_DOCUMENTADO
e373d323-8973-5eb2-a137-679d637db7f9;488754;Wadfow juego de bits con puntas hexagonal 1/4 12PCS WST2414;True;False;True;13800.0;8826.0;1.564;16300;2500;4.25;USD;https://www.totalherramientasoficial.com.py/produto/wadfow-conjunto-de-chave-de-soquete-com-pontas-hexagonal-14-12pcs--wst2414-46111.html;2026-09-27;;;;;NO;NO;DEBAJO_DE_1_75_COSTO_BASE
e39e0375-e627-57cb-b17d-42a95aa768b5;542388;Wadfow hidrolavadora 2320PSI WHP3A22 2200W 220V;True;False;True;345800.0;221765.0;1.559;410300;64500;133.0;USD;https://www.totalherramientasoficial.com.py/produto/wadfow-lava-jato-2320psi-whp3a22-2200w-220v-52324.html;2026-09-27;;;;;NO;NO;DEBAJO_DE_1_75_COSTO_BASE
e3aa2317-e84b-5c0b-a54a-b0f2c8544f5b;538817;Wadfow cargador de bateria 12/24V 7A WPY1A071;True;False;True;81900.0;52525.0;1.559;97200;15300;31.5;USD;https://www.totalherramientasoficial.com.py/produto/wadfow-carregador-de--bateria-1224v-7a---wpy1a071-51947.html;2026-09-27;;;;;NO;NO;DEBAJO_DE_1_75_COSTO_BASE
e3ea532b-e6eb-5e5f-b15b-2f073fd66c09;553438;Total combo llave de impacto 42V TIWLI42461;True;False;True;319500.0;204880.0;1.559;379000;59500;;;https://www.totalherramientasoficial.com.py/produto/total--combo-chave-de-impacto-42v--tiwli42461-53443.html;;;;;;NO;NO;SIN_PRECIO_PROVEEDOR_ACTUAL
e3ff56d2-27e7-5976-ad67-ce3d23c8cc43;104425;"Wadfow alicate de presion 5"" WLP1C05";True;False;True;6500.0;4170.0;1.559;7700;1200;2.5;USD;https://www.totalherramientasoficial.com.py/produto/wadfow--alicate-de-pressao--5-wlp1c05-2525.html;2026-09-27;;;;;NO;NO;DEBAJO_DE_1_75_COSTO_BASE
e4721937-05bf-558c-8c4b-666ef7a7c8e4;532068;Total sierra ingletadora 1800W TS421825517;True;False;True;368600.0;236400.0;1.559;437300;68700;;;https://www.totalherramientasoficial.com.py/produto/total-serra-esquadria-1800w--ts421825517-51260.html;;;;;;NO;NO;SIN_PRECIO_PROVEEDOR_ACTUAL
e47d5f13-ecc2-5fba-9d98-0e521da7fe81;239783;Total pistola clavadora TAT83501 0,7 mpa;True;False;True;108100.0;69344.0;1.559;128300;20200;;;https://www.totalherramientasoficial.com.py/produto/total-pregador-de-prego---tat83501-07-mpa-11893.html;;;;;;NO;NO;SIN_PRECIO_PROVEEDOR_ACTUAL
e4ab68f7-b2b5-5463-b2cc-1d951e353551;471206;Wadfow pistola de aire comprimido kit 17PCS WQP9421;True;False;True;17200.0;11032.0;1.559;20400;3200;;;https://www.totalherramientasoficial.com.py/produto/wadfow-pistola-ar-comprimido--kit--17pcs-wqp9421-42804.html;;;;;;NO;NO;SIN_PRECIO_PROVEEDOR_ACTUAL
e4b8dfba-785b-5924-8184-cc1e9c05ba5b;489195;Wadfow bateria 20V 4.AH indicador led de carga WLBP540;True;False;True;72800.0;46687.0;1.559;86400;13600;28.0;USD;https://www.totalherramientasoficial.com.py/produto/wadfow-bateria-20v-4ah-indicador-led-de-carregamento---wlbp540-46155.html;2026-09-27;;;;;NO;NO;DEBAJO_DE_1_75_COSTO_BASE
e5010234-6e79-52e0-a792-a65aae7688ed;489904;Wadfow set caballete soporte 2 toneladas WHJ3502;True;False;True;43700.0;28012.0;1.56;51800;8100;16.8;USD;https://www.totalherramientasoficial.com.py/produto/wadfow-macaco-suporte-2-toneladas--whj3502-46226.html;2026-09-27;;;;;NO;NO;DEBAJO_DE_1_75_COSTO_BASE
e522790d-258a-5dbf-9faf-0ebfa2cfaca8;109437;"Wadfow llave para tubos 36"" WPW8136";True;False;True;54600.0;35016.0;1.559;64800;10200;21.0;USD;https://www.totalherramientasoficial.com.py/produto/wadfow--chave-grifo-36--wpw8136-54636.html;2026-09-27;;;;;NO;NO;DEBAJO_DE_1_75_COSTO_BASE
e5339cab-d03e-578e-83e6-3b28fe4bd4fc;529143;Total juego de vasos de impacto 3/4 THKISD34082L;True;False;True;88700.0;56859.0;1.56;105200;16500;;;https://www.totalherramientasoficial.com.py/produto/total-conjunto-de-tomada-de-impacto-34--thkisd34082l-50761.html;;;;;;NO;NO;SIN_PRECIO_PROVEEDOR_ACTUAL
e5384809-e887-5204-addc-2d2ee3b68d60;512640;Total bateria 16V 2.0AH TFBLI1620;True;False;True;31900.0;20488.0;1.557;37900;6000;;;https://www.totalherramientasoficial.com.py/produto/total-bateria-16v--20ah-tfbli1620-48615.html;;;;;;NO;NO;SIN_PRECIO_PROVEEDOR_ACTUAL
e575def2-f039-5f9a-8c32-b1ac06109c41;532396;Total juego de llaves combinadas 12PCS THT1023121;True;False;True;58500.0;37518.0;1.559;69400;10900;;;https://www.totalherramientasoficial.com.py/produto/total-kit-chave-combinada--12pcs--tht1023121-51293.html;;;;;;NO;NO;SIN_PRECIO_PROVEEDOR_ACTUAL
e57d1098-250e-557b-b45b-c61280008db3;537704;"Wadfow organizador de plástico 16.5"" 430X350X110MM WTB1622";True;False;True;26000.0;16658.0;1.561;30800;4800;9.99;USD;https://www.totalherramientasoficial.com.py/produto/wadfow-organizador-de-plastico--165-430x350x110mm--wtb1622-51836.html;2026-09-27;;;;;NO;NO;DEBAJO_DE_1_75_COSTO_BASE
e585bf72-d3bf-5e95-b2e9-c8952e8588d2;415606;Total catraca THTRS3101 3T 10M x 50MM;True;False;True;34400.0;22092.0;1.557;40900;6500;13.25;USD;https://www.totalherramientasoficial.com.py/produto/total-catraca--thtrs3101-3t-10m-x-50mm-32453.html;2026-09-27;;;;;NO;NO;DEBAJO_DE_1_75_COSTO_BASE
e59fc02f-0f27-5ec6-91b0-abb9bbdf99d0;463393;Wadfow gato hidráulico 2T WHJ1502;True;False;True;59000.0;37824.0;1.56;70000;11000;;;https://www.totalherramientasoficial.com.py/produto/wadfow-macaco--2t----whj1502-41986.html;;;;;;NO;NO;SIN_PRECIO_PROVEEDOR_ACTUAL
e5a892f2-b2a7-5c9a-be59-d54b656acf72;446235;Total fresadora de mano 600W TLT6001;True;False;True;108100.0;69344.0;1.559;128300;20200;;;https://www.totalherramientasoficial.com.py/produto/total-tupia--manual--600w--tlt6001-38651.html;;;;;;NO;NO;SIN_PRECIO_PROVEEDOR_ACTUAL
e5af5a3f-c1fe-52cc-8279-1b6c2d4ce64c;436519;Total bits cruz TACIM16PH2103 PH2X250;True;False;True;40300.0;25846.0;1.559;47800;7500;15.5;USD;https://www.totalherramientasoficial.com.py/produto/total-bits-philips-tacim16ph2103-ph2x250-34610.html;2026-09-27;;;;;NO;NO;DEBAJO_DE_1_75_COSTO_BASE
e5c8d923-2948-5fc1-a3d4-fddbe41a3a96;501156;Wadfow silla para mecánico 360° WNC1501;True;False;True;17200.0;11032.0;1.559;20400;3200;;;https://www.totalherramientasoficial.com.py/produto/wadfow-cadeira-mecanica--360---wnc1501-47398.html;;;;;;NO;NO;SIN_PRECIO_PROVEEDOR_ACTUAL
e5d0009e-6975-5674-91c3-5ddf85a46c01;469500;Wadfow palanca de neumáticos WQB2324 600X30X11MM;True;False;True;221200.0;141840.0;1.56;262400;41200;;;https://www.totalherramientasoficial.com.py/produto/wadfow-alavanca-de-pneu--wqb2324-600x30x11mm-42634.html;;;;;;NO;NO;SIN_PRECIO_PROVEEDOR_ACTUAL
e5d016fc-7f4b-549c-99a7-5a3cc3999025;463256;Wadfow candado bicicleta WBK2110;True;False;True;9100.0;5838.0;1.559;10800;1700;3.5;USD;https://www.totalherramientasoficial.com.py/produto/wadfow-cadiado-bike----wbk2110-41972.html;2026-09-27;;;;;NO;NO;DEBAJO_DE_1_75_COSTO_BASE
e5da25db-a567-5bf0-99ff-2946812426f6;240635;Total combo 20V llave de impacto + trinquete + lámpara TOSLI25;True;False;True;319500.0;204880.0;1.559;379000;59500;;;https://www.totalherramientasoficial.com.py/produto/total-combo-20v-chave-de-impacto--catraca--luz-de-trabalho--tosli250981-18531.html;;;;;;NO;NO;SIN_PRECIO_PROVEEDOR_ACTUAL
e6160264-047c-50ad-b773-8a04950d4fdf;529266;Total kit de herramientas THKTHP10892 89PCS;True;False;True;41800.0;26792.0;1.56;49600;7800;;;https://www.totalherramientasoficial.com.py/produto/total--kit-de--ferramentas--thkthp10892--89pcs-50773.html;;;;;;NO;NO;SIN_PRECIO_PROVEEDOR_ACTUAL
e641dee8-56a1-5190-8bcc-28f9d79f6773;367479;Total sierra policorte TS92035516 2350W;True;False;True;137600.0;88256.0;1.559;163300;25700;;;https://www.totalherramientasoficial.com.py/produto/total-serra-policorte--ts92035516-2350w-12044.html;;;;;;NO;NO;SIN_PRECIO_PROVEEDOR_ACTUAL
e64235c2-6df3-52a0-903f-4a1d809e4b0b;532129;Total hidrolavadora TGT11246 2500W 2300PSI;True;False;True;466900.0;299440.0;1.559;554000;87100;;;https://www.totalherramientasoficial.com.py/produto/total--lava-jato--tgt11246--2500w--2300psi-51266.html;;;;;;NO;NO;SIN_PRECIO_PROVEEDOR_ACTUAL
e655bc2b-86ec-5e25-828e-13befeca3660;313803;Total sierra mesa TS5152542 1500WATT;True;False;True;741000.0;475211.0;1.559;879100;138100;285.0;USD;https://www.totalherramientasoficial.com.py/produto/total-serra-mesa----ts5152542-1500watt-23099.html;2026-09-27;;;;;NO;NO;DEBAJO_DE_1_75_COSTO_BASE
e658986b-c77c-5c1c-8af1-2c1c00b3c057;341455;"Total bolsa de herramientas 24"" THT16242";True;False;True;13800.0;8826.0;1.564;16300;2500;;;https://www.totalherramientasoficial.com.py/produto/total-bolsa-de-ferramentas-24-tht16242-25608.html;;;;;;NO;NO;SIN_PRECIO_PROVEEDOR_ACTUAL
e65d5744-b03e-5dd2-b4c6-46ee6860cbb1;461870;Wadfow soldador de punta recta WEL1604 40W;True;False;True;206400.0;132384.0;1.559;244900;38500;;;https://www.totalherramientasoficial.com.py/produto/wadfow-ferro-de-soldar-ponta-reta---wel1604-40w-41813.html;;;;;;NO;NO;SIN_PRECIO_PROVEEDOR_ACTUAL
e65e4647-35b0-562c-b53d-67d9eefd720a;173360;Total martelete UTH308261 800W sds plus;True;False;True;152400.0;97712.0;1.56;180800;28400;;;https://www.totalherramientasoficial.com.py/produto/total-martelete--uth308261-800w-sds-plus-11920.html;;;;;;NO;NO;SIN_PRECIO_PROVEEDOR_ACTUAL
e66ea03f-d56a-5715-b99f-57d07cf0f6a8;381208;"Total llave de impacto de aire TAT40342 3/4"" 4K";True;False;True;205400.0;131725.0;1.559;243700;38300;79.0;USD;https://www.totalherramientasoficial.com.py/produto/total-chave-de-impacto-de-ar-tat40342-34--4k-29284.html;2026-09-27;;;;;NO;NO;DEBAJO_DE_1_75_COSTO_BASE
e6722fc7-f12d-5c72-ae22-a00cfbbc7059;489751;Wadfow cepillo carpintero manual 250MM WSF2504;True;False;True;68900.0;44188.0;1.559;81700;12800;26.5;USD;https://www.totalherramientasoficial.com.py/produto/wadfow-plana-de-carpinteiro-manual-250mm---wsf2504-46211.html;2026-09-27;;;;;NO;NO;DEBAJO_DE_1_75_COSTO_BASE
e6826070-df93-5c54-a0b2-53b492c22bcb;381130;Total máquina de soldadura TW21605 220V 160A;True;False;True;206400.0;132384.0;1.559;244900;38500;;;https://www.totalherramientasoficial.com.py/produto/total-maquina-de-solda--tw21605-220v-160a-29277.html;;;;;;NO;NO;SIN_PRECIO_PROVEEDOR_ACTUAL
e69cb609-1ad5-5b15-85ad-f8befc3b4351;514958;Total cortador de azulejos THT57120 1200MM;True;False;True;13800.0;8826.0;1.564;16300;2500;;;https://www.totalherramientasoficial.com.py/produto/total-cortador-de-pisos-tht57120--1200mm-48846.html;;;;;;NO;NO;SIN_PRECIO_PROVEEDOR_ACTUAL
e6efb5a8-71e4-5fc0-9a72-de5c72637406;338424;Total corta cesped 20V TGTLI20018;True;False;True;46700.0;29944.0;1.56;55400;8700;;;https://www.totalherramientasoficial.com.py/produto/total-corta-grama-20v-tgtli20018-12052.html;;;;;;NO;NO;SIN_PRECIO_PROVEEDOR_ACTUAL
e735af7c-d15b-58f9-9e22-6fe2d931b476;496032;Wadfow copa de baño WZG1506;True;False;True;13000.0;8337.0;1.559;15400;2400;5.0;USD;https://www.totalherramientasoficial.com.py/produto/wadfow--banho-sub-copo---wzg1506-46879.html;2026-09-27;;;;;NO;NO;DEBAJO_DE_1_75_COSTO_BASE
e748eb0f-7f7f-52de-bb0f-6e0c2b0d207f;341370;Total taladro 110V UTG109136 850W;True;False;True;88500.0;56736.0;1.56;105000;16500;;;https://www.totalherramientasoficial.com.py/produto/total-furadera-110v-utg109136-850w-11916.html;;;;;;NO;NO;SIN_PRECIO_PROVEEDOR_ACTUAL
e78221d2-315b-56a6-a91f-cae00a31349c;230803;Total cargador 20V 4A de 6 puertos TFCLI2064;True;False;True;31900.0;20488.0;1.557;37900;6000;;;https://www.totalherramientasoficial.com.py/produto/total-carregador--20v-4a-6-portas-tcli2064-18121.html;;;;;;NO;NO;SIN_PRECIO_PROVEEDOR_ACTUAL
e7822a8f-e832-5fc0-86f2-a57158e877f1;341585;"Total alicate de corte THT260606 6""";True;False;True;10400.0;6670.0;1.559;12300;1900;4.0;USD;https://www.totalherramientasoficial.com.py/produto/total-alicate-de-corte-tht260606-6-25619.html;2026-09-27;;;;;NO;NO;DEBAJO_DE_1_75_COSTO_BASE
e7b52b2a-72a0-5b36-aeeb-4e6f58a20b66;461092;Wadfow cinta metrica 12.5MM WMT25100 100M;True;False;True;5900.0;3782.0;1.56;7000;1100;;;https://www.totalherramientasoficial.com.py/produto/wadfow-metro--125mm---wmt25100-100m-41735.html;;;;;;NO;NO;SIN_PRECIO_PROVEEDOR_ACTUAL
e7df85f3-e319-506e-94be-63decf521112;496230;"Wadfow bolsa de herramientas 16"" WTG3116";True;False;True;41800.0;26792.0;1.56;49600;7800;4.75;USD;https://www.totalherramientasoficial.com.py/produto/wadfow-bolsa-de-ferramentas-16-wtg3116-46899.html;2026-09-27;;;;;NO;NO;DEBAJO_DE_1_75_COSTO_BASE
e7e0f077-b18c-550f-8baa-a91b62ff5b2b;416023;Total nivel laser TLL306505 30MT rojo;True;False;True;137600.0;88256.0;1.559;163300;25700;;;https://www.totalherramientasoficial.com.py/produto/total-nivel-laser--tll306505-30mt-vermelho-32495.html;;;;;;NO;NO;SIN_PRECIO_PROVEEDOR_ACTUAL
e7e7a91e-13e4-5278-bd72-d88f58fa7a46;381789;Total lubricador de grasa THT118302 30L aire;True;False;True;13800.0;8826.0;1.564;16300;2500;;;https://www.totalherramientasoficial.com.py/produto/total-lubrfcador-graxa--tht118302-30l-ar-29338.html;;;;;;NO;NO;SIN_PRECIO_PROVEEDOR_ACTUAL
e7f326ff-9f7d-57cb-94d6-9652cc2927d2;98397;Wadfow soplador 20V WBLP5521;True;False;True;186800.0;119776.0;1.56;221600;34800;29.99;USD;https://www.totalherramientasoficial.com.py/produto/wadfow-soprador-20v--wblp5521-288.html;2026-09-27;;;;;NO;NO;DEBAJO_DE_1_75_COSTO_BASE
e7fe475c-12ae-5d4f-ab79-e6799354cab2;134262;Total combo 2PCS taladro + llave de impacto 20V UTCKLI20286;True;False;True;285100.0;182816.0;1.559;338200;53100;;;https://www.totalherramientasoficial.com.py/produto/total-combo-2pcs-parafusadeira--chave-de-impacto-20v--utckli20286-13509.html;;;;;;NO;NO;SIN_PRECIO_PROVEEDOR_ACTUAL
e80e8bcb-cb4d-572c-bea8-e03f0a2fe179;470872;Wadfow botas de lluvia 43 blanco WRB2L43;True;False;True;59000.0;37824.0;1.56;70000;11000;;;https://www.totalherramientasoficial.com.py/produto/wadfow--botas-de-chuva--43-branca--wrb2l43-42771.html;;;;;;NO;NO;SIN_PRECIO_PROVEEDOR_ACTUAL
e8172fa4-3ac5-5912-997c-7e84bcde2e8f;526050;Total grapas TAC918506 50MM;True;False;True;20400.0;13090.0;1.558;24200;3800;7.85;USD;https://www.totalherramientasoficial.com.py/produto/total--grampos--tac918506--50mm-50429.html;2026-09-27;;;;;NO;NO;DEBAJO_DE_1_75_COSTO_BASE
e8675baf-bd67-5230-a515-2748fbf16b0a;350969;Total inyector aire neumatico TAT11601;True;False;True;221200.0;141840.0;1.56;262400;41200;;;https://www.totalherramientasoficial.com.py/produto/total-injetor-ar-pneumatico-tat11601-11888.html;;;;;;NO;NO;SIN_PRECIO_PROVEEDOR_ACTUAL
e884b200-821c-5914-bf67-2ff9613d15fa;50005;"Wadfow juego de dados de impactos 8PCS 3/4"" 90MM WMS4D09";True;False;True;96200.0;61694.0;1.559;114100;17900;37.0;USD;https://www.totalherramientasoficial.com.py/produto/wadfow-conjunto-de-dados-de-impacto--8pcs-34-90mm-wms4d09-35513.html;2026-09-27;;;;;NO;NO;DEBAJO_DE_1_75_COSTO_BASE
e8855e13-eb17-5b24-a4f1-7cb18f0db37d;553964;"Total moto sierra corriente 8"" 33 dent TGTSC50801";True;False;True;137600.0;88256.0;1.559;163300;25700;;;https://www.totalherramientasoficial.com.py/produto/total-moto-serra-corrente--8-33-dent-tgtsc50801-53496.html;;;;;;NO;NO;SIN_PRECIO_PROVEEDOR_ACTUAL
e885fa11-eebe-5477-8aa4-f499fa01fd8e;528719;Wadfow juego de broca para metal/ mampostería y madera 16PCS w;True;False;True;15700.0;10086.0;1.557;18700;3000;;;https://www.totalherramientasoficial.com.py/produto/wadfow-conjunto-de-broca-para-metal-alvenaria-e-madeira-16pcs--wmj6516-50703.html;;;;;;NO;NO;SIN_PRECIO_PROVEEDOR_ACTUAL
e88c0453-59a9-5aca-8ef5-7363bf338e5b;102919;Wadfow juego de herramientas para reparacion automotivo WART1L;True;False;True;66300.0;42520.0;1.559;78700;12400;25.5;USD;https://www.totalherramientasoficial.com.py/produto/wadfow-conjunto-de-ferramentas-de-reparo-automotivo-54869.html;2026-09-27;;;;;NO;NO;DEBAJO_DE_1_75_COSTO_BASE
e8997a2a-820b-5d8b-a10e-fc3747f1f53b;536493;Total juego de brocas 4341 hss 15PCS TACSDL51506 metal;True;False;True;15700.0;10086.0;1.557;18700;3000;;;https://www.totalherramientasoficial.com.py/produto/total-kit-brocas-4341-hss-15pcs--tacsdl51506-metal-51710.html;;;;;;NO;NO;SIN_PRECIO_PROVEEDOR_ACTUAL
e8c37720-7bb6-5e6c-bf46-265c81838bf5;579964;Wadfow combo 2PCS taladro + llave de impacto 20V WCK20275;True;False;True;285100.0;182816.0;1.559;338200;53100;;;https://www.totalherramientasoficial.com.py/produto/wadfow-combo-2pcs-furadeira--chave-de-impacto-20v-wck20275-56420.html;;;;;;NO;NO;SIN_PRECIO_PROVEEDOR_ACTUAL
e9227cfe-27bc-5289-9000-9aa5b4fd9da8;446280;Total mecha cincel hexagonal TAC1531282;True;False;True;54600.0;35016.0;1.559;64800;10200;21.0;USD;https://www.totalherramientasoficial.com.py/produto/total-broca-cinzel-hexagonal-tac1531282-38656.html;2026-09-27;;;;;NO;NO;DEBAJO_DE_1_75_COSTO_BASE
e92d12e4-7836-56e4-8935-bf5a39d65fb3;487092;"Total bolsa de herramientas con ruedas 20"" THRRTB2012";True;False;True;41800.0;26792.0;1.56;49600;7800;;;https://www.totalherramientasoficial.com.py/produto/total-bolsa-de-ferramentas-com-rodas-20-thrrtb2012-45944.html;;;;;;NO;NO;SIN_PRECIO_PROVEEDOR_ACTUAL
e95e7586-2240-5153-a127-8a932cbc4040;417280;Total martillo UTH1153226 1500W sds plus;True;False;True;10800.0;6934.0;1.558;12800;2000;;;https://www.totalherramientasoficial.com.py/produto/total-martlete--uth1153226-1500w-sds-plus-32629.html;;;;;;NO;NO;SIN_PRECIO_PROVEEDOR_ACTUAL
e9bf366b-3f22-551b-8af7-8f6323d10cd5;232173;Wadfow martillo uña acero forjado mango antishock WHM8116;True;False;True;16900.0;10840.0;1.559;20100;3200;6.5;USD;https://www.totalherramientasoficial.com.py/produto/wadfow-martelo-de-garra-de-aco-forjado-com-cabo-antichoque-whm8116-18199.html;2026-09-27;;;;;NO;NO;DEBAJO_DE_1_75_COSTO_BASE
e9caf31c-f5fb-50d5-baec-9f96bc7a91d1;488938;Wadfow juego de cajas de herramientas de plástico de 3PIEZAS w;True;False;True;17200.0;11032.0;1.559;20400;3200;;;https://www.totalherramientasoficial.com.py/produto/wadfow-conjunto-de-caixa-de-ferramentas-de-plastico-de-3-pecas-wtb4103-46129.html;;;;;;NO;NO;SIN_PRECIO_PROVEEDOR_ACTUAL
e9e459d2-260b-592c-9996-868dd0f64c87;611640;Wadfow accesorios multiherramientas 22PCS WMA9417;True;False;True;17200.0;11032.0;1.559;20400;3200;8.99;USD;https://www.totalherramientasoficial.com.py/produto/wadfow--acessorios-para-ferramentas-multifuncionais--22pcs--wma9417-57167.html;2026-09-27;;;;;NO;NO;DEBAJO_DE_1_75_COSTO_BASE
ea16ab5c-a2ea-5c0f-ab22-2a9a5274f15c;182973;Total máscara de soldar automática TSP9103;True;False;True;206400.0;132384.0;1.559;244900;38500;;;https://www.totalherramientasoficial.com.py/produto/total-mascara-de-soldagem-automatica--tsp9103-15407.html;;;;;;NO;NO;SIN_PRECIO_PROVEEDOR_ACTUAL
ea41f844-ea7b-5063-acf3-742f8253d305;583688;Total cepillo eléctrico 750W UTL7508226;True;False;True;127400.0;81703.0;1.559;151200;23800;49.0;USD;https://www.totalherramientasoficial.com.py/produto/total-plaina-eletrica-750w-utl7508226-56792.html;2026-09-27;;;;;NO;NO;DEBAJO_DE_1_75_COSTO_BASE
ea43a9b4-c0c5-566f-81bc-4f57bb45ef56;521222;Total multímetro 600V 6000 dígitos TMT516004;True;False;True;68900.0;44188.0;1.559;81700;12800;26.5;USD;https://www.totalherramientasoficial.com.py/produto/total-multitester--600v--6000-digitos--tmt516004-49875.html;2026-09-27;;;;;NO;NO;DEBAJO_DE_1_75_COSTO_BASE
ea45d851-2f7f-546c-bd59-d31aec56f37a;542074;Total taladro función de impacto 20V UTIDLI20768 76N;True;False;True;137600.0;88256.0;1.559;163300;25700;;;https://www.totalherramientasoficial.com.py/produto/total-parafuzadeira-de-impacto-20v-utidli20768-76n-52293.html;;;;;;NO;NO;SIN_PRECIO_PROVEEDOR_ACTUAL
ea742ae6-264c-5e88-aaab-1d0a3d9d6a92;489713;Wadfow remachadora neumática 17MM WAT6517;True;False;True;117000.0;75033.0;1.559;138800;21800;45.0;USD;https://www.totalherramientasoficial.com.py/produto/wadfow-rebitador-pneumatico-17mm---wat6517-46207.html;2026-09-27;;;;;NO;NO;DEBAJO_DE_1_75_COSTO_BASE
ea8044a8-6421-5122-be7a-1e1dae9e2e96;461795;Wadfow taladro percutor 550W WMD15551;True;False;True;63900.0;40976.0;1.559;75800;11900;;;https://www.totalherramientasoficial.com.py/produto/wadfow-furadeira-de-impacto-550w--wmd15551-41805.html;;;;;;NO;NO;SIN_PRECIO_PROVEEDOR_ACTUAL
ea8a7e2b-1784-549f-8333-d50381d751ca;462440;Wadfow alicate de bloqueo WLP3106;True;False;True;6500.0;4170.0;1.559;7700;1200;2.5;USD;https://www.totalherramientasoficial.com.py/produto/wadfow-alicate-bloqeio--wlp3106-41891.html;2026-09-27;;;;;NO;NO;DEBAJO_DE_1_75_COSTO_BASE
eab36c14-8311-5a1c-8c72-0ec041d1037a;489621;Wadfow carretilla metal rueda aire reforzada WWB5F01;True;False;True;93600.0;60027.0;1.559;111000;17400;36.0;USD;https://www.totalherramientasoficial.com.py/produto/wadfow-empilhadeira-metalico-com-roda-a-ar-reforcada-wwb5f01-46198.html;2026-09-27;;;;;NO;NO;DEBAJO_DE_1_75_COSTO_BASE
eac32804-7c50-56cc-b4d4-7cd1c2a36ae4;532051;Total kit cargador 2PCS 21V 4AH TOSLI250388;True;False;True;285100.0;182816.0;1.559;338200;53100;;;https://www.totalherramientasoficial.com.py/produto/total-kit-carregador--2pcs--21v-4ah--tosli250388-51259.html;;;;;;NO;NO;SIN_PRECIO_PROVEEDOR_ACTUAL
eacf67b5-aee1-5292-bd0f-cc1be9e49b83;543118;Wadfow kit de herramientas 61PCS WHS4B61;True;False;True;257400.0;165073.0;1.559;305400;48000;99.0;USD;https://www.totalherramientasoficial.com.py/produto/wadfow--kit-de-ferramentas--61pcs--whs4b61-52397.html;2026-09-27;;;;;NO;NO;DEBAJO_DE_1_75_COSTO_BASE
eafa6c6a-0d85-5821-8399-e8ebd697cea6;415965;Total kit gancho TPHSK0401 4PCS;True;False;True;17200.0;11032.0;1.559;20400;3200;;;https://www.totalherramientasoficial.com.py/produto/total-kit-gancho--tphsk0401--4pcs-32489.html;;;;;;NO;NO;SIN_PRECIO_PROVEEDOR_ACTUAL
eaff30b5-6f8b-5ad8-bc4d-26ff0c2257da;488129;Total compresor de aire TCS1110062 6L;True;False;True;221200.0;141840.0;1.56;262400;41200;;;https://www.totalherramientasoficial.com.py/produto/total-compressor-de-ar-tcs1110062--6l-46048.html;;;;;;NO;NO;SIN_PRECIO_PROVEEDOR_ACTUAL
eb0ea7e9-8169-5ddc-a892-06ee378a7471;616751;"Wadfow ventilador axial móvil 8"" UWGFJ2A08 110V";True;False;True;17200.0;11032.0;1.559;20400;3200;;;https://www.totalherramientasoficial.com.py/produto/wadfow-ventilador-axial-movel---8--uwgfj2a08--110v-57227.html;;;;;;NO;NO;SIN_PRECIO_PROVEEDOR_ACTUAL
eb5bc984-4308-57d3-b65f-6f54b70494b6;367615;"Total alicate de presión THT191002 10""";True;False;True;13800.0;8826.0;1.564;16300;2500;;;https://www.totalherramientasoficial.com.py/produto/total-alicate-de-pressao-tht191002--10-27977.html;;;;;;NO;NO;SIN_PRECIO_PROVEEDOR_ACTUAL
eb5e095c-3b4d-581d-81a4-9dd90f95e788;381772;Total lubricador de grasa 600CC THT111062;True;False;True;52000.0;33332.0;1.56;61700;9700;19.99;USD;https://www.totalherramientasoficial.com.py/produto/total-lubrfcador-graxa--600cc-tht111062-29337.html;2026-09-27;;;;;NO;NO;DEBAJO_DE_1_75_COSTO_BASE
eb7624ca-4370-507c-8cd5-453d902a4926;580076;Wadfow barredora inalámbrica 20V WLSP1520;True;False;True;293800.0;188417.0;1.559;348600;54800;113.0;USD;https://www.totalherramientasoficial.com.py/produto/wadfow-varredor-sem-fio-20v--wlsp1520-56431.html;2026-09-27;;;;;NO;NO;DEBAJO_DE_1_75_COSTO_BASE
eb8fd373-67c4-5422-942c-1d70a13d1b1e;532297;"Total llave de impacto 20V 3/4"" TIWLI20175 175K";True;False;True;8800.0;5674.0;1.551;10500;1700;;;https://www.totalherramientasoficial.com.py/produto/total-chave-de-impacto-20v-34--tiwli20175--175k-51283.html;;;;;;NO;NO;SIN_PRECIO_PROVEEDOR_ACTUAL
eba5b686-a040-5f21-aeb7-e532f8765fe0;488464;Total juego de dados y trinquete 94PCS THT421942;True;False;True;157300.0;100864.0;1.56;186600;29300;;;https://www.totalherramientasoficial.com.py/produto/total-conjunto-de-socket-e-catraca-94-pcs--tht421942-46082.html;;;;;;NO;NO;SIN_PRECIO_PROVEEDOR_ACTUAL
ebb406c3-bf50-52ef-b941-a84aff96f4d4;543460;Wadfow caballete 2PCS 6 toneladas WHJS0601;True;False;True;122200.0;78368.0;1.559;145000;22800;47.0;USD;https://www.totalherramientasoficial.com.py/produto/wadfow-cavalete-2pcs--de-6-toneladas--whjs0601-52432.html;2026-09-27;;;;;NO;NO;DEBAJO_DE_1_75_COSTO_BASE
ebc22593-2a9b-50f1-9bf9-ab17bf82cb3e;278508;Total gato hidráulico de botella 12 toneladas THT109122;True;False;True;13800.0;8826.0;1.564;16300;2500;;;https://www.totalherramientasoficial.com.py/produto/total-macaco-hidraulico-de-garrafa-12-toneladas---tht109122-55269.html;;;;;;NO;NO;SIN_PRECIO_PROVEEDOR_ACTUAL
ebc3713f-882d-5cf5-9ec4-8308eca558e6;612517;"Total bolsa de herramientas 16"" 180° THT36L06";True;False;True;41800.0;26792.0;1.56;49600;7800;;;https://www.totalherramientasoficial.com.py/produto/total--bolsa-de--ferramentas-16-180--tht36l06-57281.html;;;;;;NO;NO;SIN_PRECIO_PROVEEDOR_ACTUAL
ebca15d3-1057-5826-b6f4-2ceeb7467cde;239240;Total taladro mezclador bat TD61101 1100 watt;True;False;True;118000.0;75648.0;1.56;139900;21900;;;https://www.totalherramientasoficial.com.py/produto/total-misturador-de-massa-td61101-1100-watt-8427.html;;;;;;NO;NO;SIN_PRECIO_PROVEEDOR_ACTUAL
ebcb1c2e-28ab-50be-aedb-024df37dd8de;381437;Total juego de mechas para metal 8PCS TACSD0085;True;False;True;15000.0;9588.0;1.564;17700;2700;5.75;USD;https://www.totalherramientasoficial.com.py/produto/total-broca-kit-para-metal-8pcs--tacsd0085-29305.html;2026-09-27;;;;;NO;NO;DEBAJO_DE_1_75_COSTO_BASE
ebd2fa61-cb1c-5445-8cca-89f4138e4f54;367868;Total kit llave combinada THT102286 8PCS;True;False;True;5900.0;3782.0;1.56;7000;1100;;;https://www.totalherramientasoficial.com.py/produto/total-kit-chave-combinada--tht102286-8pcs-28001.html;;;;;;NO;NO;SIN_PRECIO_PROVEEDOR_ACTUAL
ebd545cf-11fe-5974-af22-4959bf299f47;468909;Total amoladora angular TG109125565 900W 220V;True;False;True;96200.0;61694.0;1.559;114100;17900;37.0;USD;https://www.totalherramientasoficial.com.py/produto/total-esmirilhadeira-angular---tg109125565--900w-220v-42574.html;2026-09-27;;;;;NO;NO;DEBAJO_DE_1_75_COSTO_BASE
ebdf1f16-1641-50d1-add9-4966169572d2;505864;Wadfow candado 38MM 4PCS WPD5444;True;False;True;11400.0;7338.0;1.554;13600;2200;4.4;USD;https://www.totalherramientasoficial.com.py/produto/wadfow-cadeado-38mm-4pcs-wpd5444-47872.html;2026-09-27;;;;;NO;NO;DEBAJO_DE_1_75_COSTO_BASE
ebee889b-5159-5a79-9cf5-2e32d7132df5;340632;Total estilete THT519611 lamina 61X19MM;True;False;True;13800.0;8826.0;1.564;16300;2500;;;https://www.totalherramientasoficial.com.py/produto/total-estilete--tht519611-lamina-61x19mm-25531.html;;;;;;NO;NO;SIN_PRECIO_PROVEEDOR_ACTUAL
ec0431bb-a1df-5dee-8f3e-1dbabb3227b7;489607;Wadfow carretilla de ruedas 150KG WWB8F01;True;False;True;111800.0;71699.0;1.559;132600;20800;43.0;USD;https://www.totalherramientasoficial.com.py/produto/wadfow-carrito-de--carga-de-rodas--150kg----wwb8f01-46196.html;2026-09-27;;;;;NO;NO;DEBAJO_DE_1_75_COSTO_BASE
ec1d768b-5e22-50f6-9333-bf3d9fccbf6d;367738;Total remachador manual THT32104 10.5'';True;False;True;13800.0;8826.0;1.564;16300;2500;;;https://www.totalherramientasoficial.com.py/produto/total-rebitador-manual-tht32104-105-27988.html;;;;;;NO;NO;SIN_PRECIO_PROVEEDOR_ACTUAL
ec378745-b73e-509e-9cee-96cf50c0678d;488334;"Total rastrador de plástico para coche 40"" THPLCC0405";True;False;True;41800.0;26792.0;1.56;49600;7800;;;https://www.totalherramientasoficial.com.py/produto/total--carrinho-esteira-mecanico-40--thplcc0405-46069.html;;;;;;NO;NO;SIN_PRECIO_PROVEEDOR_ACTUAL
ec48125e-87be-5cf7-89e1-cd2a4e7a9cd0;444408;Total juego de taladro y atornillador 12V TKLI1201;True;False;True;71300.0;45704.0;1.56;84600;13300;;;https://www.totalherramientasoficial.com.py/produto/total-conjunto-de-furadeira-e-parafuzadeira-12v--tkli-1201-37988.html;;;;;;NO;NO;SIN_PRECIO_PROVEEDOR_ACTUAL
ecbdb15a-5bd4-5bca-ad3e-b0379c7a2f40;489683;Wadfow dado de impacto 4PCS WMS6404;True;False;True;157300.0;100864.0;1.56;186600;29300;;;https://www.totalherramientasoficial.com.py/produto/wadfow--socket-de-impacto--4pcs--wms6404-46204.html;;;;;;NO;NO;SIN_PRECIO_PROVEEDOR_ACTUAL
ecee6a12-2011-5929-ba11-fc7879396ea8;543453;Wadfow conjunto de 2 piezas de bastidor de soporte 3T WHJS0301;True;False;True;17200.0;11032.0;1.559;20400;3200;25.0;USD;https://www.totalherramientasoficial.com.py/produto/wadfow-jogo-de--cavalete-2pcs-3-ton--whjs0301-whjs0301-52431.html;2026-09-27;;;;;NO;NO;DEBAJO_DE_1_75_COSTO_BASE
ed2b5317-42ee-52fc-accb-87d3ca992ad8;444422;Total pulidora angular 20V TAPLI2002;True;False;True;98800.0;63362.0;1.559;117200;18400;38.0;USD;https://www.totalherramientasoficial.com.py/produto/total-polidor-de-angulo-20v--tapli2002-37990.html;2026-09-27;;;;;NO;NO;DEBAJO_DE_1_75_COSTO_BASE
ed3361ec-4613-5dee-bb50-aeaf3dd2d041;514927;Total kit llave trinquete 57PCS TOS23092;True;False;True;8800.0;5674.0;1.551;10500;1700;;;https://www.totalherramientasoficial.com.py/produto/total-kit-chave-catraca-57pcs--tos23092-48843.html;;;;;;NO;NO;SIN_PRECIO_PROVEEDOR_ACTUAL
ed551f1d-e9d9-585b-b2ab-5b340807a24c;537568;Wadfow kit herramientas manuales 7PCS WHS5307;True;False;True;17200.0;11032.0;1.559;20400;3200;;;https://www.totalherramientasoficial.com.py/produto/wadfow--kit-ferramentas-manuais-7pcs---whs5307-51822.html;;;;;;NO;NO;SIN_PRECIO_PROVEEDOR_ACTUAL
ed5bbe26-2b42-583b-83b4-fd5a2841e4f6;313766;"Total sierra ingletadora TS42182551 1800W 10""";True;False;True;368600.0;236400.0;1.559;437300;68700;;;https://www.totalherramientasoficial.com.py/produto/total-serra-esquadra-ts42182551-1800w-10-23095.html;;;;;;NO;NO;SIN_PRECIO_PROVEEDOR_ACTUAL
ed69b992-d33c-5422-9dda-beb0a4f0045d;487580;"Total alicate de red TMPC4468P 8""";True;False;True;13600.0;8753.0;1.554;16200;2600;;;https://www.totalherramientasoficial.com.py/produto/total--alicate-de-rede--tmpc4468p--8-45994.html;;;;;;NO;NO;SIN_PRECIO_PROVEEDOR_ACTUAL
ed70bc08-1406-557e-8c1c-cf3ad4955ab2;417518;Total botas seguridad TSP203SB.45;True;False;True;59000.0;37824.0;1.56;70000;11000;;;https://www.totalherramientasoficial.com.py/produto/total-botas-seguranca-tsp203sb45-32652.html;;;;;;NO;NO;SIN_PRECIO_PROVEEDOR_ACTUAL
ed9d3d55-70c7-5968-9116-7033065b6f0b;584180;"Total sierra de pértiga 20V 8"" TPSLI20281";True;False;True;137600.0;88256.0;1.559;163300;25700;;;https://www.totalherramientasoficial.com.py/produto/total-serra-de-poda--20v-8--tpsli20281-56842.html;;;;;;NO;NO;SIN_PRECIO_PROVEEDOR_ACTUAL
edab7e0a-14b6-553d-8021-a76f26a2c07d;415217;Total clavadora neumática TAT8641;True;False;True;127300.0;81621.0;1.56;151000;23700;48.95;USD;https://www.totalherramientasoficial.com.py/produto/total-pregador-pressao-tat8641-32413.html;2026-09-27;;;;;NO;NO;DEBAJO_DE_1_75_COSTO_BASE
edb129eb-f2ce-51e3-8d14-0fdf060d7a5e;489065;Wadfow mini corta cerco jardín 4V usb 106MM WJC1504;True;False;True;57200.0;36683.0;1.559;67900;10700;22.0;USD;https://www.totalherramientasoficial.com.py/produto/wadfow-mini-cortador-de-cerca-de-jardim---4v-usb-106mm----wjc1504-46142.html;2026-09-27;;;;;NO;NO;DEBAJO_DE_1_75_COSTO_BASE
edce308a-4ff0-5af0-b676-b88cc06b1e55;553629;Total martillo rotativo 20V TRHLI21228;True;False;True;150800.0;96710.0;1.559;178900;28100;58.0;USD;https://www.totalherramientasoficial.com.py/produto/total-martelete-20v-trhli21228-53462.html;2026-09-27;;;;;NO;NO;DEBAJO_DE_1_75_COSTO_BASE
eddcb171-2993-5369-bde5-152b6763136a;489379;Wadfow pistola de engrase de aire 400CC WGG4540;True;False;True;55900.0;35851.0;1.559;66300;10400;21.5;USD;https://www.totalherramientasoficial.com.py/produto/wadfow-pistola-de-graxa-de-ar-400cc---wgg4540-46173.html;2026-09-27;;;;;NO;NO;DEBAJO_DE_1_75_COSTO_BASE
ee177561-71bf-58e5-a53e-7e7964c7d543;314176;Total juego de brocas planas para madera TACSD70131 13PCS;True;False;True;44200.0;28346.0;1.559;52400;8200;17.0;USD;https://www.totalherramientasoficial.com.py/produto/total-conjunto-de-brocas-plana-para-madeira--tacsd70131-13pcs-23132.html;2026-09-27;;;;;NO;NO;DEBAJO_DE_1_75_COSTO_BASE
ee2258f3-0673-5d9a-bb21-ac3d15895a2e;381321;Total moto sierra corriente TGTSC181 36DENT;True;False;True;65800.0;42186.0;1.56;78000;12200;25.3;USD;https://www.totalherramientasoficial.com.py/produto/total-moto-sera-corente-tgtsc181-36dent-29295.html;2026-09-27;;;;;NO;NO;DEBAJO_DE_1_75_COSTO_BASE
ee236932-e5dd-5c4f-9ba3-db3fdfda4c6e;230438;Total combo laser de linea + cinta metrica 2PCS TLL680081;True;False;True;285100.0;182816.0;1.559;338200;53100;;;https://www.totalherramientasoficial.com.py/produto/total-combo-nivel-laser---fita-metrica--2pcs-tll680081-54830.html;;;;;;NO;NO;SIN_PRECIO_PROVEEDOR_ACTUAL
ee312b29-2071-5eb6-a979-1d093091db31;461832;Wadfow sierra caladora 400W UWJS15401 110V;True;False;True;68300.0;43769.0;1.56;81000;12700;26.25;USD;https://www.totalherramientasoficial.com.py/produto/wadfow-tico-tico--400w--uwjs15401---110v-41809.html;2026-09-27;;;;;NO;NO;DEBAJO_DE_1_75_COSTO_BASE
ee3fe74f-5c6b-52f1-a9e3-f82f385daa0e;488495;Total caja de herramientas con 7 cajones THRC02071P;True;False;True;27000.0;17336.0;1.557;32100;5100;;;https://www.totalherramientasoficial.com.py/produto/total-caixa-de-ferramentas-com-7-gavetas-thrc02071p-46085.html;;;;;;NO;NO;SIN_PRECIO_PROVEEDOR_ACTUAL
ee4b43a9-b978-5745-9766-c65d66b98722;460538;Wadfow martillo maquinista WHM1310 1000G;True;False;True;11300.0;7253.0;1.558;13400;2100;4.35;USD;https://www.totalherramientasoficial.com.py/produto/wadfow-martelo-de-maquinistawhm1310-1000g-41679.html;2026-09-27;;;;;NO;NO;DEBAJO_DE_1_75_COSTO_BASE
ee539f14-bb8a-5a75-b643-fa635199f896;341691;Total cortador de tubos THT53351 210MM (pvc);True;False;True;13800.0;8826.0;1.564;16300;2500;;;https://www.totalherramientasoficial.com.py/produto/total-cortador-de-tubos--tht53351-210mm-pvc-25630.html;;;;;;NO;NO;SIN_PRECIO_PROVEEDOR_ACTUAL
ee7d2293-8e19-5983-aa2f-cf63c5944fdb;367929;Total pulidora UTP1141806 1400W 7';True;False;True;118000.0;75648.0;1.56;139900;21900;;;https://www.totalherramientasoficial.com.py/produto/total-polidora--utp1141806-1400w-7-28008.html;;;;;;NO;NO;SIN_PRECIO_PROVEEDOR_ACTUAL
ee830653-146b-5633-9ea7-a02be30a6f3e;461351;Wadfow set caballete WDZ1510;True;False;True;85800.0;55024.0;1.559;101800;16000;33.0;USD;https://www.totalherramientasoficial.com.py/produto/wadfow-conjunto-de-cavalete---wdz1510-41761.html;2026-09-27;;;;;NO;NO;DEBAJO_DE_1_75_COSTO_BASE
ee97edd0-e2d0-5845-8179-b8a3b9beabf6;415798;Total atornillador TIDLI2002 2BAT li-ion con impacto;True;False;True;286000.0;183415.0;1.559;339300;53300;110.0;USD;https://www.totalherramientasoficial.com.py/produto/total-parafusadeira-tidli2002-2bat-liion-com-impacto-32471.html;2026-09-27;;;;;NO;NO;DEBAJO_DE_1_75_COSTO_BASE
eea5d0cb-6440-56f8-a276-3a8d8df9eca7;512428;Total bota de seguridad TSP202SB.40;True;False;True;57200.0;36683.0;1.559;67900;10700;;;https://www.totalherramientasoficial.com.py/produto/total-botas-de-seguranca--tsp202sb40-48593.html;;;;;;NO;NO;SIN_PRECIO_PROVEEDOR_ACTUAL
eeb0caa1-0333-5c0e-9b57-6a33dab1704a;87742;Total nivel burbuja magnético TMT28026 80CM;True;False;True;13800.0;8826.0;1.564;16300;2500;;;https://www.totalherramientasoficial.com.py/produto/total-nivel-de-bolha-magnetico-tmt28026-80cm-55492.html;;;;;;NO;NO;SIN_PRECIO_PROVEEDOR_ACTUAL
eec5b2dc-21cc-5d42-ab9e-2cd804e7d592;486330;Total generador a gasolina TP175006 7.5KVA;True;False;True;1838200.0;1178857.0;1.559;2180900;342700;707.0;USD;https://www.totalherramientasoficial.com.py/produto/total-gerador-de-gasolina--tp175006--75kva-45849.html;2026-09-27;;;;;NO;NO;DEBAJO_DE_1_75_COSTO_BASE
eed2bf26-48b3-566f-aa38-cbdd1c04014d;381970;Total taladro percutor UTG111136 1010W 110V;True;False;True;118000.0;75648.0;1.56;139900;21900;;;https://www.totalherramientasoficial.com.py/produto/total-furadeira-utg111136-1010w--110v-29358.html;;;;;;NO;NO;SIN_PRECIO_PROVEEDOR_ACTUAL
eeeeb58e-605e-58d5-828a-831ba928349c;28516;Total rectificador 200W TG2006;True;False;True;94900.0;60862.0;1.559;112600;17700;36.5;USD;https://www.totalherramientasoficial.com.py/produto/total-retificador-200w---tg2006-21253.html;2026-09-27;;;;;NO;NO;DEBAJO_DE_1_75_COSTO_BASE
ef193e24-108a-53a9-b3bb-19a3229366e0;512657;Total cargador de bateria 16V 1.3 a TFCLI1613;True;False;True;20800.0;13339.0;1.559;24700;3900;8.0;USD;https://www.totalherramientasoficial.com.py/produto/total-carregador-de-bateria-16v-13a--tfcli1613-48616.html;2026-09-27;;;;;NO;NO;DEBAJO_DE_1_75_COSTO_BASE
ef25cae1-d972-58e2-a6ea-0cbe5d6557d9;460286;Wadfow prensa sargento en f WCP2124 120X800MM;True;False;True;24300.0;15590.0;1.559;28800;4500;9.35;USD;https://www.totalherramientasoficial.com.py/produto/wadfow-bracadeira-f-wcp2124--120x800mm-41654.html;2026-09-27;;;;;NO;NO;DEBAJO_DE_1_75_COSTO_BASE
efb17ca6-7da8-53c5-b720-6f332b762955;471213;Total pistola de silicona 20V TGGLI2001;True;False;True;39000.0;25011.0;1.559;46300;7300;15.0;USD;https://www.totalherramientasoficial.com.py/produto/total-pistola-de-cola-20v-tggli2001-42805.html;2026-09-27;;;;;NO;NO;DEBAJO_DE_1_75_COSTO_BASE
efb8e947-3979-52e2-b791-b7246f558091;528665;Wadfow juego de brocas para taladro percutor sds plus 9PCS whd;True;False;True;29900.0;19177.0;1.559;35500;5600;11.5;USD;https://www.totalherramientasoficial.com.py/produto/wadfow-conjunto-de-brocas-para-furadeira-sds-plus-9pcs--whd6509-50698.html;2026-09-27;;;;;NO;NO;DEBAJO_DE_1_75_COSTO_BASE
efbfe10d-ceec-5b73-ba0d-3f9e616ec844;521109;Total rectificador 20V TMGLI20011 1BATERIA;True;False;True;33400.0;21434.0;1.558;39700;6300;;;https://www.totalherramientasoficial.com.py/produto/total-retificador-20v-tmgli20011--1bateria-49863.html;;;;;;NO;NO;SIN_PRECIO_PROVEEDOR_ACTUAL
efe4518c-3db6-5128-a6a3-ce6550143825;035727;Karseell Maca Power Repair Curl Defining Cream 200 ml;True;False;True;23400.0;;;;;9.0;USD;https://atacadousa.com.py/cosmeticos/12554-karseell-maca-power-repair-curl-defining-cream-200ml-035727.html;2026-09-27;;;;;NO;NO;SIN_COSTO_BASE_DOCUMENTADO
efecfebe-abf5-584f-acce-20438841c869;411741;Medicube Collagen Lifting Mask 1Unidad 27 g;True;False;True;6500.0;;;;;2.5;USD;https://atacadousa.com.py/cosmeticos/11702-mascara-facial-medicube-collagen-lieting-mask1unidad-27g411741.html;2026-09-27;;;;;NO;NO;SIN_COSTO_BASE_DOCUMENTADO
f02c7098-00c1-512f-99eb-606e096a7535;341684;"Total tijera de aviación 10"" THT522106";True;False;True;13800.0;8826.0;1.564;16300;2500;;;https://www.totalherramientasoficial.com.py/produto/total-tesoura-de-aviacao-10-tht522106-25629.html;;;;;;NO;NO;SIN_PRECIO_PROVEEDOR_ACTUAL
f03a2505-f795-5db1-b5d6-63cab4cb954a;527620;Total combo 3PCS llave de impacto +atornillador+lampara 20V to;True;False;True;368600.0;236400.0;1.559;437300;68700;;;https://www.totalherramientasoficial.com.py/produto/total-combo-3pcs--chave-de-impacto-parafusadeira-lampada-20v--tosli241195-50587.html;;;;;;NO;NO;SIN_PRECIO_PROVEEDOR_ACTUAL
f04d6ef1-39a9-5ade-9cb3-ef18586cb9af;532167;Total alicate multifunción e en 1 THTMF286;True;False;True;18200.0;11672.0;1.559;21600;3400;7.0;USD;https://www.totalherramientasoficial.com.py/produto/total-alicate-multifuncoes-e-em-1-thtmf286-51270.html;2026-09-27;;;;;NO;NO;DEBAJO_DE_1_75_COSTO_BASE
f05fbfab-1314-585c-9c79-68250d65db94;460552;Wadfow martillo de orejas WHM3308 220G;True;False;True;6500.0;4170.0;1.559;7700;1200;2.5;USD;https://www.totalherramientasoficial.com.py/produto/wadfow-martelo-unha--whm3308--220g-41681.html;2026-09-27;;;;;NO;NO;DEBAJO_DE_1_75_COSTO_BASE
f071a538-a845-58ad-b197-55a1a91192be;288507;Total combo detector de distancia 2PCS TOS250902;True;False;True;83200.0;53357.0;1.559;98700;15500;32.0;USD;https://www.totalherramientasoficial.com.py/produto/total-combo-detector-de-distancia-2pcs--tos250902-56006.html;2026-09-27;;;;;NO;NO;DEBAJO_DE_1_75_COSTO_BASE
f077f132-4184-571f-8951-e2d90fd86524;381543;Total hacha THT7810006 1000G 430MM;True;False;True;13800.0;8826.0;1.564;16300;2500;;;https://www.totalherramientasoficial.com.py/produto/total-machado--tht7810006-1000g-430mm-29316.html;;;;;;NO;NO;SIN_PRECIO_PROVEEDOR_ACTUAL
f0a3a697-b4ec-5b8c-959e-27e902c4d7a9;512268;Total máquina de soldar 180A TW218028;True;False;True;206400.0;132384.0;1.559;244900;38500;;;https://www.totalherramientasoficial.com.py/produto/total-maquina-de-soldadura-180a-tw218028-48577.html;;;;;;NO;NO;SIN_PRECIO_PROVEEDOR_ACTUAL
f0c32699-c3ab-5a49-b458-5e02f7ffebbb;460668;Wadfow set cinceles WWC2203 3PCS;True;False;True;12900.0;8255.0;1.563;15300;2400;4.95;USD;https://www.totalherramientasoficial.com.py/produto/wadfow-chave-forman----wwc2203--3pcs-41692.html;2026-09-27;;;;;NO;NO;DEBAJO_DE_1_75_COSTO_BASE
f0d32e9c-21a1-5793-838b-fbe7db67b830;341110;Total candado 50MM TLK32502 270G;True;False;True;20200.0;12923.0;1.563;23900;3700;7.75;USD;https://www.totalherramientasoficial.com.py/produto/total-cadiado-50mm--tlk32502-270g-25581.html;2026-09-27;;;;;NO;NO;DEBAJO_DE_1_75_COSTO_BASE
f0d33318-6794-57a6-ad1c-ec1ffff85fd3;573188;Medicube Crema Age-R Glutathione Glow Capsule Cream 50 ml;True;False;True;40300.0;;;;;15.5;USD;https://atacadousa.com.py/cosmeticos/12307-creme-facial-medicube-age-r-glutathine-glow-capsule-cream-50ml573188.html;2026-09-27;;;;;NO;NO;SIN_COSTO_BASE_DOCUMENTADO
f0fb04f4-3ffa-594d-9366-2b8ba5495751;509428;Total alicate pelacable THT15246 210MM;True;False;True;20200.0;12923.0;1.563;23900;3700;;;https://www.totalherramientasoficial.com.py/produto/total-alicate-de-descascador-de-fios-tht15246-210mm-48243.html;;;;;;NO;NO;SIN_PRECIO_PROVEEDOR_ACTUAL
f0fb88c7-03cf-578d-9003-7e8f8fd74963;490023;Wadfow escalera aluminio 7 escalones 120KG WLD3H07;True;False;True;135200.0;86705.0;1.559;160400;25200;52.0;USD;https://www.totalherramientasoficial.com.py/produto/wadfow-escada-de-aluminio-7-degraus-120kg-wld3h07-46238.html;2026-09-27;;;;;NO;NO;DEBAJO_DE_1_75_COSTO_BASE
f1010d1b-b46d-52a0-bd1a-30d246cd75fd;533324;"Wadfow alicate de corte diagonal 7"" WPL7717";True;False;True;8800.0;5674.0;1.551;10500;1700;;;https://www.totalherramientasoficial.com.py/produto/wadfow-alicate-de-corte--diagonais--7-wpl7717-51386.html;;;;;;NO;NO;SIN_PRECIO_PROVEEDOR_ACTUAL
f11631ff-8f93-503a-8f3c-f9baa0ecdd11;542333;Wadfow taladro de impacto motor sin escobillas WCDP9281 20V;True;False;True;231400.0;148399.0;1.559;274500;43100;89.0;USD;https://www.totalherramientasoficial.com.py/produto/wadfow--parafuzadeira-de-impacto-sem-escovas--wcdp9281-20v-52319.html;2026-09-27;;;;;NO;NO;DEBAJO_DE_1_75_COSTO_BASE
f12fbb2c-1480-592d-809f-1f0e9c2b4613;528047;Total pistola de pintura 20V UTSGLI20042 1BAT;True;False;True;132600.0;85038.0;1.559;157300;24700;51.0;USD;https://www.totalherramientasoficial.com.py/produto/total-pistola-de-pintura-20v--utsgli20042-1bat-50633.html;2026-09-27;;;;;NO;NO;DEBAJO_DE_1_75_COSTO_BASE
f1336676-fbf1-5385-b76e-2a036cd28344;470520;"Wadfow llave de esfera para jardín 1/2"" WVB3812";True;False;True;8800.0;5674.0;1.551;10500;1700;;;https://www.totalherramientasoficial.com.py/produto/wadfow--torneira-para-jardim-12-wvb3812-42736.html;;;;;;NO;NO;SIN_PRECIO_PROVEEDOR_ACTUAL
f1459235-eecb-50b1-b4cd-0d9735dc332f;456883;Total llave de caño THT272086 8'';True;False;True;9100.0;5838.0;1.559;10800;1700;3.5;USD;https://www.totalherramientasoficial.com.py/produto/total-chave-grifo--tht272086--8-40756.html;2026-09-27;;;;;NO;NO;DEBAJO_DE_1_75_COSTO_BASE
f1659e91-0cab-5a36-add1-e08e891abadb;201377;"Total juego de dados de impacto 1/2""DR. 7PCS THKISD12073";True;False;True;22100.0;14175.0;1.559;26200;4100;8.5;USD;https://www.totalherramientasoficial.com.py/produto/total-kit-de-socket-de-impacto-12dr-7pcs--thkisd12073-55248.html;2026-09-27;;;;;NO;NO;DEBAJO_DE_1_75_COSTO_BASE
f185c8c3-88e9-583a-94e8-213961a823f2;512398;Total tecle de cadena 5 ton 3 metros THT1651;True;False;True;338000.0;216747.0;1.559;401000;63000;129.99;USD;https://www.totalherramientasoficial.com.py/produto/total-embreagem-de-corrente-5-toneladas-3-metros--tht1651-48590.html;2026-09-27;;;;;NO;NO;DEBAJO_DE_1_75_COSTO_BASE
f1a09f54-b58f-581f-85ca-b1f490bf941f;367806;Total espatula de masa acero inoxidable 150MM THT831506;True;False;True;13800.0;8826.0;1.564;16300;2500;;;https://www.totalherramientasoficial.com.py/produto/total-espatula-de-massa-de-aco-inoxidavel-150mm-tht831506-27995.html;;;;;;NO;NO;SIN_PRECIO_PROVEEDOR_ACTUAL
f1b5eb2d-2929-5367-98ca-110fb506e944;512183;Total atornillador 16V 60NM TDLI16682;True;False;True;157300.0;100864.0;1.56;186600;29300;;;https://www.totalherramientasoficial.com.py/produto/total-parafusadeira-16v--60nm--tdli16682-48569.html;;;;;;NO;NO;SIN_PRECIO_PROVEEDOR_ACTUAL
f1b65e4f-9fcb-5de6-ae5e-370c5a9667a1;536554;Total porta puntas de destornillador TAC462602 60MM;True;False;True;6500.0;4170.0;1.559;7700;1200;2.5;USD;https://www.totalherramientasoficial.com.py/produto/total-suporte-bits-tac462602--60mm-51716.html;2026-09-27;;;;;NO;NO;DEBAJO_DE_1_75_COSTO_BASE
f1b9a6cd-106d-565f-b260-6c061451bbd6;380867;Total cortador de pasto TGTLI2001 li-ion;True;False;True;12300.0;7880.0;1.561;14600;2300;;;https://www.totalherramientasoficial.com.py/produto/total-corta-grama--tgtli2001-liion-29249.html;;;;;;NO;NO;SIN_PRECIO_PROVEEDOR_ACTUAL
f1c0a0b5-e6ba-5f30-a357-b42510eb3cfc;469371;Wadfow tijera de hojalata WAS5910;True;False;True;12400.0;7921.0;1.565;14700;2300;4.75;USD;https://www.totalherramientasoficial.com.py/produto/wadfow-tesoura-cortadores-de-estanhos----was5910-42621.html;2026-09-27;;;;;NO;NO;DEBAJO_DE_1_75_COSTO_BASE
f1cf6d68-8906-5fe1-8eed-61da0049a836;542777;"Wadfow alicate combinadas 8"" cr-v 65 WPL1768";True;False;True;12400.0;7921.0;1.565;14700;2300;4.75;USD;https://www.totalherramientasoficial.com.py/produto/wadfow-alicate-combinado-8-crv-65---wpl1768-52363.html;2026-09-27;;;;;NO;NO;DEBAJO_DE_1_75_COSTO_BASE
f1e77f6e-e103-5d40-82ae-05a6c9034816;456258;Total alicate punta curva aislado THTIP2481 8'';True;False;True;16300.0;10421.0;1.564;19300;3000;6.25;USD;https://www.totalherramientasoficial.com.py/produto/total-alicate-bico-dobrado-isolado-thtip2481-8-40693.html;2026-09-27;;;;;NO;NO;DEBAJO_DE_1_75_COSTO_BASE
f1fc15aa-3e85-5f87-ae31-7c057ccae648;532044;Total lijadora de acabado TFSLI20311 20V;True;False;True;162500.0;104215.0;1.559;192800;30300;62.5;USD;https://www.totalherramientasoficial.com.py/produto/total--lixadera--tfsli20311-20v-treme-treme-51258.html;2026-09-27;;;;;NO;NO;DEBAJO_DE_1_75_COSTO_BASE
f2187ac0-f130-5da1-97db-a66888806551;444316;Total nivel laser 3D verde TLL255267;True;False;True;221200.0;141840.0;1.56;262400;41200;;;https://www.totalherramientasoficial.com.py/produto/total-nivel-laser-3d-verde--tll255267-37979.html;;;;;;NO;NO;SIN_PRECIO_PROVEEDOR_ACTUAL
f23a8027-753c-54b6-9729-1401c7e2b1ba;11884;Wadfow cuerda de eslinga WWG1334;True;False;True;22800.0;14591.0;1.563;27000;4200;8.75;USD;https://www.totalherramientasoficial.com.py/produto/wadfow--corda-eslinga--3tx4m-wwg1334-55233.html;2026-09-27;;;;;NO;NO;DEBAJO_DE_1_75_COSTO_BASE
f25946f9-df4c-53fc-a6e8-310d71c1c04a;527606;Total taladro funcion de impacto 20V 96NM TIDLI20968;True;False;True;137600.0;88256.0;1.559;163300;25700;;;https://www.totalherramientasoficial.com.py/produto/total--parafusadeira--de-funcao-de-impacto-20v-96nm--tidli20968-50585.html;;;;;;NO;NO;SIN_PRECIO_PROVEEDOR_ACTUAL
f25dfebf-f9b6-523b-8cfb-a820c7473b52;442886;Total martillo de demolición TRHLI2201 20V motor brushless;True;False;True;10800.0;6934.0;1.558;12800;2000;;;https://www.totalherramientasoficial.com.py/produto/total-martlete-trhli2201-20v-motor-brushless-35280.html;;;;;;NO;NO;SIN_PRECIO_PROVEEDOR_ACTUAL
f25eb100-58d2-525b-85fd-68e3672873f2;608572;Total soplador 20V TABLI20782 2B;True;False;True;124800.0;80036.0;1.559;148100;23300;48.0;USD;https://www.totalherramientasoficial.com.py/produto/total-soprador-20v--tabli20782-2b-57114.html;2026-09-27;;;;;NO;NO;DEBAJO_DE_1_75_COSTO_BASE
f2736c43-78e3-5fc8-9f5c-cbf21e6bcb3e;381666;Total kit de herramientas de 77PCS THKTHP20776;True;False;True;41800.0;26792.0;1.56;49600;7800;;;https://www.totalherramientasoficial.com.py/produto/total-kit-de-ferramenta-de-77pcs--thkthp20776-29326.html;;;;;;NO;NO;SIN_PRECIO_PROVEEDOR_ACTUAL
f279b1cf-498b-51f8-b921-ce27affb4da4;262484;Total juego de destornilladores 6PCS - S2 TKSDS0626;True;False;True;15600.0;9989.0;1.562;18500;2900;5.99;USD;https://www.totalherramientasoficial.com.py/produto/total-kit-chave-de-fenda-6pcs-s2-tksds0626-19855.html;2026-09-27;;;;;NO;NO;DEBAJO_DE_1_75_COSTO_BASE
f29d9915-eafd-580c-9da6-3bfc1b0ea3e4;316477;"Total extractor de engranaje de 3 mordazas de 4"" THTGP346";True;False;True;59000.0;37824.0;1.56;70000;11000;;;https://www.totalherramientasoficial.com.py/produto/total-extrator-de-engrenagem-de-3-mandibulas-de-4-thtgp346-23360.html;;;;;;NO;NO;SIN_PRECIO_PROVEEDOR_ACTUAL
f2de946f-42f9-58aa-91e9-6c7253637cc6;135955;Total juego de mechas planas para carpintería 12PCS TACSDL1206;True;False;True;15700.0;10086.0;1.557;18700;3000;;;https://www.totalherramientasoficial.com.py/produto/total-jogo-de-brocas-planas-para-marcenaria-12pcs--tacsdl1206-56029.html;;;;;;NO;NO;SIN_PRECIO_PROVEEDOR_ACTUAL
f2eb203d-33ab-5ab7-8bc3-196a6f0288b9;415613;Total catraca THTRS4101 4T 10M x 50MM;True;False;True;41600.0;26679.0;1.559;49400;7800;16.0;USD;https://www.totalherramientasoficial.com.py/produto/total-catraca-thtrs4101-4t-10m-x-50mm-32454.html;2026-09-27;;;;;NO;NO;DEBAJO_DE_1_75_COSTO_BASE
f2efe6a4-ff0b-5221-a177-097ac7384909;597920;Total compresor de aire 200L 4 hp TC1402002;True;False;True;1820000.0;1167170.0;1.559;2159300;339300;699.99;USD;https://www.totalherramientasoficial.com.py/produto/total-compresor-de-ar-200l-4hp-tc1402002-57081.html;2026-09-27;;;;;NO;NO;DEBAJO_DE_1_75_COSTO_BASE
f2f796a0-1c61-52de-893e-82cf2176bafa;487399;Total cortador de césped 40V TLMLI20185;True;False;True;12300.0;7880.0;1.561;14600;2300;;;https://www.totalherramientasoficial.com.py/produto/total--corta-grama--40v-tlmli20185-45975.html;;;;;;NO;NO;SIN_PRECIO_PROVEEDOR_ACTUAL
f326326b-7608-57e5-adee-f0b396b82449;381901;Total soldador electrico 60W TET1606;True;False;True;19500.0;12507.0;1.559;23100;3600;7.5;USD;https://www.totalherramientasoficial.com.py/produto/total-ferro-de-solda-60w-tet1606-29351.html;2026-09-27;;;;;NO;NO;DEBAJO_DE_1_75_COSTO_BASE
f33a3fe2-544a-5520-803e-8edca9da97ec;469876;Wadfow grifo de agua fria WZD2506;True;False;True;22800.0;14591.0;1.563;27000;4200;8.75;USD;https://www.totalherramientasoficial.com.py/produto/wadfow--torneira-de-agua-fria----wzd2506-42671.html;2026-09-27;;;;;NO;NO;DEBAJO_DE_1_75_COSTO_BASE
f33bfca7-9a8d-58d2-89af-0d97ad1ab236;609920;Total nivel de burbuja magnetico TMT218028 180CM;True;False;True;49400.0;31665.0;1.56;58600;9200;18.99;USD;https://www.totalherramientasoficial.com.py/produto/total-nivel-de-bolha-magnetico-tmt218028--180cm-57271.html;2026-09-27;;;;;NO;NO;DEBAJO_DE_1_75_COSTO_BASE
f34b34a0-12f4-5be6-9c0c-efbd6bc115f3;487467;Total aspirador wet-dry 800W TVC14122;True;False;True;186800.0;119776.0;1.56;221600;34800;;;https://www.totalherramientasoficial.com.py/produto/total--aspirador-wetdry---800w--tvc14122-45982.html;;;;;;NO;NO;SIN_PRECIO_PROVEEDOR_ACTUAL
f3570015-4aa3-53c6-b20a-7258bfcf36de;488594;"Wadfow llave para tuberias 14"" WPW6114";True;False;True;18200.0;11672.0;1.559;21600;3400;7.0;USD;https://www.totalherramientasoficial.com.py/produto/wadfow-chave-grifo--14--wpw6114-46095.html;2026-09-27;;;;;NO;NO;DEBAJO_DE_1_75_COSTO_BASE
f3a603a1-c8ea-55f1-baf7-ee0cc46dddfe;415040;Total sierra circular 20V TSLI1651 madera 6';True;False;True;226100.0;144992.0;1.559;268200;42100;;;https://www.totalherramientasoficial.com.py/produto/total-serra-circular--20v-tsli1651--madeira-6-32396.html;;;;;;NO;NO;SIN_PRECIO_PROVEEDOR_ACTUAL
f3dfb372-0c3b-53a1-826f-365bafff42ed;564878;Total sierra circular 42V TSLI4218511;True;False;True;137600.0;88256.0;1.559;163300;25700;;;https://www.totalherramientasoficial.com.py/produto/total-serra-circular-42v--tsli4218511-54597.html;;;;;;NO;NO;SIN_PRECIO_PROVEEDOR_ACTUAL
f3e422f8-c1e6-59a7-a29c-5c77cdfc0101;543002;"Wadfow alicate de presión de punta recta WLP2C10 10""";True;False;True;13800.0;8826.0;1.564;16300;2500;3.0;USD;https://www.totalherramientasoficial.com.py/produto/wadfow--alicate-de-pressao-de-ponta-reta-wlp2c10-10-52386.html;2026-09-27;;;;;NO;NO;DEBAJO_DE_1_75_COSTO_BASE
f44f3062-99d9-5019-b5c7-236fc6feff83;543514;Wadfow cuerda elástica con ganchos WAQS2515;True;False;True;26000.0;16674.0;1.559;30800;4800;10.0;USD;https://www.totalherramientasoficial.com.py/produto/wadfow-corda-elastica-com-ganchos-waqs2515-52437.html;2026-09-27;;;;;NO;NO;DEBAJO_DE_1_75_COSTO_BASE
f45110c6-fff1-5f08-a6e1-902879f08634;381963;Total cargador de bateria 12V 1.5 ah UTCLI12081;True;False;True;22100.0;14184.0;1.558;26200;4100;;;https://www.totalherramientasoficial.com.py/produto/total-carregador-de-bateria-12v-15-ah-utcli12081-29357.html;;;;;;NO;NO;SIN_PRECIO_PROVEEDOR_ACTUAL
f46dc35e-a462-5390-aa78-66d57424ec9b;542067;Total taladro función de impacto 20V UTIDLI20668 66NM;True;False;True;137600.0;88256.0;1.559;163300;25700;;;https://www.totalherramientasoficial.com.py/produto/total-parafuzadeira-funcao-de-impacto-20v-utidli20668--66nm-52292.html;;;;;;NO;NO;SIN_PRECIO_PROVEEDOR_ACTUAL
f46e8b11-0e96-588c-bc6f-a3fa8775505a;529273;Total juego de dados de impacto 8PCS THKISD34081;True;False;True;72800.0;46687.0;1.559;86400;13600;;;https://www.totalherramientasoficial.com.py/produto/total-conjunto-de-soquete-de-impacto-8pcs-thkisd34081-50774.html;;;;;;NO;NO;SIN_PRECIO_PROVEEDOR_ACTUAL
f476a360-ebe3-5df6-aa4c-59badece8f68;528764;Wadfow compresor de aire 20V 150PSI WLN2520;True;False;True;108100.0;69344.0;1.559;128300;20200;;;https://www.totalherramientasoficial.com.py/produto/wadfow-compresor-de-ar-20v-150psi--wln2520-50708.html;;;;;;NO;NO;SIN_PRECIO_PROVEEDOR_ACTUAL
f47b11ca-8f20-5811-8bda-60f455098ce9;579971;Wadfow rectificador 20V WZY1501;True;False;True;161200.0;103379.0;1.559;191300;30100;62.0;USD;https://www.totalherramientasoficial.com.py/produto/wadfow-retificador--20v---wzy1501-56421.html;2026-09-27;;;;;NO;NO;DEBAJO_DE_1_75_COSTO_BASE
f4d0b845-984a-588e-a562-e32438e85286;39765;"Total juego de dados de impacto 3/8"" 6PCS THKISD38062";True;False;True;12400.0;7921.0;1.565;14700;2300;4.75;USD;https://www.totalherramientasoficial.com.py/produto/total-jogo-de-soquetes-de-impacto-38-6pcs--thkisd38062-55510.html;2026-09-27;;;;;NO;NO;DEBAJO_DE_1_75_COSTO_BASE
f4d4244c-ae4c-549f-9358-79f8b43fe2be;488921;Wadfow juego de 3 cajas organizadoras de plástico WTB8343;True;False;True;17200.0;11032.0;1.559;20400;3200;;;https://www.totalherramientasoficial.com.py/produto/wadfow-conjunto-de-3-caixas-organizadoras-de-plastico-wtb8343-46128.html;;;;;;NO;NO;SIN_PRECIO_PROVEEDOR_ACTUAL
f4dd1a6b-9a95-54c0-b88f-636344f766b8;576673;Total generador a gasolina 3.5KW TP340006;True;False;True;936000.0;600267.0;1.559;1110500;174500;360.0;USD;https://www.totalherramientasoficial.com.py/produto/total-gerador-a-gasolina-35kw-tp340006-56072.html;2026-09-27;;;;;NO;NO;DEBAJO_DE_1_75_COSTO_BASE
f4f1d3f1-b7f0-59da-92da-3bb9fe6cd0e9;415088;Total cargador TCLI12081;True;False;True;17200.0;11032.0;1.559;20400;3200;;;https://www.totalherramientasoficial.com.py/produto/total-caregador-tcli12081-32400.html;;;;;;NO;NO;SIN_PRECIO_PROVEEDOR_ACTUAL
f5426fee-e545-5e43-a9fa-a7814a1de0f0;113217;Medicube Collagen Night Wrapping Mask 75 ml;True;False;True;35100.0;;;;;12.5;USD;https://atacadousa.com.py/cosmeticos/10095-mascara-facial-medicube-collagen-night-wrapping-mask-75ml-x003l63kgr.html;2026-09-27;;;;;NO;NO;SIN_COSTO_BASE_DOCUMENTADO
f54f1bfb-32e6-5c42-b7ce-5e432c8d2d15;456678;Total botas de lluvia TSP303L. 39;True;False;True;16300.0;10421.0;1.564;19300;3000;;;https://www.totalherramientasoficial.com.py/produto/total-botas-de-chuva--tsp303l-39-40735.html;;;;;;NO;NO;SIN_PRECIO_PROVEEDOR_ACTUAL
f55e8aff-def5-5891-8655-d98bf887b9f2;514873;Total martillo 27MM mango fibra de vidrio THCH61027;True;False;True;10400.0;6670.0;1.559;12300;1900;4.0;USD;https://www.totalherramientasoficial.com.py/produto/total-martelo-unha--cabo-fibra-de-vidro-27-mm--thch61027-48838.html;2026-09-27;;;;;NO;NO;DEBAJO_DE_1_75_COSTO_BASE
f572257f-40be-5037-b44b-eb30a09dd711;471107;Wadfow cincel plano sds WGZ1201 14X250mm;True;False;True;12800.0;8195.0;1.562;15200;2400;;;https://www.totalherramientasoficial.com.py/produto/wadfow-cinzel-plano-sds-wgz1201-14x250mm-42794.html;;;;;;NO;NO;SIN_PRECIO_PROVEEDOR_ACTUAL
f57c50b4-fe89-5b7a-91f6-1b7175967d8f;528450;Wadfow cinta metrica 12.5MM 30M WMT2530;True;False;True;8400.0;5418.0;1.55;10000;1600;3.25;USD;https://www.totalherramientasoficial.com.py/produto/wadfow-trena-125mm-30m-wmt2530-50677.html;2026-09-27;;;;;NO;NO;DEBAJO_DE_1_75_COSTO_BASE
f58a3558-0fb8-5044-9c25-6757c5f032f8;501903;Total pistola de calor 20V 550°C TBLI20025;True;False;True;106200.0;68083.0;1.56;126000;19800;;;https://www.totalherramientasoficial.com.py/produto/total-pistola-de-calor-20v-550c-tbli20025-47474.html;;;;;;NO;NO;SIN_PRECIO_PROVEEDOR_ACTUAL
f58fec38-1a07-5bbf-a36b-2cd648532832;536622;Total llave combinada 17MM TCSPAR171;True;False;True;7300.0;4668.0;1.564;8600;1300;2.8;USD;https://www.totalherramientasoficial.com.py/produto/total--chave-catraca-17mm--tcspar171-51723.html;2026-09-27;;;;;NO;NO;DEBAJO_DE_1_75_COSTO_BASE
f5d3a152-cbe3-501a-b3c5-7630b473ebd5;316170;"Total llave ajustable TAT101106 10""";True;False;True;16900.0;10840.0;1.559;20100;3200;6.5;USD;https://www.totalherramientasoficial.com.py/produto/total-chave-ajustavel--10-250mm-tat101106-23331.html;2026-09-27;;;;;NO;NO;DEBAJO_DE_1_75_COSTO_BASE
f6070319-2d9f-52e2-8a7d-4ba2adaab994;104432;Total combo taladro + llave de impacto TCKLI20286;True;False;True;319500.0;204880.0;1.559;379000;59500;;;https://www.totalherramientasoficial.com.py/produto/total-combo-furadeira--chave-de-impacto-tckli20286-4347.html;;;;;;NO;NO;SIN_PRECIO_PROVEEDOR_ACTUAL
f617f451-3c74-552b-b67b-5441d83df0d5;444309;Total calibre digital 150MM TMT321506;True;False;True;31900.0;20488.0;1.557;37900;6000;;;https://www.totalherramientasoficial.com.py/produto/total-paquimetro-150mm---tmt321506-37978.html;;;;;;NO;NO;SIN_PRECIO_PROVEEDOR_ACTUAL
f67c1f65-1a44-5b5c-a6c7-c5852319fdc9;487788;Total atornillador 20V TDLI200528 2BAT 2.0;True;False;True;186800.0;119776.0;1.56;221600;34800;;;https://www.totalherramientasoficial.com.py/produto/total-parafusadeira-20v-tdli200528-2bat-20-46014.html;;;;;;NO;NO;SIN_PRECIO_PROVEEDOR_ACTUAL
f68557a6-8a07-514b-977a-b109d14c31db;415767;Total atornillador 12V TDLI12415 1BAT li-ion;True;False;True;71300.0;45704.0;1.56;84600;13300;;;https://www.totalherramientasoficial.com.py/produto/total-parafusadeira-12v-tdli12415-1bat-liion-32468.html;;;;;;NO;NO;SIN_PRECIO_PROVEEDOR_ACTUAL
f68b0ff9-2691-51af-a4b7-06a98f8db739;465427;Total lijadora orbital TF1302206 350W;True;False;True;108100.0;69344.0;1.559;128300;20200;;;https://www.totalherramientasoficial.com.py/produto/total-lixadera-orbital--tf1302206-350w-treme-tre-42189.html;;;;;;NO;NO;SIN_PRECIO_PROVEEDOR_ACTUAL
f68c968f-f552-5e76-adaa-6107ac1d598f;486996;Total juego de cepillos 7PCS TACB0701;True;False;True;34400.0;22092.0;1.557;40900;6500;13.25;USD;https://www.totalherramientasoficial.com.py/produto/total-conjunto-de-escovas-7pcs-tacb0701-45934.html;2026-09-27;;;;;NO;NO;DEBAJO_DE_1_75_COSTO_BASE
f69893f1-fe3e-59da-99ae-ac8a1abd6bfd;115148;Wadfow dados de impacto 10PCS 1/2 crmo WMSD202;True;False;True;44800.0;28762.0;1.558;53200;8400;17.25;USD;https://www.totalherramientasoficial.com.py/produto/wadfow-soquet-de-impacto-10pcs-12-crmo--wmsd202-5483.html;2026-09-27;;;;;NO;NO;DEBAJO_DE_1_75_COSTO_BASE
f6a7bef1-4b87-5298-8311-c21e4f955ec4;469036;Wadfow destornillador phillips WSD2236;True;False;True;2900.0;1834.0;1.581;3400;500;1.1;USD;https://www.totalherramientasoficial.com.py/produto/wadfow--chave-fenda-phillips----wsd2236-42587.html;2026-09-27;;;;;NO;NO;DEBAJO_DE_1_75_COSTO_BASE
f6b42a32-f57b-587d-98d4-23286023155e;443012;Total máquina de soldadura TW26305 220V 630A;True;False;True;1557400.0;998777.0;1.559;1847700;290300;599.0;USD;https://www.totalherramientasoficial.com.py/produto/total-maquina-de-solda-tw26305-220v-630a-35294.html;2026-09-27;;;;;NO;NO;DEBAJO_DE_1_75_COSTO_BASE
f6c9e148-1bf6-5110-ac8f-9158ccdb2c69;579834;Total cadena de sierra TGTSC50618;True;False;True;20200.0;12923.0;1.563;23900;3700;7.75;USD;https://www.totalherramientasoficial.com.py/produto/total-corrente-de-serra-tgtsc50618-56407.html;2026-09-27;;;;;NO;NO;DEBAJO_DE_1_75_COSTO_BASE
f6d8f04a-fa83-5372-88ec-0bb6fa256732;488471;Total caja de herramientas con 7 cajones THPTCS73281 328PCS;True;False;True;27000.0;17336.0;1.557;32100;5100;;;https://www.totalherramientasoficial.com.py/produto/total-caixa-de-ferramentas-com-7gavetas-thptcs73281-328pcs-46083.html;;;;;;NO;NO;SIN_PRECIO_PROVEEDOR_ACTUAL
f6e4cb94-b48d-501b-b682-ad12fa01c472;531887;"Total juego de dados 3/8"" 12PCS THT381121";True;False;True;30600.0;19593.0;1.562;36200;5600;;;https://www.totalherramientasoficial.com.py/produto/total--kit-chave-catraca-38-12pcs--tht381121-51242.html;;;;;;NO;NO;SIN_PRECIO_PROVEEDOR_ACTUAL
f6f114a6-a956-54f7-aeb7-66e41d1f2bad;505918;Wadfow escalera extensible 2X8 WLD8H16;True;False;True;257400.0;165073.0;1.559;305400;48000;99.0;USD;https://www.totalherramientasoficial.com.py/produto/wadfow-escada-extensivel-2x8-wld8h16-47877.html;2026-09-27;;;;;NO;NO;DEBAJO_DE_1_75_COSTO_BASE
f7160090-6021-5b28-a970-581d6ccfb1ad;487115;Total caballete soporte 3TON 1 par THJS0301;True;False;True;17200.0;11032.0;1.559;20400;3200;;;https://www.totalherramientasoficial.com.py/produto/total--suporte-de-cavalete-3ton--1-par--thjs0301-45946.html;;;;;;NO;NO;SIN_PRECIO_PROVEEDOR_ACTUAL
f71c999c-723a-5094-a246-494ff9c20438;549172;Total taladro de impacto 20V UTIDLI20868 86NM;True;False;True;137600.0;88256.0;1.559;163300;25700;;;https://www.totalherramientasoficial.com.py/produto/total-parafusadeira-de-impacto--20v-utidli20868--86nm-53008.html;;;;;;NO;NO;SIN_PRECIO_PROVEEDOR_ACTUAL
f72182dd-edff-5699-b144-3b9551694e84;529181;Total amoladora 20V TAGLI2211532;True;False;True;152400.0;97712.0;1.56;180800;28400;;;https://www.totalherramientasoficial.com.py/produto/total-lixadeira--20v-tagli2211532-50765.html;;;;;;NO;NO;SIN_PRECIO_PROVEEDOR_ACTUAL
f730bee7-b56e-5a63-a8db-71c133ed81cf;239707;Total lijadora giratorio TF2041501 450W;True;False;True;108100.0;69344.0;1.559;128300;20200;;;https://www.totalherramientasoficial.com.py/produto/total-lixadeira-rotativa-tf2041501-450wat-11892.html;;;;;;NO;NO;SIN_PRECIO_PROVEEDOR_ACTUAL
f7353462-43e7-586d-8ad0-de1acc8e568b;613941;"Wadfow alicate de bloqueo c-clamp 11"" WLP4211";True;False;True;12100.0;7754.0;1.56;14300;2200;4.65;USD;https://www.totalherramientasoficial.com.py/produto/wadfow-alicate-de-bloqueio-cclamp-11--wlp4211-57220.html;2026-09-27;;;;;NO;NO;DEBAJO_DE_1_75_COSTO_BASE
f75346f1-ab64-5d55-99ec-97590c6894a1;543200;Wadfow alicate pelacable multifuncion WBQ4601;True;False;True;8800.0;5674.0;1.551;10500;1700;;;https://www.totalherramientasoficial.com.py/produto/wadfow-alicate-de-decapagem-multifuncao--wbq4601-52406.html;;;;;;NO;NO;SIN_PRECIO_PROVEEDOR_ACTUAL
f7b4f5bc-1188-58f7-9112-3f9f61d3e775;341004;Total botas de lluvia TSP302L.44;True;False;True;22100.0;14175.0;1.559;26200;4100;8.5;USD;https://www.totalherramientasoficial.com.py/produto/total-botas-de-chuva--tsp302l44-25569.html;2026-09-27;;;;;NO;NO;DEBAJO_DE_1_75_COSTO_BASE
f7d34e5b-ba25-5f16-a132-210b36124826;512329;Total martillo maquinista tratamiento térmico THMH62300;True;False;True;10400.0;6670.0;1.559;12300;1900;4.0;USD;https://www.totalherramientasoficial.com.py/produto/total-martelo-de-maquinista-tratamento-termico--thmh62300-48583.html;2026-09-27;;;;;NO;NO;DEBAJO_DE_1_75_COSTO_BASE
f7e1e80e-e66e-53ea-b2e3-7b10019a4cc5;529129;Total taladro percutor compacto 20V 76NM 13MM TIDLI20768;True;False;True;137600.0;88256.0;1.559;163300;25700;;;https://www.totalherramientasoficial.com.py/produto/total-parafuzadeira-compacta--20v-76nm-13mm--tidli20768-50759.html;;;;;;NO;NO;SIN_PRECIO_PROVEEDOR_ACTUAL
f7f15abe-e2d3-5487-aae8-683af80fff70;446297;Total mecha cincel hexagonal TAC1532282;True;False;True;54600.0;35016.0;1.559;64800;10200;21.0;USD;https://www.totalherramientasoficial.com.py/produto/total-broca-cinzel-hexagonal-tac1532282-38657.html;2026-09-27;;;;;NO;NO;DEBAJO_DE_1_75_COSTO_BASE
f7fd4a09-136f-5d98-a64e-fc5f1b10c27d;528344;Wadfow llave dinanométrica 60-330NM WWQ4D12;True;False;True;8800.0;5674.0;1.551;10500;1700;;;https://www.totalherramientasoficial.com.py/produto/wadfow-chave-de-torque-60330nm-wwq4d12-50666.html;;;;;;NO;NO;SIN_PRECIO_PROVEEDOR_ACTUAL
f7ff0040-be97-5231-b57e-edb3c4d69dd9;444194;Total lamina sierra THTKTS58245;True;False;True;137600.0;88256.0;1.559;163300;25700;;;https://www.totalherramientasoficial.com.py/produto/total-lamina-serra-thtkts58245-37967.html;;;;;;NO;NO;SIN_PRECIO_PROVEEDOR_ACTUAL
f80555a2-cd10-5061-930c-b78d8b589141;512435;Total bota de seguridad TSP207IDSB.44 negro/rojo;True;False;True;57200.0;36683.0;1.559;67900;10700;;;https://www.totalherramientasoficial.com.py/produto/total-bota-de-seguranca---tsp207idsb44-pretovermelho-48594.html;;;;;;NO;NO;SIN_PRECIO_PROVEEDOR_ACTUAL
f8217d52-d1eb-5404-a19d-17028f337004;486859;Total hilo de corte 2MM TALS2001;True;False;True;21400.0;13755.0;1.556;25400;4000;8.25;USD;https://www.totalherramientasoficial.com.py/produto/total-corte-de-linha--2mm-tals2001-45901.html;2026-09-27;;;;;NO;NO;DEBAJO_DE_1_75_COSTO_BASE
f8642d9c-572a-563c-8483-6af56828bb1d;531597;Total bomba de agua TWP3701 0.5HP 370W 80M;True;False;True;179400.0;115051.0;1.559;212800;33400;69.0;USD;https://www.totalherramientasoficial.com.py/produto/total-bomba-de-agua-twp3701-05hp-370w-80m-51213.html;2026-09-27;;;;;NO;NO;DEBAJO_DE_1_75_COSTO_BASE
f868e154-7d6f-598d-85d9-099a66743039;531580;Total bomba agua periférica autocebante automática TWP93706;True;False;True;153400.0;98377.0;1.559;182000;28600;59.0;USD;https://www.totalherramientasoficial.com.py/produto/total-bomba-de-agua-periferica-autoescovante-automatica-51212.html;2026-09-27;;;;;NO;NO;DEBAJO_DE_1_75_COSTO_BASE
f8d49e02-3386-5584-8f7f-0d0d3812791e;495677;Total juego de alicate 4PCS THT2K0456;True;False;True;8800.0;5674.0;1.551;10500;1700;;;https://www.totalherramientasoficial.com.py/produto/total-conjunto-de-alicate-4pcs-tht2k0456-46826.html;;;;;;NO;NO;SIN_PRECIO_PROVEEDOR_ACTUAL
f907ddb5-922d-5a8d-ab3e-f53d8973dd29;553193;Total combo 3PCS motor sin escobillas 20V TOSLI250591;True;False;True;368600.0;236400.0;1.559;437300;68700;;;https://www.totalherramientasoficial.com.py/produto/total-combo-3pcs-motor-sem-escovas--20v-tosli250591-53419.html;;;;;;NO;NO;SIN_PRECIO_PROVEEDOR_ACTUAL
f908210d-4684-520a-9f8d-3b54dccd0378;443128;Total grapas TAC918501 50MM;True;False;True;15600.0;10004.0;1.559;18500;2900;6.0;USD;https://www.totalherramientasoficial.com.py/produto/total-grampo-tac918501--50mm-35305.html;2026-09-27;;;;;NO;NO;DEBAJO_DE_1_75_COSTO_BASE
f9151007-7050-5095-b22c-1dd002a0bd46;437240;Total gato hidraulico de botella 2 toneladas THT109022;True;False;True;13800.0;8826.0;1.564;16300;2500;;;https://www.totalherramientasoficial.com.py/produto/total-macaco-hidraulico-de-garrafa---2-toneladas--tht109022-34687.html;;;;;;NO;NO;SIN_PRECIO_PROVEEDOR_ACTUAL
f920be90-d7f1-5c59-aaaf-1d88f3a588ac;461825;Wadfow sierra caladora 400W WJS15401 220V;True;False;True;71500.0;45855.0;1.559;84800;13300;27.5;USD;https://www.totalherramientasoficial.com.py/produto/wadfow-tico-tico---400w---wjs15401--220v-41808.html;2026-09-27;;;;;NO;NO;DEBAJO_DE_1_75_COSTO_BASE
f9376f77-769a-5ff2-ae17-aed09255c7ac;472487;Total llave ajustable 2 en 1 THT1016S;True;False;True;12800.0;8195.0;1.562;15200;2400;;;https://www.totalherramientasoficial.com.py/produto/total-chave-ajustavel-2-em-1--tht1016s-43682.html;;;;;;NO;NO;SIN_PRECIO_PROVEEDOR_ACTUAL
f9418083-ba93-578c-9005-469dd5c6139a;511933;Total kit combinado industrial inalámbrico 5PCS UTCKLI2058;True;False;True;17200.0;11032.0;1.559;20400;3200;;;https://www.totalherramientasoficial.com.py/produto/total-kit-kit-de-combinacao-industrial-sem-fio-5pcs-utckli2058-48544.html;;;;;;NO;NO;SIN_PRECIO_PROVEEDOR_ACTUAL
f956b42d-9ab6-5a2e-b63e-feb50ad8851c;417310;Total bomba de agua periférica TWP13706 0.5HP 370W;True;False;True;98800.0;63362.0;1.559;117200;18400;38.0;USD;https://www.totalherramientasoficial.com.py/produto/total-bomba-de-agua-periferica-twp13706-05hp-370w-32632.html;2026-09-27;;;;;NO;NO;DEBAJO_DE_1_75_COSTO_BASE
f9881560-de55-5a90-929d-7d0303d9e9fb;28776;Wadfow carrito de carga plegable 54L WWB8054;True;False;True;60400.0;38766.0;1.558;71700;11300;23.25;USD;https://www.totalherramientasoficial.com.py/produto/wadfow-carrinho-de-carga-dobravel-54l--wwb8054-55220.html;2026-09-27;;;;;NO;NO;DEBAJO_DE_1_75_COSTO_BASE
f9a336ff-11ee-5350-8340-fd3a7eb62aa6;34401;"Wadfow carro de plástico de reparación 40"" WCCP0405";True;False;True;80600.0;51690.0;1.559;95600;15000;31.0;USD;https://www.totalherramientasoficial.com.py/produto/wadfow-carrinho-de-reparo-de-plastico-40--wccp0405-55223.html;2026-09-27;;;;;NO;NO;DEBAJO_DE_1_75_COSTO_BASE
f9a3ba42-5fbf-5c2f-9f2c-09c00f13114b;537544;Wadfow martillo maquinista 500G WHM1305;True;False;True;8400.0;5418.0;1.55;10000;1600;3.25;USD;https://www.totalherramientasoficial.com.py/produto/wadfow-martelo-maquinista--500g--whm1305-51820.html;2026-09-27;;;;;NO;NO;DEBAJO_DE_1_75_COSTO_BASE
f9d2ab27-da95-5433-afd7-0622469b8764;470919;Wadfow gato hidráulico 10T WHJ1510;True;False;True;59000.0;37824.0;1.56;70000;11000;;;https://www.totalherramientasoficial.com.py/produto/wadfow--macaco-10t----whj1510-42775.html;;;;;;NO;NO;SIN_PRECIO_PROVEEDOR_ACTUAL
fa004ff1-3880-52d3-85d7-f266d9f4527c;518666;Total amoladora angular 20V TAGLI221153 motor sin escobillas;True;False;True;152400.0;97712.0;1.56;180800;28400;;;https://www.totalherramientasoficial.com.py/produto/total-esmirilhadeira-angular--20v-tagli221153--motor-sem-escovas-49606.html;;;;;;NO;NO;SIN_PRECIO_PROVEEDOR_ACTUAL
fa5f5648-7e5a-5387-9347-ac4e9abd3b9f;456401;"Total sierra de poda 20"" THT55206D";True;False;True;22100.0;14175.0;1.559;26200;4100;8.5;USD;https://www.totalherramientasoficial.com.py/produto/total-sera-de-poda--20-tht55206d-40708.html;2026-09-27;;;;;NO;NO;DEBAJO_DE_1_75_COSTO_BASE
fa866a63-180e-5dda-b671-089ad2d807d3;576710;Total carrito de carga plegable 130KG THWB61201;True;False;True;41800.0;26792.0;1.56;49600;7800;;;https://www.totalherramientasoficial.com.py/produto/total-carrinho-de-carga-dobravel-130kg--thwb61201-56076.html;;;;;;NO;NO;SIN_PRECIO_PROVEEDOR_ACTUAL
fa9b2448-1c6f-5996-b434-5568dfbb0af6;397148;Total taladro UTD2051026 500W;True;False;True;63900.0;40976.0;1.559;75800;11900;;;https://www.totalherramientasoficial.com.py/produto/total-furadeira-utd2051026-500w-30634.html;;;;;;NO;NO;SIN_PRECIO_PROVEEDOR_ACTUAL
faa620ed-e01f-5437-87ad-beffd1e324f8;201278;Total botas de seguridad TSP206SB.39 negro;True;False;True;59000.0;37824.0;1.56;70000;11000;;;https://www.totalherramientasoficial.com.py/produto/total-botas-de-seguranca--tsp206sb39--preto-55246.html;;;;;;NO;NO;SIN_PRECIO_PROVEEDOR_ACTUAL
fafa81e9-4b8b-517f-b488-da15956ac5a7;529211;Total combo 3PCS 20V TOSLI230522;True;False;True;368600.0;236400.0;1.559;437300;68700;;;https://www.totalherramientasoficial.com.py/produto/total--combo-3pcs-20v--tosli230522-50768.html;;;;;;NO;NO;SIN_PRECIO_PROVEEDOR_ACTUAL
fb16c873-6a8d-5c0b-b081-912d4d1421be;30571;"Wadfow motosierra 20V WCLP556 5"" 1BAT";True;False;True;130000.0;83355.0;1.56;154200;24200;49.99;USD;https://www.totalherramientasoficial.com.py/produto/wadfow-motoserra-20v-wclp556-5--1bat-22473.html;2026-09-27;;;;;NO;NO;DEBAJO_DE_1_75_COSTO_BASE
fb318cbe-efaa-5e5d-a645-82fc2fe35426;487436;Total hilo de alambre para soldadura TEWSFC081001 1KG;True;False;True;20800.0;13339.0;1.559;24700;3900;8.0;USD;https://www.totalherramientasoficial.com.py/produto/total-linha-de-arame-para-soldadura-tewsfc081001-1kg-45979.html;2026-09-27;;;;;NO;NO;DEBAJO_DE_1_75_COSTO_BASE
fb3c6514-0f90-500f-8f3a-951bd2b7254e;538688;Wadfow juego de cajas de herramientas 4PCS WTB4104 13/16/19/24;True;False;True;17200.0;11032.0;1.559;20400;3200;38.0;USD;https://www.totalherramientasoficial.com.py/produto/wadfow--juego-de-cajas-de-herramientas-4pcs--wtb4104--13161924-51934.html;2026-09-27;;;;;NO;NO;DEBAJO_DE_1_75_COSTO_BASE
fb5a74f7-52e7-5ff6-afee-78f789dc6330;112227;Medicube Collagen Jelly Cream 50 ml;True;False;True;31200.0;;;;;9.99;USD;https://atacadousa.com.py/cosmeticos/10093-creme-facial-medicube-collagen-jelly-cream-50ml-x004e3i7i7.html;2026-09-27;43500;https://www.mercadolibre.com.ar/medicube-crema-de-jalea-de-colageno-50ml-hidratante/p/MLA61221792;COMPARABLE_VERIFICADO;Misma marca nombre y presentación de 50 ml. Hay otras variantes y vendedores.;NO;SI;SIN_COSTO_BASE_DOCUMENTADO
fb844b54-895f-5ee0-9ed2-70289b450cbe;502047;Total accesorios para rectificador TAKB0502 5PCS;True;False;True;118000.0;75648.0;1.56;139900;21900;;;https://www.totalherramientasoficial.com.py/produto/total-acessorios-para-retificador-takb0502-5pcs-47488.html;;;;;;NO;NO;SIN_PRECIO_PROVEEDOR_ACTUAL
fbc1ef6f-945b-5136-850f-1b2cd677ca94;469661;Wadfow caja de plastico 640X446X313MM WTB2370;True;False;True;17200.0;11032.0;1.559;20400;3200;10.5;USD;https://www.totalherramientasoficial.com.py/produto/wadfow--caixa-plastico-640x446x313mm--wtb2370-42650.html;2026-09-27;;;;;NO;NO;DEBAJO_DE_1_75_COSTO_BASE
fbe084c0-9526-5059-abb3-67e865cc25e4;456784;Total candado 32MM TLK31321 95G;True;False;True;3200.0;2083.0;1.536;3900;700;1.25;USD;https://www.totalherramientasoficial.com.py/produto/total-cadiado-32mm--tlk31321-95g-40746.html;2026-09-27;;;;;NO;NO;DEBAJO_DE_1_75_COSTO_BASE
fbe58dc7-7b98-59c9-9703-ac1c0277bfdc;367493;Total pistola de aire 750CC TAT20751;True;False;True;17200.0;11032.0;1.559;20400;3200;;;https://www.totalherramientasoficial.com.py/produto/total-pistola-de-ar-750cc-tat20751-12036.html;;;;;;NO;NO;SIN_PRECIO_PROVEEDOR_ACTUAL
fc016ec8-d361-57ee-a8f0-8f7626b11919;479991;Medicube Hypochlorous Acid Daily Facial Spray 125 ml;True;False;True;31200.0;;;;;12.0;USD;https://atacadousa.com.py/cosmeticos/11839-mist-facial-medicube-hypochlorous-acid-daily-spray-125ml479991.html;2026-09-27;;;;;NO;NO;SIN_COSTO_BASE_DOCUMENTADO
fc1e9d41-5efa-5544-8488-1b4c3f27db9d;501828;Total taladro atornillador percutor 20V TIDLI20602 motor sin e;True;False;True;167100.0;107168.0;1.559;198300;31200;;;https://www.totalherramientasoficial.com.py/produto/total-furadeira-e-parafusadeira-20v-tidli20602--motor-sem-escovas-47466.html;;;;;;NO;NO;SIN_PRECIO_PROVEEDOR_ACTUAL
fc1ecbb0-d207-561e-a3a6-93626c2f482c;536486;Total juego de brocas profesionales 4341 hss 14PCS TACSDL61401;True;False;True;15700.0;10086.0;1.557;18700;3000;;;https://www.totalherramientasoficial.com.py/produto/total-kit-de-brocas-profissionais-4341-hss-14pcs---tacsdl61401-51709.html;;;;;;NO;NO;SIN_PRECIO_PROVEEDOR_ACTUAL
fc33d1c9-6e16-5ba2-80d4-9cfd10edaa9c;526210;Total medidor de pinza amperimétrica ac/dc 600A TMT766002;True;False;True;106600.0;68364.0;1.559;126500;19900;41.0;USD;https://www.totalherramientasoficial.com.py/produto/total-medidor-de-bracadeira-amperimetro-acdc-600a---tmt766002-50445.html;2026-09-27;;;;;NO;NO;DEBAJO_DE_1_75_COSTO_BASE
fc3c2f0b-e69d-5173-859d-f0feb39e5d81;201421;Wadfow llave combinada 27MM WSA5127;True;False;True;16300.0;10421.0;1.564;19300;3000;6.25;USD;https://www.totalherramientasoficial.com.py/produto/wadfow-chave-com-catraca--27mm--wsa5127-54883.html;2026-09-27;;;;;NO;NO;DEBAJO_DE_1_75_COSTO_BASE
fc4acc8d-4010-5b5c-b693-894c18f747eb;512084;Total kit de herramientas THTCS121081 108PCS;True;False;True;17200.0;11032.0;1.559;20400;3200;;;https://www.totalherramientasoficial.com.py/produto/total--kit-de-feramentas--thtcs121081-108pcs-48559.html;;;;;;NO;NO;SIN_PRECIO_PROVEEDOR_ACTUAL
fc5b878a-84a5-55e6-8729-88cabf7f3d1b;538855;Wadfow juegos de cepillos 13PCS WCE6403;True;False;True;17200.0;11032.0;1.559;20400;3200;;;https://www.totalherramientasoficial.com.py/produto/wadfow--escova-kit-13pcs--wce6403-51951.html;;;;;;NO;NO;SIN_PRECIO_PROVEEDOR_ACTUAL
fc99cea8-f0a3-5f46-974e-bb6281d3b86f;531634;Total cuchillo multifunción 12 en 1 THMFK0126;True;False;True;17200.0;11032.0;1.559;20400;3200;;;https://www.totalherramientasoficial.com.py/produto/total-faca-multifuncao-12-em-1-thmfk0126-51217.html;;;;;;NO;NO;SIN_PRECIO_PROVEEDOR_ACTUAL
fcbf3963-2950-59b9-a643-7fb8b674694b;341417;Total kit llave catraca THT102RK061 6PC;True;False;True;8800.0;5674.0;1.551;10500;1700;;;https://www.totalherramientasoficial.com.py/produto/total-kit-chave-catraca--tht102rk061-6pc-25604.html;;;;;;NO;NO;SIN_PRECIO_PROVEEDOR_ACTUAL
fccf3a8b-2793-5799-9fca-df6a1a17f359;417488;Total botas seguridad TSP203SB.40;True;False;True;59000.0;37824.0;1.56;70000;11000;;;https://www.totalherramientasoficial.com.py/produto/total-botas-seguranca-tsp203sb40-32649.html;;;;;;NO;NO;SIN_PRECIO_PROVEEDOR_ACTUAL
fcddde55-7e6f-5f19-9eda-ef632e312891;543507;Wadfow catraca com cinta 2T 10 metros WRT13210;True;False;True;15600.0;10004.0;1.559;18500;2900;;;https://www.totalherramientasoficial.com.py/produto/wadfow-catraca-com-cinta-2t-10-metros--wrt13210-52436.html;;;;;;NO;NO;SIN_PRECIO_PROVEEDOR_ACTUAL
fd0919e1-4e8e-5a14-8706-6eb0dc776764;397179;Total taladro TG105136 550W;True;False;True;63900.0;40976.0;1.559;75800;11900;;;https://www.totalherramientasoficial.com.py/produto/total-furadeira-tg105136--550w-30637.html;;;;;;NO;NO;SIN_PRECIO_PROVEEDOR_ACTUAL
fd49e0e4-cac0-5b89-bbc7-64f8768785e7;461931;Wadfow pistola inflador de neumáticos WGA2612;True;False;True;221200.0;141840.0;1.56;262400;41200;;;https://www.totalherramientasoficial.com.py/produto/wadfow-pistola-de-enchimento-de-pneus-wga2612-41819.html;;;;;;NO;NO;SIN_PRECIO_PROVEEDOR_ACTUAL
fd4ab059-f28b-55d3-877c-b4fb6f74160f;341028;Total botas de lluvia TSP302L.46;True;False;True;23400.0;15007.0;1.559;27800;4400;9.0;USD;https://www.totalherramientasoficial.com.py/produto/total-botas-de-chuva-tsp302l46-25571.html;2026-09-27;;;;;NO;NO;DEBAJO_DE_1_75_COSTO_BASE
fd5e80a4-30b7-588c-9dd0-ca272dfc4a7d;470896;Wadfow botas de lluvia 41 blanco WRB2L41;True;False;True;22900.0;14673.0;1.561;27100;4200;8.8;USD;https://www.totalherramientasoficial.com.py/produto/wadfow--botas-de-chuva--41-branca--wrb2l41-42773.html;2026-09-27;;;;;NO;NO;DEBAJO_DE_1_75_COSTO_BASE
fda07490-d336-5ff0-be1f-6edd8d47b7ad;468862;Total kit llave de impacto 850Nm + pistola de aire caliente 55;True;False;True;319500.0;204880.0;1.559;379000;59500;;;https://www.totalherramientasoficial.com.py/produto/total-kit-chave-de-impacto-850nm--pistola-de-ar-quente-550c-tosli250983-42570.html;;;;;;NO;NO;SIN_PRECIO_PROVEEDOR_ACTUAL
fda27cee-0adb-5af9-96fe-09e0bff29ad9;527484;Total bateria 20V 6.0AH TFBLI2060 indicador de led;True;False;True;122200.0;78368.0;1.559;145000;22800;47.0;USD;https://www.totalherramientasoficial.com.py/produto/total-bateria-20v-60ah-tfbli2060-led-indicador-50573.html;2026-09-27;;;;;NO;NO;DEBAJO_DE_1_75_COSTO_BASE
fdaede5a-3d8b-50fc-b5c4-b8d1f587b46b;469685;Wadfow carrito carga plegable WWB9A06;True;False;True;41800.0;26792.0;1.56;49600;7800;23.0;USD;https://www.totalherramientasoficial.com.py/produto/wadfow-carrinho-de-carga-dobravel---wwb9a06-42652.html;2026-09-27;;;;;NO;NO;DEBAJO_DE_1_75_COSTO_BASE
fdb62b19-f185-523b-9370-64e52f1399ae;528672;Wadfow juego de puntas para destornillador de impacto 45PCS ws;True;False;True;36400.0;23344.0;1.559;43200;6800;14.0;USD;https://www.totalherramientasoficial.com.py/produto/wadfow-conjunto-de-bits-para-chave-de-fenda-de-impacto-45pcs-wsv6545-50699.html;2026-09-27;;;;;NO;NO;DEBAJO_DE_1_75_COSTO_BASE
fdb99841-de14-5aab-be60-cfc33cbfd8e4;460453;Wadfow alicate de bloqueo WLP5703 3PCS;True;False;True;8800.0;5674.0;1.551;10500;1700;;;https://www.totalherramientasoficial.com.py/produto/wadfow-alicate-de-bloqueio--wlp5703-3pcs-41671.html;;;;;;NO;NO;SIN_PRECIO_PROVEEDOR_ACTUAL
fdc03638-a405-5eb3-a422-c3b3971a4045;487849;Total llave de impacto con adaptador 1/4 20V TOSLI231004;True;False;True;319500.0;204880.0;1.559;379000;59500;;;https://www.totalherramientasoficial.com.py/produto/total--chave-de-impacto-com-adaptador-14-20v-tosli231004-46020.html;;;;;;NO;NO;SIN_PRECIO_PROVEEDOR_ACTUAL
fdc32ae6-42dc-5215-868e-1e54a9a1f4d2;469531;Wadfow llave tipo y 135MM WTH2102 10-12-14MM;True;False;True;5700.0;3669.0;1.554;6800;1100;2.2;USD;https://www.totalherramientasoficial.com.py/produto/wadfow-chave-y-135mm---wth2102-101214mm-42637.html;2026-09-27;;;;;NO;NO;DEBAJO_DE_1_75_COSTO_BASE
fddd6fb9-45fd-5abe-bb0b-c6e4a8ca3ac8;490016;Wadfow escalera aluminio 5 escalones 120KG WLD3H05;True;False;True;109200.0;70031.0;1.559;129600;20400;42.0;USD;https://www.totalherramientasoficial.com.py/produto/wadfow-escada-de-aluminio-5-degraus-120kg-wld3h05-46237.html;2026-09-27;;;;;NO;NO;DEBAJO_DE_1_75_COSTO_BASE
fe03a70a-60f8-5119-aef8-fad27204a50a;580038;Wadfow multi-herramienta inalámbrica 20V WMUP5020;True;False;True;17200.0;11032.0;1.559;20400;3200;;;https://www.totalherramientasoficial.com.py/produto/wadfow-multiferramenta-inalambrica-20v-wmup5020-56427.html;;;;;;NO;NO;SIN_PRECIO_PROVEEDOR_ACTUAL
fe1bf3dd-0f02-517a-84e5-599e0e9405dc;102957;Wadfow caja de herramientas metalica 120PCS WHS3120;True;False;True;68800.0;44128.0;1.559;81600;12800;115.0;USD;https://www.totalherramientasoficial.com.py/produto/wadfow-kit-ferramentas-metalica-120pcs--whs3120-1496.html;2026-09-27;;;;;NO;NO;DEBAJO_DE_1_75_COSTO_BASE
fe1e572a-7346-586b-a40c-67a35786775f;278478;Total juego de destornilladores 4PCS TKSDS0426;True;False;True;15700.0;10086.0;1.557;18700;3000;;;https://www.totalherramientasoficial.com.py/produto/total--kit-chaves-de-fenda-4pcs-tksds0426-55268.html;;;;;;NO;NO;SIN_PRECIO_PROVEEDOR_ACTUAL
fe3d6a5f-5b9f-5775-a315-4e35084c221f;456500;"Total llave de trinquete 1/4"" THT106146 158MM";True;False;True;8800.0;5674.0;1.551;10500;1700;;;https://www.totalherramientasoficial.com.py/produto/total-chave-catraca-14--tht106146-158mm-40718.html;;;;;;NO;NO;SIN_PRECIO_PROVEEDOR_ACTUAL
fe48ad42-caf0-5c43-ab7d-bc92385265a0;495530;Total kit de baterias y cargador 20V 4AH TFBCLI20244;True;False;True;33400.0;21434.0;1.558;39700;6300;;;https://www.totalherramientasoficial.com.py/produto/total-kit-bateria-e-carregador-20v-4ah---tfbcli20244-46812.html;;;;;;NO;NO;SIN_PRECIO_PROVEEDOR_ACTUAL
fe6459b6-b393-5d4d-a900-2a0b650e229b;350846;Total sierra circular UTS1141856 1400W madera;True;False;True;137600.0;88256.0;1.559;163300;25700;;;https://www.totalherramientasoficial.com.py/produto/total-serra-circular-uts1141856-1400w-madeira-26438.html;;;;;;NO;NO;SIN_PRECIO_PROVEEDOR_ACTUAL
fe6a81ee-7571-58ed-8c3f-57e891ae2e55;528146;Wadfow juego de destornilladores aislados WSS7407 7PCS;True;False;True;13500.0;8671.0;1.557;16000;2500;5.2;USD;https://www.totalherramientasoficial.com.py/produto/wadfow-conjunto-de-chaves-de-fendas-isoladas-wss7407-7pcs-50646.html;2026-09-27;;;;;NO;NO;DEBAJO_DE_1_75_COSTO_BASE
fe6acddd-ccaa-5161-adad-2a3e28bc2cad;583848;Total combo 3PCS detector + nivel + linterna TOS251003;True;False;True;91000.0;58359.0;1.559;108000;17000;35.0;USD;https://www.totalherramientasoficial.com.py/produto/total-combo-3pcs--detector--nivel--lanterna-tos251003-56808.html;2026-09-27;;;;;NO;NO;DEBAJO_DE_1_75_COSTO_BASE
fe73aefc-3aea-5163-a07d-e9095ba7958f;367523;Total bomba de agua TWP67501 750W 1HP 32M;True;False;True;235900.0;151296.0;1.559;279900;44000;;;https://www.totalherramientasoficial.com.py/produto/total-bomba-de-esg-twp67501-750w-1hp-32m-27969.html;;;;;;NO;NO;SIN_PRECIO_PROVEEDOR_ACTUAL
fe7ba08b-4224-5027-b892-969fc12ad272;553612;Total pulidora orbital 20V 254MM TOPLI202548;True;False;True;102700.0;65864.0;1.559;121800;19100;39.5;USD;https://www.totalherramientasoficial.com.py/produto/total-polidora-orbital-20v-254mm--topli202548-53461.html;2026-09-27;;;;;NO;NO;DEBAJO_DE_1_75_COSTO_BASE
fe7baf4b-f0b5-5475-a053-ea5d15b9abfa;436755;Total kit herramienta THKTHP21306 130PCS;True;False;True;41800.0;26792.0;1.56;49600;7800;;;https://www.totalherramientasoficial.com.py/produto/total-kit-feramenta--thkthp21306-130pcs-34637.html;;;;;;NO;NO;SIN_PRECIO_PROVEEDOR_ACTUAL
fe84485f-58fc-5f93-a656-508b86fb8acd;489928;Wadfow baliza triangulo reflectivo WYJ3A43;True;False;True;15600.0;10004.0;1.559;18500;2900;6.0;USD;https://www.totalherramientasoficial.com.py/produto/wadfow-farol-triangulo-refletivo-wyj3a43-46228.html;2026-09-27;;;;;NO;NO;DEBAJO_DE_1_75_COSTO_BASE
fe99e74e-313e-54e7-8f73-ce2e5531d5e3;340694;Total kit llave torx THT1061846;True;False;True;8200.0;5251.0;1.562;9700;1500;;;https://www.totalherramientasoficial.com.py/produto/total-kit-chave-torx-tht1061846-25536.html;;;;;;NO;NO;SIN_PRECIO_PROVEEDOR_ACTUAL
feae37d7-077f-5ef7-937b-0d860e8d4d95;579957;Wadfow llave de impacto motor sin escobillas 20V 1280NM WCD1B1;True;False;True;8800.0;5674.0;1.551;10500;1700;;;https://www.totalherramientasoficial.com.py/produto/wadfow-chave-de-impacto-motor-sem-escova-20v-1280nm-wcd1b128-56419.html;;;;;;NO;NO;SIN_PRECIO_PROVEEDOR_ACTUAL
fec3a355-d066-545e-abdb-71c4bb0b0840;341523;Total llave philips THT22836 8X200M PH3;True;False;True;4300.0;2752.0;1.562;5100;800;1.65;USD;https://www.totalherramientasoficial.com.py/produto/total-chave-philips--tht22836-8x200m-ph3-25614.html;2026-09-27;;;;;NO;NO;DEBAJO_DE_1_75_COSTO_BASE
fed13aff-78b5-510e-9573-33315bc08da0;486583;Total lápiz tester THT291408 140MM 500V;True;False;True;13800.0;8826.0;1.564;16300;2500;;;https://www.totalherramientasoficial.com.py/produto/total-lapis-testador-tht291408-140mm-500v-45874.html;;;;;;NO;NO;SIN_PRECIO_PROVEEDOR_ACTUAL
fee3bead-715a-53fc-bd05-39fe2e49fe1d;486743;Total sierra circular 20V TSLI1851;True;False;True;226100.0;144992.0;1.559;268200;42100;;;https://www.totalherramientasoficial.com.py/produto/total-serra-circular-20v--tsli1851-45890.html;;;;;;NO;NO;SIN_PRECIO_PROVEEDOR_ACTUAL
fef5c8d4-512d-514e-85ff-65ce19405680;436830;Total bolsa de herramientas THT16P4011;True;False;True;41800.0;26792.0;1.56;49600;7800;;;https://www.totalherramientasoficial.com.py/produto/total--bolsa-de-ferramenta--tht16p4011-34645.html;;;;;;NO;NO;SIN_PRECIO_PROVEEDOR_ACTUAL
fefa2839-7f1a-567e-9bb5-6ac8c477452b;531726;Total amoladora angular TG10911576 960W;True;False;True;87800.0;56276.0;1.56;104100;16300;;;https://www.totalherramientasoficial.com.py/produto/total-esmirilhadeira-angular--tg10911576---960w-51226.html;;;;;;NO;NO;SIN_PRECIO_PROVEEDOR_ACTUAL
ff0d6912-3e2c-548d-933e-aad0ac14fb59;456494;"Total llave de trinquete THT1061438 1/4""3/8""";True;False;True;15100.0;9670.0;1.562;17900;2800;5.8;USD;https://www.totalherramientasoficial.com.py/produto/total-chave-catraca--tht1061438--1438-40717.html;2026-09-27;;;;;NO;NO;DEBAJO_DE_1_75_COSTO_BASE
ff26fd49-5370-50e9-a92b-6eb1a475a1a4;531719;Total broca kit para taladro percutor 8PCS TACSDL11806;True;False;True;63900.0;40976.0;1.559;75800;11900;;;https://www.totalherramientasoficial.com.py/produto/total-broca-kit-para-martelo-8pcs---tacsdl11806-51225.html;;;;;;NO;NO;SIN_PRECIO_PROVEEDOR_ACTUAL
ff33bec9-f982-5934-ac5d-0cde9fe0b21f;769903;Medicube Collagen Jelly Cream 110 ml;True;False;True;28600.0;;;;;10.5;USD;https://atacadousa.com.py/cosmeticos/11366-creme-facial-medicube-collagen-jelly-cream-110ml-769903.html;2026-09-27;;;;;NO;NO;SIN_COSTO_BASE_DOCUMENTADO
ff39c8f8-5099-5ccc-b879-82a11c6451ea;436052;Total alicate crimpadora cables eléctricos THCPG2510;True;False;True;8800.0;5674.0;1.551;10500;1700;;;https://www.totalherramientasoficial.com.py/produto/total-alicate-de-crimpagem-para-cabos-eletricos--thcpg2510-34561.html;;;;;;NO;NO;SIN_PRECIO_PROVEEDOR_ACTUAL
ff3e2e68-7644-5c85-ba32-b4b655155b91;471114;Wadfow cincel sds plus WGZ1202 14X250MM;True;False;True;12800.0;8195.0;1.562;15200;2400;1.5;USD;https://www.totalherramientasoficial.com.py/produto/wadfow-cinzel-sds-plus-wgz1202-14x250mm-42795.html;2026-09-27;;;;;NO;NO;DEBAJO_DE_1_75_COSTO_BASE
ff542924-1064-5965-a7f2-d4713bdf5597;99707;"Wadfow llave combinada con ratchet flexible 17"" WSA6117";True;False;True;8400.0;5418.0;1.55;10000;1600;3.25;USD;https://www.totalherramientasoficial.com.py/produto/wadfow-chave-com-catraca-dobravel17--wsa6117-54868.html;2026-09-27;;;;;NO;NO;DEBAJO_DE_1_75_COSTO_BASE
ff79be99-b2d5-5564-a639-e49bc4e5e053;443241;Total control bomba automatica 750W TWPS102;True;False;True;17200.0;11032.0;1.559;20400;3200;;;https://www.totalherramientasoficial.com.py/produto/total-controle-automatico-da-bomba-750w-twps102-35317.html;;;;;;NO;NO;SIN_PRECIO_PROVEEDOR_ACTUAL
ff81e465-49c2-5ad5-a2e7-c8246bc028ff;487955;Total martillo demoledor TRHLI202289 20V 4AH;True;False;True;437400.0;280528.0;1.559;519000;81600;;;https://www.totalherramientasoficial.com.py/produto/total-martelo-de-demolicao--trhli202289-20v--4ah-46031.html;;;;;;NO;NO;SIN_PRECIO_PROVEEDOR_ACTUAL
