producto;sku;venta_ars;compra_pdf_ars;diferencia_antes_de_gastos_ars;margen_antes_de_gastos_pct;pagina_pdf;estado;mercado_libre
"TOTAL BOLSA DE HERRAMIENTAS 16"" THT36L03";486538;41800.0;26792.0;15008.0;35.9;33;"Costo base documentado; transporte y comisiones pendientes";Comparación individual pendiente
WADFOW TALADRO DE IMPACTO MOTOR SIN ESCOBILLAS WCDP7281 20V 2B;538862;171600.0;110049.0;61551.0;35.87;57;"Costo base documentado; transporte y comisiones pendientes";Comparación individual pendiente
"WADFOW LLAVE TRINQUETE 3/8"" WRW1238";462815;13600.0;8753.0;4847.0;35.64;132;"Costo base documentado; transporte y comisiones pendientes";Comparación individual pendiente
TOTAL LLAVE DE IMPACTO 20V 405NM TIWLI2045 2B;609074;226200.0;145064.0;81136.0;35.87;54;"Costo base documentado; transporte y comisiones pendientes";Comparación individual pendiente
TOTAL SOCKET HEXAGONAL THTST12133L 1/2 13MM;437158;13800.0;8826.0;4974.0;36.04;154;"Costo base documentado; transporte y comisiones pendientes";Comparación individual pendiente
WADFOW TRIPODE 1.1MT PARA NIVEL LASER WLE9301;489430;137600.0;88256.0;49344.0;35.86;234;"Costo base documentado; transporte y comisiones pendientes";Comparación individual pendiente
TOTAL PORTA MANGUERA DE 40 METROS THHR40122;77835;39600.0;25427.0;14173.0;35.79;305;"Costo base documentado; transporte y comisiones pendientes";Comparación individual pendiente
TOTAL LLAVE DE IMPACTO 20V 400NM UTIWLI2040;511865;8800.0;5674.0;3126.0;35.52;70;"Costo base documentado; transporte y comisiones pendientes";Comparación individual pendiente
TOTAL COMBO HERRAMIENTAS ELECTRICAS 3PCS 20V TOSLI241192;528023;368600.0;236400.0;132200.0;35.87;327;"Costo base documentado; transporte y comisiones pendientes";Comparación individual pendiente
TOTAL HIDROLAVADORA TPWLI20084 20V;436229;157300.0;100864.0;56436.0;35.88;201;"Costo base documentado; transporte y comisiones pendientes";Comparación individual pendiente
WADFOW KIT LIMA PARA MADERA 3PCS WSF1403;538510;15600.0;10004.0;5596.0;35.87;319;"Costo base documentado; transporte y comisiones pendientes";Comparación individual pendiente
TOTAL CARGADOR RÁPIDO TFCLI2003 20V;455244;31900.0;20488.0;11412.0;35.77;84;"Costo base documentado; transporte y comisiones pendientes";Comparación individual pendiente
WADFOW PUNTAS DE DESTORNILLADOR DE IMPACTO 2PCS 250MM WSV6K66;107709;5600.0;3584.0;2016.0;36.0;57;"Costo base documentado; transporte y comisiones pendientes";Comparación individual pendiente
"WADFOW ALICATE CORTE DIAGONAL 8"" WPL7C08";460163;7200.0;4586.0;2614.0;36.31;178;"Costo base documentado; transporte y comisiones pendientes";Comparación individual pendiente
TOTAL SIERRA POLICORTE TS9243558 2400W;446570;137600.0;88256.0;49344.0;35.86;266;"Costo base documentado; transporte y comisiones pendientes";Comparación individual pendiente
"WADFOW TORQUÍMETRO DE 1/2""CRV WSA8101";488815;17200.0;11032.0;6168.0;35.86;336;"Costo base documentado; transporte y comisiones pendientes";Comparación individual pendiente
WADFOW JUEGO DE HERRAMIENTAS TALADRO 77PCS WDT4B77;33367;91000.0;58359.0;32641.0;35.87;276;"Costo base documentado; transporte y comisiones pendientes";Comparación individual pendiente
TOTAL KIT HERRAMIENTA THPTCS70971 97PCS;381703;17200.0;11032.0;6168.0;35.86;331;"Costo base documentado; transporte y comisiones pendientes";Comparación individual pendiente
TOTAL BOLSA HERRAMIENTAS THT36L01;436823;41800.0;26792.0;15008.0;35.9;33;"Costo base documentado; transporte y comisiones pendientes";Comparación individual pendiente
WADFOW FRESA ROTATIVA 6MM-8MM WYE3K03;543705;11700.0;7505.0;4195.0;35.85;216;"Costo base documentado; transporte y comisiones pendientes";Comparación individual pendiente
TOTAL ENGRAPADORA INDUSTRIAL THT31141 4-14MM;341622;13800.0;8826.0;4974.0;36.04;142;"Costo base documentado; transporte y comisiones pendientes";Comparación individual pendiente
TOTAL PISTOLA CLAVADORA BRAD TCBNLI2005 15-35MM S/B;527415;234000.0;150051.0;83949.0;35.88;212;"Costo base documentado; transporte y comisiones pendientes";Comparación individual pendiente
TOTAL HIDROLAVADORA TGT11226 2000W;381352;390000.0;250095.0;139905.0;35.87;197;"Costo base documentado; transporte y comisiones pendientes";Comparación individual pendiente
TOTAL COMBO 2PCS MOTOSIERRA +PODADORA 20V UTOSLI251085;584739;460200.0;295131.0;165069.0;35.87;207;"Costo base documentado; transporte y comisiones pendientes";Comparación individual pendiente
TOTAL PRENSA HIDRÁULICA 70KN THCT0240;436564;126100.0;80871.0;45229.0;35.87;173;"Costo base documentado; transporte y comisiones pendientes";Comparación individual pendiente
WADFOW NIVEL LASER AUTONIVELANTE VERDE 360° WLE2M05;538589;137600.0;88256.0;49344.0;35.86;236;"Costo base documentado; transporte y comisiones pendientes";Comparación individual pendiente
"TOTAL PRENSA SARGENTO G THT13141 4""";436847;12900.0;8255.0;4645.0;36.01;102;"Costo base documentado; transporte y comisiones pendientes";Comparación individual pendiente
TOTAL MARTILLO DE DEMOLICIÓN TH309288 220V 950W;442947;179400.0;115051.0;64349.0;35.87;274;"Costo base documentado; transporte y comisiones pendientes";Comparación individual pendiente
TOTAL CORTE DE CÉSPED ELÉCTRICO 1600W TGT616151 MOTOR DE INDUC;338448;382200.0;245109.0;137091.0;35.87;302;"Costo base documentado; transporte y comisiones pendientes";Comparación individual pendiente
"WADFOW CAJA DE HERRAMIENTAS DE PLÁSTICO 13"" WTB3313";33916;27000.0;17336.0;9664.0;35.79;36;"Costo base documentado; transporte y comisiones pendientes";Comparación individual pendiente
"TOTAL LLAVE DE IMPACTO DE AIRE TAT40341 3/4"" 1355NM";313872;317200.0;203424.0;113776.0;35.87;54;"Costo base documentado; transporte y comisiones pendientes";Comparación individual pendiente
WADFOW GATO DE TIJERA 1.5TON WHJ4515;461566;37700.0;24179.0;13521.0;35.86;182;"Costo base documentado; transporte y comisiones pendientes";Comparación individual pendiente
TOTAL COMPRESOR DE AIRE 24L UTC220248;487443;270300.0;173360.0;96940.0;35.86;97;"Costo base documentado; transporte y comisiones pendientes";Comparación individual pendiente
WADFOW ORGANIZADOR MODULAR TRANSPARENTE WTB8331;489836;41800.0;26792.0;15008.0;35.9;36;"Costo base documentado; transporte y comisiones pendientes";Comparación individual pendiente
TOTAL JUEGO DE HOJA DE SIERRAS SABLE TAC521002;501989;22100.0;14175.0;7925.0;35.86;251;"Costo base documentado; transporte y comisiones pendientes";Comparación individual pendiente
TOTAL BOMBA DE AGUA SUMERGIBLE TWP7150026 1500W 2HP;502108;172000.0;110320.0;61680.0;35.86;199;"Costo base documentado; transporte y comisiones pendientes";Comparación individual pendiente
TOTAL CORTACÉSPED 20V TLMLI2014;486866;17200.0;11032.0;6168.0;35.86;328;"Costo base documentado; transporte y comisiones pendientes";Comparación individual pendiente
TOTAL JUEGO DE DESTORNILLADORES THT250608 8PCS;367660;15700.0;10086.0;5614.0;35.76;146;"Costo base documentado; transporte y comisiones pendientes";Comparación individual pendiente
TOTAL GENERADOR A GASOLINA 2.0KW TP523006;576680;1177800.0;755336.0;422464.0;35.87;99;"Costo base documentado; transporte y comisiones pendientes";Comparación individual pendiente
WADFOW CAJA DE HERRAMIENTAS CON 5 GAVETAS WCS2A05;489478;621400.0;398511.0;222889.0;35.87;31;"Costo base documentado; transporte y comisiones pendientes";Comparación individual pendiente
TOTAL HOJA DE LIJA PARA LIJADORA EXCÉNTRICA 125MM TAC125050;501996;12300.0;7886.0;4414.0;35.89;213;"Costo base documentado; transporte y comisiones pendientes";Comparación individual pendiente
TOTAL JUEGO DE BROCAS M2 HSS 15PCS TACSDL51508;536509;15700.0;10086.0;5614.0;35.76;15;"Costo base documentado; transporte y comisiones pendientes";Comparación individual pendiente
TOTAL MÁQUINA DE SOLDAR 40A TCUT4058;576666;206400.0;132384.0;74016.0;35.86;271;"Costo base documentado; transporte y comisiones pendientes";Comparación individual pendiente
TOTAL MÁQUINA DE SOLDADURA TW22506 220V 250A;442992;206400.0;132384.0;74016.0;35.86;270;"Costo base documentado; transporte y comisiones pendientes";Comparación individual pendiente
WADFOW CARRO DE HERRAMIENTAS DE 3 NIVELES WCS1A13;490351;13800.0;8826.0;4974.0;36.04;234;"Costo base documentado; transporte y comisiones pendientes";Comparación individual pendiente
"TOTAL LIJADORA DE AIRE ORBITAL 6"" TAT91512";49900;108100.0;69344.0;38756.0;35.85;219;"Costo base documentado; transporte y comisiones pendientes";Comparación individual pendiente
TOTAL ALICATE PUNTA LARGA THT220806;430395;8800.0;5674.0;3126.0;35.52;139;"Costo base documentado; transporte y comisiones pendientes";Comparación individual pendiente
"TOTAL LLAVE DE CATRACA 1/2"" 260MM THT106126";340700;8800.0;5674.0;3126.0;35.52;150;"Costo base documentado; transporte y comisiones pendientes";Comparación individual pendiente
TOTAL BOTAS DE SEGURIDAD TSP207IDSB.45 NEGRO/ROJO;532464;57200.0;36683.0;20517.0;35.87;237;"Costo base documentado; transporte y comisiones pendientes";Comparación individual pendiente
TOTAL COMBO 3PCS DETECTOR + LASER + CORTADOR DE AZULEJOS TOS25;583787;351000.0;225100.0;125900.0;35.87;171;"Costo base documentado; transporte y comisiones pendientes";Comparación individual pendiente
WADFOW RECTIFICADOR WAT5514;461948;17200.0;11032.0;6168.0;35.86;339;"Costo base documentado; transporte y comisiones pendientes";Comparación individual pendiente
WADFOW LUBRICADOR NEUMÁTICO DE GRASA DE AIRE 12 LITROS WAL1A12;489706;361400.0;231770.0;129630.0;35.87;95;"Costo base documentado; transporte y comisiones pendientes";Comparación individual pendiente
WADFOW LLAVE COMBINADA 22MM WSA5122;201339;10100.0;6503.0;3597.0;35.61;129;"Costo base documentado; transporte y comisiones pendientes";Comparación individual pendiente
WADFOW MEDIDOR DE ESPESOR 0-20MM WDTG1P03;543187;31800.0;20425.0;11375.0;35.77;320;"Costo base documentado; transporte y comisiones pendientes";Comparación individual pendiente
TOTAL BROCA ESPIRAL DE TIERRA TEA55221-2 LAMINA;527538;57200.0;36683.0;20517.0;35.87;7;"Costo base documentado; transporte y comisiones pendientes";Comparación individual pendiente
"TOTAL ESPATULA DE YESO THPUT38250 10""";367844;12800.0;8195.0;4605.0;35.98;168;"Costo base documentado; transporte y comisiones pendientes";Comparación individual pendiente
"TOTAL PULIDORA 20V 7"" TAPLI2018";536349;163800.0;105047.0;58753.0;35.87;40;"Costo base documentado; transporte y comisiones pendientes";Comparación individual pendiente
TOTAL SIERRA DE PODA 330MM THPS3308;554169;137600.0;88256.0;49344.0;35.86;264;"Costo base documentado; transporte y comisiones pendientes";Comparación individual pendiente
TOTAL MÁQUINA DE SOLDAR TW216069 160A MMA;521147;286000.0;183415.0;102585.0;35.87;269;"Costo base documentado; transporte y comisiones pendientes";Comparación individual pendiente
TOTAL AMOLADORA 20V UTAGLI261521 900W MOTOR SIN ESCOBILLAS;576611;150800.0;96710.0;54090.0;35.87;46;"Costo base documentado; transporte y comisiones pendientes";Comparación individual pendiente
TOTAL AMOLADORA ANGULAR 42V TAGLI4128112;564854;330200.0;211761.0;118439.0;35.87;40;"Costo base documentado; transporte y comisiones pendientes";Comparación individual pendiente
TOTAL PUNTAS DE DESTORNILLADOR DE IMPACTO PH3 25MM 2PCS TACIM7;94252;1700.0;1084.0;616.0;36.24;55;"Costo base documentado; transporte y comisiones pendientes";Comparación individual pendiente
TOTAL MOTOSIERRA DE IONES DE LITIO TGSLI20128 20V;486149;46700.0;29944.0;16756.0;35.88;209;"Costo base documentado; transporte y comisiones pendientes";Comparación individual pendiente
WADFOW MARTILLO PARA TEJADOS 600GR WHM3360;488648;12400.0;7921.0;4479.0;36.12;167;"Costo base documentado; transporte y comisiones pendientes";Comparación individual pendiente
TOTAL COMBO TALADRO PERCUTOR + ATORNILLADOR DE IMPACTO TCKLI20;553865;288600.0;185082.0;103518.0;35.87;53;"Costo base documentado; transporte y comisiones pendientes";Comparación individual pendiente
WADFOW CUERDA DE ESLINGA 4TX4M WWG1344;253;31200.0;20009.0;11191.0;35.87;316;"Costo base documentado; transporte y comisiones pendientes";Comparación individual pendiente
TOTAL SOPLADOR INALÁMBRICO 20V UTABLI20781;600804;186800.0;119776.0;67024.0;35.88;203;"Costo base documentado; transporte y comisiones pendientes";Comparación individual pendiente
TOTAL COMBO 20V 4PCS TOSLI241169;529167;486600.0;312048.0;174552.0;35.87;326;"Costo base documentado; transporte y comisiones pendientes";Comparación individual pendiente
"TOTAL TALADRO DE PERCUSIÓN 1/2"" 680W UTG1061356-9";486934;63900.0;40976.0;22924.0;35.87;279;"Costo base documentado; transporte y comisiones pendientes";Comparación individual pendiente
"WADFOW RUEDA CARRETILLA 16"" AIRE REFORZADA NEGRA WWL1301";489584;19900.0;12756.0;7144.0;35.9;31;"Costo base documentado; transporte y comisiones pendientes";Comparación individual pendiente
TOTAL JUEGO DE LLAVES COMBINADAS 24PCS THT103RK246;149730;59000.0;37824.0;21176.0;35.89;144;"Costo base documentado; transporte y comisiones pendientes";Comparación individual pendiente
WADFOW BROCA PARA MADERA SET 8PCS WSJ6B08;463546;15700.0;10086.0;5614.0;35.76;16;"Costo base documentado; transporte y comisiones pendientes";Comparación individual pendiente
TOTAL CINTA METRICA TMT126081 8 METROS;316538;3900.0;2522.0;1378.0;35.33;231;"Costo base documentado; transporte y comisiones pendientes";Comparación individual pendiente
"WADFOW ALICATE PARA OJALES 6"" 150MM WLH3601";496124;4400.0;2834.0;1566.0;35.59;174;"Costo base documentado; transporte y comisiones pendientes";Comparación individual pendiente
WADFOW MARTILLO DRYWALL 16OZ WHM8195;28295;20200.0;12923.0;7277.0;36.02;57;"Costo base documentado; transporte y comisiones pendientes";Comparación individual pendiente
WADFOW LLAVE COMBINADAS CON RATCHET CR-V 10MM WSA5110;201322;5900.0;3782.0;2118.0;35.9;158;"Costo base documentado; transporte y comisiones pendientes";Comparación individual pendiente
TOTAL KIT LLAVE FENDA THTDC250401 4PCS;415385;8800.0;5674.0;3126.0;35.52;149;"Costo base documentado; transporte y comisiones pendientes";Comparación individual pendiente
TOTAL KIT HERRAMIENTA JUEGO DE LLAVES DE VASO THT421802 82PCS;488457;59000.0;37824.0;21176.0;35.89;137;"Costo base documentado; transporte y comisiones pendientes";Comparación individual pendiente
TOTAL SIERRA DE COPA 12 PIEZAS TACSH1121 METAL;317238;137600.0;88256.0;49344.0;35.86;263;"Costo base documentado; transporte y comisiones pendientes";Comparación individual pendiente
TOTAL HIDRÁULICA CRIMPADO TCTLI2002;415828;17200.0;11032.0;6168.0;35.86;329;"Costo base documentado; transporte y comisiones pendientes";Comparación individual pendiente
WADFOW JUEGO DE LLAVES COMBINADA WSP1M12 12PCS;542197;59000.0;37824.0;21176.0;35.89;156;"Costo base documentado; transporte y comisiones pendientes";Comparación individual pendiente
TOTAL ACCESORIOS PARA RECTIFICADOR TAKB1012 10PCS;509435;118000.0;75648.0;42352.0;35.89;45;"Costo base documentado; transporte y comisiones pendientes";Comparación individual pendiente
TOTAL MARTILLO PERFORADOR 20V TRHLI262085 MOTOR SIN ESCOBILLAS;584821;338000.0;216747.0;121253.0;35.87;275;"Costo base documentado; transporte y comisiones pendientes";Comparación individual pendiente
TOTAL TALADRO ATORNILLADOR 20V TDLI2002 S/B;515214;57200.0;36683.0;20517.0;35.87;52;"Costo base documentado; transporte y comisiones pendientes";Comparación individual pendiente
TOTAL MÁQUINA DE SOLDAR 200A UTW2200691;502092;206400.0;132384.0;74016.0;35.86;270;"Costo base documentado; transporte y comisiones pendientes";Comparación individual pendiente
TOTAL MANGUERA DE ALTA PRESIÓN PARA HIDROLAVADORA 5M TGTHPH526;502139;216300.0;138688.0;77612.0;35.88;199;"Costo base documentado; transporte y comisiones pendientes";Comparación individual pendiente
WADFOW GRIFO DE LAVABO WZD1524;469784;22100.0;14175.0;7925.0;35.86;91;"Costo base documentado; transporte y comisiones pendientes";Comparación individual pendiente
TOTAL KIT DE DESTORNILLADOR DE 8 PIEZAS THTDC250801;436618;5400.0;3467.0;1933.0;35.8;147;"Costo base documentado; transporte y comisiones pendientes";Comparación individual pendiente
TOTAL MÁQUINA DE SOLDAR CON INVERSOR 160A UTW216069;502085;335400.0;215096.0;120304.0;35.87;269;"Costo base documentado; transporte y comisiones pendientes";Comparación individual pendiente
WADFOW BATERIA 20V 2AH INDICADOR LED DE CARGA WLBP520;489188;42900.0;27514.0;15386.0;35.86;81;"Costo base documentado; transporte y comisiones pendientes";Comparación individual pendiente
WADFOW SET CEPILLO DE LIMPIEZA PARA TALADRO 11PCS WND5515;201636;31800.0;20425.0;11375.0;35.77;277;"Costo base documentado; transporte y comisiones pendientes";Comparación individual pendiente
TOTAL SIERRA CORTA PARED 3000W TWLC1301;35835;569400.0;365162.0;204238.0;35.87;254;"Costo base documentado; transporte y comisiones pendientes";Comparación individual pendiente
TOTAL CINCEL HEXAGONAL KIT 4PCS TAC0304375;518741;13800.0;8826.0;4974.0;36.04;140;"Costo base documentado; transporte y comisiones pendientes";Comparación individual pendiente
WADFOW RASPADOR DE HIELO 1440MM WQA1313;490344;22900.0;14707.0;8193.0;35.78;207;"Costo base documentado; transporte y comisiones pendientes";Comparación individual pendiente
TOTAL GATO DE PISO HIDRÁULICO THT108256 2.5 TONELADAS;514965;13800.0;8826.0;4974.0;36.04;143;"Costo base documentado; transporte y comisiones pendientes";Comparación individual pendiente
TOTAL CARGADOR TFCLI42021 42V 220VOL;553254;52000.0;33348.0;18652.0;35.87;78;"Costo base documentado; transporte y comisiones pendientes";Comparación individual pendiente
TOTAL JUEGO DE LLAVES FIJAS DE CARRACA 6PCS THT103RK066;609746;31900.0;20488.0;11412.0;35.77;147;"Costo base documentado; transporte y comisiones pendientes";Comparación individual pendiente
TOTAL ATORNILLADOR UTDLI20011;436144;157300.0;100864.0;56436.0;35.88;66;"Costo base documentado; transporte y comisiones pendientes";Comparación individual pendiente
TOTAL TALADRO ATORNILLADOR 20V TDLI204531 MOTOR SIN ESCOBILLAS;501804;122900.0;78800.0;44100.0;35.88;61;"Costo base documentado; transporte y comisiones pendientes";Comparación individual pendiente
TOTAL AMOLADORA UTG1201801 2000W;173391;106500.0;68282.0;38218.0;35.89;41;"Costo base documentado; transporte y comisiones pendientes";Comparación individual pendiente
TOTAL PUNTAS DE DESTORNILLADOR DE IMPACTO 2PCS TACIM71PZ225;576697;1600.0;999.0;601.0;37.56;55;"Costo base documentado; transporte y comisiones pendientes";Comparación individual pendiente
TOTAL PISTOLA CALOR 20V TBLI2006;553919;108100.0;69344.0;38756.0;35.85;220;"Costo base documentado; transporte y comisiones pendientes";Comparación individual pendiente
WADFOW LLAVE COMBINADA CON RATCHET 11MM 72T WSA5111;201865;4800.0;3086.0;1714.0;35.71;122;"Costo base documentado; transporte y comisiones pendientes";Comparación individual pendiente
TOTAL COMBO INALAMBRICA 4PCS TOSLI241297;532303;486600.0;312048.0;174552.0;35.87;84;"Costo base documentado; transporte y comisiones pendientes";Comparación individual pendiente
TOTAL BATERIA TFBLI2001 20V 2,0AH;380874;44200.0;28346.0;15854.0;35.87;79;"Costo base documentado; transporte y comisiones pendientes";Comparación individual pendiente
"WADFOW ALICATE PARA BOMBA DE AGUA 12"" WPL9622";613897;172000.0;110320.0;61680.0;35.86;203;"Costo base documentado; transporte y comisiones pendientes";Comparación individual pendiente
TOTAL NIVEL LASER TLL156506 15MT ROJO;416016;137600.0;88256.0;49344.0;35.86;233;"Costo base documentado; transporte y comisiones pendientes";Comparación individual pendiente
TOTAL PISTOLA CLAVADORA 20V 35MM TCBNLI2008;232166;108100.0;69344.0;38756.0;35.85;221;"Costo base documentado; transporte y comisiones pendientes";Comparación individual pendiente
TOTAL SET DE MECHAS PARA METAL , MADERA Y MAMPOSTERIA 16PCS TA;531689;15700.0;10086.0;5614.0;35.76;16;"Costo base documentado; transporte y comisiones pendientes";Comparación individual pendiente
"WADFOW LLAVE CRUZADA 14"" WTH8314 17/19/21/23MM";461016;8800.0;5674.0;3126.0;35.52;158;"Costo base documentado; transporte y comisiones pendientes";Comparación individual pendiente
TOTAL ATORNILLADOR DRYWALL 20V TDSLI204281;553872;197600.0;126723.0;70877.0;35.87;51;"Costo base documentado; transporte y comisiones pendientes";Comparación individual pendiente
TOTAL BOLSA HERRAMIENTA THT16P2031;341097;41800.0;26792.0;15008.0;35.9;33;"Costo base documentado; transporte y comisiones pendientes";Comparación individual pendiente
WADFOW CINTA MÉTRICA DE FIBRA DE VIDRIO 12.5MM WMT3550 50M;469555;30600.0;19593.0;11007.0;35.97;228;"Costo base documentado; transporte y comisiones pendientes";Comparación individual pendiente
"TOTAL BOLSA DE HERRAMIENTAS 16"" THT56161";444156;13800.0;8826.0;4974.0;36.04;140;"Costo base documentado; transporte y comisiones pendientes";Comparación individual pendiente
WADFOW GATO HIDRÁULICO 20T WHJ1520;528573;59000.0;37824.0;21176.0;35.89;224;"Costo base documentado; transporte y comisiones pendientes";Comparación individual pendiente
TOTAL JUEGO DE DESTORNILLADORES 26PCS THT250626;444118;15700.0;10086.0;5614.0;35.76;145;"Costo base documentado; transporte y comisiones pendientes";Comparación individual pendiente
TOTAL TALADRO PERCUTOR Y ATORNILLADOR 20V UTIDLI20558;527361;137600.0;88256.0;49344.0;35.86;73;"Costo base documentado; transporte y comisiones pendientes";Comparación individual pendiente
WADFOW LLAVE DINANOMÉTRICA 40-220NM WWQ1D12;489409;8800.0;5674.0;3126.0;35.52;155;"Costo base documentado; transporte y comisiones pendientes";Comparación individual pendiente
TOTAL TALADRO 12V TDLI1228 1.5 AH 2B;527514;71300.0;45704.0;25596.0;35.9;283;"Costo base documentado; transporte y comisiones pendientes";Comparación individual pendiente
"WADFOW ALICATE EXTENSIÓN WPL6310 10"" AISLADO";462358;8800.0;5674.0;3126.0;35.52;194;"Costo base documentado; transporte y comisiones pendientes";Comparación individual pendiente
"TOTAL LLAVE CAÑO THT171206 12""";367639;17600.0;11256.0;6344.0;36.05;112;"Costo base documentado; transporte y comisiones pendientes";Comparación individual pendiente
WADFOW LAMINA PARA REGLA VIBRATORIA WSFP1A188;538930;135200.0;86705.0;48495.0;35.87;310;"Costo base documentado; transporte y comisiones pendientes";Comparación individual pendiente
WADFOW TALHA MANUAL 3 TONELADAS WCK2583;109420;213200.0;136727.0;76473.0;35.87;223;"Costo base documentado; transporte y comisiones pendientes";Comparación individual pendiente
TOTAL ASPIRADOR WET-DRY TVLI20055E LI-ON;415811;186800.0;119776.0;67024.0;35.88;200;"Costo base documentado; transporte y comisiones pendientes";Comparación individual pendiente
TOTAL SUPER PEGAMENTO THT3521 12PCS/SET;415521;17200.0;11032.0;6168.0;35.86;333;"Costo base documentado; transporte y comisiones pendientes";Comparación individual pendiente
TOTAL LLAVE DE IMPACTO 20V 850NM TIWLI20851;511896;8800.0;5674.0;3126.0;35.52;69;"Costo base documentado; transporte y comisiones pendientes";Comparación individual pendiente
"TOTAL LLAVE CAÑO 48"" THT171486";472388;85800.0;55024.0;30776.0;35.87;112;"Costo base documentado; transporte y comisiones pendientes";Comparación individual pendiente
MEDICUBE DEEP VITA C PAD 70UNID 150G;;34500.0;;;;;Sin costo de compra documentado en este PDF;Comparación individual pendiente
WADFOW LLAVE COMBINADA CON RATCHET FLEXIBLE 10MM 180° WSA6110;88435;5800.0;3751.0;2049.0;35.33;130;"Costo base documentado; transporte y comisiones pendientes";Comparación individual pendiente
WADFOW PRENSA HIDRÁULICA DE TALLER 20 TONELADAS WHQ4A20;501149;728000.0;466874.0;261126.0;35.87;176;"Costo base documentado; transporte y comisiones pendientes";Comparación individual pendiente
TOTAL LIJADERA NEUMÁTICA TAT91501 AIRI;367516;108100.0;69344.0;38756.0;35.85;219;"Costo base documentado; transporte y comisiones pendientes";Comparación individual pendiente
"WADFOW GRIFO 4"" WZD1518";469760;45800.0;29345.0;16455.0;35.93;89;"Costo base documentado; transporte y comisiones pendientes";Comparación individual pendiente
"WADFOW LLAVE DE TRINQUETE WRW1212 1/2""";460835;16900.0;10840.0;6060.0;35.86;130;"Costo base documentado; transporte y comisiones pendientes";Comparación individual pendiente
TOTAL JUEGO DE DESTORNILLADORES DE IMPACTO 51PCS TACSDL25106;531696;42900.0;27514.0;15386.0;35.86;53;"Costo base documentado; transporte y comisiones pendientes";Comparación individual pendiente
MEDICUBE PDRN BOOSTER GEL 300ML;;30900.0;;;;;Sin costo de compra documentado en este PDF;Comparación individual pendiente
TOTAL KIT LLAVE COMBINADA THT102386 8PZS;366588;5900.0;3782.0;2118.0;35.9;149;"Costo base documentado; transporte y comisiones pendientes";Comparación individual pendiente
TOTAL CORTADOR DE TUBOS 3-32MM THT53321;316330;13800.0;8826.0;4974.0;36.04;141;"Costo base documentado; transporte y comisiones pendientes";Comparación individual pendiente
TOTAL MULTIMETRO DIGITAL TMT46001;437417;31900.0;20488.0;11412.0;35.77;233;"Costo base documentado; transporte y comisiones pendientes";Comparación individual pendiente
TOTAL SOPLADOR 20V TABLI20508;612272;186800.0;119776.0;67024.0;35.88;202;"Costo base documentado; transporte y comisiones pendientes";Comparación individual pendiente
WADFOW ROSCADOR DE TUBOS MANUAL 9PCS WJK1D61;228756;143000.0;91707.0;51293.0;35.87;133;"Costo base documentado; transporte y comisiones pendientes";Comparación individual pendiente
TOTAL KIT LLAVE FENDA THTDC250601 6PCS;415392;8800.0;5674.0;3126.0;35.52;149;"Costo base documentado; transporte y comisiones pendientes";Comparación individual pendiente
WADFOW SOPLADOR 20V WBLP522 1BAT;113137;186800.0;119776.0;67024.0;35.88;205;"Costo base documentado; transporte y comisiones pendientes";Comparación individual pendiente
TOTAL ATORNILLADOR 20V UTDLI2002 2BT 2VOL;397070;57200.0;36683.0;20517.0;35.87;65;"Costo base documentado; transporte y comisiones pendientes";Comparación individual pendiente
"TOTAL ALICATE DE SUJECIÓN THT111113 11""";444071;15000.0;9588.0;5412.0;36.08;104;"Costo base documentado; transporte y comisiones pendientes";Comparación individual pendiente
TOTAL CABALLETE 2PCS 10 TONELADAS THJS1001;22903;278200.0;178413.0;99787.0;35.87;302;"Costo base documentado; transporte y comisiones pendientes";Comparación individual pendiente
WADFOW LIMPADOR A VAPOR DE AIRE ACONDICIONADO WSTC1501;542395;17200.0;11032.0;6168.0;35.86;335;"Costo base documentado; transporte y comisiones pendientes";Comparación individual pendiente
"WADFOW VÁLVULA ESFERA 1/2""ACERO WVV5832";470674;12200.0;7804.0;4396.0;36.03;92;"Costo base documentado; transporte y comisiones pendientes";Comparación individual pendiente
TOTAL BOTAS DE LLUVIA TSP303L.44;456715;16300.0;10421.0;5879.0;36.07;245;"Costo base documentado; transporte y comisiones pendientes";Comparación individual pendiente
TOTAL HIDROLAVADORA 2400W UTGT11176;530491;324400.0;208032.0;116368.0;35.87;202;"Costo base documentado; transporte y comisiones pendientes";Comparación individual pendiente
TOTAL SOPLADOR ASPIRADORA UTB2066 600W;351171;137600.0;88256.0;49344.0;35.86;203;"Costo base documentado; transporte y comisiones pendientes";Comparación individual pendiente
TOTAL ALICATE CIRCLIP THTJ21803 7' 1.8MM;465441;14300.0;9172.0;5128.0;35.86;171;"Costo base documentado; transporte y comisiones pendientes";Comparación individual pendiente
TOTAL MARTILLO ROTATIVO TRHLI202682 20V;553636;235900.0;151296.0;84604.0;35.86;281;"Costo base documentado; transporte y comisiones pendientes";Comparación individual pendiente
WADFOW SET CABALLETE SOPORTE PLEGABLE 3 TONELADAS WHJ3503;489027;61100.0;39186.0;21914.0;35.87;223;"Costo base documentado; transporte y comisiones pendientes";Comparación individual pendiente
TOTAL COMBO INALÁMBRICO 20V 4PCS UTOSLI251082;583732;488800.0;313473.0;175327.0;35.87;78;"Costo base documentado; transporte y comisiones pendientes";Comparación individual pendiente
WADFOW CARGADOR DE BATERIA 4A WFCP540;580090;33200.0;21260.0;11940.0;35.96;82;"Costo base documentado; transporte y comisiones pendientes";Comparación individual pendiente
WADFOW KIT DE LLAVE DE IMPACTO +ATORNILLADOR 20V WCK2017;489133;193800.0;124305.0;69495.0;35.86;58;"Costo base documentado; transporte y comisiones pendientes";Comparación individual pendiente
"WADFOW LLAVE TRINQUETE CON CABEZA FLEX 3/8"" WRW4238";496179;24700.0;15842.0;8858.0;35.86;133;"Costo base documentado; transporte y comisiones pendientes";Comparación individual pendiente
TOTAL LLAVE DE CATRACA TCSPAR131;444255;5700.0;3669.0;2031.0;35.63;113;"Costo base documentado; transporte y comisiones pendientes";Comparación individual pendiente
WADFOW WINCHE MANUAL 100LBS WJW1101;538107;49400.0;31681.0;17719.0;35.87;222;"Costo base documentado; transporte y comisiones pendientes";Comparación individual pendiente
WADFOW GRIFO DE AGUA FRIA WZD2504;469852;20800.0;13339.0;7461.0;35.87;90;"Costo base documentado; transporte y comisiones pendientes";Comparación individual pendiente
WADFOW ASPIRADORA ROBOT 1300PA INTELIGENTE WVN1513;489256;218400.0;140062.0;78338.0;35.87;198;"Costo base documentado; transporte y comisiones pendientes";Comparación individual pendiente
TOTAL TIJERA DE PODA 8'' 200MM THT0109;512497;12300.0;7880.0;4420.0;35.93;187;"Costo base documentado; transporte y comisiones pendientes";Comparación individual pendiente
TOTAL INFLADOR DE PIE 150PSI TMPP5511;74346;32500.0;20844.0;11656.0;35.86;304;"Costo base documentado; transporte y comisiones pendientes";Comparación individual pendiente
WADFOW HIDROLAVORA DE ALTA PRESION A GASOLINA WGPS2A32;538916;923000.0;591930.0;331070.0;35.87;317;"Costo base documentado; transporte y comisiones pendientes";Comparación individual pendiente
TOTAL MÁQUINA DE SOLDAR MAG/MIG /MMA /TIG 160A UTMGT16058;62;206400.0;132384.0;74016.0;35.86;272;"Costo base documentado; transporte y comisiones pendientes";Comparación individual pendiente
TOTAL MARTILLO DE MECÁNICO 1000GR THMH621000;132602;15600.0;9989.0;5611.0;35.97;161;"Costo base documentado; transporte y comisiones pendientes";Comparación individual pendiente
TOTAL AMOLADORA 20V 1200W TAGLI2120252;583817;152400.0;97712.0;54688.0;35.88;46;"Costo base documentado; transporte y comisiones pendientes";Comparación individual pendiente
WADFOW CAJA DE HARRAMIENTAS 2PCS WTB6A02;528559;65000.0;41685.0;23315.0;35.87;314;"Costo base documentado; transporte y comisiones pendientes";Comparación individual pendiente
TOTAL BOMBA DE TRANFERENCIA DE AGUA TTPLI2001 20V;486217;172000.0;110320.0;61680.0;35.86;324;"Costo base documentado; transporte y comisiones pendientes";Comparación individual pendiente
TOTAL VENTILADOR TFALI2001 LITHIUM;415071;17200.0;11032.0;6168.0;35.86;333;"Costo base documentado; transporte y comisiones pendientes";Comparación individual pendiente
TOTAL AMOLADORA ANGULAR TG1091156 950W 115MM;468916;87500.0;56106.0;31394.0;35.88;47;"Costo base documentado; transporte y comisiones pendientes";Comparación individual pendiente
"WADFOW GRIFO MEZCLADORA 4"" WZD1519";469753;45800.0;29345.0;16455.0;35.93;92;"Costo base documentado; transporte y comisiones pendientes";Comparación individual pendiente
TOTAL MARTILLO MARETA THT750516;444057;70800.0;45436.0;25364.0;35.82;115;"Costo base documentado; transporte y comisiones pendientes";Comparación individual pendiente
WADFOW BATERIA 12V WLBS5150 1.5AH;463799;22100.0;14184.0;7916.0;35.82;85;"Costo base documentado; transporte y comisiones pendientes";Comparación individual pendiente
WADFOW DENT PULLER (VENTOSA VIDRIO) WKR1G75;538626;17900.0;11505.0;6395.0;35.73;316;"Costo base documentado; transporte y comisiones pendientes";Comparación individual pendiente
TOTAL CONTROL DE BOMBA DE AGUA POZO TWP522001-SB;381260;172000.0;110320.0;61680.0;35.86;201;"Costo base documentado; transporte y comisiones pendientes";Comparación individual pendiente
"TOTAL JUEGO DE DADOS DE IMPACTO 1/2"" 5PCS THKISD12052L";33572;18800.0;12088.0;6712.0;35.7;53;"Costo base documentado; transporte y comisiones pendientes";Comparación individual pendiente
TOTAL JUEGO DE PUNTAS DE DESTORNILLADOR TACSD10306 30PCS;468817;11400.0;7338.0;4062.0;35.63;110;"Costo base documentado; transporte y comisiones pendientes";Comparación individual pendiente
TOTAL TALADRO PERCUTOR TG109136 850W 13MM;341325;88500.0;56736.0;31764.0;35.89;284;"Costo base documentado; transporte y comisiones pendientes";Comparación individual pendiente
TOTAL JUEGO DE LLAVES DE CARRACA FLEXIBLES 6PCS THT103RK566;609753;42300.0;27095.0;15205.0;35.95;110;"Costo base documentado; transporte y comisiones pendientes";Comparación individual pendiente
TOTAL JUEGO DE DESTORNILLADORES CON LLAVE MANGO T TACSD30316 3;527712;15700.0;10086.0;5614.0;35.76;146;"Costo base documentado; transporte y comisiones pendientes";Comparación individual pendiente
WADFOW ESCALERA TELESCÓPICA DE ALUMINIO 10 ESCALONES 150KG WLD;490061;234000.0;150051.0;83949.0;35.88;164;"Costo base documentado; transporte y comisiones pendientes";Comparación individual pendiente
WADFOW KIT HERRAMIENTA 85PCS WHS3B85;469487;72800.0;46687.0;26113.0;35.87;319;"Costo base documentado; transporte y comisiones pendientes";Comparación individual pendiente
TOTAL PINZA PELACABLE THT152429;444088;8800.0;5674.0;3126.0;35.52;152;"Costo base documentado; transporte y comisiones pendientes";Comparación individual pendiente
"WADFOW VÁLVULA DE RETENCIÓN TIPO HORIZONTAL 3/4"" WVV6854";470742;17200.0;11004.0;6196.0;36.02;92;"Costo base documentado; transporte y comisiones pendientes";Comparación individual pendiente
TOTAL MARTILLO MECÁNICO 660GR THT74246;340236;10800.0;6934.0;3866.0;35.8;152;"Costo base documentado; transporte y comisiones pendientes";Comparación individual pendiente
TOTAL ALISADOR GASOLINA TP9361-2 HELICOT;415255;17200.0;11032.0;6168.0;35.86;325;"Costo base documentado; transporte y comisiones pendientes";Comparación individual pendiente
TOTAL BROCA TERRENO TEA55221-1 1.4KW;527521;470600.0;301801.0;168799.0;35.87;7;"Costo base documentado; transporte y comisiones pendientes";Comparación individual pendiente
WADFOW LONA 6X8 METROS AZUL WTQ1868;488983;62400.0;40002.0;22398.0;35.89;311;"Costo base documentado; transporte y comisiones pendientes";Comparación individual pendiente
WADFOW RUEDA SÓLIDA COMPACTA PARA CARRETILLAS DE 130KG WWL1302;489591;24700.0;15842.0;8858.0;35.86;322;"Costo base documentado; transporte y comisiones pendientes";Comparación individual pendiente
TOTAL ENGRAPADORA MANUAL 2 EN 1 THT31146;531924;26000.0;16658.0;9342.0;35.93;108;"Costo base documentado; transporte y comisiones pendientes";Comparación individual pendiente
WADFOW SOLDADOR DE TUBO PVC 800W WWM1L15;461856;54600.0;35016.0;19584.0;35.87;270;"Costo base documentado; transporte y comisiones pendientes";Comparación individual pendiente
WADFOW ALICATE PARA PERNOS DE EXPANSIÓN WGU8448;542982;14300.0;9172.0;5128.0;35.86;174;"Costo base documentado; transporte y comisiones pendientes";Comparación individual pendiente
TOTAL JUEGO DE DESTORNILLADOR TACSD30336 33PCS;381642;5400.0;3467.0;1933.0;35.8;144;"Costo base documentado; transporte y comisiones pendientes";Comparación individual pendiente
TOTAL SIERRA SABLE TS100806 750W;436304;127800.0;81952.0;45848.0;35.87;266;"Costo base documentado; transporte y comisiones pendientes";Comparación individual pendiente
"WADFOW CAJA DE HERRAMIENTAS DE PLÁSTICO 16"" WTB3316";33954;27000.0;17336.0;9664.0;35.79;37;"Costo base documentado; transporte y comisiones pendientes";Comparación individual pendiente
TOTAL MONOCOMANDO PARA FREGADERO TSLBM23401;444323;110100.0;70614.0;39486.0;35.86;88;"Costo base documentado; transporte y comisiones pendientes";Comparación individual pendiente
"WADFOW MOTOSIERRA 20V 5"" WCLP552";528733;46700.0;29944.0;16756.0;35.88;210;"Costo base documentado; transporte y comisiones pendientes";Comparación individual pendiente
WADFOW JUEGO DE BARRA DE EXTENSIÓN 3PCS WMS7403;489690;17200.0;11032.0;6168.0;35.86;334;"Costo base documentado; transporte y comisiones pendientes";Comparación individual pendiente
"TOTAL MOTOSIERRA 20V 8"" TGSLI20882";240628;46700.0;29944.0;16756.0;35.88;210;"Costo base documentado; transporte y comisiones pendientes";Comparación individual pendiente
"TOTAL ALICATE COMBINADA 8"" 200MM THT110806P";367561;11800.0;7565.0;4235.0;35.89;138;"Costo base documentado; transporte y comisiones pendientes";Comparación individual pendiente
"WADFOW ALICATE COMBINADO 6"" WPL1C06";469166;6500.0;4170.0;2330.0;35.85;174;"Costo base documentado; transporte y comisiones pendientes";Comparación individual pendiente
TOTAL CAPA DE LLUVIA THTRS031.L;341042;29900.0;19177.0;10723.0;35.86;238;"Costo base documentado; transporte y comisiones pendientes";Comparación individual pendiente
TOTAL CEPILLO PARA HIDROLAVADORA TGTWB1781;531771;12400.0;7921.0;4479.0;36.12;197;"Costo base documentado; transporte y comisiones pendientes";Comparación individual pendiente
TOTAL COMBO 2PCS PISTOLA DE CALOR + MULTI-HERRAMIENTAS TOSLI23;536370;285100.0;182816.0;102284.0;35.88;218;"Costo base documentado; transporte y comisiones pendientes";Comparación individual pendiente
WADFOW KIT DE HERRAMIENTAS JUEGO DE DADOS WST3D43 43PCS;528375;102700.0;65864.0;36836.0;35.87;122;"Costo base documentado; transporte y comisiones pendientes";Comparación individual pendiente
TOTAL SIERRA SABLE TS1001201 1200W;495585;218400.0;140062.0;78338.0;35.87;251;"Costo base documentado; transporte y comisiones pendientes";Comparación individual pendiente
WADFOW ESCALERA TELESCÓPICA DE ALUMINIO 12 ESCALONES WLD5H12;490078;286000.0;183415.0;102585.0;35.87;162;"Costo base documentado; transporte y comisiones pendientes";Comparación individual pendiente
WADFOW TRAJE DE LLUVIA 100% PVC WRC3XXL;489515;22100.0;14175.0;7925.0;35.86;242;"Costo base documentado; transporte y comisiones pendientes";Comparación individual pendiente
TOTAL ATORNILLADOR 20V TDLI20602 2BT 2.0 MOTOR BRUSHLESS;488358;122900.0;78800.0;44100.0;35.88;59;"Costo base documentado; transporte y comisiones pendientes";Comparación individual pendiente
TOTAL AMOLADORA 20V 1250W TAGLI235162;612234;152400.0;97712.0;54688.0;35.88;44;"Costo base documentado; transporte y comisiones pendientes";Comparación individual pendiente
WADFOW CARGADOR DE BATERIA 12/24V 10A/20A WPY1A201;538824;179400.0;115051.0;64349.0;35.87;81;"Costo base documentado; transporte y comisiones pendientes";Comparación individual pendiente
TOTAL PISTOLA CALOR 2000W TB20056;518758;108100.0;69344.0;38756.0;35.85;217;"Costo base documentado; transporte y comisiones pendientes";Comparación individual pendiente
TOTAL MULTI-HERRAMIENTA DE IONES DE LITIO TMLI2022;486118;75400.0;48355.0;27045.0;35.87;305;"Costo base documentado; transporte y comisiones pendientes";Comparación individual pendiente
TOTAL MARTILLO MAQUINISTA 1500GR THT7110006;340120;20800.0;13339.0;7461.0;35.87;115;"Costo base documentado; transporte y comisiones pendientes";Comparación individual pendiente
TOTAL COMBO 4PCS 20V MOTOR SIN ESCOBILLAS TOSLI250695;42079;486600.0;312048.0;174552.0;35.87;327;"Costo base documentado; transporte y comisiones pendientes";Comparación individual pendiente
TOTAL VIBRADOR HORMIGÓN MANGUERA TPVP1382B 38MM;351003;17200.0;11032.0;6168.0;35.86;333;"Costo base documentado; transporte y comisiones pendientes";Comparación individual pendiente
"WADFOW ALICATE DE PRESIÓN CON CADENA 10"" WLP5510";232272;16300.0;10421.0;5879.0;36.07;179;"Costo base documentado; transporte y comisiones pendientes";Comparación individual pendiente
TOTAL CORTASETOS 40V MOTOR SIN ESCOBILLAS THTLI400282 2BATERIA;512176;31900.0;20488.0;11412.0;35.77;84;"Costo base documentado; transporte y comisiones pendientes";Comparación individual pendiente
"WADFOW LLAVE DINAMOMÉTRICA 1/2"" 220NM WWQ7D21";613989;8800.0;5674.0;3126.0;35.52;159;"Costo base documentado; transporte y comisiones pendientes";Comparación individual pendiente
TOTAL JUEGO DE ALICATES MULTI FUNCIÓN 3PCS THT2MK231;576123;38400.0;24595.0;13805.0;35.95;173;"Costo base documentado; transporte y comisiones pendientes";Comparación individual pendiente
WADFOW FRESA ROTATIVA 6MM-8MM WYE3K02;543699;11700.0;7505.0;4195.0;35.85;216;"Costo base documentado; transporte y comisiones pendientes";Comparación individual pendiente
TOTAL TALADRO DE IMPACTO 1100W TG211166;495554;118000.0;75648.0;42352.0;35.89;62;"Costo base documentado; transporte y comisiones pendientes";Comparación individual pendiente
TOTAL SIERRA INGLETADORA TS42142101 1400W;313759;368600.0;236400.0;132200.0;35.87;264;"Costo base documentado; transporte y comisiones pendientes";Comparación individual pendiente
TOTAL KIT LLAVE DE TRINQUETE THT102RK086 8PCS;367875;8800.0;5674.0;3126.0;35.52;149;"Costo base documentado; transporte y comisiones pendientes";Comparación individual pendiente
TOTAL MOTOSIERRA DE COMBUSTIÓN INTERNA 50CC TG5502011;609890;345800.0;221765.0;124035.0;35.87;41;"Costo base documentado; transporte y comisiones pendientes";Comparación individual pendiente
TOTAL DADOS HEXAGONALES 3/4 50MM THHAST34501;553575;18200.0;11672.0;6528.0;35.87;107;"Costo base documentado; transporte y comisiones pendientes";Comparación individual pendiente
TOTAL SIERRA HIERRO THT54102 300MM CUADRO;340588;137600.0;88256.0;49344.0;35.86;264;"Costo base documentado; transporte y comisiones pendientes";Comparación individual pendiente
WADFOW TALADRO ATORNILLADOR 20V WCDP511 20V 1.5AH;489119;93400.0;59888.0;33512.0;35.88;76;"Costo base documentado; transporte y comisiones pendientes";Comparación individual pendiente
"TOTAL ALICATE DE CARPINTERO 10"" 250MM THT28101";341608;8800.0;5674.0;3126.0;35.52;138;"Costo base documentado; transporte y comisiones pendientes";Comparación individual pendiente
MEDICUBE SERUM FACIAL PDRN PINK EXOSOME SHOT 2000 30ML;;33800.0;;;;;Sin costo de compra documentado en este PDF;Comparación individual pendiente
WADFOW MARTILLO DE DEMOLICION 12LB WHM4312;538480;46500.0;29846.0;16654.0;35.82;165;"Costo base documentado; transporte y comisiones pendientes";Comparación individual pendiente
"TOTAL BARRA DE MOTOSIERRA 6"" TGTSB50618";157162;46700.0;29944.0;16756.0;35.88;209;"Costo base documentado; transporte y comisiones pendientes";Comparación individual pendiente
WADFOW PISTOLA DE CALOR WHG1514 1800W;461863;40300.0;25846.0;14454.0;35.87;216;"Costo base documentado; transporte y comisiones pendientes";Comparación individual pendiente
TOTAL BOTAS SEGURIDAD TSP201SB.43;417457;57200.0;36683.0;20517.0;35.87;246;"Costo base documentado; transporte y comisiones pendientes";Comparación individual pendiente
WADFOW CABRESTANTE ELÉCTRICO 800W WETH1A01;528832;306800.0;196754.0;110046.0;35.87;222;"Costo base documentado; transporte y comisiones pendientes";Comparación individual pendiente
TOTAL SIERRA COPA BIMETALICA PARA PLOMERO Y ELECTRICISTA TACSH;512749;92800.0;59526.0;33274.0;35.86;253;"Costo base documentado; transporte y comisiones pendientes";Comparación individual pendiente
TOTAL GENERADOR A GASOLINA UTP18001 0,8KVA;239752;236600.0;151734.0;84866.0;35.87;99;"Costo base documentado; transporte y comisiones pendientes";Comparación individual pendiente
TOTAL ESCALERA DE 3 PELDAÑOS THLAD09031;231848;12800.0;8195.0;4605.0;35.98;168;"Costo base documentado; transporte y comisiones pendientes";Comparación individual pendiente
TOTAL CORTASETOS INÁLAMBRICO 20V THTLI20461;488006;208000.0;133377.0;74623.0;35.88;206;"Costo base documentado; transporte y comisiones pendientes";Comparación individual pendiente
TOTAL JUEGO DE DESTORNILLADORES THT2506100 100PCS;487627;15700.0;10086.0;5614.0;35.76;136;"Costo base documentado; transporte y comisiones pendientes";Comparación individual pendiente
TOTAL CEPILLADORA ELÉCTRICA 550W TL5508216;190077;108100.0;69344.0;38756.0;35.85;217;"Costo base documentado; transporte y comisiones pendientes";Comparación individual pendiente
TOTAL LLAVE PHILIPS THTISPH060 ISOLADO;340519;8800.0;5674.0;3126.0;35.52;151;"Costo base documentado; transporte y comisiones pendientes";Comparación individual pendiente
"TOTAL TIJERA AVIACION THT520106K 3PCS 10""";465380;13800.0;8826.0;4974.0;36.04;154;"Costo base documentado; transporte y comisiones pendientes";Comparación individual pendiente
TOTAL AMOLADORA ANGULAR TG11012536 1100W;536417;118000.0;75648.0;42352.0;35.89;44;"Costo base documentado; transporte y comisiones pendientes";Comparación individual pendiente
TOTAL CARGADOR UTFCLI2001 20V 110V;380904;36400.0;23344.0;13056.0;35.87;83;"Costo base documentado; transporte y comisiones pendientes";Comparación individual pendiente
TOTAL TALADRO TG1061336 650W;397162;63900.0;40976.0;22924.0;35.87;285;"Costo base documentado; transporte y comisiones pendientes";Comparación individual pendiente
TOTAL CORTASETOS 20V THTLI20018;442909;46700.0;29944.0;16756.0;35.88;208;"Costo base documentado; transporte y comisiones pendientes";Comparación individual pendiente
WADFOW MINI LIJADORA DE BANDA INALÁMBRICA 20V WLBS1501;528757;94900.0;60862.0;34038.0;35.87;216;"Costo base documentado; transporte y comisiones pendientes";Comparación individual pendiente
TOTAL KIT INDUSTRIAL INALÁMBRICO 9PCS TCKLI2098;512510;17200.0;11032.0;6168.0;35.86;331;"Costo base documentado; transporte y comisiones pendientes";Comparación individual pendiente
TOTAL KIT LLAVE TORX 9PCS THT106391;436991;8800.0;5674.0;3126.0;35.52;148;"Costo base documentado; transporte y comisiones pendientes";Comparación individual pendiente
TOTAL SET DE MECHAS ESCALONADAS 4PCS TACSD2041;487481;49400.0;31681.0;17719.0;35.87;11;"Costo base documentado; transporte y comisiones pendientes";Comparación individual pendiente
TOTAL PALETA DE MEZCLA UTAC331120;487573;20800.0;13339.0;7461.0;35.87;7;"Costo base documentado; transporte y comisiones pendientes";Comparación individual pendiente
TOTAL MACACON DE TRABAJO TSP6033.XXL;228909;57200.0;36683.0;20517.0;35.87;240;"Costo base documentado; transporte y comisiones pendientes";Comparación individual pendiente
TOTAL TALADRO DE IMPACTO 42V 69NM TIDLI426981;553209;63900.0;40976.0;22924.0;35.87;72;"Costo base documentado; transporte y comisiones pendientes";Comparación individual pendiente
TOTAL LLAVE PHILIPS THT22636 8X150M PH3;340397;3500.0;2251.0;1249.0;35.69;113;"Costo base documentado; transporte y comisiones pendientes";Comparación individual pendiente
TOTAL TALADRO DE IMPACTO 20V 66NM TIDLI20668;518635;137600.0;88256.0;49344.0;35.86;72;"Costo base documentado; transporte y comisiones pendientes";Comparación individual pendiente
"WADFOW ALICATE CARPINTERO WPL8908 8""";460200;7900.0;5053.0;2847.0;36.04;177;"Costo base documentado; transporte y comisiones pendientes";Comparación individual pendiente
TOTAL AMOLADORA ANGULAR 20V TAGLI211542 MOTOR SIN ESCOBILLAS 2;501897;33400.0;21434.0;11966.0;35.83;82;"Costo base documentado; transporte y comisiones pendientes";Comparación individual pendiente
TOTAL LLAVE IMPACTO NEUMÁTICA TAT41112 1'' 1800NM;455336;322400.0;206759.0;115641.0;35.87;55;"Costo base documentado; transporte y comisiones pendientes";Comparación individual pendiente
WADFOW LLAVE DE TUBO 12'' 19-43MM WPW0A12;538398;16900.0;10840.0;6060.0;35.86;122;"Costo base documentado; transporte y comisiones pendientes";Comparación individual pendiente
TOTAL MEDIDOR LASER 85M TMT570268;595988;31900.0;20488.0;11412.0;35.77;230;"Costo base documentado; transporte y comisiones pendientes";Comparación individual pendiente
WADFOW MARTILLO MECÁNICO 660G WHM5324;460590;9800.0;6254.0;3546.0;36.18;167;"Costo base documentado; transporte y comisiones pendientes";Comparación individual pendiente
TOTAL CARGADOR TFCLI2001 20V 220V;380898;36400.0;23344.0;13056.0;35.87;79;"Costo base documentado; transporte y comisiones pendientes";Comparación individual pendiente
TOTAL HIDRÁULICO CORTA ACERO THSC012B LAMINA;436588;20700.0;13257.0;7443.0;35.96;303;"Costo base documentado; transporte y comisiones pendientes";Comparación individual pendiente
WADFOW SET DE HERRAMIENTAS 77PCS WDT1B77;462792;111800.0;71699.0;40101.0;35.87;323;"Costo base documentado; transporte y comisiones pendientes";Comparación individual pendiente
TOTAL PUNTAS DE DESTORNILLADOR TACIM71PH1100 PH1X100MM;536547;5400.0;3467.0;1933.0;35.8;137;"Costo base documentado; transporte y comisiones pendientes";Comparación individual pendiente
TOTAL GASOLINA CORTACÉSPED TP425381 25CC 750W;341288;205400.0;131725.0;73675.0;35.87;173;"Costo base documentado; transporte y comisiones pendientes";Comparación individual pendiente
TOTAL MARTILLO ROTATIVO TH116386 1600W SDS MAX;350839;270300.0;173360.0;96940.0;35.86;281;"Costo base documentado; transporte y comisiones pendientes";Comparación individual pendiente
WADFOW LLAVE PARA TUBERIAS WPW3102 45°;488600;8800.0;5674.0;3126.0;35.52;159;"Costo base documentado; transporte y comisiones pendientes";Comparación individual pendiente
"WADFOW RAMPA PARA MECÁNICO 40"" 8.5KG WYC0140";501163;124800.0;80036.0;44764.0;35.87;30;"Costo base documentado; transporte y comisiones pendientes";Comparación individual pendiente
TOTAL TALADRO ROTOMARTILLO 20V 16MM TRHLI20168;536356;235900.0;151296.0;84604.0;35.86;285;"Costo base documentado; transporte y comisiones pendientes";Comparación individual pendiente
WADFOW CABLE DE ARRANQUE DE BATERIA 600A WBTC1902;38263;27300.0;17509.0;9791.0;35.86;80;"Costo base documentado; transporte y comisiones pendientes";Comparación individual pendiente
TOTAL PISTOLA CLAVADORA DE LADRILLOS TCBNLI38136 25MM 2B;615297;108100.0;69344.0;38756.0;35.85;217;"Costo base documentado; transporte y comisiones pendientes";Comparación individual pendiente
WADFOW LLAVE HEXAGONAL WHK2281 8PCS;462785;8800.0;5674.0;3126.0;35.52;155;"Costo base documentado; transporte y comisiones pendientes";Comparación individual pendiente
TOTAL KIT ALICATE DE ANILLO DE SEGURIDAD THTJ214042;487603;8800.0;5674.0;3126.0;35.52;187;"Costo base documentado; transporte y comisiones pendientes";Comparación individual pendiente
TOTAL MANDRIL COM LLAVE TAC451301 13mm;239844;8400.0;5418.0;2982.0;35.5;114;"Costo base documentado; transporte y comisiones pendientes";Comparación individual pendiente
"WADFOW ALICATE DE PUNTA DOBLADA WPL4718 8""";542746;8400.0;5418.0;2982.0;35.5;179;"Costo base documentado; transporte y comisiones pendientes";Comparación individual pendiente
TOTAL ASPIRADOR WET-DRY TVC14301 1400W;350976;186800.0;119776.0;67024.0;35.88;200;"Costo base documentado; transporte y comisiones pendientes";Comparación individual pendiente
WADFOW CARRITO DE MANO 300KG WWB1330;528610;41800.0;26792.0;15008.0;35.9;38;"Costo base documentado; transporte y comisiones pendientes";Comparación individual pendiente
TOTAL FILTRO PARA ASPIRADORA DE AR TVCAIHP03;579865;21400.0;13755.0;7645.0;35.72;197;"Costo base documentado; transporte y comisiones pendientes";Comparación individual pendiente
WADFOW MECHAS ESCALONADAS WJD3404 KIT 3PCS;490115;37700.0;24179.0;13521.0;35.86;12;"Costo base documentado; transporte y comisiones pendientes";Comparación individual pendiente
TOTAL PRESURIZADOR TSCM120 120W;443159;17200.0;11032.0;6168.0;35.86;332;"Costo base documentado; transporte y comisiones pendientes";Comparación individual pendiente
"TOTAL LIJADORA ORBITAL UTF2031256 5"" 320W";446556;108100.0;69344.0;38756.0;35.85;220;"Costo base documentado; transporte y comisiones pendientes";Comparación individual pendiente
WADFOW LLAVE COMBINADA CON RATCHET FLEXIBLE 11MM 180° WSA6111;88473;6000.0;3836.0;2164.0;36.07;130;"Costo base documentado; transporte y comisiones pendientes";Comparación individual pendiente
"WADFOW ALICATE CORTE DIAGONAL WPL3936 7"" AISLADO";462341;8800.0;5674.0;3126.0;35.52;192;"Costo base documentado; transporte y comisiones pendientes";Comparación individual pendiente
TOTAL PISTOLA DE PINTURA TSGLI20406 1BATERIA;521093;31900.0;20488.0;11412.0;35.77;97;"Costo base documentado; transporte y comisiones pendientes";Comparación individual pendiente
WADFOW PRENSA SARGENTO KIT 4PCS WCZ4E21;462402;16900.0;10840.0;6060.0;35.86;183;"Costo base documentado; transporte y comisiones pendientes";Comparación individual pendiente
TOTAL SIERRA INGLETADORA TS42163051 1600W 12'';313773;368600.0;236400.0;132200.0;35.87;265;"Costo base documentado; transporte y comisiones pendientes";Comparación individual pendiente
TOTAL BOTAS DE LLUVIA TSP302LAB.40;554107;59000.0;37824.0;21176.0;35.89;244;"Costo base documentado; transporte y comisiones pendientes";Comparación individual pendiente
WADFOW LIMPIADOR DE CAÑERIAS 10M WDD2310;461399;24100.0;15423.0;8677.0;36.0;319;"Costo base documentado; transporte y comisiones pendientes";Comparación individual pendiente
TOTAL LLAVE Y THYSW081012 8X10X12MM;456470;9100.0;5838.0;3262.0;35.85;112;"Costo base documentado; transporte y comisiones pendientes";Comparación individual pendiente
"TOTAL SIERRA INGLETADORA TS42152557 1800W 10""";446587;368600.0;236400.0;132200.0;35.87;262;"Costo base documentado; transporte y comisiones pendientes";Comparación individual pendiente
TOTAL MARTILLO DE DEMOLICIÓN 2200W 30KG TH220502;442961;10800.0;6934.0;3866.0;35.8;280;"Costo base documentado; transporte y comisiones pendientes";Comparación individual pendiente
"TOTAL AMOLADORA ANGULAR TG12018026 7"" 2000W 220V";436281;182000.0;116703.0;65297.0;35.88;40;"Costo base documentado; transporte y comisiones pendientes";Comparación individual pendiente
WADFOW GRIFO DE AGUA FRIA WZD2505;469883;28600.0;18341.0;10259.0;35.87;89;"Costo base documentado; transporte y comisiones pendientes";Comparación individual pendiente
TOTAL HIDRAULICO CORTA ACERO THSC022;436595;200200.0;128390.0;71810.0;35.87;303;"Costo base documentado; transporte y comisiones pendientes";Comparación individual pendiente
TOTAL CHAQUETA DE TRABAJO TSP6011.XXL;228442;57800.0;37099.0;20701.0;35.81;238;"Costo base documentado; transporte y comisiones pendientes";Comparación individual pendiente
TOTAL ATORNILLADOR 20V TDLI2002 2BT;380836;57200.0;36683.0;20517.0;35.87;64;"Costo base documentado; transporte y comisiones pendientes";Comparación individual pendiente
TOTAL KIT HERRAMIENTA THKTV02H111 11PCS;436762;17200.0;11032.0;6168.0;35.86;330;"Costo base documentado; transporte y comisiones pendientes";Comparación individual pendiente
TOTAL SIERRA CIRCULAR TS1222356 2200W MADERA;350853;137600.0;88256.0;49344.0;35.86;263;"Costo base documentado; transporte y comisiones pendientes";Comparación individual pendiente
WADFOW MASCARA DE SOLDAR UV/IR DIN16 WWH3502;537834;47400.0;30429.0;16971.0;35.8;269;"Costo base documentado; transporte y comisiones pendientes";Comparación individual pendiente
WADFOW AMOLADORA ANGULAR INALÁMBRICA 20V WLAP522;528726;152400.0;97712.0;54688.0;35.88;49;"Costo base documentado; transporte y comisiones pendientes";Comparación individual pendiente
ANUA OLEO FACIAL HEARTLEAF PORE CONTROL CLEANSING OIL 200ML (7328;;44200.0;;;;;Sin costo de compra documentado en este PDF;Comparación individual pendiente
WADFOW CORTADOR AZULEJOS 800MM WTR8508;580113;111800.0;71699.0;40101.0;35.87;181;"Costo base documentado; transporte y comisiones pendientes";Comparación individual pendiente
WADFOW HACHA DE MANO 600G WHM8166;2806;23400.0;15007.0;8393.0;35.87;309;"Costo base documentado; transporte y comisiones pendientes";Comparación individual pendiente
"TOTAL JUEGO DE LLAVES DE TRINQUETE 1/4"" 20PCS THT141201";487085;59000.0;37824.0;21176.0;35.89;136;"Costo base documentado; transporte y comisiones pendientes";Comparación individual pendiente
TOTAL TIJERAS PARA PODA THEPS25281;437608;49400.0;31681.0;17719.0;35.87;174;"Costo base documentado; transporte y comisiones pendientes";Comparación individual pendiente
TOTAL SOCKET HEXAGONAL THTST12103L 1/2 10MM;437110;13800.0;8826.0;4974.0;36.04;153;"Costo base documentado; transporte y comisiones pendientes";Comparación individual pendiente
"TOTAL SIERRA CIRCULAR TSLI16521 MADERA 6""";512534;137600.0;88256.0;49344.0;35.86;263;"Costo base documentado; transporte y comisiones pendientes";Comparación individual pendiente
TOTAL MARTILLO DEMOLEDOR TH217068 1700W HEX 14KG;487412;421200.0;270120.0;151080.0;35.87;274;"Costo base documentado; transporte y comisiones pendientes";Comparación individual pendiente
WADFOW SIERRA COPA DE DIAMANTE 28MM WQR1328;543583;50700.0;32516.0;18184.0;35.87;258;"Costo base documentado; transporte y comisiones pendientes";Comparación individual pendiente
WADFOW AURICULAR PROTECTOR WEM2922;48316;17200.0;11032.0;6168.0;35.86;336;"Costo base documentado; transporte y comisiones pendientes";Comparación individual pendiente
WADFOW CARGADOR DE BATERIA 6V 2A WBY1501;470902;31900.0;20488.0;11412.0;35.77;85;"Costo base documentado; transporte y comisiones pendientes";Comparación individual pendiente
TOTAL COMBO 2PCS 20V LLAVE DE IMPACTO + LÁMPARA DE TRABAJO TOS;174916;285100.0;182816.0;102284.0;35.88;67;"Costo base documentado; transporte y comisiones pendientes";Comparación individual pendiente
WADFOW PRENSA WCP4306 60X150MM;460293;12300.0;7880.0;4420.0;35.93;194;"Costo base documentado; transporte y comisiones pendientes";Comparación individual pendiente
TOTAL COMBO 3PCS LLAVES DE IMPACTO + LAMPARA DE TRABAJO 20V TO;609081;444600.0;285127.0;159473.0;35.87;53;"Costo base documentado; transporte y comisiones pendientes";Comparación individual pendiente
TOTAL MARTILLO ROTATIVO TH309288-2 950W SDS PLUS;495561;179400.0;115051.0;64349.0;35.87;281;"Costo base documentado; transporte y comisiones pendientes";Comparación individual pendiente
TOTAL ATORNILLADOR 20V TDLI200215;443234;93400.0;59888.0;33512.0;35.88;64;"Costo base documentado; transporte y comisiones pendientes";Comparación individual pendiente
TOTAL PISTOLA DE PINTURA TAT10605 600CC 1.3MM;443098;221200.0;141840.0;79360.0;35.88;97;"Costo base documentado; transporte y comisiones pendientes";Comparación individual pendiente
TOTAL ROTOMARTILLO 20V TRHLI202689 MOTOR SIN ESCOBILLAS;64583;390000.0;250111.0;139889.0;35.87;276;"Costo base documentado; transporte y comisiones pendientes";Comparación individual pendiente
TOTAL MANGUERA DE AGUA CON CARRETE 20M THHR20124;527774;78000.0;50006.0;27994.0;35.89;304;"Costo base documentado; transporte y comisiones pendientes";Comparación individual pendiente
TOTAL BATERIA 20V 8.0AH TFBLI2108;583626;33400.0;21434.0;11966.0;35.83;83;"Costo base documentado; transporte y comisiones pendientes";Comparación individual pendiente
TOTAL MÁQUINA DE SOLDADURA TW21806 220V 180A PUERTA;338394;206400.0;132384.0;74016.0;35.86;271;"Costo base documentado; transporte y comisiones pendientes";Comparación individual pendiente
WADFOW AMOLADORA ANGULAR 20V 1150W WLAPB522;149808;152400.0;97712.0;54688.0;35.88;49;"Costo base documentado; transporte y comisiones pendientes";Comparación individual pendiente
WADFOW JUEGO DE CUCHILLOS CON HOJA DESMONTABLE WSK2204;528177;12300.0;7880.0;4420.0;35.93;194;"Costo base documentado; transporte y comisiones pendientes";Comparación individual pendiente
WADFOW JUEGO DE 12 PUNTAS DE DESTORNILLADOR WBS2601;461627;5700.0;3669.0;2031.0;35.63;126;"Costo base documentado; transporte y comisiones pendientes";Comparación individual pendiente
TOTAL ALICATE CABLE DE RED THCPL1506;436045;31800.0;20425.0;11375.0;35.77;171;"Costo base documentado; transporte y comisiones pendientes";Comparación individual pendiente
TOTAL LLAVE DE IMPACTO 20V 1050NM TIWLI20105;251204;8800.0;5674.0;3126.0;35.52;70;"Costo base documentado; transporte y comisiones pendientes";Comparación individual pendiente
"WADFOW ALICATE PRESIÓN 10"" WLP1C10";538442;8400.0;5418.0;2982.0;35.5;180;"Costo base documentado; transporte y comisiones pendientes";Comparación individual pendiente
WADFOW COMBO DE GATO HIDRÁULICO /CABALLETE 3PCS WHJS2202;538077;368600.0;236400.0;132200.0;35.87;224;"Costo base documentado; transporte y comisiones pendientes";Comparación individual pendiente
WADFOW CUERDA DE ESLINGA 2TX4M WWG1324;246;15600.0;10004.0;5596.0;35.87;308;"Costo base documentado; transporte y comisiones pendientes";Comparación individual pendiente
WADFOW BOTAS DE LLUVIA 44 BLANCO WRB2L44;470865;22900.0;14673.0;8227.0;35.93;241;"Costo base documentado; transporte y comisiones pendientes";Comparación individual pendiente
TOTAL ATORNILLADOR 12V UTDLI1211 1.5AH;442923;71300.0;45704.0;25596.0;35.9;63;"Costo base documentado; transporte y comisiones pendientes";Comparación individual pendiente
"TOTAL BOLSA DE HERRAMIENTAS 16"" THT261625";502245;13800.0;8826.0;4974.0;36.04;139;"Costo base documentado; transporte y comisiones pendientes";Comparación individual pendiente
TOTAL MOTOSIERRA TG945182 2800MIN INDST;381314;118000.0;75648.0;42352.0;35.89;45;"Costo base documentado; transporte y comisiones pendientes";Comparación individual pendiente
TOTAL SIERRA CALADORA TS206656 570W;415859;78600.0;50432.0;28168.0;35.84;262;"Costo base documentado; transporte y comisiones pendientes";Comparación individual pendiente
TOTAL LLAVE DE IMPACTO TIWLI2001 30KG 2BAT MOTOR SIN ESCOBILLA;380850;8800.0;5674.0;3126.0;35.52;69;"Costo base documentado; transporte y comisiones pendientes";Comparación individual pendiente
"TOTAL LLAVE DE CAÑO TAT171142 14""";340274;22100.0;14184.0;7916.0;35.82;150;"Costo base documentado; transporte y comisiones pendientes";Comparación individual pendiente
TOTAL KIT COMBINADO INDUSTRIAL INALÁMBRICO 5PCS TCKLI2058;511926;17200.0;11032.0;6168.0;35.86;330;"Costo base documentado; transporte y comisiones pendientes";Comparación individual pendiente
TOTAL MARTILLO DE OREJAS THTS7308 8 OZ;341738;10800.0;6934.0;3866.0;35.8;169;"Costo base documentado; transporte y comisiones pendientes";Comparación individual pendiente
MEDICUBE HYPOCHLOROUS ACID DAILY FACIAL SRPAY 50ML;;26000.0;;;;;Sin costo de compra documentado en este PDF;Comparación individual pendiente
"TOTAL CAJA DE HERRAMIENTAS 19"" 25KG TPBXS103";167741;27000.0;17336.0;9664.0;35.79;34;"Costo base documentado; transporte y comisiones pendientes";Comparación individual pendiente
WADFOW ALICATE COMBINADO MULTIFUNCIÓN WPL1778;538374;15600.0;10004.0;5596.0;35.87;178;"Costo base documentado; transporte y comisiones pendientes";Comparación individual pendiente
WADFOW LLAVE DE IMPACTO 20V 530NM WCD1B53 53K 2B 2A;613774;8800.0;5674.0;3126.0;35.52;74;"Costo base documentado; transporte y comisiones pendientes";Comparación individual pendiente
TOTAL BITS PHILIPS TACIM16PH1103 PH2X50M;487030;36400.0;23344.0;13056.0;35.87;287;"Costo base documentado; transporte y comisiones pendientes";Comparación individual pendiente
TOTAL JUEGO DE HERRAMIENTAS 396PCS THPTCS83962;584784;255600.0;163904.0;91696.0;35.87;329;"Costo base documentado; transporte y comisiones pendientes";Comparación individual pendiente
TOTAL COMPRESOR DE AIRE 50L UTC225508;487450;368600.0;236400.0;132200.0;35.87;96;"Costo base documentado; transporte y comisiones pendientes";Comparación individual pendiente
WADFOW LIJADORA ORBITAL 20V WRAP5010;197915;57200.0;36683.0;20517.0;35.87;215;"Costo base documentado; transporte y comisiones pendientes";Comparación individual pendiente
TOTAL PRENSA SARGENTO F THT1320501;436861;13800.0;8826.0;4974.0;36.04;152;"Costo base documentado; transporte y comisiones pendientes";Comparación individual pendiente
WADFOW CORTADORA DE PASTO 20V WGTP511;461788;12300.0;7880.0;4420.0;35.93;193;"Costo base documentado; transporte y comisiones pendientes";Comparación individual pendiente
TOTAL RECTIFICADOR 400W TG504062;239714;118000.0;75648.0;42352.0;35.89;48;"Costo base documentado; transporte y comisiones pendientes";Comparación individual pendiente
TOTAL KIT DE PUNTAS PARA DESTORNILLADOR DE IMPACTO + BROCAS 33;531832;31800.0;20425.0;11375.0;35.77;54;"Costo base documentado; transporte y comisiones pendientes";Comparación individual pendiente
TOTAL JUEGO DE LLAVES COMBINADAS 12 PCS THT1022121;536615;59000.0;37824.0;21176.0;35.89;136;"Costo base documentado; transporte y comisiones pendientes";Comparación individual pendiente
TOTAL BOMBA AGUA 750W TWP37506 9M 220V;609883;260000.0;166725.0;93275.0;35.88;195;"Costo base documentado; transporte y comisiones pendientes";Comparación individual pendiente
TOTAL MEZCLADOR 160MM UTAC331160;486477;23400.0;15007.0;8393.0;35.87;10;"Costo base documentado; transporte y comisiones pendientes";Comparación individual pendiente
TOTAL BITS MAGNÉTICAS DE IMPACTO TACIM16PH285;488266;157300.0;100864.0;56436.0;35.88;60;"Costo base documentado; transporte y comisiones pendientes";Comparación individual pendiente
TOTAL ALICATE SET 3 PIEZAS THT1K0311;430418;8800.0;5674.0;3126.0;35.52;188;"Costo base documentado; transporte y comisiones pendientes";Comparación individual pendiente
WADFOW SIERRA COPA DE DIAMANTE 35MM WKJ7635;501408;137600.0;88256.0;49344.0;35.86;267;"Costo base documentado; transporte y comisiones pendientes";Comparación individual pendiente
TOTAL PISTOLA DE SOLDAR CON ALIMENTADOR 900W TET160732;553995;17200.0;11032.0;6168.0;35.86;332;"Costo base documentado; transporte y comisiones pendientes";Comparación individual pendiente
"TOTAL CAJA DE HERRAMIENTAS 16"" 15KG TPBXS101";566896;27000.0;17336.0;9664.0;35.79;33;"Costo base documentado; transporte y comisiones pendientes";Comparación individual pendiente
TOTAL AMOLADORA ANGULAR 750W TG10711556;583718;87500.0;56106.0;31394.0;35.88;46;"Costo base documentado; transporte y comisiones pendientes";Comparación individual pendiente
WADFOW TALADRO DE IMPACTO INALÁMBRICO DE IONES DE LITIO UWCDP5;461740;63900.0;40976.0;22924.0;35.87;76;"Costo base documentado; transporte y comisiones pendientes";Comparación individual pendiente
TOTAL FRESA ROTATIVA METAL TAKC1002;532341;13000.0;8337.0;4663.0;35.87;212;"Costo base documentado; transporte y comisiones pendientes";Comparación individual pendiente
TOTAL CUCHILLA TG5121806 18X100MM;367769;118000.0;75648.0;42352.0;35.89;47;"Costo base documentado; transporte y comisiones pendientes";Comparación individual pendiente
TOTAL REGLA TMT646003;437318;25700.0;16507.0;9193.0;35.77;227;"Costo base documentado; transporte y comisiones pendientes";Comparación individual pendiente
"TOTAL MOTOSIERRA 20V 8"" TGSLI2085";486828;46700.0;29944.0;16756.0;35.88;209;"Costo base documentado; transporte y comisiones pendientes";Comparación individual pendiente
TOTAL MARTILLO ROTATIVO TRHLI202081 20V MOTOR BRUSHLESS;487924;368600.0;236400.0;132200.0;35.87;278;"Costo base documentado; transporte y comisiones pendientes";Comparación individual pendiente
TOTAL TALADRO COMPACTO 20V 50NM TDLI205062 MOTOR SIN ESCOBILLA;162647;122900.0;78800.0;44100.0;35.88;71;"Costo base documentado; transporte y comisiones pendientes";Comparación individual pendiente
WADFOW ALICATE PARA CARPINTERO 200MM WPL9C08;537254;7800.0;5002.0;2798.0;35.87;174;"Costo base documentado; transporte y comisiones pendientes";Comparación individual pendiente
Medicube PDRN PINK PEPTIDE SERUM 30ML;;33800.0;;;;;Sin costo de compra documentado en este PDF;Comparación individual pendiente
TOTAL CAJA DE HERRAMIENTAS 3PCS TPBXK0031;514941;27000.0;17336.0;9664.0;35.79;34;"Costo base documentado; transporte y comisiones pendientes";Comparación individual pendiente
WADFOW NIVEL DE BURBUJA 60CM WSL2G60;538558;13800.0;8826.0;4974.0;36.04;236;"Costo base documentado; transporte y comisiones pendientes";Comparación individual pendiente
WADFOW EXTRACTOR DE ENGRANAJES 8'' WGP3A08 3 MANDIBULAS;537360;17200.0;11032.0;6168.0;35.86;334;"Costo base documentado; transporte y comisiones pendientes";Comparación individual pendiente
WADFOW KIT DE PRUEBA DE COMPRESION 8PCS WART4D08;613996;42900.0;27514.0;15386.0;35.86;310;"Costo base documentado; transporte y comisiones pendientes";Comparación individual pendiente
TOTAL VIBRADOR HORMIGÓN A GASOLINA 5.5HP TP630-2;341295;17200.0;11032.0;6168.0;35.86;333;"Costo base documentado; transporte y comisiones pendientes";Comparación individual pendiente
TOTAL AMOLADORA ANGULAR 20V TAGLI211541;487870;152400.0;97712.0;54688.0;35.88;44;"Costo base documentado; transporte y comisiones pendientes";Comparación individual pendiente
TOTAL MARTILLO UTH1153216 1500W SDS PLUS;367950;10800.0;6934.0;3866.0;35.8;282;"Costo base documentado; transporte y comisiones pendientes";Comparación individual pendiente
WADFOW MEDIDOR DE ESPESOR 0-20MM WDTG1P02;543170;31800.0;20425.0;11375.0;35.77;320;"Costo base documentado; transporte y comisiones pendientes";Comparación individual pendiente
TOTAL COMBO SIERRA+LIJADORA +TALADRO 3PCS TOSLI250181;549196;368600.0;236400.0;132200.0;35.87;279;"Costo base documentado; transporte y comisiones pendientes";Comparación individual pendiente
Celimax Heartleaf BHA Peeling Pad 60 Pads;;38500.0;;;;;Sin costo de compra documentado en este PDF;Comparación individual pendiente
Celimax Retinal Shot Tightening Booster 15ml;;42900.0;;;;;Sin costo de compra documentado en este PDF;Comparación individual pendiente
Celimax Retinol Shot Tightening Serum 30ml;;45800.0;;;;;Sin costo de compra documentado en este PDF;Comparación individual pendiente
Dr Althea 147 Barrier Cream 50ml;;44500.0;;;;;Sin costo de compra documentado en este PDF;Comparación individual pendiente
Dr Althea 345 Relief Cream Mask - Pack x4;;32000.0;;;;;Sin costo de compra documentado en este PDF;Comparación individual pendiente
Dr. Althea PDRN Reju 5000 Cream 20g;;48900.0;;;;;Sin costo de compra documentado en este PDF;Comparación individual pendiente
Medicube Collagen Jelly Cream 50ml;;49500.0;;;;;Sin costo de compra documentado en este PDF;Comparación individual pendiente
Medicube Exosome Shot 2000 30ml;;54000.0;;;;;Sin costo de compra documentado en este PDF;Comparación individual pendiente
Medicube Hyaluronic Ceramide Jelly Cream 50ml;;47500.0;;;;;Sin costo de compra documentado en este PDF;Comparación individual pendiente
Medicube Kojic Acid Turmeric Vita Capsule Cream 53g;;51000.0;;;;;Sin costo de compra documentado en este PDF;Comparación individual pendiente
Medicube One Day Exosome Shot 2000 30ml;;52500.0;;;;;Sin costo de compra documentado en este PDF;Comparación individual pendiente
Medicube One Day Exosome Shot 7500 30ml;;62000.0;;;;;Sin costo de compra documentado en este PDF;Comparación individual pendiente
Medicube PDRN Pink Collagen Capsule Cream 55g;;56000.0;;;;;Sin costo de compra documentado en este PDF;Comparación individual pendiente
SKIN1004 Centella Light Cleansing Oil 200ml;;39900.0;;;;;Sin costo de compra documentado en este PDF;Comparación individual pendiente
SKIN1004 Madagascar Centella Ampoule 55ml;;37900.0;;;;;Sin costo de compra documentado en este PDF;Comparación individual pendiente
SKIN1004 Madagascar Centella Ampoule Foam 125ml;;34500.0;;;;;Sin costo de compra documentado en este PDF;Comparación individual pendiente
SKIN1004 Madagascar Centella Poremizing Travel Kit x4;;41500.0;;;;;Sin costo de compra documentado en este PDF;Comparación individual pendiente
SKIN1004 Madagascar Centella Probio-Cica Enrich Cream 50ml;;43000.0;;;;;Sin costo de compra documentado en este PDF;Comparación individual pendiente
SKIN1004 Madagascar Centella Tea-Trica Travel Kit x4;;41500.0;;;;;Sin costo de compra documentado en este PDF;Comparación individual pendiente
SKIN1004 Madagascar Centella Tone Brightening Travel Kit x4;;41500.0;;;;;Sin costo de compra documentado en este PDF;Comparación individual pendiente
SKIN1004 Poremizing Quick Clay Stick Mask 27g;;36900.0;;;;;Sin costo de compra documentado en este PDF;Comparación individual pendiente
Karseell Collagen Hair Mask 500ml;;43500.0;;;;;Sin costo de compra documentado en este PDF;Comparación individual pendiente
Apple iPhone 13 128GB - Meia Noite / Black;;680000.0;;;;;Sin costo de compra documentado en este PDF;Comparación individual pendiente
Apple iPhone 13 Pro Max 256GB - Sierra Blue;;895000.0;;;;;Sin costo de compra documentado en este PDF;Comparación individual pendiente
Apple iPhone 12 128GB - White;;495000.0;;;;;Sin costo de compra documentado en este PDF;Comparación individual pendiente
Total Tools Taladro Percutor Inalambrico 20V Li-Ion;;115000.0;;;;;Sin costo de compra documentado en este PDF;Comparación individual pendiente
Total Tools Amoladora Angular 750W 115mm;;62000.0;;;;;Sin costo de compra documentado en este PDF;Comparación individual pendiente
Wadfow Set de Herramientas 120 Piezas con Valija;;128000.0;;;;;Sin costo de compra documentado en este PDF;Comparación individual pendiente
TOTAL TALADRO DE MULTIPLES CABEZALES 20V 66NM TDLI206686;598293;291200.0;186750.0;104450.0;35.87;56;"Costo base documentado; transporte y comisiones pendientes";Comparación individual pendiente
WADFOW SOLDADORA PARA PLASTICOS 220V 400°C WWDPA015;218399;186800.0;119776.0;67024.0;35.88;273;"Costo base documentado; transporte y comisiones pendientes";Comparación individual pendiente
TOTAL JUEGO DE HERRAMIENTAS COMBINADAS 218PCS THKTHP42187;611947;255600.0;163904.0;91696.0;35.87;32;"Costo base documentado; transporte y comisiones pendientes";Comparación individual pendiente
TOTAL LIJADORA TF1032301 350W LIXADERA;341318;108100.0;69344.0;38756.0;35.85;219;"Costo base documentado; transporte y comisiones pendientes";Comparación individual pendiente
TOTAL SOLDADOR ELECTRICO TET1406 40WATT;381918;18800.0;12088.0;6712.0;35.7;269;"Costo base documentado; transporte y comisiones pendientes";Comparación individual pendiente
TOTAL ANEMÓMETRO DE ALTA PRECISIÓN TETAN031;532419;17200.0;11032.0;6168.0;35.86;325;"Costo base documentado; transporte y comisiones pendientes";Comparación individual pendiente
TOTAL MÁQUINA DE SOLDAR 200A MIG/MAG/MMA/TIG UTMGT20058;564991;206400.0;132384.0;74016.0;35.86;270;"Costo base documentado; transporte y comisiones pendientes";Comparación individual pendiente
"TOTAL ALICATE UNIVERSAL 7"" THT110706P";368025;8800.0;5674.0;3126.0;35.52;139;"Costo base documentado; transporte y comisiones pendientes";Comparación individual pendiente
WADFOW JUEGO DE PUNTAS PARA DESTORNILLADOR DE IMPACTO 50PCS WS;528689;37700.0;24179.0;13521.0;35.86;58;"Costo base documentado; transporte y comisiones pendientes";Comparación individual pendiente
TOTAL SIERRA INGLETEADORA 20V TMSLI20212;583824;460200.0;295131.0;165069.0;35.87;255;"Costo base documentado; transporte y comisiones pendientes";Comparación individual pendiente
WADFOW GATO HIDRÁULICO 6T WHJ1506;543446;59000.0;37824.0;21176.0;35.89;224;"Costo base documentado; transporte y comisiones pendientes";Comparación individual pendiente
"WADFOW ALICATE DE EJE DESLIZANTE 8"" WPL6C08";25683;5500.0;3502.0;1998.0;36.33;174;"Costo base documentado; transporte y comisiones pendientes";Comparación individual pendiente
TOTAL HACHA DE MANO 1250G THAX061250;612494;17200.0;11032.0;6168.0;35.86;329;"Costo base documentado; transporte y comisiones pendientes";Comparación individual pendiente
TOTAL JUEGO DE MECHAS PARA CONCRETO 12 PCS TACSDL12206;531825;15700.0;10086.0;5614.0;35.76;15;"Costo base documentado; transporte y comisiones pendientes";Comparación individual pendiente
WADFOW JUEGO DE LLAVES L KIT 5PCS WTH4205;462822;31900.0;20488.0;11412.0;35.77;157;"Costo base documentado; transporte y comisiones pendientes";Comparación individual pendiente
WADFOW LLAVES COMBINADAS 5PCS WSP1205;471992;12700.0;8170.0;4530.0;35.67;133;"Costo base documentado; transporte y comisiones pendientes";Comparación individual pendiente
TOTAL HIDRÁULICA CRIMPADO 16-400MMM TCTLI2005;527699;17200.0;11032.0;6168.0;35.86;324;"Costo base documentado; transporte y comisiones pendientes";Comparación individual pendiente
WADFOW BOLSA DE HERRAMIENTAS WTG5101;469654;41800.0;26792.0;15008.0;35.9;37;"Costo base documentado; transporte y comisiones pendientes";Comparación individual pendiente
WADFOW MULTÍMETRO DIGITAL LCD 600V WDM2506;242684;18200.0;11656.0;6544.0;35.96;227;"Costo base documentado; transporte y comisiones pendientes";Comparación individual pendiente
WADFOW JUEGO DE SIERRAS COPO BIMETÁLICAS 9PCS WKJ3491;543545;48100.0;30849.0;17251.0;35.86;257;"Costo base documentado; transporte y comisiones pendientes";Comparación individual pendiente
KARSEELL MACA POWER VOLUME SHAMPOO 500ML;;22100.0;;;;;Sin costo de compra documentado en este PDF;Comparación individual pendiente
WADFOW HACHA 1500G WHM6315;2752;17200.0;11032.0;6168.0;35.86;334;"Costo base documentado; transporte y comisiones pendientes";Comparación individual pendiente
TOTAL NIVEL DE BURBUJA MAGNETICO TMT215056 150CM;437271;67600.0;43353.0;24247.0;35.87;226;"Costo base documentado; transporte y comisiones pendientes";Comparación individual pendiente
TOTAL MEDIDOR DE DISTANCIA LÁSER TMT57026 0.05-70M;527583;31900.0;20488.0;11412.0;35.77;230;"Costo base documentado; transporte y comisiones pendientes";Comparación individual pendiente
TOTAL CINCEL PLANO SDS PLUS TAC15121411 14X20X250MM;314145;12800.0;8195.0;4605.0;35.98;168;"Costo base documentado; transporte y comisiones pendientes";Comparación individual pendiente
"TOTAL AMOLADORA ANGULAR 5"" 1500W TG11512536";158237;176800.0;113384.0;63416.0;35.87;41;"Costo base documentado; transporte y comisiones pendientes";Comparación individual pendiente
"TOTAL SIERRA DE PODAR 12"" THT51130026";301312;15600.0;10004.0;5596.0;35.87;254;"Costo base documentado; transporte y comisiones pendientes";Comparación individual pendiente
WADFOW KIT DE HERRAMIENTAS WDT4B91 91PCS;543736;17200.0;11032.0;6168.0;35.86;339;"Costo base documentado; transporte y comisiones pendientes";Comparación individual pendiente
TOTAL ATORNILLADOR 18V UTD318103 NICD 110 VOLT;239110;157300.0;100864.0;56436.0;35.88;64;"Costo base documentado; transporte y comisiones pendientes";Comparación individual pendiente
TOTAL LLAVE COMBINADA 19MM TCSPAR191;536639;8400.0;5418.0;2982.0;35.5;112;"Costo base documentado; transporte y comisiones pendientes";Comparación individual pendiente
TOTAL SIERRA SABLE 20V TRSLI1152 LI-ION;486880;186800.0;119776.0;67024.0;35.88;260;"Costo base documentado; transporte y comisiones pendientes";Comparación individual pendiente
TOTAL CAPA DE LLUVIA THTRC031.M;4374;27300.0;17509.0;9791.0;35.86;238;"Costo base documentado; transporte y comisiones pendientes";Comparación individual pendiente
WADFOW MARTILLO DE LAPIDACIÓN 5KG WHM2350;122771;42300.0;27095.0;15205.0;35.95;166;"Costo base documentado; transporte y comisiones pendientes";Comparación individual pendiente
"WADFOW ALICATE TENAZA 9"" 228MM WPL8609";25317;7200.0;4586.0;2614.0;36.31;175;"Costo base documentado; transporte y comisiones pendientes";Comparación individual pendiente
TOTAL LIJADORA TRIANGULAR TMS6505 65W;455312;84800.0;54356.0;30444.0;35.9;214;"Costo base documentado; transporte y comisiones pendientes";Comparación individual pendiente
TOTAL KIT ALICATES DE PRESION TOS23091 5PCS;512039;13800.0;8826.0;4974.0;36.04;189;"Costo base documentado; transporte y comisiones pendientes";Comparación individual pendiente
WADFOW MARTILLO DE LAPIDACIÓN WHM2340 4KG;543026;35100.0;22512.0;12588.0;35.86;166;"Costo base documentado; transporte y comisiones pendientes";Comparación individual pendiente
TOTAL VIBRADOR HORMIGÓN TCVLI2023013;468886;17200.0;11032.0;6168.0;35.86;333;"Costo base documentado; transporte y comisiones pendientes";Comparación individual pendiente
"TOTAL ARRANCADOR DE ENGRANAJE 3"" THTGP236 2 MANDIBULAS";316439;18200.0;11672.0;6528.0;35.87;222;"Costo base documentado; transporte y comisiones pendientes";Comparación individual pendiente
WADFOW PULIDORA INALÁMBRICA 20V WHL2B151;580007;221000.0;141730.0;79270.0;35.87;43;"Costo base documentado; transporte y comisiones pendientes";Comparación individual pendiente
TOTAL ALICATE PARA SOLDADURA THT1921003;456876;17600.0;11256.0;6344.0;36.05;104;"Costo base documentado; transporte y comisiones pendientes";Comparación individual pendiente
"TOTAL JUEGOS DE DADOS THT141253 24PCS 1/2""";381680;122200.0;78368.0;43832.0;35.87;111;"Costo base documentado; transporte y comisiones pendientes";Comparación individual pendiente
TOTAL KIT LIMA DE HIERRO 5PZS THT918516;415972;32500.0;20844.0;11656.0;35.86;111;"Costo base documentado; transporte y comisiones pendientes";Comparación individual pendiente
TOTAL TALADRO DE IMPACTO 20V 166NM TIDLI201668;67690;137600.0;88256.0;49344.0;35.86;72;"Costo base documentado; transporte y comisiones pendientes";Comparación individual pendiente
TOTAL CUCHILLA TG511815 18X100MM;468992;118000.0;75648.0;42352.0;35.89;45;"Costo base documentado; transporte y comisiones pendientes";Comparación individual pendiente
"WADFOW LLAVE DINAMOMÉTRICA 1/4"" 6NM WWQ5D01";613965;43600.0;27930.0;15670.0;35.94;131;"Costo base documentado; transporte y comisiones pendientes";Comparación individual pendiente
TOTAL SIERRA HIERRO THT54106 300MM CUADRO;367752;137600.0;88256.0;49344.0;35.86;264;"Costo base documentado; transporte y comisiones pendientes";Comparación individual pendiente
WADFOW ALICATE CORTA CABLE WCT2910;460248;12400.0;7921.0;4479.0;36.12;174;"Costo base documentado; transporte y comisiones pendientes";Comparación individual pendiente
TOTAL SOPLADOR ASPIRADOR 20V TABLI204282;488020;186800.0;119776.0;67024.0;35.88;199;"Costo base documentado; transporte y comisiones pendientes";Comparación individual pendiente
TOTAL MARTILLO PARA TECHO MAGNÉTICO THCH61060 600G;488433;12700.0;8170.0;4530.0;35.67;162;"Costo base documentado; transporte y comisiones pendientes";Comparación individual pendiente
TOTAL PANTALONES DE TRABAJO TSP6022.XXL;162456;50700.0;32516.0;18184.0;35.87;240;"Costo base documentado; transporte y comisiones pendientes";Comparación individual pendiente
"TOTAL ALICATE DE CORTE DIAGONAL 7"" 180MM THT130706P";512336;7500.0;4835.0;2665.0;35.53;101;"Costo base documentado; transporte y comisiones pendientes";Comparación individual pendiente
"WADFOW DADO HEXAGONAL 3/4"" 36MM WSC4536";74094;13800.0;8826.0;4974.0;36.04;155;"Costo base documentado; transporte y comisiones pendientes";Comparación individual pendiente
TOTAL TALADRO DE IMPACTO 42V 69NM UTIDLI426981;576130;179400.0;115051.0;64349.0;35.87;56;"Costo base documentado; transporte y comisiones pendientes";Comparación individual pendiente
"WADFOW VÁLVULA ESFERA 1"" ACERO WVV5831";470650;31500.0;20176.0;11324.0;35.95;88;"Costo base documentado; transporte y comisiones pendientes";Comparación individual pendiente
WADFOW TALADRO INÁLAMBRICO 12V WCDS540;461719;71300.0;45704.0;25596.0;35.9;76;"Costo base documentado; transporte y comisiones pendientes";Comparación individual pendiente
TOTAL ESCUADRO MAGNETICO TAMWH6002;443067;17200.0;11032.0;6168.0;35.86;328;"Costo base documentado; transporte y comisiones pendientes";Comparación individual pendiente
TOTAL JUEGO DE BROCAS PARA TALADRO TOS24094;526074;63900.0;40976.0;22924.0;35.87;279;"Costo base documentado; transporte y comisiones pendientes";Comparación individual pendiente
TOTAL CEPILLO ELÉCTRICO DE MADERA 20V TRLI20401 320W;529242;108100.0;69344.0;38756.0;35.85;216;"Costo base documentado; transporte y comisiones pendientes";Comparación individual pendiente
WADFOW PALANCA DE NEUMÁTICO 500X25X9MM WQB2320;537674;14300.0;9172.0;5128.0;35.86;95;"Costo base documentado; transporte y comisiones pendientes";Comparación individual pendiente
TOTAL TERMÓMETRO INFRARROJO THIT0155028;521420;26000.0;16658.0;9342.0;35.93;227;"Costo base documentado; transporte y comisiones pendientes";Comparación individual pendiente
"TOTAL JUEGO DE LLAVE DE VASO DE 1/4"" 52PCS THT421526";612388;8800.0;5674.0;3126.0;35.52;136;"Costo base documentado; transporte y comisiones pendientes";Comparación individual pendiente
WADFOW MARTILLO ROTATIVO 20V WLM15225;37884;239200.0;153402.0;85798.0;35.87;163;"Costo base documentado; transporte y comisiones pendientes";Comparación individual pendiente
TOTAL CANDADO 63MM TLK31631 508G;456807;8800.0;5674.0;3126.0;35.52;93;"Costo base documentado; transporte y comisiones pendientes";Comparación individual pendiente
TOTAL LLAVE DE IMPACTO 20V 405NM UTIWLI2045;584920;226200.0;145064.0;81136.0;35.87;70;"Costo base documentado; transporte y comisiones pendientes";Comparación individual pendiente
WADFOW ESCALERA EXTENSIBLE 3 SECCIONES X 9 ESCALONES ALUMINIO;490092;319800.0;205091.0;114709.0;35.87;164;"Costo base documentado; transporte y comisiones pendientes";Comparación individual pendiente
TOTAL CINTA METRICA TMT126652 5MX25MM;456623;5900.0;3782.0;2118.0;35.9;231;"Costo base documentado; transporte y comisiones pendientes";Comparación individual pendiente
TOTAL BOTAS DE SEGURIDAD TSP207IDSB.40 NEGRO/ROJO;542111;57200.0;36683.0;20517.0;35.87;246;"Costo base documentado; transporte y comisiones pendientes";Comparación individual pendiente
WADFOW MOSQUETÓN 50MM 4PCS WQL2K02;538756;17200.0;11032.0;6168.0;35.86;335;"Costo base documentado; transporte y comisiones pendientes";Comparación individual pendiente
WADFOW CAJA FUERTE 72L 65X35X40CM WEB1565;537759;41800.0;26792.0;15008.0;35.9;38;"Costo base documentado; transporte y comisiones pendientes";Comparación individual pendiente
TOTAL LIJADORA ORBITAL MOTOR SIN ESCOBILLAS 20V TSHSLI20241;334235;124800.0;80036.0;44764.0;35.87;214;"Costo base documentado; transporte y comisiones pendientes";Comparación individual pendiente
WADFOW BOLSA PARA HERRAMIENTAS 3PCS 80KG WTG2107;580137;41800.0;26792.0;15008.0;35.9;36;"Costo base documentado; transporte y comisiones pendientes";Comparación individual pendiente
WADFOW EXTRACTOR E INSTALADOR DE POLEA 6PCS WGP6D06;616621;17200.0;11032.0;6168.0;35.86;334;"Costo base documentado; transporte y comisiones pendientes";Comparación individual pendiente
"TOTAL ESPADA PARA MOTOSIERRAS 16"" TGTSB51603";527477;22100.0;14175.0;7925.0;35.86;207;"Costo base documentado; transporte y comisiones pendientes";Comparación individual pendiente
WADFOW ESCALERA DE 3 PELDAÑOS 150KG WLD1H03;489973;67600.0;43353.0;24247.0;35.87;162;"Costo base documentado; transporte y comisiones pendientes";Comparación individual pendiente
TOTAL COMBO 31PCS LLAVE DE IMPACTO TOSLI240966;521055;319500.0;204880.0;114620.0;35.87;67;"Costo base documentado; transporte y comisiones pendientes";Comparación individual pendiente
"WADFOW TRINQUETE CABEZA FLEXIBLE 1/2"" WRW4212";488808;31200.0;20009.0;11191.0;35.87;124;"Costo base documentado; transporte y comisiones pendientes";Comparación individual pendiente
TOTAL ATORNILLADOR 4V TSDLI0402 LITHUM 2VOL;436243;157300.0;100864.0;56436.0;35.88;65;"Costo base documentado; transporte y comisiones pendientes";Comparación individual pendiente
WADFOW CONO TRÁFICO REFLECTIVO 90CM WYJ1A90;501200;44200.0;28346.0;15854.0;35.87;308;"Costo base documentado; transporte y comisiones pendientes";Comparación individual pendiente
WADFOW JUEGO DE 36 PUNTAS DE DESTORNILLADOR WBS4B36;543750;21400.0;13755.0;7645.0;35.72;127;"Costo base documentado; transporte y comisiones pendientes";Comparación individual pendiente
TOTAL LLAVE DE IMPACTO T121201 12V;239196;31200.0;20009.0;11191.0;35.87;55;"Costo base documentado; transporte y comisiones pendientes";Comparación individual pendiente
WADFOW BOTAS DE LLUVIA 40 WRB1L40;470797;20200.0;12923.0;7277.0;36.02;240;"Costo base documentado; transporte y comisiones pendientes";Comparación individual pendiente
"WADFOW RUEDA NEUMÁTICA 16"" PARA CARRETILLA DE 150KG WWL8301";489614;24700.0;15842.0;8858.0;35.86;96;"Costo base documentado; transporte y comisiones pendientes";Comparación individual pendiente
TOTAL BOTAS DE SEGURIDAD TSP206SB45 NEGRO;104609;62400.0;40018.0;22382.0;35.87;237;"Costo base documentado; transporte y comisiones pendientes";Comparación individual pendiente
TOTAL PUNTAS DE DESTORNILLADOR DE IMPACTO TACSD18306 25MM 30PC;495660;18200.0;11672.0;6528.0;35.87;52;"Costo base documentado; transporte y comisiones pendientes";Comparación individual pendiente
WADFOW PRENSA SARGENTO EN F WCP2121;528238;13000.0;8337.0;4663.0;35.87;183;"Costo base documentado; transporte y comisiones pendientes";Comparación individual pendiente
"TOTAL ALICATE COMBINADA THT210606 6""";456227;8800.0;5674.0;3126.0;35.52;138;"Costo base documentado; transporte y comisiones pendientes";Comparación individual pendiente
TOTAL JUEGO DE 44 PUNTAS DE DESTORNILLADOR DE IMPACTO MAGNÉTIC;529372;5400.0;3467.0;1933.0;35.8;68;"Costo base documentado; transporte y comisiones pendientes";Comparación individual pendiente
TOTAL ALICATE CIRCLIP THTJ21802 7' 1.8MM;465342;8800.0;5674.0;3126.0;35.52;187;"Costo base documentado; transporte y comisiones pendientes";Comparación individual pendiente
TOTAL GATO HIDRÁULICO 2 TONELADAS INDUSTRIAL THT10822;529396;13800.0;8826.0;4974.0;36.04;135;"Costo base documentado; transporte y comisiones pendientes";Comparación individual pendiente
TOTAL PISTOLA DE PINTURA TT5006 550W 800ML 2.0M;350914;85800.0;55024.0;30776.0;35.87;95;"Costo base documentado; transporte y comisiones pendientes";Comparación individual pendiente
"WADFOW ALICATE PELACABLE WPL5617 7""";462396;9300.0;5970.0;3330.0;35.81;180;"Costo base documentado; transporte y comisiones pendientes";Comparación individual pendiente
TOTAL COMBO 2PCS MOTOSIERRA +PODADORA 20V TOSLI251085;164511;460200.0;295131.0;165069.0;35.87;206;"Costo base documentado; transporte y comisiones pendientes";Comparación individual pendiente
WADFOW CAJA FUERTE DIGITAL 7L 18X28X18CM WEB1518;461412;91000.0;58359.0;32641.0;35.87;31;"Costo base documentado; transporte y comisiones pendientes";Comparación individual pendiente
TOTAL TALADRO ATORNILLADOR 12V TDLI12428;495547;71300.0;45704.0;25596.0;35.9;61;"Costo base documentado; transporte y comisiones pendientes";Comparación individual pendiente
"WADFOW LLAVE TRINQUETE CON CABEZA FLEX 1/4"" WRW4214";496162;17600.0;11256.0;6344.0;36.05;123;"Costo base documentado; transporte y comisiones pendientes";Comparación individual pendiente
TOTAL TALADRO DE BANCO TDP133501 350W 13MM;313797;275600.0;176745.0;98855.0;35.87;276;"Costo base documentado; transporte y comisiones pendientes";Comparación individual pendiente
"TOTAL ALICATE DE PRESION 7"" THT190703";531870;13800.0;8826.0;4974.0;36.04;134;"Costo base documentado; transporte y comisiones pendientes";Comparación individual pendiente
WADFOW BOMBA DE ACEITE MANUAL WHY2525;528337;17200.0;11032.0;6168.0;35.86;337;"Costo base documentado; transporte y comisiones pendientes";Comparación individual pendiente
WADFOW KIT DE TALADRO ATORNILLADOR DE 1/4 20V WCK2016;489140;93400.0;59888.0;33512.0;35.88;75;"Costo base documentado; transporte y comisiones pendientes";Comparación individual pendiente
TOTAL HIDROLAVADORA ALTA PRESIÓN 40V TPWLI4006;185844;216300.0;138688.0;77612.0;35.88;202;"Costo base documentado; transporte y comisiones pendientes";Comparación individual pendiente
"WADFOW LLAVE COMBINADA CON RACHET FLEXIBLE 15"" WSA6115";96430;7000.0;4501.0;2499.0;35.7;130;"Costo base documentado; transporte y comisiones pendientes";Comparación individual pendiente
TOTAL KIT HERRAMIENTA TKTTSK0162 16PCS;436748;42900.0;27514.0;15386.0;35.86;304;"Costo base documentado; transporte y comisiones pendientes";Comparación individual pendiente
"TOTAL LLAVE DE IMPACTO DE AIRE TAT40122 1/2""610N 7K";381192;124800.0;80036.0;44764.0;35.87;54;"Costo base documentado; transporte y comisiones pendientes";Comparación individual pendiente
TOTAL JUEGO DE NIVELES DE BURBUJA 3PCS THT10203;514972;13800.0;8826.0;4974.0;36.04;136;"Costo base documentado; transporte y comisiones pendientes";Comparación individual pendiente
"TOTAL JUEGO DE LLAVES DE IMPACTO 1/2"" 18PCS THISTD12186";612005;59000.0;37824.0;21176.0;35.89;61;"Costo base documentado; transporte y comisiones pendientes";Comparación individual pendiente
TOTAL PISTOLA DE PINTURA TAT10401 400ML 1.5MM;397131;221200.0;141840.0;79360.0;35.88;98;"Costo base documentado; transporte y comisiones pendientes";Comparación individual pendiente
WADFOW GATO HIDRÁULICO 2T WHJ2502;461559;72800.0;46687.0;26113.0;35.87;223;"Costo base documentado; transporte y comisiones pendientes";Comparación individual pendiente
WADFOW CAJA FUERTE DIGITAL 27L 20X43X35CM WEB1535;461443;161200.0;103379.0;57821.0;35.87;31;"Costo base documentado; transporte y comisiones pendientes";Comparación individual pendiente
TOTAL PISTOLA CALOR UTB20036 2000W SOPLADOR;446563;108100.0;69344.0;38756.0;35.85;220;"Costo base documentado; transporte y comisiones pendientes";Comparación individual pendiente
"WADFOW VÁLVULA DE COMPUERTA 3/4"" WVV7814";470773;15000.0;9639.0;5361.0;35.74;30;"Costo base documentado; transporte y comisiones pendientes";Comparación individual pendiente
WADFOW MOSQUETONES 2PCS WQL1K02;543415;17200.0;11032.0;6168.0;35.86;339;"Costo base documentado; transporte y comisiones pendientes";Comparación individual pendiente
TOTAL MEDIDOR LASER 0.05-100M TMT51036;200288;31900.0;20488.0;11412.0;35.77;233;"Costo base documentado; transporte y comisiones pendientes";Comparación individual pendiente
TOTAL MARTILLO MACHNISTA THT715006;430388;24100.0;15423.0;8677.0;36.0;115;"Costo base documentado; transporte y comisiones pendientes";Comparación individual pendiente
TOTAL KIT ALICATE THT1K0301 3PCS;381550;8800.0;5674.0;3126.0;35.52;189;"Costo base documentado; transporte y comisiones pendientes";Comparación individual pendiente
"TOTAL MOTOSIERRA 20V MOTOR SIN ESCOBILLAS 12"" TGSLI201286";512169;46700.0;29944.0;16756.0;35.88;210;"Costo base documentado; transporte y comisiones pendientes";Comparación individual pendiente
TOTAL BOMBA AGUA TWP515001 2HP 1500W 135M;381239;172000.0;110320.0;61680.0;35.86;200;"Costo base documentado; transporte y comisiones pendientes";Comparación individual pendiente
"TOTAL ALICATE DE CORTE DIAGONAL 50% 180MM 7"" THT231708S";612326;8800.0;5674.0;3126.0;35.52;134;"Costo base documentado; transporte y comisiones pendientes";Comparación individual pendiente
TOTAL SOPLADOR/ASPIRADOR 20V TABLI200282;512565;186800.0;119776.0;67024.0;35.88;203;"Costo base documentado; transporte y comisiones pendientes";Comparación individual pendiente
TOTAL SIERRA CALADORA DE BANCO UTS88501 85W;240147;234000.0;150067.0;83933.0;35.87;253;"Costo base documentado; transporte y comisiones pendientes";Comparación individual pendiente
TOTAL CAJA DE HERRAMIENTAS 2 CAJONES THPTC202;565011;27000.0;17336.0;9664.0;35.79;32;"Costo base documentado; transporte y comisiones pendientes";Comparación individual pendiente
TOTAL BOTAS SEGURIDAD TSP201SB.44;417464;57200.0;36683.0;20517.0;35.87;237;"Costo base documentado; transporte y comisiones pendientes";Comparación individual pendiente
TOTAL SIERRA CIRCULAR 42V TSLI4218512;583831;137600.0;88256.0;49344.0;35.86;263;"Costo base documentado; transporte y comisiones pendientes";Comparación individual pendiente
TOTAL SOLDADOR ELECTRICO CON CONTROL DE TEMPERATURA 120W TET01;21920;19500.0;12507.0;6993.0;35.86;269;"Costo base documentado; transporte y comisiones pendientes";Comparación individual pendiente
WADFOW HIDROLAVADORA 1885PSI WHP4A16 1600W 220V;543804;325000.0;208426.0;116574.0;35.87;195;"Costo base documentado; transporte y comisiones pendientes";Comparación individual pendiente
WADFOW PRENSA SARGENTO DE BANCO 70MM WATV1528;537308;15600.0;10004.0;5596.0;35.87;183;"Costo base documentado; transporte y comisiones pendientes";Comparación individual pendiente
WADFOW LLAVE EN T 17MM WTH1117;528399;4600.0;2919.0;1681.0;36.54;131;"Costo base documentado; transporte y comisiones pendientes";Comparación individual pendiente
WADFOW PISTOLA DE AIRE WGA1504 600CC;463911;17200.0;11032.0;6168.0;35.86;336;"Costo base documentado; transporte y comisiones pendientes";Comparación individual pendiente
WADFOW CALIBRADOR DIGITAL 300MM WVC2B30;543163;91000.0;58359.0;32641.0;35.87;228;"Costo base documentado; transporte y comisiones pendientes";Comparación individual pendiente
TOTAL JUEGO DE BROCAS PARA METAL, HORMIGÓN Y MADERA TACSD6165;346184;15700.0;10086.0;5614.0;35.76;15;"Costo base documentado; transporte y comisiones pendientes";Comparación individual pendiente
TOTAL AMOLADORA 20V TAGLI27153 1000W;527651;152400.0;97712.0;54688.0;35.88;44;"Costo base documentado; transporte y comisiones pendientes";Comparación individual pendiente
TOTAL CARGADOR TOC228120 12V 220V;380966;20600.0;13238.0;7362.0;35.74;83;"Costo base documentado; transporte y comisiones pendientes";Comparación individual pendiente
WADFOW BOMBA PERIFÉRICA WWPVA03;471183;17200.0;11032.0;6168.0;35.86;337;"Costo base documentado; transporte y comisiones pendientes";Comparación individual pendiente
"WADFOW LLAVE PARA LAVABO 10"" 25MM WBF1732";488730;15600.0;10004.0;5596.0;35.87;123;"Costo base documentado; transporte y comisiones pendientes";Comparación individual pendiente
MEDICUBE SERUM FACIAL PDRN PINK COLLAGEN EXOSOME SHOT 7500 30ML(115549;;33800.0;;;;;Sin costo de compra documentado en este PDF;Comparación individual pendiente
TOTAL JUEGO DE DESTORNILLADORES TACSD302462 24IN1;436670;15700.0;10086.0;5614.0;35.76;145;"Costo base documentado; transporte y comisiones pendientes";Comparación individual pendiente
TOTAL MARTILLO DE GARRA 560GR THCH61020;116640;10800.0;6934.0;3866.0;35.8;169;"Costo base documentado; transporte y comisiones pendientes";Comparación individual pendiente
WADFOW REMACHADORA MANUAL WHR3517;460422;16300.0;10421.0;5879.0;36.07;184;"Costo base documentado; transporte y comisiones pendientes";Comparación individual pendiente
TOTAL JUEGO DE ALICATE 4PCS THT2K0498;583909;8800.0;5674.0;3126.0;35.52;187;"Costo base documentado; transporte y comisiones pendientes";Comparación individual pendiente
TOTAL TALADRO PERCUTOR Y ATORNILLADOR 20V TIDLI20145 2 BATERIA;456821;33400.0;21434.0;11966.0;35.83;85;"Costo base documentado; transporte y comisiones pendientes";Comparación individual pendiente
TOTAL PINZA AMPERIMÉTRICA AC 400A TMT762001;526197;44200.0;28346.0;15854.0;35.87;173;"Costo base documentado; transporte y comisiones pendientes";Comparación individual pendiente
TOTAL PISTOLA CALOR UTB1201 2000W SOPRAD;239387;108100.0;69344.0;38756.0;35.85;220;"Costo base documentado; transporte y comisiones pendientes";Comparación individual pendiente
TOTAL HIDROLAVADORA COMERCIAL 2400W TGT11176;512008;324400.0;208032.0;116368.0;35.87;199;"Costo base documentado; transporte y comisiones pendientes";Comparación individual pendiente
WADFOW DADOS DE IMPACTO HEXAGONALES 8PCS 78MM CRMO WMS3408;21234;157300.0;100864.0;56436.0;35.88;74;"Costo base documentado; transporte y comisiones pendientes";Comparación individual pendiente
TOTAL BOLSA HERRAMIENTA THT16P1011;341080;41800.0;26792.0;15008.0;35.9;33;"Costo base documentado; transporte y comisiones pendientes";Comparación individual pendiente
TOTAL KIT DE BATERIA +CARGADOR 20V TFBCLI20245;501972;33400.0;21434.0;11966.0;35.83;84;"Costo base documentado; transporte y comisiones pendientes";Comparación individual pendiente
WADFOW CANDADO 30MM WPD1430;614085;6100.0;3918.0;2182.0;35.77;90;"Costo base documentado; transporte y comisiones pendientes";Comparación individual pendiente
WADFOW ROTOMARTILLO SDS PLUS 800W WRH1D26;463836;130000.0;83370.0;46630.0;35.87;277;"Costo base documentado; transporte y comisiones pendientes";Comparación individual pendiente
WADFOW EXTRACTOR DE ENGRANAJE 130X100MM WGP4A02;542944;17200.0;11032.0;6168.0;35.86;338;"Costo base documentado; transporte y comisiones pendientes";Comparación individual pendiente
TOTAL TECLE DE CADENA 1TON 3M THT1611;316194;59000.0;37824.0;21176.0;35.89;223;"Costo base documentado; transporte y comisiones pendientes";Comparación individual pendiente
TOTAL BATERIA TOBP1803 18V;239943;27300.0;17509.0;9791.0;35.86;79;"Costo base documentado; transporte y comisiones pendientes";Comparación individual pendiente
"TOTAL CONECTOR DE MANGUERA DE PLÁSTICO 1"" - 3/4"" THHC604101";446679;13000.0;8321.0;4679.0;35.99;87;"Costo base documentado; transporte y comisiones pendientes";Comparación individual pendiente
TOTAL ESMERIL DE BANCADA TBG35020 350W;313742;120100.0;77035.0;43065.0;35.86;41;"Costo base documentado; transporte y comisiones pendientes";Comparación individual pendiente
"TOTAL TIJERA DE ELECTRICISTA 5.5"" 145MM THT1155871";456302;13800.0;8826.0;4974.0;36.04;154;"Costo base documentado; transporte y comisiones pendientes";Comparación individual pendiente
WADFOW CANDADO 60MM WPD1460;463232;15000.0;9588.0;5412.0;36.08;90;"Costo base documentado; transporte y comisiones pendientes";Comparación individual pendiente
TOTAL MARTILLO ROTATIVO 20V TRHLI222085 2B SLIM;615266;235900.0;151296.0;84604.0;35.86;278;"Costo base documentado; transporte y comisiones pendientes";Comparación individual pendiente
TOTAL TALADRO DE IMPACTO 20V 96NM UTIDLI209686 MOTOR SIN ESCOB;5890;309400.0;198422.0;110978.0;35.87;55;"Costo base documentado; transporte y comisiones pendientes";Comparación individual pendiente
TOTAL PULVERIZADOR 20L THSPP42002;521451;62400.0;40018.0;22382.0;35.87;206;"Costo base documentado; transporte y comisiones pendientes";Comparación individual pendiente
TOTAL ALICATE DESLIZANTE THT118062 6'';456241;6500.0;4170.0;2330.0;35.85;104;"Costo base documentado; transporte y comisiones pendientes";Comparación individual pendiente
TOTAL ACCESORIOS DE MINI TALADRO 420PCS TAKMG4208;487023;40300.0;25846.0;14454.0;35.87;274;"Costo base documentado; transporte y comisiones pendientes";Comparación individual pendiente
TOTAL SOPORTE DE ELETRODO PARA MAQUINA DE SOLDAR TWAH8006;381154;206400.0;132384.0;74016.0;35.86;272;"Costo base documentado; transporte y comisiones pendientes";Comparación individual pendiente
WADFOW TALADRO DRYWALL 20V WDS204285 2.0AH;613811;176800.0;113384.0;63416.0;35.87;57;"Costo base documentado; transporte y comisiones pendientes";Comparación individual pendiente
"WADFOW ALICATE PICO.L WPL2938 8"" AISLADO";462334;13600.0;8753.0;4847.0;35.64;180;"Costo base documentado; transporte y comisiones pendientes";Comparación individual pendiente
"WADFOW TIJERA AVIACION RECTA 10"" WAS2910";460460;12300.0;7880.0;4420.0;35.93;194;"Costo base documentado; transporte y comisiones pendientes";Comparación individual pendiente
TOTAL HIDROLAVADORA 20V TPWLI2008;444453;157300.0;100864.0;56436.0;35.88;202;"Costo base documentado; transporte y comisiones pendientes";Comparación individual pendiente
TOTAL GENERADOR A GASOLINA ULTRA SILENCIOSO 1.1KW TP515006;133180;803400.0;515229.0;288171.0;35.87;99;"Costo base documentado; transporte y comisiones pendientes";Comparación individual pendiente
TOTAL SIERRA SABLE TS100756 750W;56922;127800.0;81952.0;45848.0;35.87;266;"Costo base documentado; transporte y comisiones pendientes";Comparación individual pendiente
WADFOW HACHA 800G WHM6308;460651;17200.0;11032.0;6168.0;35.86;338;"Costo base documentado; transporte y comisiones pendientes";Comparación individual pendiente
WADFOW ESCALERA EXTENSIBLE 3 TRAMOS WLD6H38;490085;293800.0;188417.0;105383.0;35.87;162;"Costo base documentado; transporte y comisiones pendientes";Comparación individual pendiente
TOTAL FRESADORA UTR11122 2200W ROTEADOR IND.;312134;108100.0;69344.0;38756.0;35.85;218;"Costo base documentado; transporte y comisiones pendientes";Comparación individual pendiente
WADFOW CAJA DE HERRAMIENTAS CON 6 GAVETAS WCS4A08;538718;27000.0;17336.0;9664.0;35.79;37;"Costo base documentado; transporte y comisiones pendientes";Comparación individual pendiente
TOTAL ATORNILLADOR INALÁMBRICO 4V TSDLI04062;59237;157300.0;100864.0;56436.0;35.88;66;"Costo base documentado; transporte y comisiones pendientes";Comparación individual pendiente
WADFOW JUEGO DE BROCAS Y PUNTAS DE DESTORNILLADOR 16 PCS WKS41;528658;7200.0;4586.0;2614.0;36.31;127;"Costo base documentado; transporte y comisiones pendientes";Comparación individual pendiente
TOTAL TALADRO FUNCIÓN DE IMPACTO 20V UTIDLI20968 96NM MOTOR SI;542081;167100.0;107168.0;59932.0;35.87;73;"Costo base documentado; transporte y comisiones pendientes";Comparación individual pendiente
TOTAL KIT HERRAMIENTA THT141451 45PZS;340465;13800.0;8826.0;4974.0;36.04;148;"Costo base documentado; transporte y comisiones pendientes";Comparación individual pendiente
TOTAL CORTADOR DE PISO 800MM THT08001;609944;156000.0;100029.0;55971.0;35.88;101;"Costo base documentado; transporte y comisiones pendientes";Comparación individual pendiente
TOTAL CEPILLO CIRCULAR PARA HIDROLAVADORA THPB36201;553469;39000.0;25011.0;13989.0;35.87;195;"Costo base documentado; transporte y comisiones pendientes";Comparación individual pendiente
WADFOW CABRESTANTE ELÉCTRICO 250KG 18M UWETH1A04;616867;223600.0;143397.0;80203.0;35.87;333;"Costo base documentado; transporte y comisiones pendientes";Comparación individual pendiente
TOTAL NIVEL DE BURBUJA MAGNETICO TMT220028 200CM;609937;54000.0;34600.0;19400.0;35.93;227;"Costo base documentado; transporte y comisiones pendientes";Comparación individual pendiente
WADFOW SET ALICATE 4PZ WPS2604 CIRCLIP;460224;8800.0;5674.0;3126.0;35.52;194;"Costo base documentado; transporte y comisiones pendientes";Comparación individual pendiente
TOTAL TALADRO DE IMPACTO 20V 96NM TIDLI209681;549189;137600.0;88256.0;49344.0;35.86;62;"Costo base documentado; transporte y comisiones pendientes";Comparación individual pendiente
TOTAL PISTOLA DE PEGAMENTO TGGLI1201 12V;465403;30000.0;19259.0;10741.0;35.8;305;"Costo base documentado; transporte y comisiones pendientes";Comparación individual pendiente
WADFOW ADAPTADORES PARA EXTRACCIÓN DE BALINERAS RUEDA DELANTER;614047;143000.0;91707.0;51293.0;35.87;306;"Costo base documentado; transporte y comisiones pendientes";Comparación individual pendiente
"TOTAL CAJA DE HERRAMIENTAS 33"" 35KG TPBX0332";612043;27000.0;17336.0;9664.0;35.79;34;"Costo base documentado; transporte y comisiones pendientes";Comparación individual pendiente
WADFOW MARTILLO DE LAPIDACIÓN 3KG WHM2330;232326;33800.0;21676.0;12124.0;35.87;166;"Costo base documentado; transporte y comisiones pendientes";Comparación individual pendiente
TOTAL LLAVE DE IMPACTO 20V TIRLI2028 PUNTA DE ENCAJE MOTOR SIN;501859;231400.0;148384.0;83016.0;35.88;54;"Costo base documentado; transporte y comisiones pendientes";Comparación individual pendiente
"TOTAL KIT DE HERRAMIENTAS JUEGO DE DADOS 3/8"" 22PCS THT381221";536578;54100.0;34672.0;19428.0;35.91;137;"Costo base documentado; transporte y comisiones pendientes";Comparación individual pendiente
WADFOW JUEGO DE 36 PUNTAS DE DESTORNILLADOR WBS3B36;461641;13000.0;8337.0;4663.0;35.87;127;"Costo base documentado; transporte y comisiones pendientes";Comparación individual pendiente
WADFOW JABONERA Y SOPORTE WZG1505;469944;12900.0;8255.0;4645.0;36.01;317;"Costo base documentado; transporte y comisiones pendientes";Comparación individual pendiente
WADFOW ESCALERA ANDAMIO 16 ESCALONES 150KG ALUMINIO CON PLATAF;501231;257400.0;165073.0;92327.0;35.87;164;"Costo base documentado; transporte y comisiones pendientes";Comparación individual pendiente
TOTAL LLAVE TRINQUETE 20V TDRLI2060152;487979;8800.0;5674.0;3126.0;35.52;151;"Costo base documentado; transporte y comisiones pendientes";Comparación individual pendiente
TOTAL COMBO 3PCS LLAVE+ AMOLADORA+ LAMPARA DE TRABAJO 20V TOSL;32902;368600.0;236400.0;132200.0;35.87;47;"Costo base documentado; transporte y comisiones pendientes";Comparación individual pendiente
TOTAL ATORNILLADOR 20V UTIDLI20508 2BT 2.0 MOTOR BRUSHLESS;486088;167100.0;107168.0;59932.0;35.87;59;"Costo base documentado; transporte y comisiones pendientes";Comparación individual pendiente
TOTAL CINTA METRICA TMTF13506;444286;3900.0;2522.0;1378.0;35.33;232;"Costo base documentado; transporte y comisiones pendientes";Comparación individual pendiente
TOTAL JUEGO DE HERRAMIENTAS THKTHP21006 100PCS;456340;239900.0;153818.0;86082.0;35.88;29;"Costo base documentado; transporte y comisiones pendientes";Comparación individual pendiente
TOTAL BOTAS SEGURIDAD TSP201SB.45;417471;57200.0;36683.0;20517.0;35.87;247;"Costo base documentado; transporte y comisiones pendientes";Comparación individual pendiente
WADFOW TALADRO DE IMPACTO 20V COMPACTO SIN ESCOBILLAS 52NM WCD;542326;133900.0;85873.0;48027.0;35.87;59;"Costo base documentado; transporte y comisiones pendientes";Comparación individual pendiente
TOTAL CONTROL PARA BOMBA DE AGUA TWP57501-SB;381222;42900.0;27514.0;15386.0;35.86;197;"Costo base documentado; transporte y comisiones pendientes";Comparación individual pendiente
TOTAL JUEGO DE CINCELES 6PIEZAS THT42K0601;340540;17200.0;11032.0;6168.0;35.86;329;"Costo base documentado; transporte y comisiones pendientes";Comparación individual pendiente
"TOTAL SOCKET DE IMPACTO THISTD12101 1/2"" 10PCS";430371;157300.0;100864.0;56436.0;35.88;71;"Costo base documentado; transporte y comisiones pendientes";Comparación individual pendiente
WADFOW ESTANTES AJUSTABLES 5N1 WTS1A94 900X400X1.8;461375;17200.0;11032.0;6168.0;35.86;338;"Costo base documentado; transporte y comisiones pendientes";Comparación individual pendiente
TOTAL SIERRA PARA HORMIGÓN THTLCS1241 DE MANO 24';456418;28600.0;18341.0;10259.0;35.87;255;"Costo base documentado; transporte y comisiones pendientes";Comparación individual pendiente
WADFOW TALADRO INALÁMBRICO 12V WCDS520;461702;71300.0;45704.0;25596.0;35.9;76;"Costo base documentado; transporte y comisiones pendientes";Comparación individual pendiente
WADFOW JUEGO DE LLAVES DE TRINQUETE FLEXIBLE WSP5205;528290;23900.0;15325.0;8575.0;35.88;128;"Costo base documentado; transporte y comisiones pendientes";Comparación individual pendiente
TOTAL BATERIA 20V 2PCS 4.0AH TOSLI240312;501965;285100.0;182816.0;102284.0;35.88;83;"Costo base documentado; transporte y comisiones pendientes";Comparación individual pendiente
TOTAL BOMBA DE AGUA TSWP7501 1HP 750W;537049;236600.0;151734.0;84866.0;35.87;195;"Costo base documentado; transporte y comisiones pendientes";Comparación individual pendiente
TOTAL MÁQUINA DE SOLDADURA TW22005 220V 200A;417303;206400.0;132384.0;74016.0;35.86;271;"Costo base documentado; transporte y comisiones pendientes";Comparación individual pendiente
TOTAL ROTOMARTILLO UTH1153256 1500W SDS PLUS;585002;270300.0;173360.0;96940.0;35.86;282;"Costo base documentado; transporte y comisiones pendientes";Comparación individual pendiente
TOTAL JUEGO DE DESTORNILLADORES DE PRECISION AISLADOS 6PCS THK;176033;28000.0;17925.0;10075.0;35.98;110;"Costo base documentado; transporte y comisiones pendientes";Comparación individual pendiente
TOTAL ALICATE PARA BOMBA DE AGUA AISLADAS THTIP28101;430463;16900.0;10840.0;6060.0;35.86;195;"Costo base documentado; transporte y comisiones pendientes";Comparación individual pendiente
"WADFOW JUEGO DE DADOS 24PCS DE 1/2"" WST2L24";489416;88400.0;56692.0;31708.0;35.87;127;"Costo base documentado; transporte y comisiones pendientes";Comparación individual pendiente
TOTAL KIT HERRAMIENTA THKTV02P041 4PCS;415415;17200.0;11032.0;6168.0;35.86;330;"Costo base documentado; transporte y comisiones pendientes";Comparación individual pendiente
WADFOW TALADRO INALÁMBRICO DE IONES DE LITIO WCDP512;461726;63900.0;40976.0;22924.0;35.87;286;"Costo base documentado; transporte y comisiones pendientes";Comparación individual pendiente
WADFOW PISTOLA DE CALOR 1600W WHG1516;506106;35100.0;22512.0;12588.0;35.86;215;"Costo base documentado; transporte y comisiones pendientes";Comparación individual pendiente
TOTAL AMOLADORA ANGULAR UTAGLI2011582 20V;465311;152400.0;97712.0;54688.0;35.88;45;"Costo base documentado; transporte y comisiones pendientes";Comparación individual pendiente
WADFOW PEGAMENTO PARA PISTOLA WGJ3810 1KG;463850;13600.0;8753.0;4847.0;35.64;320;"Costo base documentado; transporte y comisiones pendientes";Comparación individual pendiente
TOTAL DELANTAL DE CUERO PARA SOLDAR TSPWA03;120111;46800.0;30013.0;16787.0;35.87;302;"Costo base documentado; transporte y comisiones pendientes";Comparación individual pendiente
MEDICUBE 1MIN RED ACNE SUCCINIC ACID PEEL 40G;;49400.0;;;;;Sin costo de compra documentado en este PDF;Comparación individual pendiente
TOTAL SOCKET HEXAGONAL THTST12143L 1/2 14MM;437165;13800.0;8826.0;4974.0;36.04;154;"Costo base documentado; transporte y comisiones pendientes";Comparación individual pendiente
TOTAL SIERRA CALADORA 20V TJSLI1008 MOTOR SIN ESCOBILLAS;529228;176900.0;113472.0;63428.0;35.86;262;"Costo base documentado; transporte y comisiones pendientes";Comparación individual pendiente
TOTAL SOPORTE DE ELETRODO PARA MAQUINA DE SOLDAR TWAH10006;381161;206400.0;132384.0;74016.0;35.86;272;"Costo base documentado; transporte y comisiones pendientes";Comparación individual pendiente
"WADFOW ALICATE CORTE DIAGONAL MULTIFUNCIONALES WPL3778 7.5""";542807;12700.0;8170.0;4530.0;35.67;178;"Costo base documentado; transporte y comisiones pendientes";Comparación individual pendiente
WADFOW ALICATE PARA RED WHS2B46 46PCS;488785;39600.0;25427.0;14173.0;35.79;180;"Costo base documentado; transporte y comisiones pendientes";Comparación individual pendiente
TOTAL CUCHILLO PLEGABLE THT5136288;486552;13800.0;8826.0;4974.0;36.04;141;"Costo base documentado; transporte y comisiones pendientes";Comparación individual pendiente
WADFOW JUEGO DE LLAVE EN ANGULO EN L KIT WTH4208 8PCS;461979;8800.0;5674.0;3126.0;35.52;156;"Costo base documentado; transporte y comisiones pendientes";Comparación individual pendiente
TOTAL TALADRO DE IMPACTO 69NM 42V TIDLI426982;164528;273000.0;175078.0;97922.0;35.87;56;"Costo base documentado; transporte y comisiones pendientes";Comparación individual pendiente
MEDICUBE RETINOL NMN BOOSTING SERUM 1.9% 30ML;;26000.0;;;;;Sin costo de compra documentado en este PDF;Comparación individual pendiente
TOTAL HILO DE CORTE 5M TALS1601;486798;46700.0;29944.0;16756.0;35.88;208;"Costo base documentado; transporte y comisiones pendientes";Comparación individual pendiente
"TOTAL LLAVE AJUSTABLE 300MM 12"" THT101126";341400;22100.0;14184.0;7916.0;35.82;150;"Costo base documentado; transporte y comisiones pendientes";Comparación individual pendiente
TOTAL FRESADORA TR111226 2200W ROTEADOR INDUSTRIAL.;415873;221000.0;141730.0;79270.0;35.87;213;"Costo base documentado; transporte y comisiones pendientes";Comparación individual pendiente
WADFOW SET ALICATES AISLADAS 3PCS WPS0633;496100;29900.0;19177.0;10723.0;35.86;184;"Costo base documentado; transporte y comisiones pendientes";Comparación individual pendiente
TOTAL PISTOLA DE PINTURA TT3506 450W 800ML PLAST;436311;221200.0;141840.0;79360.0;35.88;97;"Costo base documentado; transporte y comisiones pendientes";Comparación individual pendiente
TOTAL BOTAS DE SEGURIDAD TSP206SB46 NEGRO;576734;62400.0;40018.0;22382.0;35.87;237;"Costo base documentado; transporte y comisiones pendientes";Comparación individual pendiente
TOTAL TALADRO PERCUTOR 16V 66NM UTIDLI166062;240642;141700.0;90875.0;50825.0;35.87;56;"Costo base documentado; transporte y comisiones pendientes";Comparación individual pendiente
TOTAL ATORNILLADOR 4V TSDLI0403 LITHUM 2VOL;436250;157300.0;100864.0;56436.0;35.88;65;"Costo base documentado; transporte y comisiones pendientes";Comparación individual pendiente
WADFOW MARTILLO MAQUINISTA WHM1320 2000G;543019;16300.0;10421.0;5879.0;36.07;166;"Costo base documentado; transporte y comisiones pendientes";Comparación individual pendiente
TOTAL BATERIA TFBLI2053 20V 5.0AH;444415;104000.0;66681.0;37319.0;35.88;79;"Costo base documentado; transporte y comisiones pendientes";Comparación individual pendiente
TOTAL COMBO INALÁMBRICO 20V 4PCS TOSLI251082;107419;488800.0;313473.0;175327.0;35.87;80;"Costo base documentado; transporte y comisiones pendientes";Comparación individual pendiente
WADFOW MARTILLO OREJAS WHM3316 450G;460569;10800.0;6934.0;3866.0;35.8;170;"Costo base documentado; transporte y comisiones pendientes";Comparación individual pendiente
"TOTAL PISTOLA DE SILICONA 9"" THT20109 CALAFATEADORA";415507;36900.0;23640.0;13260.0;35.93;152;"Costo base documentado; transporte y comisiones pendientes";Comparación individual pendiente
TOTAL JUEGO DE DESTORNILLADORES ELECTRÓNICOS 37PCS TACSD30376;565004;15600.0;9989.0;5611.0;35.97;110;"Costo base documentado; transporte y comisiones pendientes";Comparación individual pendiente
TOTAL COMBO 2PCS LLAVE DE IMPACTO + PISTOLA DE CALOR 20V TOSLI;584982;285100.0;182816.0;102284.0;35.88;67;"Costo base documentado; transporte y comisiones pendientes";Comparación individual pendiente
TOTAL HILO DE CORTE 2.5MM 4M TGTLS2545;502115;20200.0;12923.0;7277.0;36.02;207;"Costo base documentado; transporte y comisiones pendientes";Comparación individual pendiente
WADFOW DESTORNILLADOR KIT 2PCS WSS1302;469098;5400.0;3467.0;1933.0;35.8;154;"Costo base documentado; transporte y comisiones pendientes";Comparación individual pendiente
"WADFOW LLAVE PARA TUBO 12"" WPW1112";469241;9100.0;5838.0;3262.0;35.85;132;"Costo base documentado; transporte y comisiones pendientes";Comparación individual pendiente
WADFOW TALADRO 12V 20NM WCDS565;27854;50000.0;32097.0;17903.0;35.81;277;"Costo base documentado; transporte y comisiones pendientes";Comparación individual pendiente
TOTAL SIERRA COPA 30MM TAC430301;34227;15600.0;10004.0;5596.0;35.87;253;"Costo base documentado; transporte y comisiones pendientes";Comparación individual pendiente
WADFOW NIVEL DE BURBUJA 150CM WSL2G150;489775;16900.0;10840.0;6060.0;35.86;229;"Costo base documentado; transporte y comisiones pendientes";Comparación individual pendiente
TOTAL TIJERAS P/PODA THTA1527406;437585;60100.0;38517.0;21583.0;35.91;174;"Costo base documentado; transporte y comisiones pendientes";Comparación individual pendiente
WADFOW GATO HIDRÁULICO 4 TONELADAS WHJ1504;463409;59000.0;37824.0;21176.0;35.89;223;"Costo base documentado; transporte y comisiones pendientes";Comparación individual pendiente
TOTAL BATERIA 20V TFBLI2125 5.0AH FINA;609593;88500.0;56736.0;31764.0;35.89;83;"Costo base documentado; transporte y comisiones pendientes";Comparación individual pendiente
TOTAL ARNES DE SEGURIDAD THSH501420;532266;85200.0;54608.0;30592.0;35.91;237;"Costo base documentado; transporte y comisiones pendientes";Comparación individual pendiente
WADFOW INFLADOR DE PIE WPP2510;469678;18200.0;11672.0;6528.0;35.87;309;"Costo base documentado; transporte y comisiones pendientes";Comparación individual pendiente
TOTAL LLAVE DE TORSIÓN THPTW300N2;437004;8800.0;5674.0;3126.0;35.52;151;"Costo base documentado; transporte y comisiones pendientes";Comparación individual pendiente
"WADFOW ALICATE COMBINADO WPL1928 8""";462235;6500.0;4170.0;2330.0;35.85;178;"Costo base documentado; transporte y comisiones pendientes";Comparación individual pendiente
TOTAL FRESADORA UTR111226 2200W ROTEADOR;458771;257400.0;165073.0;92327.0;35.87;213;"Costo base documentado; transporte y comisiones pendientes";Comparación individual pendiente
TOTAL TALADRO DE IMPACTO INALÁMBRICO 12V TIDLI12206;60578;71300.0;45704.0;25596.0;35.9;72;"Costo base documentado; transporte y comisiones pendientes";Comparación individual pendiente
TOTAL JUEGO DE DESTORNILLADORES THGSS35061 6PCS;415958;15700.0;10086.0;5614.0;35.76;145;"Costo base documentado; transporte y comisiones pendientes";Comparación individual pendiente
WADFOW CAPA DE LLUVIA GABARDINA 100% PVC WRC200L L;543422;14300.0;9172.0;5128.0;35.86;242;"Costo base documentado; transporte y comisiones pendientes";Comparación individual pendiente
WADFOW YUNQUE DE MESA 10KG WBV0A10;44370;66300.0;42520.0;23780.0;35.87;313;"Costo base documentado; transporte y comisiones pendientes";Comparación individual pendiente
"TOTAL ESPATULA CUCHARA 8"" 200MM THT82816";367820;13800.0;8826.0;4974.0;36.04;142;"Costo base documentado; transporte y comisiones pendientes";Comparación individual pendiente
TOTAL MÁQUINA VIBRATORIA DE AZULEJOS 20V TTVLI2010;486194;17200.0;11032.0;6168.0;35.86;331;"Costo base documentado; transporte y comisiones pendientes";Comparación individual pendiente
TOTAL CINCEL 18 X 400 X 50 MM TAC15221822 SDS;487535;12600.0;8088.0;4512.0;35.81;160;"Costo base documentado; transporte y comisiones pendientes";Comparación individual pendiente
WADFOW ROTOMARTILLO 20V MOTOR SIN ESCOBILLAS WLM1526;538879;235900.0;151296.0;84604.0;35.86;285;"Costo base documentado; transporte y comisiones pendientes";Comparación individual pendiente
TOTAL MOTOCULTIVADOR TGC5001 6.5CV;443166;17200.0;11032.0;6168.0;35.86;332;"Costo base documentado; transporte y comisiones pendientes";Comparación individual pendiente
TOTAL PISTOLA DE PINTURA 530W TT45061;584197;78000.0;50006.0;27994.0;35.89;94;"Costo base documentado; transporte y comisiones pendientes";Comparación individual pendiente
TOTAL JUNTA UNIVERSAL 1/2 THHIUJ1121;488396;17200.0;11032.0;6168.0;35.86;330;"Costo base documentado; transporte y comisiones pendientes";Comparación individual pendiente
ANUA VISIBLY FIRMING COLLAGEN RETINOL REFINING GUA SHA CREAM 80ML 9326;;79300.0;;;;;Sin costo de compra documentado en este PDF;Comparación individual pendiente
WADFOW CONO TRÁFICO REFLECTIVO 70CM WYJ1A70;501194;28600.0;18341.0;10259.0;35.87;308;"Costo base documentado; transporte y comisiones pendientes";Comparación individual pendiente
TOTAL RECTIFICADOR UTG501032 130W 100PZ;239721;118000.0;75648.0;42352.0;35.89;49;"Costo base documentado; transporte y comisiones pendientes";Comparación individual pendiente
TOTAL TALADRO ANGULAR 20V 80NM TAIRLI208;584715;241800.0;155069.0;86731.0;35.87;52;"Costo base documentado; transporte y comisiones pendientes";Comparación individual pendiente
WADFOW LLAVE DE IMPACTO DE IONES DE LITIO WCD1512;461757;8800.0;5674.0;3126.0;35.52;75;"Costo base documentado; transporte y comisiones pendientes";Comparación individual pendiente
TOTAL SIERRA INGLETADORA TS42182553 1800W;458788;368600.0;236400.0;132200.0;35.87;265;"Costo base documentado; transporte y comisiones pendientes";Comparación individual pendiente
TOTAL JUEGO DE LLAVES THFND061 6PCS;456463;31900.0;20488.0;11412.0;35.77;136;"Costo base documentado; transporte y comisiones pendientes";Comparación individual pendiente
TOTAL ATORNILLADOR 3.6V UTD4361 NICD;239233;157300.0;100864.0;56436.0;35.88;62;"Costo base documentado; transporte y comisiones pendientes";Comparación individual pendiente
"WADFOW JUEGO DE DADOS CR-V 1/4"" 12PCS WST4212";528351;18200.0;11672.0;6528.0;35.87;101;"Costo base documentado; transporte y comisiones pendientes";Comparación individual pendiente
TOTAL TALADRO PERCUTOR 900W TG1091366;41614;80600.0;51690.0;28910.0;35.87;52;"Costo base documentado; transporte y comisiones pendientes";Comparación individual pendiente
WADFOW JUEGO DE PUNTAS DE DESTORNILLADOR MAGNÉTICO10PCS 65MM W;282741;12400.0;7921.0;4479.0;36.12;122;"Costo base documentado; transporte y comisiones pendientes";Comparación individual pendiente
WADFOW JUEGO DE PUNTAS DE DESTORNILLADOR WSS8B28 28PCS;528139;9100.0;5838.0;3262.0;35.85;128;"Costo base documentado; transporte y comisiones pendientes";Comparación individual pendiente
MEDICUBE PDRN PINK COLLAGEN GEL MASK 28G 4UNID 4EA;;33800.0;;;;;Sin costo de compra documentado en este PDF;Comparación individual pendiente
TOTAL BOTAS DE SEGURIDAD TSP202SB.39;512411;57200.0;36683.0;20517.0;35.87;246;"Costo base documentado; transporte y comisiones pendientes";Comparación individual pendiente
TOTAL MARTILLO PERFORADOR SDS-MAX TH115526 1500W;512688;1131000.0;725322.0;405678.0;35.87;274;"Costo base documentado; transporte y comisiones pendientes";Comparación individual pendiente
WADFOW COMBO 2PCS TALADRO +ATORNILLADOR 20V UWCK20277;175111;285100.0;182816.0;102284.0;35.88;74;"Costo base documentado; transporte y comisiones pendientes";Comparación individual pendiente
"TOTAL ALICATE UNIVERSAL ISOLADA THTIP2181 8""";430425;11800.0;7565.0;4235.0;35.89;188;"Costo base documentado; transporte y comisiones pendientes";Comparación individual pendiente
TOTAL KIT LLAVE TORX THHW8083;415996;8800.0;5674.0;3126.0;35.52;148;"Costo base documentado; transporte y comisiones pendientes";Comparación individual pendiente
TOTAL STAR SOCKET THKTETS0114 14PCS;415439;13800.0;8826.0;4974.0;36.04;137;"Costo base documentado; transporte y comisiones pendientes";Comparación individual pendiente
WADFOW SIERRA CIRCULAR 20V WLWP5633;580014;187200.0;120053.0;67147.0;35.87;258;"Costo base documentado; transporte y comisiones pendientes";Comparación individual pendiente
TOTAL SOPLADOR ASPIRADORA 20V TABLI20028;501910;78600.0;50432.0;28168.0;35.84;199;"Costo base documentado; transporte y comisiones pendientes";Comparación individual pendiente
TOTAL LLAVE DE IMPACTO TIWLI2055 550NM 55K;583800;8800.0;5674.0;3126.0;35.52;70;"Costo base documentado; transporte y comisiones pendientes";Comparación individual pendiente
TOTAL MARTILLO TH110286 1050W SDS PLUS;312110;10800.0;6934.0;3866.0;35.8;282;"Costo base documentado; transporte y comisiones pendientes";Comparación individual pendiente
"VICTORIA&#039;S SECRET LOCAO VICTORIA&#039;S SECRET BARE VANILLA VACATION 236ML";;31200.0;;;;;Sin costo de compra documentado en este PDF;Comparación individual pendiente
TOTAL PUNTAS DE DESTORNILLADOR DE IMPACTO 2PCS PH2X25MM TACIM7;512312;1600.0;999.0;601.0;37.56;55;"Costo base documentado; transporte y comisiones pendientes";Comparación individual pendiente
WADFOW JUEGO DE HERRAMIENTAS MANUALES 23PCS WHS2B23;496148;37100.0;23760.0;13340.0;35.96;318;"Costo base documentado; transporte y comisiones pendientes";Comparación individual pendiente
TOTAL CEPILLO ROTATORIO 390X110MM THRB8702;512282;15000.0;9588.0;5412.0;36.08;302;"Costo base documentado; transporte y comisiones pendientes";Comparación individual pendiente
WADFOW ROSCA METRICA WAJ1L02 20PCS;463645;17200.0;11032.0;6168.0;35.86;339;"Costo base documentado; transporte y comisiones pendientes";Comparación individual pendiente
"TOTAL ALICATE CORTE DIAGONAL AISLADO 7"" THTIP2571";430432;15600.0;10004.0;5596.0;35.87;172;"Costo base documentado; transporte y comisiones pendientes";Comparación individual pendiente
TOTAL AMOLADORA RECTA 110W TSG1508;495592;187200.0;120053.0;67147.0;35.87;41;"Costo base documentado; transporte y comisiones pendientes";Comparación individual pendiente
TOTAL MARTILLO CON UÑA THT73227;443548;10800.0;6934.0;3866.0;35.8;152;"Costo base documentado; transporte y comisiones pendientes";Comparación individual pendiente
TOTAL BATERIA TOBP1804 18V;239929;39000.0;25011.0;13989.0;35.87;79;"Costo base documentado; transporte y comisiones pendientes";Comparación individual pendiente
"WADFOW JUEGOS DE DADOS 1/4"" WST4D45 45PCS";461009;13800.0;8826.0;4974.0;36.04;157;"Costo base documentado; transporte y comisiones pendientes";Comparación individual pendiente
TOTAL CAJA DE HERRAMIENTAS CON 7 CAJONES THRC01071;488488;27000.0;17336.0;9664.0;35.79;34;"Costo base documentado; transporte y comisiones pendientes";Comparación individual pendiente
TOTAL MARTILLO MAGNÉTICA ACERO AL CARBONO #45 20Oz THCH61020L;82570;10800.0;6934.0;3866.0;35.8;169;"Costo base documentado; transporte y comisiones pendientes";Comparación individual pendiente
WADFOW BARRA DE DEMOLICIÓN 450MM WQB1345;469401;17200.0;11032.0;6168.0;35.86;336;"Costo base documentado; transporte y comisiones pendientes";Comparación individual pendiente
TOTAL JUEGO DE PUNTAS DE IMPACTO 13 PCS TACSDL01306;531818;157300.0;100864.0;56436.0;35.88;68;"Costo base documentado; transporte y comisiones pendientes";Comparación individual pendiente
TOTAL RECTIFICADOR INALÁMBRICO 20V TDGLI20012;286800;254800.0;163406.0;91394.0;35.87;305;"Costo base documentado; transporte y comisiones pendientes";Comparación individual pendiente
"WADFOW JUEGO DE DADOS CR-V 3/8"" 12PCS WST3212";528368;31900.0;20488.0;11412.0;35.77;156;"Costo base documentado; transporte y comisiones pendientes";Comparación individual pendiente
TOTAL ESCUADRO MAGNETICO TAMWH75052;443029;17200.0;11004.0;6196.0;36.02;303;"Costo base documentado; transporte y comisiones pendientes";Comparación individual pendiente
TOTAL ROTOMARTILLO 20V 2.4J TRHLI202482;286794;235900.0;151296.0;84604.0;35.86;283;"Costo base documentado; transporte y comisiones pendientes";Comparación individual pendiente
TOTAL BATERIA TBLI12151 12V 1.5AH;381000;36400.0;23344.0;13056.0;35.87;79;"Costo base documentado; transporte y comisiones pendientes";Comparación individual pendiente
TOTAL LLAVE DE CAÑO THT272106 10'';456890;11100.0;7086.0;4014.0;36.16;112;"Costo base documentado; transporte y comisiones pendientes";Comparación individual pendiente
TOTAL MARTILLO ROTATORIO TH308268 800W SDS PLUS;444484;152400.0;97712.0;54688.0;35.88;281;"Costo base documentado; transporte y comisiones pendientes";Comparación individual pendiente
TOTAL COMPACTADORA TP7100-1;415231;17200.0;11032.0;6168.0;35.86;327;"Costo base documentado; transporte y comisiones pendientes";Comparación individual pendiente
TOTAL KIT DE MECHAS UTAC190501 5PC MARTLETE;397117;15100.0;9670.0;5430.0;35.96;9;"Costo base documentado; transporte y comisiones pendientes";Comparación individual pendiente
TOTAL HIDROLAVADORA DE ALTA PRESIÓN TGT250206 MOTOR A GASOLINA;502146;1079000.0;691974.0;387026.0;35.87;195;"Costo base documentado; transporte y comisiones pendientes";Comparación individual pendiente
"TOTAL ALICATE DE CARPINTERO 8"" 200MM THT2881";367608;8700.0;5585.0;3115.0;35.8;172;"Costo base documentado; transporte y comisiones pendientes";Comparación individual pendiente
TOTAL CATRACA THTRS2061 1.5T 6M X 25MM;531993;13800.0;8826.0;4974.0;36.04;135;"Costo base documentado; transporte y comisiones pendientes";Comparación individual pendiente
WADFOW GRIFO MONOMANDO DE COCINA WZD1504;469906;65800.0;42186.0;23614.0;35.89;90;"Costo base documentado; transporte y comisiones pendientes";Comparación individual pendiente
TOTAL COMBO MOTOSIERRA +SOPLADOR 20V TOSLI240463;512572;319500.0;204880.0;114620.0;35.87;199;"Costo base documentado; transporte y comisiones pendientes";Comparación individual pendiente
TOTAL LIJADORA DE BANDA 1200W TBS12001;490863;108100.0;69344.0;38756.0;35.85;217;"Costo base documentado; transporte y comisiones pendientes";Comparación individual pendiente
"TOTAL SIERRA INGLETADORA TS42183057 2400W 12"" DESLIZABLE";446594;368600.0;236400.0;132200.0;35.87;265;"Costo base documentado; transporte y comisiones pendientes";Comparación individual pendiente
TOTAL ATORNILLADOR 12V TDLI1211 1.5AH;442916;71300.0;45704.0;25596.0;35.9;63;"Costo base documentado; transporte y comisiones pendientes";Comparación individual pendiente
WADFOW KIT PORTAPUNTAS DE DESTORNILLADOR 2PZ WSV3K01;461658;5600.0;3584.0;2016.0;36.0;122;"Costo base documentado; transporte y comisiones pendientes";Comparación individual pendiente
TOTAL LAMINA SIERRA THT573323 32T;316385;137600.0;88256.0;49344.0;35.86;261;"Costo base documentado; transporte y comisiones pendientes";Comparación individual pendiente
WADFOW JUEGO DE EXTRACTORES DE MARTILLO DESLIZANTE 26PCS WGP5D;542975;124800.0;80036.0;44764.0;35.87;163;"Costo base documentado; transporte y comisiones pendientes";Comparación individual pendiente
TOTAL DETECTOR DE VOLTAJE 12V THT100091;527750;13800.0;8826.0;4974.0;36.04;142;"Costo base documentado; transporte y comisiones pendientes";Comparación individual pendiente
WADFOW TALADRO ATORNILLADOR PRECUTOR 52NM WCDP5282;527958;63900.0;40976.0;22924.0;35.87;76;"Costo base documentado; transporte y comisiones pendientes";Comparación individual pendiente
TOTAL ATORNILLADOR DE IMPACTO 12V TIRLI1201;486279;71300.0;45704.0;25596.0;35.9;66;"Costo base documentado; transporte y comisiones pendientes";Comparación individual pendiente
TOTAL JUEGO DE DESTORNILLADORES AISLADOS 9PCS THTIS596;553698;15700.0;10086.0;5614.0;35.76;146;"Costo base documentado; transporte y comisiones pendientes";Comparación individual pendiente
WADFOW LLAVE COMBINADAS CON RATCHET 17MM WSA5117;201391;6800.0;4334.0;2466.0;36.26;120;"Costo base documentado; transporte y comisiones pendientes";Comparación individual pendiente
TOTAL CLAVOS PARA CLAVADORA DE CONCRETO 27MM TAC02271;56212;15000.0;9588.0;5412.0;36.08;213;"Costo base documentado; transporte y comisiones pendientes";Comparación individual pendiente
TOTAL SOPLADOR ASPIRADOR 20V TABLI203235;488013;186800.0;119776.0;67024.0;35.88;199;"Costo base documentado; transporte y comisiones pendientes";Comparación individual pendiente
TOTAL COMBO 4PCS 20V TOSLI250608;566834;486600.0;312048.0;174552.0;35.87;324;"Costo base documentado; transporte y comisiones pendientes";Comparación individual pendiente
TOTAL CINTA METRICA TMTF13306 30M FIBRA;456654;18600.0;11921.0;6679.0;35.91;225;"Costo base documentado; transporte y comisiones pendientes";Comparación individual pendiente
TOTAL JUEGO DE LLAVE TRINQUETE 6PCS THT102RK566;472470;8800.0;5674.0;3126.0;35.52;146;"Costo base documentado; transporte y comisiones pendientes";Comparación individual pendiente
TOTAL SIERRA INGLETADORA TS42183057 2400W;465434;368600.0;236400.0;132200.0;35.87;264;"Costo base documentado; transporte y comisiones pendientes";Comparación individual pendiente
TOTAL SOPLADOR ASPIRADOR 40V TABLI2003;446549;186800.0;119776.0;67024.0;35.88;202;"Costo base documentado; transporte y comisiones pendientes";Comparación individual pendiente
TOTAL DADOS HEXAGONALES 3/4 55MM THHAST34551;553582;20800.0;13339.0;7461.0;35.87;107;"Costo base documentado; transporte y comisiones pendientes";Comparación individual pendiente
TOTAL KIT DE HERRAMIENTAS THT121201 1/2' 20PCS;465366;13800.0;8826.0;4974.0;36.04;147;"Costo base documentado; transporte y comisiones pendientes";Comparación individual pendiente
TOTAL PISTOLA CLAVADORA 20V TCBNLI5005 15-50 S/B;527422;108100.0;69344.0;38756.0;35.85;221;"Costo base documentado; transporte y comisiones pendientes";Comparación individual pendiente
TOTAL ATORNILLADOR Y LLAVE DE IMPACTO 20V TIWLI20208;487856;137600.0;88256.0;49344.0;35.86;60;"Costo base documentado; transporte y comisiones pendientes";Comparación individual pendiente
TOTAL AMOLADORA ANGULAR TG11012556 1100W;512671;118000.0;75648.0;42352.0;35.89;45;"Costo base documentado; transporte y comisiones pendientes";Comparación individual pendiente
WADFOW ALICATE SET 5PCS WPS0605;469197;20800.0;13339.0;7461.0;35.87;175;"Costo base documentado; transporte y comisiones pendientes";Comparación individual pendiente
TOTAL PISTOLA DE CALOR 20V TBLI20035;56205;106200.0;68083.0;38117.0;35.89;217;"Costo base documentado; transporte y comisiones pendientes";Comparación individual pendiente
TOTAL ATORNILLADOR 12V TDLI20024 2.0AH;442824;71300.0;45704.0;25596.0;35.9;63;"Costo base documentado; transporte y comisiones pendientes";Comparación individual pendiente
WADFOW SOPLADOR 20V 1.5 AH WBLP511;461771;186800.0;119776.0;67024.0;35.88;205;"Costo base documentado; transporte y comisiones pendientes";Comparación individual pendiente
TOTAL CUCHILLO PELACABLES CURVO 200MM THT51882;490948;13800.0;8826.0;4974.0;36.04;141;"Costo base documentado; transporte y comisiones pendientes";Comparación individual pendiente
TOTAL BOTAS DE SEGURIDAD ANTICLAVOS +ANTIRESBALANTE TSP206SB.4;334204;59000.0;37824.0;21176.0;35.89;246;"Costo base documentado; transporte y comisiones pendientes";Comparación individual pendiente
"WADFOW PUNTAS PARA DESTORNILLADOR 1/4"" 12PCS WSS1612";538954;4200.0;2667.0;1533.0;36.5;123;"Costo base documentado; transporte y comisiones pendientes";Comparación individual pendiente
WADFOW TALADRO DE IMPACTO INÁLAMBRICO WCDP522;461733;63900.0;40976.0;22924.0;35.87;76;"Costo base documentado; transporte y comisiones pendientes";Comparación individual pendiente
WADFOW ORGANIZADOR DE PLÁSTICO WTB1322;505826;41800.0;26792.0;15008.0;35.9;38;"Costo base documentado; transporte y comisiones pendientes";Comparación individual pendiente
TOTAL CORTADOR DE TUBOS 3-42MM THT53142;612548;13800.0;8826.0;4974.0;36.04;135;"Costo base documentado; transporte y comisiones pendientes";Comparación individual pendiente
TOTAL ROTOMARTILLO TRHLI202882 20V 28MM;512527;235900.0;151296.0;84604.0;35.86;283;"Costo base documentado; transporte y comisiones pendientes";Comparación individual pendiente
TOTAL CAJA DE HERRAMIENTAS CON 2 GAVETAS THPTC201;487658;27000.0;17336.0;9664.0;35.79;34;"Costo base documentado; transporte y comisiones pendientes";Comparación individual pendiente
WADFOW HIDRÁULICA CRIMPADO 45KN WHT1D70;543040;93600.0;60027.0;33573.0;35.87;317;"Costo base documentado; transporte y comisiones pendientes";Comparación individual pendiente
"TOTAL JUEGO DE LLAVES DE IMPACTO 1/2"" 14PCS THISTD12146";609876;49400.0;31681.0;17719.0;35.87;53;"Costo base documentado; transporte y comisiones pendientes";Comparación individual pendiente
WADFOW CAJA DE HERRAMIENTAS METÁLICA 483X180X178MM WTB8A12;488952;49400.0;31681.0;17719.0;35.87;29;"Costo base documentado; transporte y comisiones pendientes";Comparación individual pendiente
"TOTAL ATORNILLADOR Y LLAVE DE IMPACTO 3/4"" 1750N TIWLI201751";553834;8800.0;5674.0;3126.0;35.52;67;"Costo base documentado; transporte y comisiones pendientes";Comparación individual pendiente
TOTAL ESCUADRA CON MÉTRICA ANGULO TAHS181511;437356;31900.0;20488.0;11412.0;35.77;232;"Costo base documentado; transporte y comisiones pendientes";Comparación individual pendiente
TOTAL MULTI-HERRAMIENTA DE IONES DE LITIO 16V TMLI16222;66266;17200.0;11032.0;6168.0;35.86;332;"Costo base documentado; transporte y comisiones pendientes";Comparación individual pendiente
TOTAL ATORNILLADOR 4.8V UTD4486 NICD;350808;157300.0;100864.0;56436.0;35.88;62;"Costo base documentado; transporte y comisiones pendientes";Comparación individual pendiente
WADFOW CEPILLO COPA DE ALAMBRE WCE2402;461665;17200.0;11032.0;6168.0;35.86;337;"Costo base documentado; transporte y comisiones pendientes";Comparación individual pendiente
WADFOW SIERRA CALADORA 20V WLS1565;580069;176900.0;113472.0;63428.0;35.86;267;"Costo base documentado; transporte y comisiones pendientes";Comparación individual pendiente
WADFOW GATO ELÉCTRICO 12V 100W 2TONELADAS WHJ4D02;278492;166400.0;106714.0;59686.0;35.87;222;"Costo base documentado; transporte y comisiones pendientes";Comparación individual pendiente
WADFOW MINI AMOLADORA WLAP573 20V 3'' 1BT 1.5AH;613781;114400.0;73366.0;41034.0;35.87;43;"Costo base documentado; transporte y comisiones pendientes";Comparación individual pendiente
TOTAL BATERIA TOBPLI228180 18V;381024;31900.0;20488.0;11412.0;35.77;83;"Costo base documentado; transporte y comisiones pendientes";Comparación individual pendiente
AFNAN MASCARA FACIAL SKIN1004 CENTELLA POREMIZING QUICK CLAY STICK 27G 30085;;36400.0;;;;;Sin costo de compra documentado en este PDF;Comparación individual pendiente
TOTAL CORTA CÉSPED 40V TLMLI4020 MOTOR SIN ESCOBILLAS;488389;743600.0;476879.0;266721.0;35.87;172;"Costo base documentado; transporte y comisiones pendientes";Comparación individual pendiente
TOTAL COMBO DE LLAVE DE IMPACTO +LAMPARA TOSLI23048;511872;319500.0;204880.0;114620.0;35.87;68;"Costo base documentado; transporte y comisiones pendientes";Comparación individual pendiente
TOTAL PISTOLA DE SILICONA UTT101116;381093;36900.0;23640.0;13260.0;35.93;298;"Costo base documentado; transporte y comisiones pendientes";Comparación individual pendiente
TOTAL CEPILLO ELECTRICO UTL1108236 1050W;367981;179400.0;115051.0;64349.0;35.87;212;"Costo base documentado; transporte y comisiones pendientes";Comparación individual pendiente
WADFOW LUBRICADOR DE GRASA MANUAL 25KG WHY2A25;489386;162500.0;104215.0;58285.0;35.87;319;"Costo base documentado; transporte y comisiones pendientes";Comparación individual pendiente
"WADFOW TALADRO DRILL ELÉCTRICO 3/8"" 500W WED15501";543774;63900.0;40976.0;22924.0;35.87;286;"Costo base documentado; transporte y comisiones pendientes";Comparación individual pendiente
WADFOW DADO DE IMPACTO 10PCS WMS2D02;463942;157300.0;100864.0;56436.0;35.88;75;"Costo base documentado; transporte y comisiones pendientes";Comparación individual pendiente
"WADFOW ALICATE PARA BOMBAS WPL9C12 12""";542838;8800.0;5674.0;3126.0;35.52;193;"Costo base documentado; transporte y comisiones pendientes";Comparación individual pendiente
TOTAL ESCUADRO MAGNETICO TAMWH75056;443043;18600.0;11921.0;6679.0;35.91;303;"Costo base documentado; transporte y comisiones pendientes";Comparación individual pendiente
TOTAL COMPRESOR DE AIRI TTAC1601 12V 160PSI;436335;60900.0;39085.0;21815.0;35.82;97;"Costo base documentado; transporte y comisiones pendientes";Comparación individual pendiente
TOTAL CINTA METRICA TMT126101 10MX25MM;316545;8800.0;5674.0;3126.0;35.52;229;"Costo base documentado; transporte y comisiones pendientes";Comparación individual pendiente
TOTAL SIERRA POLICORTE TS92435526 2400W 14';456937;137600.0;88256.0;49344.0;35.86;266;"Costo base documentado; transporte y comisiones pendientes";Comparación individual pendiente
WADFOW SIERRA COPA DE DIAMANTE 52MM WQR1352;543590;78000.0;50022.0;27978.0;35.87;258;"Costo base documentado; transporte y comisiones pendientes";Comparación individual pendiente
TOTAL SIERRA DE MANO PARA METAL THT541016;526111;137600.0;88256.0;49344.0;35.86;260;"Costo base documentado; transporte y comisiones pendientes";Comparación individual pendiente
TOTAL SIERRA COPO HORMIGÓN 40MM TAC440331;579889;18800.0;12088.0;6712.0;35.7;253;"Costo base documentado; transporte y comisiones pendientes";Comparación individual pendiente
TOTAL CINTA METRICA 5MX 25MM TMT126052;486576;5900.0;3782.0;2118.0;35.9;230;"Costo base documentado; transporte y comisiones pendientes";Comparación individual pendiente
TOTAL TERMOFUSIÓN DE PVC TWTLI20182;566858;17200.0;11032.0;6168.0;35.86;333;"Costo base documentado; transporte y comisiones pendientes";Comparación individual pendiente
"WADFOW MANGUERA 50 METROS 1/2"" WYP1E12";489829;70200.0;45020.0;25180.0;35.87;319;"Costo base documentado; transporte y comisiones pendientes";Comparación individual pendiente
TOTAL CEPILLO ELÉCTRICO 750W TL7508226;239646;127400.0;81703.0;45697.0;35.87;212;"Costo base documentado; transporte y comisiones pendientes";Comparación individual pendiente
WADFOW JUEGO DE12 PUNTAS DE DESTORNILLADOR DE IMPACTO WBS2602;463485;8600.0;5503.0;3097.0;36.01;58;"Costo base documentado; transporte y comisiones pendientes";Comparación individual pendiente
TOTAL ATORNILLADOR 110V UTD502101 280W;263542;157300.0;100864.0;56436.0;35.88;63;"Costo base documentado; transporte y comisiones pendientes";Comparación individual pendiente
TOTAL ATORNILLADOR DE IONES DE LITIO 20V TDLI200518;487771;93400.0;59888.0;33512.0;35.88;66;"Costo base documentado; transporte y comisiones pendientes";Comparación individual pendiente
TOTAL ESCUADRO MAGNÉTICO 4PCS TAMWH4001;443050;17200.0;11032.0;6168.0;35.86;328;"Costo base documentado; transporte y comisiones pendientes";Comparación individual pendiente
WADFOW PRENSA HIDRÁULICA 10 TONELADAS WHQ1A10;489881;813800.0;521899.0;291901.0;35.87;176;"Costo base documentado; transporte y comisiones pendientes";Comparación individual pendiente
WADFOW ENGRAPADORA KIT WGU4B06;462419;23400.0;15007.0;8393.0;35.87;309;"Costo base documentado; transporte y comisiones pendientes";Comparación individual pendiente
TOTAL LIJADORA DE PALMA UTF2231106 240 W;350877;71500.0;45855.0;25645.0;35.87;214;"Costo base documentado; transporte y comisiones pendientes";Comparación individual pendiente
TOTAL JUEGO DE LLAVES DE VASO ANGULADAS 9PCS TLASWT0901;381833;55900.0;35851.0;20049.0;35.87;110;"Costo base documentado; transporte y comisiones pendientes";Comparación individual pendiente
"WADFOW SIERRA INGLETADORA 8"" 210MM 1400W WXD151400";506113;213200.0;136727.0;76473.0;35.87;259;"Costo base documentado; transporte y comisiones pendientes";Comparación individual pendiente
TOTAL CINTA METRICA TMT126352 5M;367905;5900.0;3782.0;2118.0;35.9;232;"Costo base documentado; transporte y comisiones pendientes";Comparación individual pendiente
TOTAL CORTADORA DE RAMAS 20V TPHT201601 LARGO;486835;12300.0;7880.0;4420.0;35.93;186;"Costo base documentado; transporte y comisiones pendientes";Comparación individual pendiente
WADFOW ACCESORIO PARA ATORNILLADOR DE DRYWALL WCDS2088;613828;157300.0;100864.0;56436.0;35.88;74;"Costo base documentado; transporte y comisiones pendientes";Comparación individual pendiente
TOTAL CARGADOR UTOCLI228180 18V 110;381017;17200.0;11032.0;6168.0;35.86;83;"Costo base documentado; transporte y comisiones pendientes";Comparación individual pendiente
WADFOW JUEGO DE RODILLOS DE PINTURAS 23PCS WCB3H23;113724;20500.0;13141.0;7359.0;35.9;319;"Costo base documentado; transporte y comisiones pendientes";Comparación individual pendiente
WADFOW TEMPORIZADOR DIGITAL PARA RIEGO 4BAR 50L/MIN WQC5534;489812;63000.0;40434.0;22566.0;35.82;312;"Costo base documentado; transporte y comisiones pendientes";Comparación individual pendiente
TOTAL BOTAS SEGURIDAD TSP201SB.42;417440;57200.0;36683.0;20517.0;35.87;246;"Costo base documentado; transporte y comisiones pendientes";Comparación individual pendiente
"TOTAL MOTO SIERRA CORRIENTE 12"" 44DENT TGTSC51201";553971;137600.0;88256.0;49344.0;35.86;259;"Costo base documentado; transporte y comisiones pendientes";Comparación individual pendiente
WADFOW JUEGO DE LLAVES AJUSTABLES 5PCS WAW275K;496131;44200.0;28330.0;15870.0;35.9;122;"Costo base documentado; transporte y comisiones pendientes";Comparación individual pendiente
TOTAL TALADRO 12V TDLI12456 20NM 1BT;553278;71300.0;45704.0;25596.0;35.9;71;"Costo base documentado; transporte y comisiones pendientes";Comparación individual pendiente
TOTAL TALADRO INÁLAMBRICO 20V TDLI20668 MOTOR SIN ESCOBILLAS;529112;122900.0;78800.0;44100.0;35.88;284;"Costo base documentado; transporte y comisiones pendientes";Comparación individual pendiente
"TOTAL ESPADA DE MOTOSIERRA 12"" TGTSB51201";98823;26000.0;16658.0;9342.0;35.93;206;"Costo base documentado; transporte y comisiones pendientes";Comparación individual pendiente
"TOTAL CORTADOR DE CABLE THT115246 24""";340298;13800.0;8826.0;4974.0;36.04;140;"Costo base documentado; transporte y comisiones pendientes";Comparación individual pendiente
TOTAL SOPLADOR ASPIRADORA 600W TB2066 220V;350938;78600.0;50432.0;28168.0;35.84;202;"Costo base documentado; transporte y comisiones pendientes";Comparación individual pendiente
TOTAL NIVEL LASER DE 2 LINEAS TLL156601 35M VERDE;521406;143000.0;91707.0;51293.0;35.87;225;"Costo base documentado; transporte y comisiones pendientes";Comparación individual pendiente
TOTAL SET TALADRO + BATIDORA + LINTERNA + LAMPARA LI-ION 12V T;487962;319500.0;204880.0;114620.0;35.87;279;"Costo base documentado; transporte y comisiones pendientes";Comparación individual pendiente
"WADFOW LLAVE COMBINADA CON RATCHET 13"" WSA6113";118248;6800.0;4334.0;2466.0;36.26;130;"Costo base documentado; transporte y comisiones pendientes";Comparación individual pendiente
TOTAL PISTOLA CLAVADORA 20V 50MM TCBNLI5008 1BT;465335;108100.0;69344.0;38756.0;35.85;221;"Costo base documentado; transporte y comisiones pendientes";Comparación individual pendiente
TOTAL COMPRESOR DE AIRE PARA AUTO 20V TACLI2026;133876;114400.0;73366.0;41034.0;35.87;94;"Costo base documentado; transporte y comisiones pendientes";Comparación individual pendiente
TOTAL MÁQUINA DE SOLDAR 250A MMA/TIG TW225089;564984;206400.0;132384.0;74016.0;35.86;271;"Costo base documentado; transporte y comisiones pendientes";Comparación individual pendiente
TOTAL ADAPTADOR DE DADOS DE IMPACTO THIAD3412;201414;157300.0;100864.0;56436.0;35.88;62;"Costo base documentado; transporte y comisiones pendientes";Comparación individual pendiente
TOTAL LLAVE DE IMPACTO UTIWLI2001 20V;442879;8800.0;5674.0;3126.0;35.52;70;"Costo base documentado; transporte y comisiones pendientes";Comparación individual pendiente
TOTAL PUNTA DE IMPACTO 1/4'' TAC2765061 6PCS;521352;157300.0;100864.0;56436.0;35.88;71;"Costo base documentado; transporte y comisiones pendientes";Comparación individual pendiente
TOTAL PISTOLA DE PINTURA UTT5006 550W PLASTICO;417297;78000.0;50022.0;27978.0;35.87;95;"Costo base documentado; transporte y comisiones pendientes";Comparación individual pendiente
TOTAL KIT HERRAMIENTA THKTHP90086 8IN1;381659;41800.0;26792.0;15008.0;35.9;35;"Costo base documentado; transporte y comisiones pendientes";Comparación individual pendiente
TOTAL ALICATE CORTE DIAGONAL THT230606;316231;8800.0;5674.0;3126.0;35.52;138;"Costo base documentado; transporte y comisiones pendientes";Comparación individual pendiente
TOTAL CALIBRE DIGITAL TMT322006 200MM;502283;31900.0;20488.0;11412.0;35.77;229;"Costo base documentado; transporte y comisiones pendientes";Comparación individual pendiente
WADFOW TALADRO DRY WALL 20V WDS204281;126021;93400.0;59888.0;33512.0;35.88;76;"Costo base documentado; transporte y comisiones pendientes";Comparación individual pendiente
TOTAL BROCA KIT PARA TALADRO 49PCS TACSDL24906;531801;63900.0;40976.0;22924.0;35.87;279;"Costo base documentado; transporte y comisiones pendientes";Comparación individual pendiente
TOTAL CATRACA THTRS2101 2T 10M X 35MM;416047;13800.0;8826.0;4974.0;36.04;140;"Costo base documentado; transporte y comisiones pendientes";Comparación individual pendiente
"TOTAL ARRANCADOR DE ENGRANAJE 6"" THTGP366 3MANDIBULAS";316484;59000.0;37824.0;21176.0;35.89;223;"Costo base documentado; transporte y comisiones pendientes";Comparación individual pendiente
TOTAL AMOLADORA ANGULAR 20V TAGLI261521;528016;150800.0;96710.0;54090.0;35.87;40;"Costo base documentado; transporte y comisiones pendientes";Comparación individual pendiente
WADFOW GRIFO DE LAVABO WZD1510;469715;20000.0;12838.0;7162.0;35.81;91;"Costo base documentado; transporte y comisiones pendientes";Comparación individual pendiente
TOTAL TALADRO PERCUTOR Y ATORNILLADOR 20V TIDLI20558;527354;137600.0;88256.0;49344.0;35.86;73;"Costo base documentado; transporte y comisiones pendientes";Comparación individual pendiente
WADFOW SIERRA COPA BIMETÁLICAS 9PCS WKJ3492;543552;51700.0;33181.0;18519.0;35.82;258;"Costo base documentado; transporte y comisiones pendientes";Comparación individual pendiente
TOTAL ATORNILLADOR 12V UTDLI12325 2BAT BIVOLT;430470;95800.0;61464.0;34336.0;35.84;63;"Costo base documentado; transporte y comisiones pendientes";Comparación individual pendiente
WADFOW LIMPIADOR DE CAÑERIAS 5M WDD2305;461382;13600.0;8753.0;4847.0;35.64;319;"Costo base documentado; transporte y comisiones pendientes";Comparación individual pendiente
TOTAL FURADOR DE CUERO THT3351;381765;17200.0;11032.0;6168.0;35.86;329;"Costo base documentado; transporte y comisiones pendientes";Comparación individual pendiente
TOTAL MOTOSIERRA 40V TGSLI40168 MOTOR SIN ESCOBILLAS;488051;312000.0;200073.0;111927.0;35.87;207;"Costo base documentado; transporte y comisiones pendientes";Comparación individual pendiente
WADFOW MARTILLO OREJAS WHM3327;460583;10800.0;6934.0;3866.0;35.8;170;"Costo base documentado; transporte y comisiones pendientes";Comparación individual pendiente
"WADFOW LLAVE TRINQUETE 1/4"" WRW1214";110983;9800.0;6254.0;3546.0;36.18;132;"Costo base documentado; transporte y comisiones pendientes";Comparación individual pendiente
TOTAL PANEL DE LUZ LED UTLPLS215301 110V 24W YESO;386463;11700.0;7505.0;4195.0;35.85;86;"Costo base documentado; transporte y comisiones pendientes";Comparación individual pendiente
TOTAL CORTADOR DE PASTO TSTLI2001;436212;12300.0;7880.0;4420.0;35.93;188;"Costo base documentado; transporte y comisiones pendientes";Comparación individual pendiente
TOTAL SIERRA CIRCULAR TS1141856 1400W MADERA 7';338363;137600.0;88256.0;49344.0;35.86;263;"Costo base documentado; transporte y comisiones pendientes";Comparación individual pendiente
WADFOW JUEGO DE LLAVE COMBINADAS 10PCS 6-32MM WFD5M10;3049;5900.0;3782.0;2118.0;35.9;156;"Costo base documentado; transporte y comisiones pendientes";Comparación individual pendiente
TOTAL MARTILLO PERFORADOR TH1163855 1600W SDS MAX;531740;10800.0;6934.0;3866.0;35.8;278;"Costo base documentado; transporte y comisiones pendientes";Comparación individual pendiente
TOTAL MARTILLO DEMOLEDOR SDS MAX 1500W TH215002;512244;437400.0;280528.0;156872.0;35.86;281;"Costo base documentado; transporte y comisiones pendientes";Comparación individual pendiente
WADFOW SOPLADOR INALÁMBRICO 20V WBL1525;543743;67600.0;43353.0;24247.0;35.87;198;"Costo base documentado; transporte y comisiones pendientes";Comparación individual pendiente
TOTAL GATO HIDRÁULICO DE BOTELLA 30TON THT109302;214018;231400.0;148399.0;83001.0;35.87;102;"Costo base documentado; transporte y comisiones pendientes";Comparación individual pendiente
TOTAL CORTA CÉSPED 20V TSTLI20028;486842;46700.0;29944.0;16756.0;35.88;209;"Costo base documentado; transporte y comisiones pendientes";Comparación individual pendiente
WADFOW JUEGO DE LLAVES DE TRINQUETE WSP4205;528283;24100.0;15423.0;8677.0;36.0;128;"Costo base documentado; transporte y comisiones pendientes";Comparación individual pendiente
TOTAL BOTAS DE LLUVIA TSP302L.43;340991;23400.0;15007.0;8393.0;35.87;244;"Costo base documentado; transporte y comisiones pendientes";Comparación individual pendiente
TOTAL SOPLADOR 20V TABLI205082 2B SLIM;612265;186800.0;119776.0;67024.0;35.88;199;"Costo base documentado; transporte y comisiones pendientes";Comparación individual pendiente
TOTAL TIJERA DE PODAR 16V MOTOR BRUSHLESS TSSLI162582;318686;12300.0;7880.0;4420.0;35.93;189;"Costo base documentado; transporte y comisiones pendientes";Comparación individual pendiente
MEDICUBE ONE DAY EXOSOME SHOT 7500 30ML;;37700.0;;;;;Sin costo de compra documentado en este PDF;Comparación individual pendiente
TOTAL MÁQUINA DE SOLDADURA TW21306 220V 130A PORTÁTIL;338387;206400.0;132384.0;74016.0;35.86;271;"Costo base documentado; transporte y comisiones pendientes";Comparación individual pendiente
WADFOW PISTOLA CLAVADORA 20V 35MM WBJ1308;149792;108100.0;69344.0;38756.0;35.85;221;"Costo base documentado; transporte y comisiones pendientes";Comparación individual pendiente
WADFOW JUEGO DE LLAVES COMBINADAS 6-32MM WDS2M10;7184;40300.0;25846.0;14454.0;35.87;122;"Costo base documentado; transporte y comisiones pendientes";Comparación individual pendiente
TOTAL MARTILLO MAQUINARIO THT7120006;443531;27200.0;17424.0;9776.0;35.94;115;"Costo base documentado; transporte y comisiones pendientes";Comparación individual pendiente
TOTAL LLAVE DE IMPACTO UTIW10101 1050W;472326;103700.0;66529.0;37171.0;35.84;55;"Costo base documentado; transporte y comisiones pendientes";Comparación individual pendiente
TOTAL CINTA METRICA 50MX15MM TMTF18506;56281;31200.0;20009.0;11191.0;35.87;225;"Costo base documentado; transporte y comisiones pendientes";Comparación individual pendiente
TOTAL PISTOLA DE PINTURA TAT11001 1L 1.5MM;367509;36400.0;23344.0;13056.0;35.87;95;"Costo base documentado; transporte y comisiones pendientes";Comparación individual pendiente
TOTAL ESCUADRA MAGNÉTICA TMT653005;437370;54600.0;35016.0;19584.0;35.87;268;"Costo base documentado; transporte y comisiones pendientes";Comparación individual pendiente
TOTAL CUCHILLO MULTIFUNCIONAL 15 EN 1 THMFK0156;615211;17200.0;11032.0;6168.0;35.86;328;"Costo base documentado; transporte y comisiones pendientes";Comparación individual pendiente
WADFOW GRIFO DE AGUA FRIA WZD2501;469845;22900.0;14673.0;8227.0;35.93;91;"Costo base documentado; transporte y comisiones pendientes";Comparación individual pendiente
TOTAL COMBO AMOLADORA + TALADRO 20V TCKLI20766;286817;319500.0;204880.0;114620.0;35.87;279;"Costo base documentado; transporte y comisiones pendientes";Comparación individual pendiente
TOTAL KIT LLAVE TACSD30186 24PCS;381628;8800.0;5674.0;3126.0;35.52;149;"Costo base documentado; transporte y comisiones pendientes";Comparación individual pendiente
TOTAL PRENSA SARGENTO EN F THT1321401 140X1000MM;436885;54600.0;35016.0;19584.0;35.87;116;"Costo base documentado; transporte y comisiones pendientes";Comparación individual pendiente
TOTAL TALADRO PERCUTOR 1/2 VELOCIDAD VARIABLE TG111136 1010W;312059;118000.0;75648.0;42352.0;35.89;73;"Costo base documentado; transporte y comisiones pendientes";Comparación individual pendiente
WADFOW BORDEADORA DE ACERO INOXIDABLE WPE4315;463041;12800.0;8195.0;4605.0;35.98;169;"Costo base documentado; transporte y comisiones pendientes";Comparación individual pendiente
TOTAL MASCARA TSP9309;444361;39600.0;25427.0;14173.0;35.79;240;"Costo base documentado; transporte y comisiones pendientes";Comparación individual pendiente
WADFOW LLAVE DE TORQUE 380MM WTH1D88;488716;119600.0;76701.0;42899.0;35.87;122;"Costo base documentado; transporte y comisiones pendientes";Comparación individual pendiente
Medicube DEEP VITA C CAPSULE CREAM 55G (X00481MRA9/769866);;41600.0;;;;;Sin costo de compra documentado en este PDF;Comparación individual pendiente
"TOTAL ALICATE COMBINADO THT210906S 9.5""";430401;8800.0;5674.0;3126.0;35.52;138;"Costo base documentado; transporte y comisiones pendientes";Comparación individual pendiente
TOTAL ALICATE PUNTA LARGA AISLADO THTIP2381;430449;16300.0;10421.0;5879.0;36.07;172;"Costo base documentado; transporte y comisiones pendientes";Comparación individual pendiente
TOTAL KIT HERRAMIENTA THKTV02H291 29PCS;436779;17200.0;11032.0;6168.0;35.86;330;"Costo base documentado; transporte y comisiones pendientes";Comparación individual pendiente
WADFOW LASER NIVEL 3D WLE1M12;462990;221200.0;141840.0;79360.0;35.88;234;"Costo base documentado; transporte y comisiones pendientes";Comparación individual pendiente
TOTAL PULVERIZADOR 1L INDICADOR DE NIVEL Y BOQUILLA AJUSTABLE;532013;17600.0;11256.0;6344.0;36.05;225;"Costo base documentado; transporte y comisiones pendientes";Comparación individual pendiente
WADFOW PISTOLA CLAVADORA 20V 50MM WBJ2308;11280;108100.0;69344.0;38756.0;35.85;221;"Costo base documentado; transporte y comisiones pendientes";Comparación individual pendiente
WADFOW BOTAS DE LLUVIA 42 BLANCO WRB2L42;470889;22900.0;14673.0;8227.0;35.93;241;"Costo base documentado; transporte y comisiones pendientes";Comparación individual pendiente
WADFOW ELEVADOR MANUAL PALETERA 1000KG HIDRAULICA WNK1R10;501187;2574000.0;1650734.0;923266.0;35.87;309;"Costo base documentado; transporte y comisiones pendientes";Comparación individual pendiente
"Victoria's Secret LOCAO VICTORIA&#039;S SECRET MIDNIGHT BLOOM 236ML";;31200.0;;;;;Sin costo de compra documentado en este PDF;Comparación individual pendiente
TOTAL SIERRA CIRCULAR 20V TSLI1402 MOTOR BRUSHLESS;487375;226100.0;144992.0;81108.0;35.87;262;"Costo base documentado; transporte y comisiones pendientes";Comparación individual pendiente
WADFOW LLAVE COMBINADA CON RATCHET 21MM WSA5121;61049;10000.0;6421.0;3579.0;35.79;130;"Costo base documentado; transporte y comisiones pendientes";Comparación individual pendiente
"WADFOW ALICATE AJUSTABLE 10"" WAW1110";469456;8800.0;5674.0;3126.0;35.52;191;"Costo base documentado; transporte y comisiones pendientes";Comparación individual pendiente
TOTAL TALADRO CON FUNCION DE IMPACTO 20V TIDLI20868 86NM;527378;137600.0;88256.0;49344.0;35.86;71;"Costo base documentado; transporte y comisiones pendientes";Comparación individual pendiente
TOTAL LIJADORA 20V TSHSLI2014;487382;108100.0;69344.0;38756.0;35.85;219;"Costo base documentado; transporte y comisiones pendientes";Comparación individual pendiente
WADFOW KIT LLAVE COMBINADA 6PCS WDS2406;538534;5900.0;3782.0;2118.0;35.9;158;"Costo base documentado; transporte y comisiones pendientes";Comparación individual pendiente
TOTAL ROTOMARTILLO 42V 2.4 J TRHLI422482;583954;345800.0;221765.0;124035.0;35.87;275;"Costo base documentado; transporte y comisiones pendientes";Comparación individual pendiente
TOTAL CARGADOR TOC1803 16.2W 220V;311991;20600.0;13238.0;7362.0;35.74;84;"Costo base documentado; transporte y comisiones pendientes";Comparación individual pendiente
TOTAL LLAVE IMPACTO DE AIRE TAT40111;313889;8800.0;5674.0;3126.0;35.52;70;"Costo base documentado; transporte y comisiones pendientes";Comparación individual pendiente
"TOTAL JUEGO DE DADOS THTL121101 10PCS 1/2""";415422;24700.0;15842.0;8858.0;35.86;110;"Costo base documentado; transporte y comisiones pendientes";Comparación individual pendiente
WADFOW COMPRESOR DE AIRE AUTOMÁTICO 12V 160PSI WLN1512;489645;72800.0;46687.0;26113.0;35.87;96;"Costo base documentado; transporte y comisiones pendientes";Comparación individual pendiente
TOTAL JUEGO DE HERRAMIENTAS TALADRO 12V 129PCS THKTHP11292;566865;71300.0;45704.0;25596.0;35.9;279;"Costo base documentado; transporte y comisiones pendientes";Comparación individual pendiente
TOTAL RECTIFICADOR 8V 67PCS TMGLI0801;512220;118000.0;75648.0;42352.0;35.89;49;"Costo base documentado; transporte y comisiones pendientes";Comparación individual pendiente
"TOTAL JUNTA UNIVERSAL DE IMPACTO DE 1/2"" THHIUJ0121";495622;157300.0;100864.0;56436.0;35.88;61;"Costo base documentado; transporte y comisiones pendientes";Comparación individual pendiente
WADFOW CEPILLO DE LIMPIEZA KIT 11PCS WND5403;471152;31800.0;20425.0;11375.0;35.77;307;"Costo base documentado; transporte y comisiones pendientes";Comparación individual pendiente
TOTAL SIERRA CALADORA TS206806 650W;381062;78600.0;50432.0;28168.0;35.84;262;"Costo base documentado; transporte y comisiones pendientes";Comparación individual pendiente
"TOTAL AMOLADORA ANGULAR TG1252306 9"" 2400W 220V";381055;226200.0;145064.0;81136.0;35.87;41;"Costo base documentado; transporte y comisiones pendientes";Comparación individual pendiente
TOTAL LIJADORA DE PALMA 240 W TF2241108;133760;108100.0;69344.0;38756.0;35.85;219;"Costo base documentado; transporte y comisiones pendientes";Comparación individual pendiente
"WADFOW BOLSA DE HERRAMIENTAS 13"" WTG3113";528542;41800.0;26792.0;15008.0;35.9;37;"Costo base documentado; transporte y comisiones pendientes";Comparación individual pendiente
TOTAL ALICATE PARA FIXAR THT111112;316187;8800.0;5674.0;3126.0;35.52;139;"Costo base documentado; transporte y comisiones pendientes";Comparación individual pendiente
WADFOW JUEGO DE LLAVES COMBINADAS 14PCS WSP1M24;201216;59000.0;37824.0;21176.0;35.89;157;"Costo base documentado; transporte y comisiones pendientes";Comparación individual pendiente
TOTAL MÁQUINA DE SOLDAR MMA 180A TW218059;303323;206400.0;132384.0;74016.0;35.86;271;"Costo base documentado; transporte y comisiones pendientes";Comparación individual pendiente
"TOTAL LLAVE AJUSTABLE TAT101066 6""";316156;12800.0;8195.0;4605.0;35.98;150;"Costo base documentado; transporte y comisiones pendientes";Comparación individual pendiente
TOTAL TALADRO PERCUTOR 710W 13MM TG1071366;444460;70200.0;45020.0;25180.0;35.87;276;"Costo base documentado; transporte y comisiones pendientes";Comparación individual pendiente
TOTAL PAQUIMETRO TMT321501 150MM DIGTAL;316552;31900.0;20488.0;11412.0;35.77;234;"Costo base documentado; transporte y comisiones pendientes";Comparación individual pendiente
Karseell KIT KARSEELL TRAVEL SET MACA ENSSENCE REPAIR;;13000.0;;;;;Sin costo de compra documentado en este PDF;Comparación individual pendiente
"WADFOW ALICATE PARA BOMBA DE AGUA WPL6910 10""";460187;172000.0;110320.0;61680.0;35.86;204;"Costo base documentado; transporte y comisiones pendientes";Comparación individual pendiente
MEDICUBE CREME FACIAL DR.ALTHEA 345 RELIEF CREAM 50ML;;48100.0;;;;;Sin costo de compra documentado en este PDF;Comparación individual pendiente
WADFOW COMPRESOR AIRE AUTOMÁTICO 12V WAAC562;614122;88400.0;56692.0;31708.0;35.87;96;"Costo base documentado; transporte y comisiones pendientes";Comparación individual pendiente
TOTAL LLAVE IMPACTO TAT10121 NEUMÁTICO 7K;313858;8800.0;5674.0;3126.0;35.52;71;"Costo base documentado; transporte y comisiones pendientes";Comparación individual pendiente
WADFOW JUEGO DE TIJERAS WSX4633 (3PCS);528184;12300.0;7880.0;4420.0;35.93;194;"Costo base documentado; transporte y comisiones pendientes";Comparación individual pendiente
TOTAL MECHA KIT TACSD7156 5PC MULTI FUNCIONES;381444;19500.0;12507.0;6993.0;35.86;4;"Costo base documentado; transporte y comisiones pendientes";Comparación individual pendiente
TOTAL LAMINA MULTIHERRAMIENTA TAKTMT1502;455329;17200.0;11032.0;6168.0;35.86;331;"Costo base documentado; transporte y comisiones pendientes";Comparación individual pendiente
TOTAL GRIFO PARA DUCHA TSLBM513681;444347;191100.0;122556.0;68544.0;35.87;88;"Costo base documentado; transporte y comisiones pendientes";Comparación individual pendiente
TOTAL LIJADORA UTF1301826 320 TREME TRE;350891;108100.0;69344.0;38756.0;35.85;220;"Costo base documentado; transporte y comisiones pendientes";Comparación individual pendiente
TOTAL CALADORA 20V TJSLI8501 LI-ION;380911;176900.0;113472.0;63428.0;35.86;260;"Costo base documentado; transporte y comisiones pendientes";Comparación individual pendiente
TOTAL SIERRA SABLE 750W UTS100756;583695;135200.0;86705.0;48495.0;35.87;255;"Costo base documentado; transporte y comisiones pendientes";Comparación individual pendiente
"WADFOW GRIFO DE COCINA 8"" WZD1523";469777;22900.0;14673.0;8227.0;35.93;91;"Costo base documentado; transporte y comisiones pendientes";Comparación individual pendiente
WADFOW ESCALERA EXTENSIBLE 2 TRAMOS ALUMINIO WLD8H24;505925;413400.0;265118.0;148282.0;35.87;164;"Costo base documentado; transporte y comisiones pendientes";Comparación individual pendiente
"TOTAL AMOLADORA ANGULAR TG1262306 9"" 2600W";367400;228800.0;146732.0;82068.0;35.87;40;"Costo base documentado; transporte y comisiones pendientes";Comparación individual pendiente
TOTAL MINI AMOLADORA 20V TAGLI76012 3'';501880;152400.0;97712.0;54688.0;35.88;47;"Costo base documentado; transporte y comisiones pendientes";Comparación individual pendiente
TOTAL SET DE DADOS DE IMPACTO TUBULARES 20PCS THKISD12203L;201582;85200.0;54608.0;30592.0;35.91;55;"Costo base documentado; transporte y comisiones pendientes";Comparación individual pendiente
TOTAL ESCUADRA ANGULO TAHS3011;437363;17200.0;11004.0;6196.0;36.02;226;"Costo base documentado; transporte y comisiones pendientes";Comparación individual pendiente
WADFOW NIVEL MAGNÉTICA WRP1606;461191;20800.0;13339.0;7461.0;35.87;229;"Costo base documentado; transporte y comisiones pendientes";Comparación individual pendiente
TOTAL GATO HIDRÁULICO THT108015 1.5 TONELADAS;529419;13800.0;8826.0;4974.0;36.04;143;"Costo base documentado; transporte y comisiones pendientes";Comparación individual pendiente
TOTAL LLAVE DE IMPACTO 1050N 5AH UTIWLI20105;584975;8800.0;5674.0;3126.0;35.52;70;"Costo base documentado; transporte y comisiones pendientes";Comparación individual pendiente
TOTAL CINTA METRICA TMTF121006 100 METROS;381895;46800.0;30013.0;16787.0;35.87;225;"Costo base documentado; transporte y comisiones pendientes";Comparación individual pendiente
WADFOW COMBO 3PCS MEDIDOR DE DISTANCIA + CINTA METRICA +NIVEL;580106;57200.0;36683.0;20517.0;35.87;228;"Costo base documentado; transporte y comisiones pendientes";Comparación individual pendiente
TOTAL MOTOSIERRA TG945185 3200MIN 36DENT;300766;118000.0;75648.0;42352.0;35.89;48;"Costo base documentado; transporte y comisiones pendientes";Comparación individual pendiente
TOTAL PULVERIZADOR 20V 16L TSPLI20162;518710;46700.0;29944.0;16756.0;35.88;210;"Costo base documentado; transporte y comisiones pendientes";Comparación individual pendiente
TOTAL COMBO INALÁMBRICO 5PCS 20V TOSLI251083;286787;634400.0;406848.0;227552.0;35.87;80;"Costo base documentado; transporte y comisiones pendientes";Comparación individual pendiente
WADFOW ALICATE DE PRESION 10'' HRC40º-HRC50º WLP7210;104456;13800.0;8826.0;4974.0;36.04;192;"Costo base documentado; transporte y comisiones pendientes";Comparación individual pendiente
TOTAL SIERRA MARMOL 1400W TS3141106;576635;137600.0;88256.0;49344.0;35.86;265;"Costo base documentado; transporte y comisiones pendientes";Comparación individual pendiente
Karseell KIT KARSEELL MACA ESSENCE REPAIR SET MASK+OIL 500 + 50ML;;30900.0;;;;;Sin costo de compra documentado en este PDF;Comparación individual pendiente
TOTAL KIT LLAVE TACSD30266 26PCS;436724;8800.0;5674.0;3126.0;35.52;148;"Costo base documentado; transporte y comisiones pendientes";Comparación individual pendiente
TOTAL CEPILLO ELETRICO 220V TL1108236 1050W;366564;108100.0;69344.0;38756.0;35.85;217;"Costo base documentado; transporte y comisiones pendientes";Comparación individual pendiente
TOTAL CORTADOR DE AZULEJOS THT571201 1200MM;521383;13800.0;8826.0;4974.0;36.04;135;"Costo base documentado; transporte y comisiones pendientes";Comparación individual pendiente
TOTAL MINI AMOLADORA 20V TAGLI7601;486729;152400.0;97712.0;54688.0;35.88;45;"Costo base documentado; transporte y comisiones pendientes";Comparación individual pendiente
TOTAL CANDADO 40MM TLK32402 142G;341103;12600.0;8088.0;4512.0;35.81;87;"Costo base documentado; transporte y comisiones pendientes";Comparación individual pendiente
TOTAL PROTECTOR FACIAL TSP631;487764;11700.0;7505.0;4195.0;35.85;240;"Costo base documentado; transporte y comisiones pendientes";Comparación individual pendiente
"WADFOW ORGANIZADOR DE PLÁSTICO DE 13.5"" WTB1311";538664;41800.0;26792.0;15008.0;35.9;36;"Costo base documentado; transporte y comisiones pendientes";Comparación individual pendiente
TOTAL NIVEL LASER 20V 12 LINEAS 35M TLL3012165;609586;403000.0;258448.0;144552.0;35.87;227;"Costo base documentado; transporte y comisiones pendientes";Comparación individual pendiente
TOTAL TALADRO PERCUTOR 2 VELOCIDADES TG111165 1050W;436267;118000.0;75648.0;42352.0;35.89;284;"Costo base documentado; transporte y comisiones pendientes";Comparación individual pendiente
TOTAL MULTIFUNCION TS3006 300W;381079;85800.0;55024.0;30776.0;35.87;305;"Costo base documentado; transporte y comisiones pendientes";Comparación individual pendiente
WADFOW JUEGO DE GANCHOS MAGNETICOS 4PCS WZE2K11;543385;17200.0;11032.0;6168.0;35.86;338;"Costo base documentado; transporte y comisiones pendientes";Comparación individual pendiente
WADFOW AMOLADORA ANGULAR 2000W WAG852001;463829;176900.0;113472.0;63428.0;35.86;49;"Costo base documentado; transporte y comisiones pendientes";Comparación individual pendiente
WADFOW ESPATULA LLANA PARA YESO WPE2912 280X120MM;461177;12800.0;8195.0;4605.0;35.98;170;"Costo base documentado; transporte y comisiones pendientes";Comparación individual pendiente
"TOTAL AMOLADORA DE BANCO TBG15015 150W 6""";313735;68300.0;43769.0;24531.0;35.92;41;"Costo base documentado; transporte y comisiones pendientes";Comparación individual pendiente
WADFOW CANDADO 40MM WPD2440;463249;7800.0;5002.0;2798.0;35.87;90;"Costo base documentado; transporte y comisiones pendientes";Comparación individual pendiente
TOTAL MARTILLO DEMOLEDOR 1700W SDS TH217088;164542;449800.0;288462.0;161338.0;35.87;274;"Costo base documentado; transporte y comisiones pendientes";Comparación individual pendiente
TOTAL CANDADO 80MM TLK32803 530G;341820;33200.0;21260.0;11940.0;35.96;87;"Costo base documentado; transporte y comisiones pendientes";Comparación individual pendiente
WADFOW ATORNILLADOR UWCDP512 20 VOLT;462075;157300.0;100864.0;56436.0;35.88;75;"Costo base documentado; transporte y comisiones pendientes";Comparación individual pendiente
TOTAL BOTAS SEGURIDAD TSP202SB.44;417402;57200.0;36683.0;20517.0;35.87;247;"Costo base documentado; transporte y comisiones pendientes";Comparación individual pendiente
WADFOW SIERRA DE MANO PARA MADERA WHW1G20;542692;12400.0;7921.0;4479.0;36.12;259;"Costo base documentado; transporte y comisiones pendientes";Comparación individual pendiente
TOTAL CORTASETOS 40V THTLI40028 MOTOR BRUSHLESS;488044;273000.0;175078.0;97922.0;35.87;206;"Costo base documentado; transporte y comisiones pendientes";Comparación individual pendiente
TOTAL ESTILETE THT512614 61X19MM;340601;13800.0;8826.0;4974.0;36.04;143;"Costo base documentado; transporte y comisiones pendientes";Comparación individual pendiente
WADFOW SOLDADOR MMA 130A WWDH1301;108447;143000.0;91707.0;51293.0;35.87;270;"Costo base documentado; transporte y comisiones pendientes";Comparación individual pendiente
TOTAL PISTOLA DE GRASA THT111051;340670;29900.0;19177.0;10723.0;35.86;115;"Costo base documentado; transporte y comisiones pendientes";Comparación individual pendiente
TOTAL MULTÍMETRO DIGITAL SMART 9999 CONTEOS TMT5110004;526180;104000.0;66681.0;37319.0;35.88;226;"Costo base documentado; transporte y comisiones pendientes";Comparación individual pendiente
"TOTAL MACHETE ACERO AL CARBONO 18"" THMPS0118";20756;17200.0;11032.0;6168.0;35.86;331;"Costo base documentado; transporte y comisiones pendientes";Comparación individual pendiente
"WADFOW MOTOSIERRA DE PODA 8"" WCLP581";613835;189800.0;121721.0;68079.0;35.87;257;"Costo base documentado; transporte y comisiones pendientes";Comparación individual pendiente
TOTAL ATORNILLADOR 20V TDLI20012 2BAT LI-ION;415781;186800.0;119776.0;67024.0;35.88;64;"Costo base documentado; transporte y comisiones pendientes";Comparación individual pendiente
TOTAL SOPORTE PARA SIERRA COPO TAC4202;443227;15000.0;9639.0;5361.0;35.74;255;"Costo base documentado; transporte y comisiones pendientes";Comparación individual pendiente
TOTAL LIJADORA DE ACABADOS TF1301836 320W;531559;108100.0;69344.0;38756.0;35.85;219;"Costo base documentado; transporte y comisiones pendientes";Comparación individual pendiente
TOTAL ATORNILLADOR 16V 170NM TIRLI16178;207898;157300.0;100864.0;56436.0;35.88;62;"Costo base documentado; transporte y comisiones pendientes";Comparación individual pendiente
TOTAL PISTOLA PARA HIDROLAVADORA TGTSG026;502122;37700.0;24179.0;13521.0;35.86;198;"Costo base documentado; transporte y comisiones pendientes";Comparación individual pendiente
"TOTAL ALICATE DE CORTE ISOLADO 6"" 1000V THTIP2261";341752;13600.0;8753.0;4847.0;35.64;172;"Costo base documentado; transporte y comisiones pendientes";Comparación individual pendiente
TOTAL MARTILLO DE DEMOLICIÓN TH213006 1300W SDS 7K;341349;10800.0;6934.0;3866.0;35.8;280;"Costo base documentado; transporte y comisiones pendientes";Comparación individual pendiente
MEDICUBE RED ACNE BODY PEELING SHOT 110G;;36400.0;;;;;Sin costo de compra documentado en este PDF;Comparación individual pendiente
"WADFOW EXTRACTOR DE ENGRANAJES 6"" WGP2A06";537339;14300.0;9172.0;5128.0;35.86;317;"Costo base documentado; transporte y comisiones pendientes";Comparación individual pendiente
"TOTAL SIERRA POLICORTE TS9204051 16"" 3000W";338370;137600.0;88256.0;49344.0;35.86;266;"Costo base documentado; transporte y comisiones pendientes";Comparación individual pendiente
"TOTAL JUEGO DE DADOS CR-V 1/4"" 12PCS THT14114126";532181;31900.0;20488.0;11412.0;35.77;144;"Costo base documentado; transporte y comisiones pendientes";Comparación individual pendiente
TOTAL MÁQUINA DE SOLDAR 180A TW218016;512251;206400.0;132384.0;74016.0;35.86;270;"Costo base documentado; transporte y comisiones pendientes";Comparación individual pendiente
"WADFOW LLAVE DINAMOMÉTRICA PREESTABLECIDA 3/8"" 10-60NM WWQ1D38";496193;8800.0;5674.0;3126.0;35.52;155;"Costo base documentado; transporte y comisiones pendientes";Comparación individual pendiente
TOTAL KIT DE HERRAMIENTAS JUEGO DE DADOS 46PCS THT141462;512077;93400.0;59888.0;33512.0;35.88;147;"Costo base documentado; transporte y comisiones pendientes";Comparación individual pendiente
TOTAL CINCEL MAX 18X600MM TAC1521183;487528;17900.0;11505.0;6395.0;35.73;160;"Costo base documentado; transporte y comisiones pendientes";Comparación individual pendiente
TOTAL COMBO 4PCS TOS230908 MOCHILA,BOLSA;528085;486600.0;312048.0;174552.0;35.87;34;"Costo base documentado; transporte y comisiones pendientes";Comparación individual pendiente
WADFOW LASER NIVEL VERDE WLE1M08;469579;137600.0;88256.0;49344.0;35.86;234;"Costo base documentado; transporte y comisiones pendientes";Comparación individual pendiente
"WADFOW LLAVE DE ESFERA PARA JARDÍN 1/2"" WVB3822";470537;8800.0;5674.0;3126.0;35.52;155;"Costo base documentado; transporte y comisiones pendientes";Comparación individual pendiente
TOTAL ATORNILLADOR 12V 1.5A UTDLI1218;59695;71300.0;45704.0;25596.0;35.9;63;"Costo base documentado; transporte y comisiones pendientes";Comparación individual pendiente
MEDICUBE KOJIC ACID TURMERIC TONING CLEANSER 100KIJIC ACID 120G 474958;;36400.0;;;;;Sin costo de compra documentado en este PDF;Comparación individual pendiente
TOTAL TECLE DE CADENA 1.5 TONELADAS 1.5M THSLB1501;487726;232700.0;149235.0;83465.0;35.87;222;"Costo base documentado; transporte y comisiones pendientes";Comparación individual pendiente
WADFOW JUEGO DE DADOS 3/4'''' WST4D21 21PCS;543149;54100.0;34672.0;19428.0;35.91;156;"Costo base documentado; transporte y comisiones pendientes";Comparación individual pendiente
WADFOW BROCA DE MARTILLO SET 6PCS WHD6B06;463522;10800.0;6934.0;3866.0;35.8;169;"Costo base documentado; transporte y comisiones pendientes";Comparación individual pendiente
WADFOW SOPORTE PARA AMOLADORA ANGULAR 115 /125MM WASC1525;542920;52000.0;33348.0;18652.0;35.87;44;"Costo base documentado; transporte y comisiones pendientes";Comparación individual pendiente
WADFOW PISTOLA DE PINTAR NEUMATICA 600CC HVLP WGA1506;461924;221200.0;141840.0;79360.0;35.88;98;"Costo base documentado; transporte y comisiones pendientes";Comparación individual pendiente
TOTAL BOMBA DE AGUA TWP67506 750W 1HP 32M;415224;235900.0;151296.0;84604.0;35.86;201;"Costo base documentado; transporte y comisiones pendientes";Comparación individual pendiente
TOTAL CAJA DE CONTROL PARA BOMBA DE AGUA TWP55501-SB;536479;36400.0;23344.0;13056.0;35.87;197;"Costo base documentado; transporte y comisiones pendientes";Comparación individual pendiente
TOTAL COMPRESOR DE AIRE TCS1110152 15L;488136;221200.0;141840.0;79360.0;35.88;96;"Costo base documentado; transporte y comisiones pendientes";Comparación individual pendiente
"VICTORIA&#039;S SECRET LOCAO VICTORIA&#039;S SECRET VELVET PETALS VACATION 236ML";;31200.0;;;;;Sin costo de compra documentado en este PDF;Comparación individual pendiente
WADFOW MARTILLO DEMOLEDOR 1950W 220V WDB2D95;543781;712700.0;457040.0;255660.0;35.87;285;"Costo base documentado; transporte y comisiones pendientes";Comparación individual pendiente
WADFOW SIERRA CALADORA 570W WJS15571;102933;81900.0;52525.0;29375.0;35.87;258;"Costo base documentado; transporte y comisiones pendientes";Comparación individual pendiente
TOTAL LLAVE DE FENDA THTIS4100 ISOLADO;340489;3200.0;2083.0;1117.0;34.91;113;"Costo base documentado; transporte y comisiones pendientes";Comparación individual pendiente
TOTAL SIERRAS COPA TACSH2071 7PC METAL;351041;45700.0;29329.0;16371.0;35.82;255;"Costo base documentado; transporte y comisiones pendientes";Comparación individual pendiente
TOTAL MÁQUINA DE SOLDAR 160A TIG/MMA TIG16058;553681;691600.0;443531.0;248069.0;35.87;268;"Costo base documentado; transporte y comisiones pendientes";Comparación individual pendiente
"TOTAL KIT SOCKET THT1411023 10PC 1/4""";456333;12400.0;7921.0;4479.0;36.12;111;"Costo base documentado; transporte y comisiones pendientes";Comparación individual pendiente
TOTAL SIERRA MÁRMOL TS3141102 1400W;239677;137600.0;88256.0;49344.0;35.86;265;"Costo base documentado; transporte y comisiones pendientes";Comparación individual pendiente
TOTAL PANTALONES DE TRABAJO TSP6022.XL;121439;50700.0;32516.0;18184.0;35.87;240;"Costo base documentado; transporte y comisiones pendientes";Comparación individual pendiente
"WADFOW GRIFO DE COCINA 8"" WZD1529";469807;51500.0;33014.0;18486.0;35.9;91;"Costo base documentado; transporte y comisiones pendientes";Comparación individual pendiente
TOTAL MARTILLO DE BOLAS THT74486;443555;20800.0;13339.0;7461.0;35.87;114;"Costo base documentado; transporte y comisiones pendientes";Comparación individual pendiente
"WADFOW LLAVE DE TUBOS CON MANGO DE GOMA 48"" WPW8148";125864;75400.0;48355.0;27045.0;35.87;131;"Costo base documentado; transporte y comisiones pendientes";Comparación individual pendiente
TOTAL GATO HIDRÁULICO DE BOTELLA 20TON THT109202;190862;13800.0;8826.0;4974.0;36.04;143;"Costo base documentado; transporte y comisiones pendientes";Comparación individual pendiente
"TOTAL LLAVE CAÑO 36"" 85MM THT171366";472371;66300.0;42520.0;23780.0;35.87;112;"Costo base documentado; transporte y comisiones pendientes";Comparación individual pendiente
TOTAL PISTOLA DE CALOR 2000W TB20045;127776;36900.0;23640.0;13260.0;35.93;217;"Costo base documentado; transporte y comisiones pendientes";Comparación individual pendiente
TOTAL SIERRA CALADORA 20V TJSLI13562 2B SLIM;615280;176900.0;113472.0;63428.0;35.86;262;"Costo base documentado; transporte y comisiones pendientes";Comparación individual pendiente
TOTAL DESTORNILLADOR PHILLIPS PH2X125MM TSDPH2125;340380;5400.0;3467.0;1933.0;35.8;141;"Costo base documentado; transporte y comisiones pendientes";Comparación individual pendiente
TOTAL GENERADOR DE ENERGÍA A GASOLINA TP130005 3.0 KVA;239776;725400.0;465207.0;260193.0;35.87;99;"Costo base documentado; transporte y comisiones pendientes";Comparación individual pendiente
"WADFOW BOLSA DE HERRAMIENTAS CON RUEDAS 19"" WTGR102";542265;41800.0;26792.0;15008.0;35.9;37;"Costo base documentado; transporte y comisiones pendientes";Comparación individual pendiente
WADFOW SET AUTOMOTIVO 5PCS WGP6D05;542951;17200.0;11032.0;6168.0;35.86;340;"Costo base documentado; transporte y comisiones pendientes";Comparación individual pendiente
WADFOW TALADRO 12V 20NM WCDS518;228916;71300.0;45704.0;25596.0;35.9;76;"Costo base documentado; transporte y comisiones pendientes";Comparación individual pendiente
WADFOW AURICULAR PROTECTOR WEM1101;461528;17200.0;11032.0;6168.0;35.86;336;"Costo base documentado; transporte y comisiones pendientes";Comparación individual pendiente
WADFOW CAJA DE ALMACENAMIENTO WTB8344;488907;41800.0;26792.0;15008.0;35.9;37;"Costo base documentado; transporte y comisiones pendientes";Comparación individual pendiente
"TOTAL JUEGO DE DADOS 1/2"" 12 PCS THT141121";487078;31900.0;20488.0;11412.0;35.77;145;"Costo base documentado; transporte y comisiones pendientes";Comparación individual pendiente
WADFOW JUEGO DE DESTORNILLADORES WSS2206 6PCS;460019;15700.0;10086.0;5614.0;35.76;155;"Costo base documentado; transporte y comisiones pendientes";Comparación individual pendiente
TOTAL GRIFO PARA BAÑO TSLBM31001;444330;140100.0;89873.0;50227.0;35.85;88;"Costo base documentado; transporte y comisiones pendientes";Comparación individual pendiente
"WADFOW JUEGO DE DADOS 1/2"" 25PCS WST2D25";469524;54100.0;34672.0;19428.0;35.91;155;"Costo base documentado; transporte y comisiones pendientes";Comparación individual pendiente
TOTAL CORTADORA DE CÉSPED TGTLI20328 20V;487993;93600.0;60027.0;33573.0;35.87;171;"Costo base documentado; transporte y comisiones pendientes";Comparación individual pendiente
WADFOW PULVERIZADOR 16L WKS1516;461245;48100.0;30849.0;17251.0;35.86;207;"Costo base documentado; transporte y comisiones pendientes";Comparación individual pendiente
TOTAL MOTO SIERRA CORRIENTE TGTSC185 36DENT;381307;137600.0;88256.0;49344.0;35.86;262;"Costo base documentado; transporte y comisiones pendientes";Comparación individual pendiente
"TOTAL SIERRA DE MESA 10"" 1500W TS5152548";17732;137600.0;88256.0;49344.0;35.86;263;"Costo base documentado; transporte y comisiones pendientes";Comparación individual pendiente
TOTAL BOTAS SEGURIDAD TSP203SB.42;488341;59000.0;37824.0;21176.0;35.89;246;"Costo base documentado; transporte y comisiones pendientes";Comparación individual pendiente
TOTAL PISTOLA ENGRASADORA 20V 10.000PSI TGGLI2010;486903;17200.0;11032.0;6168.0;35.86;332;"Costo base documentado; transporte y comisiones pendientes";Comparación individual pendiente
WADFOW JUEGO DE TERMINALES 100PCS WTT1B01;543392;17200.0;11032.0;6168.0;35.86;338;"Costo base documentado; transporte y comisiones pendientes";Comparación individual pendiente
WADFOW MARTILLO PERFORADOR 20V WLM15220 MOTOR SIN ESCOBILLAS;505994;10800.0;6934.0;3866.0;35.8;285;"Costo base documentado; transporte y comisiones pendientes";Comparación individual pendiente
TOTAL CADENA DE SIERRA TGTSC50501;511971;137600.0;88256.0;49344.0;35.86;260;"Costo base documentado; transporte y comisiones pendientes";Comparación individual pendiente
TOTAL MÁQUINA DE SOLDAR TFC13018 130A 220V;536455;206400.0;132384.0;74016.0;35.86;271;"Costo base documentado; transporte y comisiones pendientes";Comparación individual pendiente
"WADFOW TORQUIMETRO 1/2"" WRW5212 340-450M";103060;13800.0;8826.0;4974.0;36.04;159;"Costo base documentado; transporte y comisiones pendientes";Comparación individual pendiente
WADFOW ASPIRADORA 20L 1200W WVR4A20;113823;137600.0;88256.0;49344.0;35.86;204;"Costo base documentado; transporte y comisiones pendientes";Comparación individual pendiente
"TOTAL MOTOSIERRA A GASOLINA 18"" TG5451811";455343;118000.0;75648.0;42352.0;35.89;48;"Costo base documentado; transporte y comisiones pendientes";Comparación individual pendiente
TOTAL KIT TALADRO ELETRICA THKTHP1012 101P;341394;63900.0;40976.0;22924.0;35.87;279;"Costo base documentado; transporte y comisiones pendientes";Comparación individual pendiente
TOTAL TRINQUETE 20V 65NM TDRLI20652;584791;228800.0;146732.0;82068.0;35.87;120;"Costo base documentado; transporte y comisiones pendientes";Comparación individual pendiente
WADFOW SELLADOR DE PLÁSTICO 200MM WXY1002;543347;35800.0;22928.0;12872.0;35.96;322;"Costo base documentado; transporte y comisiones pendientes";Comparación individual pendiente
WADFOW JUEGO DE DESTORNILLADORES WSS2408 8PCS;460026;15700.0;10086.0;5614.0;35.76;156;"Costo base documentado; transporte y comisiones pendientes";Comparación individual pendiente
TOTAL SIERRA SABLE 20V TRSLI2108 LI-ION BRUSHLESS;529235;186800.0;119776.0;67024.0;35.88;266;"Costo base documentado; transporte y comisiones pendientes";Comparación individual pendiente
WADFOW ORGANIZADOR DE PLÁSTICO WTB1611;505833;41800.0;26792.0;15008.0;35.9;39;"Costo base documentado; transporte y comisiones pendientes";Comparación individual pendiente
TOTAL MARTILLO DE OREJA THCH61016 450G MAGNÉTICO;512022;10800.0;6934.0;3866.0;35.8;168;"Costo base documentado; transporte y comisiones pendientes";Comparación individual pendiente
TOTAL MARTILLO DEMOLEDOR 1300W SDS 7KG TH2130016;486316;437400.0;280528.0;156872.0;35.86;280;"Costo base documentado; transporte y comisiones pendientes";Comparación individual pendiente
TOTAL SIERRA CORTA PARED TWLC1256 1500W;385909;309400.0;198422.0;110978.0;35.87;254;"Costo base documentado; transporte y comisiones pendientes";Comparación individual pendiente
TOTAL PRENSA SARGENTO THT1346802 80X600 24'135K;456371;35100.0;22512.0;12588.0;35.86;116;"Costo base documentado; transporte y comisiones pendientes";Comparación individual pendiente
"TOTAL KIT DE HERRAMIENTAS JUEGO DE DADOS 1/2"" 62PCS THT121602";512343;93400.0;59888.0;33512.0;35.88;147;"Costo base documentado; transporte y comisiones pendientes";Comparación individual pendiente
WADFOW PISTOLA DE AIRE COMPRIMIDO KIT 20PCS WQP9431;463997;39000.0;25011.0;13989.0;35.87;320;"Costo base documentado; transporte y comisiones pendientes";Comparación individual pendiente
WADFOW CORTACÉSPED 12V WGTS512;496063;65000.0;41685.0;23315.0;35.87;175;"Costo base documentado; transporte y comisiones pendientes";Comparación individual pendiente
WADFOW TIJERA PARA PODAR 20V WJFPB25;506014;12300.0;7880.0;4420.0;35.93;191;"Costo base documentado; transporte y comisiones pendientes";Comparación individual pendiente
TOTAL MARTILLO DE OREJAS THTS7316;456845;10800.0;6934.0;3866.0;35.8;169;"Costo base documentado; transporte y comisiones pendientes";Comparación individual pendiente
TOTAL CARGADOR DE BATERIA 12/24V TBC1601;313810;135200.0;86705.0;48495.0;35.87;79;"Costo base documentado; transporte y comisiones pendientes";Comparación individual pendiente
TOTAL CINCEL SDS PLUS TAC15221832;487542;18200.0;11672.0;6528.0;35.87;161;"Costo base documentado; transporte y comisiones pendientes";Comparación individual pendiente
TOTAL PULVERIZADOR FUMIGADOR 8L THSPP30802;521437;36400.0;23344.0;13056.0;35.87;207;"Costo base documentado; transporte y comisiones pendientes";Comparación individual pendiente
TOTAL CINTA METRICA 3MX16MM TMT34316;564908;3900.0;2522.0;1378.0;35.33;231;"Costo base documentado; transporte y comisiones pendientes";Comparación individual pendiente
"TOTAL ALICATE CORTE DIAGONAL THT27716 7""";341592;8800.0;5674.0;3126.0;35.52;138;"Costo base documentado; transporte y comisiones pendientes";Comparación individual pendiente
WADFOW GUANTE DE CUERO WLG3116;528566;14200.0;9087.0;5113.0;36.01;242;"Costo base documentado; transporte y comisiones pendientes";Comparación individual pendiente
WADFOW GRIFO DE LAVABO WZD1511;469708;20000.0;12838.0;7162.0;35.81;91;"Costo base documentado; transporte y comisiones pendientes";Comparación individual pendiente
TOTAL CUERDA 3T 3M THTWS0303;23658;28600.0;18341.0;10259.0;35.87;302;"Costo base documentado; transporte y comisiones pendientes";Comparación individual pendiente
WADFOW DADO DE IMPACTO 10PCS WMS1D01;463935;28000.0;17925.0;10075.0;35.98;57;"Costo base documentado; transporte y comisiones pendientes";Comparación individual pendiente
"WADFOW ALICATE CORTE DIAGONAL WPL3927 7""";460149;6200.0;4003.0;2197.0;35.44;178;"Costo base documentado; transporte y comisiones pendientes";Comparación individual pendiente
TOTAL CATRACA THTRS5101 5T 10M X 50MM;416061;48100.0;30849.0;17251.0;35.86;105;"Costo base documentado; transporte y comisiones pendientes";Comparación individual pendiente
"WADFOW PISTOLA CALAFATEAR WCG4109 9""";461207;17200.0;11032.0;6168.0;35.86;339;"Costo base documentado; transporte y comisiones pendientes";Comparación individual pendiente
WADFOW JUEGO DE FRESAS 35PCS 6MM WRG2P06;542319;103400.0;66280.0;37120.0;35.9;214;"Costo base documentado; transporte y comisiones pendientes";Comparación individual pendiente
CELIMAX LILYEVE GROW:TURN EXOSOME BRUSH AMPOULE 100ML;;65000.0;;;;;Sin costo de compra documentado en este PDF;Comparación individual pendiente
WADFOW JUEGO DE ALICATES 4PCS WPS0624;16896;24700.0;15842.0;8858.0;35.86;176;"Costo base documentado; transporte y comisiones pendientes";Comparación individual pendiente
TOTAL LLAVE DE FENDA THT21886 8X200MM;340366;8800.0;5674.0;3126.0;35.52;151;"Costo base documentado; transporte y comisiones pendientes";Comparación individual pendiente
TOTAL PISTOLA DE PINTURA 20V TSGLI20041;142205;221200.0;141840.0;79360.0;35.88;98;"Costo base documentado; transporte y comisiones pendientes";Comparación individual pendiente
TOTAL COMBO 3PCS NIVEL LASER + PISTOLA+ LIJADORA 20V TLL260567;612241;368600.0;236400.0;132200.0;35.87;216;"Costo base documentado; transporte y comisiones pendientes";Comparación individual pendiente
"TOTAL MOTOSIERRA 20V 6"" TGSLI2068";486811;46700.0;29944.0;16756.0;35.88;209;"Costo base documentado; transporte y comisiones pendientes";Comparación individual pendiente
TOTAL MEDIDOR DE HUMEDAD PARA MADERA TETWM031;553599;65000.0;41685.0;23315.0;35.87;305;"Costo base documentado; transporte y comisiones pendientes";Comparación individual pendiente
TOTAL TIJERAS DE PODAR DE MANO THT0601;437554;12300.0;7880.0;4420.0;35.93;190;"Costo base documentado; transporte y comisiones pendientes";Comparación individual pendiente
TOTAL PISTOLA CLAVADORA CONCRETO 20V TCNLI9008;164504;108100.0;69344.0;38756.0;35.85;221;"Costo base documentado; transporte y comisiones pendientes";Comparación individual pendiente
WADFOW CAJA DE ALMACENAMIENTO WTB8330;488891;41800.0;26792.0;15008.0;35.9;36;"Costo base documentado; transporte y comisiones pendientes";Comparación individual pendiente
TOTAL ALICATE DE CABLE DE RED THCPC0506;436038;8800.0;5674.0;3126.0;35.52;187;"Costo base documentado; transporte y comisiones pendientes";Comparación individual pendiente
TOTAL LLAVE DE CAÑO THT272146 14'';456906;12800.0;8195.0;4605.0;35.98;150;"Costo base documentado; transporte y comisiones pendientes";Comparación individual pendiente
TOTAL PISTOLA CALOR UTB1206 2000W SOPRAD;313704;108100.0;69344.0;38756.0;35.85;220;"Costo base documentado; transporte y comisiones pendientes";Comparación individual pendiente
TOTAL KIT DE HERRAMIENTAS THKTHP21476 147PCS;444125;41800.0;26792.0;15008.0;35.9;35;"Costo base documentado; transporte y comisiones pendientes";Comparación individual pendiente
TOTAL ALISADOR A GASOLINA MOTOR HONDA 5.5HP TP9361-1;381376;2308800.0;1480658.0;828142.0;35.87;99;"Costo base documentado; transporte y comisiones pendientes";Comparación individual pendiente
WADFOW CARGADOR DE BATERIA 6/12V WPY15041;538800;48800.0;31265.0;17535.0;35.93;80;"Costo base documentado; transporte y comisiones pendientes";Comparación individual pendiente
TOTAL JUEGO DESTORNILLADOR Y PUNTAS DE PRECISIÓN 45PCS TACSD30;529389;15300.0;9806.0;5494.0;35.91;102;"Costo base documentado; transporte y comisiones pendientes";Comparación individual pendiente
WADFOW MECHAS ESCALONADAS WJD3405 KIT 5PCS;490122;49400.0;31681.0;17719.0;35.87;12;"Costo base documentado; transporte y comisiones pendientes";Comparación individual pendiente
TOTAL JUEGO INDUSTRIAL DE HERRAMIENTAS 20V 5PCS TCKLI2019;501866;17200.0;11032.0;6168.0;35.86;325;"Costo base documentado; transporte y comisiones pendientes";Comparación individual pendiente
TOTAL BOMBA DE AGUA PERIFÉRICA 1.0HP 8M 750W TWP17506;579858;171600.0;110049.0;61551.0;35.87;196;"Costo base documentado; transporte y comisiones pendientes";Comparación individual pendiente
WADFOW CAJA DE HERRAMIENTAS CON 7 GAVETAS WCS2A07;489485;27000.0;17336.0;9664.0;35.79;37;"Costo base documentado; transporte y comisiones pendientes";Comparación individual pendiente
WADFOW JUEGO DE HERRAMIENTAS NEUMÁTICAS 5PCS WAX1505;506144;31900.0;20488.0;11412.0;35.77;98;"Costo base documentado; transporte y comisiones pendientes";Comparación individual pendiente
WADFOW CONECTORES TUBULARES PARA CRIMPADO WTT2B01 575PCS;542296;17200.0;11032.0;6168.0;35.86;337;"Costo base documentado; transporte y comisiones pendientes";Comparación individual pendiente
TOTAL ALICATE PARA JUNTAS DESLIZANTES THT118102;340250;8100.0;5169.0;2931.0;36.19;104;"Costo base documentado; transporte y comisiones pendientes";Comparación individual pendiente
TOTAL LLAVE DE IMPACTO TIWLI2085 1/2 850NM 2B BL;509442;8800.0;5674.0;3126.0;35.52;69;"Costo base documentado; transporte y comisiones pendientes";Comparación individual pendiente
TOTAL COMPRESOR DE AIRE 20V PANTALLA DIGITAL TACLI2012 160PSI;529259;107900.0;69199.0;38701.0;35.87;94;"Costo base documentado; transporte y comisiones pendientes";Comparación individual pendiente
WADFOW SOLDADOR DE TUBOS 20V WWM20182;126014;158600.0;101712.0;56888.0;35.87;270;"Costo base documentado; transporte y comisiones pendientes";Comparación individual pendiente
WADFOW PROTECTOR ESQUINA ESTACIONAMIENTO 80CM WYJ5A06;489539;15600.0;10004.0;5596.0;35.87;311;"Costo base documentado; transporte y comisiones pendientes";Comparación individual pendiente
TOTAL LLAVE DE IMPACTO 20V SIN ESCOBILLAS 1/2 500NM TIWLI2050;487368;8800.0;5674.0;3126.0;35.52;70;"Costo base documentado; transporte y comisiones pendientes";Comparación individual pendiente
TOTAL TALADRO 550W 10MM TD55108;789;63900.0;40976.0;22924.0;35.87;283;"Costo base documentado; transporte y comisiones pendientes";Comparación individual pendiente
TOTAL MANDRIL TAC451601 5/8 16MM;239868;15600.0;10004.0;5596.0;35.87;288;"Costo base documentado; transporte y comisiones pendientes";Comparación individual pendiente
TOTAL CORTA CABLES 24'' THT115242;456289;36400.0;23344.0;13056.0;35.87;101;"Costo base documentado; transporte y comisiones pendientes";Comparación individual pendiente
"WADFOW ALICATE DE PRESION 12"" WLP1212";16544;13000.0;8321.0;4679.0;35.99;174;"Costo base documentado; transporte y comisiones pendientes";Comparación individual pendiente
TOTAL CUCHILLA PARA CORTA PASTO TGTBCB95;446266;14300.0;9172.0;5128.0;35.86;302;"Costo base documentado; transporte y comisiones pendientes";Comparación individual pendiente
WADFOW JUEGO DE GRAPADORA 3PCS WGU2403;542999;16400.0;10506.0;5894.0;35.94;310;"Costo base documentado; transporte y comisiones pendientes";Comparación individual pendiente
TOTAL LIJADORA DE PARED TDWS7501 750W;415149;108100.0;69344.0;38756.0;35.85;219;"Costo base documentado; transporte y comisiones pendientes";Comparación individual pendiente
TOTAL HACHA THT798016 1000G;456203;19500.0;12507.0;6993.0;35.86;109;"Costo base documentado; transporte y comisiones pendientes";Comparación individual pendiente
TOTAL NIVEL LASER + MEDIDOR DE DISTANCIA TOSLL0502;584760;156000.0;100029.0;55971.0;35.88;227;"Costo base documentado; transporte y comisiones pendientes";Comparación individual pendiente
TOTAL SARGENTO F THT1320801 80X300;367714;13000.0;8321.0;4679.0;35.99;116;"Costo base documentado; transporte y comisiones pendientes";Comparación individual pendiente
TOTAL HIDROLAVADORA 2000W 2320PSI UTGT11376;528979;288600.0;185082.0;103518.0;35.87;197;"Costo base documentado; transporte y comisiones pendientes";Comparación individual pendiente
WADFOW KIT DE DADOS WST3D14 14PCS;543101;18200.0;11672.0;6528.0;35.87;128;"Costo base documentado; transporte y comisiones pendientes";Comparación individual pendiente
DEAR BODY CREAM 200GR ROYAL AMBER;;18200.0;;;;;Sin costo de compra documentado en este PDF;Comparación individual pendiente
TOTAL PULVERIZADOR A BATERÍA 20V 16L TSPLI2016;584944;33400.0;21434.0;11966.0;35.83;85;"Costo base documentado; transporte y comisiones pendientes";Comparación individual pendiente
TOTAL DETECTOR DE GASES COMBUSTIBLES TETGA031;532426;104000.0;66696.0;37304.0;35.87;225;"Costo base documentado; transporte y comisiones pendientes";Comparación individual pendiente
TOTAL KIT FERRAMENTA THKTAC011182 118PCS;455350;17200.0;11032.0;6168.0;35.86;330;"Costo base documentado; transporte y comisiones pendientes";Comparación individual pendiente
"WADFOW ALICATE COMBINADO 8"" WPL1718";542739;9100.0;5838.0;3262.0;35.85;177;"Costo base documentado; transporte y comisiones pendientes";Comparación individual pendiente
TOTAL JUEGO DE DESTORNILLADORES 6 EN 1 THT2506076;122405;15700.0;10086.0;5614.0;35.76;145;"Costo base documentado; transporte y comisiones pendientes";Comparación individual pendiente
WADFOW AMOLADORA ANGULAR 710W WAG15761 220V;461801;67600.0;43353.0;24247.0;35.87;43;"Costo base documentado; transporte y comisiones pendientes";Comparación individual pendiente
TOTAL JUEGO DE ALICATES 2PCS DE ACCION COMPUESTA THT2CK221S;206723;21400.0;13755.0;7645.0;35.72;171;"Costo base documentado; transporte y comisiones pendientes";Comparación individual pendiente
TOTAL BOTAS DE LLUVIA TSP303L.40;456661;16300.0;10421.0;5879.0;36.07;245;"Costo base documentado; transporte y comisiones pendientes";Comparación individual pendiente
TOTAL CINCEL PLANO SDS HEX TAC1531301 30X410MM HEX;436441;37700.0;24179.0;13521.0;35.86;160;"Costo base documentado; transporte y comisiones pendientes";Comparación individual pendiente
WADFOW GRIFO PARA COCINA WZD1522;469746;40000.0;25679.0;14321.0;35.8;92;"Costo base documentado; transporte y comisiones pendientes";Comparación individual pendiente
TOTAL COMBO 3PCS TALADRO + NIVEL LASER + MEDIDOR DE DISTANCIA;612227;368600.0;236400.0;132200.0;35.87;278;"Costo base documentado; transporte y comisiones pendientes";Comparación individual pendiente
WADFOW CANDADO 20MM WPD1420;463225;3900.0;2503.0;1397.0;35.82;90;"Costo base documentado; transporte y comisiones pendientes";Comparación individual pendiente
MEDICUBE TXA NIACINAMIDE CAPSULE CREAM 5% 55G;;38400.0;;;;;Sin costo de compra documentado en este PDF;Comparación individual pendiente
TOTAL LIJADORA TF1301826 320W;350884;108100.0;69344.0;38756.0;35.85;220;"Costo base documentado; transporte y comisiones pendientes";Comparación individual pendiente
"WADFOW ALICATE COMBINADO 180MM WPL1907 7""";462242;8400.0;5418.0;2982.0;35.5;177;"Costo base documentado; transporte y comisiones pendientes";Comparación individual pendiente
TOTAL JUEGO DE LLAVES HEXAGONALES/ TORX 18PCS THT106KT0181;366601;18800.0;12088.0;6712.0;35.7;109;"Costo base documentado; transporte y comisiones pendientes";Comparación individual pendiente
"WADFOW CINCEL 12"" 25X18X300MM WCC1302";462723;12800.0;8195.0;4605.0;35.98;169;"Costo base documentado; transporte y comisiones pendientes";Comparación individual pendiente
TOTAL PULIDOR 16V 76MM TAPLI1676;564977;156000.0;100029.0;55971.0;35.88;41;"Costo base documentado; transporte y comisiones pendientes";Comparación individual pendiente
TOTAL MOTOSIERRA 20V 6'' UTGSLI20662;93132;46700.0;29944.0;16756.0;35.88;210;"Costo base documentado; transporte y comisiones pendientes";Comparación individual pendiente
TOTAL CAPA DE LLUVIA THTRS031.M;341035;29900.0;19177.0;10723.0;35.86;238;"Costo base documentado; transporte y comisiones pendientes";Comparación individual pendiente
TOTAL PUNTAS PARA LLAVE DE IMPACTO 9PCS TACSD3091;340069;8800.0;5674.0;3126.0;35.52;71;"Costo base documentado; transporte y comisiones pendientes";Comparación individual pendiente
TOTAL ATORNILLADOR 20V TIDLI200215;442831;137600.0;88256.0;49344.0;35.86;65;"Costo base documentado; transporte y comisiones pendientes";Comparación individual pendiente
WADFOW SOPLADOR INALÁMBRICO 20V WBLP520;506045;186800.0;119776.0;67024.0;35.88;204;"Costo base documentado; transporte y comisiones pendientes";Comparación individual pendiente
WADFOW ATORNILLADOR DE IMPACTO 210NM 20V WCD2B21;44660;137600.0;88256.0;49344.0;35.86;74;"Costo base documentado; transporte y comisiones pendientes";Comparación individual pendiente
TOTAL MARTILLO DE LAPIDACIÓN THSTH62000 2000G;340137;20200.0;12923.0;7277.0;36.02;274;"Costo base documentado; transporte y comisiones pendientes";Comparación individual pendiente
WADFOW MARTILLO DE GARRA 450G WHM8316;538466;10800.0;6934.0;3866.0;35.8;170;"Costo base documentado; transporte y comisiones pendientes";Comparación individual pendiente
WADFOW ELEVADOR TIJERA PALETERA MANUAL 1000KG WNH5R10;501170;1716000.0;1100489.0;615511.0;35.87;176;"Costo base documentado; transporte y comisiones pendientes";Comparación individual pendiente
WADFOW CAJA DE HERRAMIENTAS METAL Y PLÁSTICO CON RUEDAS WTB6A7;505840;108100.0;69344.0;38756.0;35.85;36;"Costo base documentado; transporte y comisiones pendientes";Comparación individual pendiente
TOTAL TALADRO 20V 55NM TDLI205581;527347;63700.0;40853.0;22847.0;35.87;276;"Costo base documentado; transporte y comisiones pendientes";Comparación individual pendiente
TOTAL PANTALONES DE TRABAJO TSP6022.XXXL;228725;50700.0;32516.0;18184.0;35.87;240;"Costo base documentado; transporte y comisiones pendientes";Comparación individual pendiente
"WADFOW ALICATE CORTE DE EXTREMOS 7"" WPL8C07";538381;7800.0;5002.0;2798.0;35.87;178;"Costo base documentado; transporte y comisiones pendientes";Comparación individual pendiente
WADFOW CORTADOR DE PISO 1200MM WTR8512;32162;12300.0;7880.0;4420.0;35.93;193;"Costo base documentado; transporte y comisiones pendientes";Comparación individual pendiente
TOTAL CORTADOR DE PISO THT578004 800MM;351102;13800.0;8826.0;4974.0;36.04;140;"Costo base documentado; transporte y comisiones pendientes";Comparación individual pendiente
"WADFOW JUEGO DE CAJAS DE PLÁSTICO 4PCS WTB2104 13/16/19/24""";537711;17200.0;11032.0;6168.0;35.86;334;"Costo base documentado; transporte y comisiones pendientes";Comparación individual pendiente
"WADFOW DADOS DE IMPACTO 14PCS 1/2"" CR-V WMS4D02";122399;157300.0;100864.0;56436.0;35.88;75;"Costo base documentado; transporte y comisiones pendientes";Comparación individual pendiente
TOTAL CANDADO PARA BICICLETA 15X1200MM TBK11512;536684;15300.0;9837.0;5463.0;35.71;87;"Costo base documentado; transporte y comisiones pendientes";Comparación individual pendiente
WADFOW KIT LLAVE COMBINADA WSP4207 7PCS;460712;5900.0;3782.0;2118.0;35.9;158;"Costo base documentado; transporte y comisiones pendientes";Comparación individual pendiente
"TOTAL TIJERA 8"" THSCRS812108";570176;12300.0;7880.0;4420.0;35.93;189;"Costo base documentado; transporte y comisiones pendientes";Comparación individual pendiente
WADFOW LLAVE DE IMPACTO 20V UWCD1B128 2B 5AH;542357;8800.0;5674.0;3126.0;35.52;75;"Costo base documentado; transporte y comisiones pendientes";Comparación individual pendiente
TOTAL MÁQUINA DE SOLDAR MMA 130A TW213059;576642;206400.0;132384.0;74016.0;35.86;272;"Costo base documentado; transporte y comisiones pendientes";Comparación individual pendiente
WADFOW LLAVE AJUSTABLE WAW2208 0-30MM;460798;10900.0;6969.0;3931.0;36.06;129;"Costo base documentado; transporte y comisiones pendientes";Comparación individual pendiente
TOTAL COMBO 6PCS 42V TOSLI260496;609609;319500.0;204880.0;114620.0;35.87;326;"Costo base documentado; transporte y comisiones pendientes";Comparación individual pendiente
WADFOW JUEGO DE DESTORNILLADORES 2PCS 300MM WSS1402;538299;15700.0;10086.0;5614.0;35.76;156;"Costo base documentado; transporte y comisiones pendientes";Comparación individual pendiente
WADFOW MANGERA PLANA 100M WPFH0210;528788;171600.0;110049.0;61551.0;35.87;319;"Costo base documentado; transporte y comisiones pendientes";Comparación individual pendiente
TOTAL MECHA KIT TAC190501 5PCS MARTILLO PERCUTOR;346054;13000.0;8321.0;4679.0;35.99;160;"Costo base documentado; transporte y comisiones pendientes";Comparación individual pendiente
TOTAL GATO HIDRÁULICO 3 TONELADAS THT108313;529402;13800.0;8826.0;4974.0;36.04;135;"Costo base documentado; transporte y comisiones pendientes";Comparación individual pendiente
"WADFOW KIT LIMA DE HIERRO 8"" WSF2405";538527;26000.0;16658.0;9342.0;35.93;319;"Costo base documentado; transporte y comisiones pendientes";Comparación individual pendiente
WADFOW CORTA CESPED 350W WXM3502;528825;46700.0;29944.0;16756.0;35.88;210;"Costo base documentado; transporte y comisiones pendientes";Comparación individual pendiente
"TOTAL ALICATE CORTE PLÁSTICO 5"" THT230512";456296;6500.0;4170.0;2330.0;35.85;103;"Costo base documentado; transporte y comisiones pendientes";Comparación individual pendiente
TOTAL MARTILLO DE GOMA THT761636 16OZ;456197;13600.0;8722.0;4878.0;35.87;114;"Costo base documentado; transporte y comisiones pendientes";Comparación individual pendiente
WADFOW GRIFO DE COCINA WZD1515;469722;34300.0;22010.0;12290.0;35.83;91;"Costo base documentado; transporte y comisiones pendientes";Comparación individual pendiente
TOTAL LLAVE DE IMPACTO 20V 405NM TIWLI20455;116534;8800.0;5674.0;3126.0;35.52;70;"Costo base documentado; transporte y comisiones pendientes";Comparación individual pendiente
TOTAL SIERRA DE CINTA DE IONES DE LITIO 20V TBSLI20127;486910;137600.0;88256.0;49344.0;35.86;260;"Costo base documentado; transporte y comisiones pendientes";Comparación individual pendiente
TOTAL CAPA DE LLUVIA THTRC031.XL;27236;27300.0;17509.0;9791.0;35.86;238;"Costo base documentado; transporte y comisiones pendientes";Comparación individual pendiente
WADFOW TALADRO PERCUTOR ATORNILLADOR WCDP521 20V IMP 1.5AH;489126;93400.0;59888.0;33512.0;35.88;77;"Costo base documentado; transporte y comisiones pendientes";Comparación individual pendiente
TOTAL PISTOLA DE CALOR TBLI2002 20V;486125;106200.0;68083.0;38117.0;35.89;217;"Costo base documentado; transporte y comisiones pendientes";Comparación individual pendiente
WADFOW JUEGO DE FRESAS PARA MADERA 35PCS 8MM WRG2P08;86899;100100.0;64197.0;35903.0;35.87;216;"Costo base documentado; transporte y comisiones pendientes";Comparación individual pendiente
TOTAL ROTOMARTILLO 20V TRHLI202885;529204;235900.0;151296.0;84604.0;35.86;278;"Costo base documentado; transporte y comisiones pendientes";Comparación individual pendiente
WADFOW ASPIRADORA 35LT 1100W SECO-HUMEDO WVR4A35;225809;137600.0;88256.0;49344.0;35.86;204;"Costo base documentado; transporte y comisiones pendientes";Comparación individual pendiente
TOTAL KIT LLAVE FENDA THGSS2606;436656;8800.0;5674.0;3126.0;35.52;149;"Costo base documentado; transporte y comisiones pendientes";Comparación individual pendiente
TOTAL PULVERIZADOR 5L THSPP30502;531672;29300.0;18758.0;10542.0;35.98;206;"Costo base documentado; transporte y comisiones pendientes";Comparación individual pendiente
TOTAL TALADRO DE IMPACTO INALÁMBRICO SIN ESCOBILLAS 16V 60NM T;553674;63900.0;40976.0;22924.0;35.87;72;"Costo base documentado; transporte y comisiones pendientes";Comparación individual pendiente
TOTAL TECLE DE CADENA 2TON 3M THT1621;367899;59000.0;37824.0;21176.0;35.89;223;"Costo base documentado; transporte y comisiones pendientes";Comparación individual pendiente
TOTAL RECTIFICADOR 20V TMGLI2001;486897;104000.0;66696.0;37304.0;35.87;42;"Costo base documentado; transporte y comisiones pendientes";Comparación individual pendiente
WADFOW MÁSCARA DE SOLDAR CON OSCURECIMIENTO AUTOMÁTICO WWH2501;496056;34400.0;22092.0;12308.0;35.78;270;"Costo base documentado; transporte y comisiones pendientes";Comparación individual pendiente
"WADFOW ALICATE PICO T. 8"" WPL4C08";462297;11800.0;7565.0;4235.0;35.89;193;"Costo base documentado; transporte y comisiones pendientes";Comparación individual pendiente
TOTAL HIDROLAVADORA TGT11316 1400W 1900PSI;560702;200200.0;128390.0;71810.0;35.87;197;"Costo base documentado; transporte y comisiones pendientes";Comparación individual pendiente
TOTAL LLAVE DE CARRACA THT106386 3/8 205MM;465472;19500.0;12507.0;6993.0;35.86;113;"Costo base documentado; transporte y comisiones pendientes";Comparación individual pendiente
WADFOW CAJA DE HERRAMIENTA METÁLICA CON CÁJON WTB8A22;488976;41800.0;26792.0;15008.0;35.9;37;"Costo base documentado; transporte y comisiones pendientes";Comparación individual pendiente
TOTAL ROTOMARTILLO 20V 22MM TRHLI22208;615273;235900.0;151296.0;84604.0;35.86;282;"Costo base documentado; transporte y comisiones pendientes";Comparación individual pendiente
MEDICUBE ZERO PORE ONE DAY CREAM 50ML;;39000.0;;;;;Sin costo de compra documentado en este PDF;Comparación individual pendiente
TOTAL AMOLADORA 20V MOTOR BRUSHLESS 900W TAGLI261522;54515;228800.0;146732.0;82068.0;35.87;40;"Costo base documentado; transporte y comisiones pendientes";Comparación individual pendiente
TOTAL ASPIRADOR 20V TVLI201582 2BAT 2AH;611961;186800.0;119776.0;67024.0;35.88;199;"Costo base documentado; transporte y comisiones pendientes";Comparación individual pendiente
TOTAL DADOS HEXAGONALES 3/4 38MM THHAST34381;553544;11700.0;7505.0;4195.0;35.85;108;"Costo base documentado; transporte y comisiones pendientes";Comparación individual pendiente
WADFOW PULIDORA INALÁMBRICA 20V WHL2B15;579995;143000.0;91707.0;51293.0;35.87;43;"Costo base documentado; transporte y comisiones pendientes";Comparación individual pendiente
TOTAL KIT DE DESTORNILLADOR AISLADOS THTIS5106 10PCS;436663;5400.0;3467.0;1933.0;35.8;147;"Costo base documentado; transporte y comisiones pendientes";Comparación individual pendiente
TOTAL COMBO 3PCS TALADRO + AMOLADORA + MARTILLO ROTATIVO 20V T;584173;368600.0;236400.0;132200.0;35.87;279;"Costo base documentado; transporte y comisiones pendientes";Comparación individual pendiente
TOTAL JARDIN THPS13601;417563;22200.0;14222.0;7978.0;35.94;304;"Costo base documentado; transporte y comisiones pendientes";Comparación individual pendiente
TOTAL ATORNILLADOR 18V UTIDLI228180 2BT IMPACTO;366540;157300.0;100864.0;56436.0;35.88;64;"Costo base documentado; transporte y comisiones pendientes";Comparación individual pendiente
WADFOW GRIFO DE COCINA WZD1532;469814;51500.0;33014.0;18486.0;35.9;91;"Costo base documentado; transporte y comisiones pendientes";Comparación individual pendiente
TOTAL PRESURIZADOR UTWPS101 10BAR 10A IP65;443135;27300.0;17509.0;9791.0;35.86;305;"Costo base documentado; transporte y comisiones pendientes";Comparación individual pendiente
WADFOW MARTILLO UÑA MAGNÉTICA 600G WHM8360;2455;20800.0;13339.0;7461.0;35.87;167;"Costo base documentado; transporte y comisiones pendientes";Comparación individual pendiente
TOTAL PERFORADORA DE CUERO THT33526;521185;13000.0;8337.0;4663.0;35.87;274;"Costo base documentado; transporte y comisiones pendientes";Comparación individual pendiente
"TOTAL MOTOSIERRA 6"" 20V TGSLI20686";446532;46700.0;29944.0;16756.0;35.88;210;"Costo base documentado; transporte y comisiones pendientes";Comparación individual pendiente
TOTAL LLAVE DE FENDA THTIS6150 ISOLADO;340496;4800.0;3086.0;1714.0;35.71;113;"Costo base documentado; transporte y comisiones pendientes";Comparación individual pendiente
TOTAL CORTADOR DE AZULEJOS THT571001 1000MM;521376;234000.0;150051.0;83949.0;35.88;106;"Costo base documentado; transporte y comisiones pendientes";Comparación individual pendiente
TOTAL ATORNILLADOR 20V UTIDLI2002;442855;286000.0;183415.0;102585.0;35.87;65;"Costo base documentado; transporte y comisiones pendientes";Comparación individual pendiente
TOTAL TALADRO PERCUTOR 12V +BROCAS TOSLI240467;512664;319500.0;204880.0;114620.0;35.87;284;"Costo base documentado; transporte y comisiones pendientes";Comparación individual pendiente
TOTAL JUEGO DE MECHAS PARA METAL 6PCS TACSD0065;346160;15700.0;10086.0;5614.0;35.76;12;"Costo base documentado; transporte y comisiones pendientes";Comparación individual pendiente
WADFOW SIERRA CORTA CERAMICA 20V WUU1501;489164;156000.0;100029.0;55971.0;35.88;256;"Costo base documentado; transporte y comisiones pendientes";Comparación individual pendiente
TOTAL COMBO 3PCS TALADRO +ATORNILLADOR+SOPLADOR TOSLI250182;553186;368600.0;236400.0;132200.0;35.87;60;"Costo base documentado; transporte y comisiones pendientes";Comparación individual pendiente
TOTAL CORTA G.LINEA TGTLS251 2.0MM 5M;381284;13000.0;8337.0;4663.0;35.87;302;"Costo base documentado; transporte y comisiones pendientes";Comparación individual pendiente
TOTAL SOPLADOR ASPIRADORA TABLI2001 LI-ION;380935;137600.0;88256.0;49344.0;35.86;203;"Costo base documentado; transporte y comisiones pendientes";Comparación individual pendiente
WADFOW PISTOLA DE ESPUMA 320MM WFPQ1304;543293;12700.0;8138.0;4562.0;35.92;321;"Costo base documentado; transporte y comisiones pendientes";Comparación individual pendiente
TOTAL CANDADO TLK3220 20MM 237.5G;341806;8800.0;5674.0;3126.0;35.52;93;"Costo base documentado; transporte y comisiones pendientes";Comparación individual pendiente
"TOTAL MOTOSIERRA 20V 6"" TGSLI20662";553605;46700.0;29944.0;16756.0;35.88;209;"Costo base documentado; transporte y comisiones pendientes";Comparación individual pendiente
WADFOW LLAVE COMBINADAS CON RACHET 19MM WSA5119;201261;7800.0;5002.0;2798.0;35.87;130;"Costo base documentado; transporte y comisiones pendientes";Comparación individual pendiente
TOTAL COMPRESOR DE AIRE TACLI2002 160PSI LION;380959;221200.0;141840.0;79360.0;35.88;97;"Costo base documentado; transporte y comisiones pendientes";Comparación individual pendiente
TOTAL JUEGO DE LLAVES DE CARRACAS CORTAS Y FLEXIBLES 7PCS THT1;612555;31900.0;20488.0;11412.0;35.77;146;"Costo base documentado; transporte y comisiones pendientes";Comparación individual pendiente
WADFOW HIDROLAVADORA 20V WQX11203;228657;157300.0;100864.0;56436.0;35.88;204;"Costo base documentado; transporte y comisiones pendientes";Comparación individual pendiente
TOTAL MARTILLO ROTATIVO 1500W TH1153216 SDS PLUS;367943;270300.0;173360.0;96940.0;35.86;281;"Costo base documentado; transporte y comisiones pendientes";Comparación individual pendiente
WADFOW JUEGO DE TIJERAS DE PODAR 3PCS WPR3E03;543316;29800.0;19092.0;10708.0;35.93;183;"Costo base documentado; transporte y comisiones pendientes";Comparación individual pendiente
WADFOW LLAVE PARA MANGUERA CROMADA ENTRADA 1/2'' WVB2812;470582;11100.0;7086.0;4014.0;36.16;131;"Costo base documentado; transporte y comisiones pendientes";Comparación individual pendiente
MEDICUBE HYALURONIC MULTI PEPTIDE SERUM 30ML;;35100.0;;;;;Sin costo de compra documentado en este PDF;Comparación individual pendiente
"TOTAL MOTOSIERRA 20V 5"" TGSLI20581";486804;46700.0;29944.0;16756.0;35.88;208;"Costo base documentado; transporte y comisiones pendientes";Comparación individual pendiente
TOTAL LÁMPARA DE TRABAJO 20V 22.5W TWLI20881;564953;17200.0;11032.0;6168.0;35.86;86;"Costo base documentado; transporte y comisiones pendientes";Comparación individual pendiente
TOTAL ALICATE CIRCLIP THTJ21804 7' 1.8MM;465359;14300.0;9172.0;5128.0;35.86;171;"Costo base documentado; transporte y comisiones pendientes";Comparación individual pendiente
TOTAL ATORNILLADOR 45 NM 20V TDLI200515;486699;93400.0;59888.0;33512.0;35.88;65;"Costo base documentado; transporte y comisiones pendientes";Comparación individual pendiente
TOTAL GENERADOR A GASOLINA TP1150006 12KW;486347;884700.0;567360.0;317340.0;35.87;99;"Costo base documentado; transporte y comisiones pendientes";Comparación individual pendiente
TOTAL LLAVE DE FENDA THT21356 5X75MM;340328;8800.0;5674.0;3126.0;35.52;150;"Costo base documentado; transporte y comisiones pendientes";Comparación individual pendiente
TOTAL BOTAS DE LLUVIA TSP302LAB.44;554121;59000.0;37824.0;21176.0;35.89;244;"Costo base documentado; transporte y comisiones pendientes";Comparación individual pendiente
WADFOW MARTILLO DE GOMA 660G WHM7306;460637;7800.0;5002.0;2798.0;35.87;165;"Costo base documentado; transporte y comisiones pendientes";Comparación individual pendiente
TOTAL ACCESORIOS PARA PISTOLA CALOR 10PCS TBA1011;51026;18200.0;11672.0;6528.0;35.87;212;"Costo base documentado; transporte y comisiones pendientes";Comparación individual pendiente
TOTAL SIERRA CALADORA TS2081006 800W;367455;118000.0;75648.0;42352.0;35.89;262;"Costo base documentado; transporte y comisiones pendientes";Comparación individual pendiente
TOTAL COMBO HERRAMIENTAS 3PCS TOSLI250281;529310;368600.0;236400.0;132200.0;35.87;327;"Costo base documentado; transporte y comisiones pendientes";Comparación individual pendiente
TOTAL ALICATE CORTE DIAGONAL THT130606P;368032;6500.0;4170.0;2330.0;35.85;103;"Costo base documentado; transporte y comisiones pendientes";Comparación individual pendiente
TOTAL BARRA DE EXTENSIÓN 3PCS 1/2 THISEB12031;18494;18800.0;12088.0;6712.0;35.7;301;"Costo base documentado; transporte y comisiones pendientes";Comparación individual pendiente
TOTAL BOTAS DE LLUVIA TSP302S1P.42;415569;59000.0;37824.0;21176.0;35.89;245;"Costo base documentado; transporte y comisiones pendientes";Comparación individual pendiente
TOTAL ROTOMARTILLO SDS PLUS UTH110286 1050W;350822;206400.0;132384.0;74016.0;35.86;283;"Costo base documentado; transporte y comisiones pendientes";Comparación individual pendiente
WADFOW BOTAS DE LLUVIA 39 WRB1L39;470780;18800.0;12088.0;6712.0;35.7;241;"Costo base documentado; transporte y comisiones pendientes";Comparación individual pendiente
WADFOW NIVEL DE BURBUJA 150CM WSL1G150;462969;30900.0;19842.0;11058.0;35.79;229;"Costo base documentado; transporte y comisiones pendientes";Comparación individual pendiente
WADFOW ALICATE CORTACABLE MULTIUSOS 3 EN 1 WPL5778;613880;13000.0;8321.0;4679.0;35.99;178;"Costo base documentado; transporte y comisiones pendientes";Comparación individual pendiente
WADFOW MARTILLO UÑA ACERO FORJADO MANGO ANTISHOCK 560G WHM8320;2288;18800.0;12088.0;6712.0;35.7;167;"Costo base documentado; transporte y comisiones pendientes";Comparación individual pendiente
TOTAL BOTAS SEGURIDAD TSP202SB.43;417396;57200.0;36683.0;20517.0;35.87;247;"Costo base documentado; transporte y comisiones pendientes";Comparación individual pendiente
TOTAL CINTA LÁSER TMT56016 60 METROS;416009;31900.0;20488.0;11412.0;35.77;230;"Costo base documentado; transporte y comisiones pendientes";Comparación individual pendiente
"WADFOW ALICATE CORTE DIAGONAL 7"" WPL3C07";462280;9100.0;5838.0;3262.0;35.85;178;"Costo base documentado; transporte y comisiones pendientes";Comparación individual pendiente
WADFOW CABALLETE 2PCS 2 TONELADAS WHJS0201;580151;17200.0;11032.0;6168.0;35.86;337;"Costo base documentado; transporte y comisiones pendientes";Comparación individual pendiente
TOTAL SIERRA DE PODA 16'' THT551662D;456395;13600.0;8722.0;4878.0;35.87;254;"Costo base documentado; transporte y comisiones pendientes";Comparación individual pendiente
TOTAL MULTÍMETRO DIGITAL 600V TMT5310002;526166;75400.0;48355.0;27045.0;35.87;226;"Costo base documentado; transporte y comisiones pendientes";Comparación individual pendiente
TOTAL MULTÍMETRO DIGITAL 600V TMT536002;521413;31900.0;20488.0;11412.0;35.77;230;"Costo base documentado; transporte y comisiones pendientes";Comparación individual pendiente
TOTAL CORTACÉSPED 1200W TGT612131;490870;17200.0;11032.0;6168.0;35.86;324;"Costo base documentado; transporte y comisiones pendientes";Comparación individual pendiente
TOTAL MEZCLADOR 20V TMXLI2001;486187;17200.0;11032.0;6168.0;35.86;325;"Costo base documentado; transporte y comisiones pendientes";Comparación individual pendiente
TOTAL ATORNILLADOR DE IMPACTO 1/4 MOTOR SIN ESCOBILLAS 20V TIR;397230;167100.0;107168.0;59932.0;35.87;66;"Costo base documentado; transporte y comisiones pendientes";Comparación individual pendiente
WADFOW SOPORTE PARA AMOLADORA 180 A 230MM WASC1530;542937;67600.0;43353.0;24247.0;35.87;43;"Costo base documentado; transporte y comisiones pendientes";Comparación individual pendiente
WADFOW CARGADOR DE BATERÍA 12/24V WBY1A151;545860;31900.0;20488.0;11412.0;35.77;85;"Costo base documentado; transporte y comisiones pendientes";Comparación individual pendiente
WADFOW SOPLADOR 16V WBLP16182;542364;126100.0;80871.0;45229.0;35.87;198;"Costo base documentado; transporte y comisiones pendientes";Comparación individual pendiente
TOTAL BATERIA TOBP1203 12V;239936;22100.0;14184.0;7916.0;35.82;83;"Costo base documentado; transporte y comisiones pendientes";Comparación individual pendiente
TOTAL LLAVE DINAMOMÉTRICA 10-60 NM THPTW3860N6;597951;78000.0;50006.0;27994.0;35.89;102;"Costo base documentado; transporte y comisiones pendientes";Comparación individual pendiente
TOTAL MARTILLO TH215456 1700W HEX 16KG;366557;520000.0;333466.0;186534.0;35.87;275;"Costo base documentado; transporte y comisiones pendientes";Comparación individual pendiente
TOTAL LLAVE DE IMPACTO 20V TIWLI2038 MOTOR BRUSHLESS;487832;8800.0;5674.0;3126.0;35.52;70;"Costo base documentado; transporte y comisiones pendientes";Comparación individual pendiente
TOTAL ATORNILLADOR 18V UTDLI228180 LITHUM 2BAT;312011;157300.0;100864.0;56436.0;35.88;62;"Costo base documentado; transporte y comisiones pendientes";Comparación individual pendiente
TOTAL CINTA ELÁSTICA PARA ATAR THTPTM1251T;486682;12700.0;8170.0;4530.0;35.67;287;"Costo base documentado; transporte y comisiones pendientes";Comparación individual pendiente
"TOTAL ALICATE DE PUNTA LARGA 50% 160MM 6"" THT221608S";612340;8800.0;5674.0;3126.0;35.52;134;"Costo base documentado; transporte y comisiones pendientes";Comparación individual pendiente
TOTAL MARTILLO ROMPEDOR 1400W TH214008 7KG;612296;10800.0;6934.0;3866.0;35.8;281;"Costo base documentado; transporte y comisiones pendientes";Comparación individual pendiente
TOTAL BOMBA DE AGUA TWP55501 0.75HP 550W 64M;536462;387400.0;248444.0;138956.0;35.87;195;"Costo base documentado; transporte y comisiones pendientes";Comparación individual pendiente
TOTAL ASPIRADORA 20V TVLI20126;527453;78600.0;50432.0;28168.0;35.84;200;"Costo base documentado; transporte y comisiones pendientes";Comparación individual pendiente
TOTAL TALADRO 110V UTD204101 450W;173346;41600.0;26663.0;14937.0;35.91;276;"Costo base documentado; transporte y comisiones pendientes";Comparación individual pendiente
WADFOW JUEGO DE PUNZONES Y CINCELES FRIO 5PCS WCC8395;488662;19500.0;12507.0;6993.0;35.86;310;"Costo base documentado; transporte y comisiones pendientes";Comparación individual pendiente
TOTAL MARTILLO DE BORACHA THT77406 PLASTICO;341745;12400.0;7921.0;4479.0;36.12;114;"Costo base documentado; transporte y comisiones pendientes";Comparación individual pendiente
WADFOW ACCESORIOS PARA RECTIFICADOR 4PCS/SET WRR8001;543606;16900.0;10840.0;6060.0;35.86;42;"Costo base documentado; transporte y comisiones pendientes";Comparación individual pendiente
TOTAL PISTOLA CLAVADORA BRAD TCBNLI3603 10-35 S/B;518697;267800.0;171743.0;96057.0;35.87;214;"Costo base documentado; transporte y comisiones pendientes";Comparación individual pendiente
TOTAL DESTORNILLADOR PHILLIPS PH2X150MM TSDPH2150;341516;5400.0;3467.0;1933.0;35.8;142;"Costo base documentado; transporte y comisiones pendientes";Comparación individual pendiente
TOTAL RECTIFICADOR 130W TG513326 109PCS;471251;67000.0;42937.0;24063.0;35.91;42;"Costo base documentado; transporte y comisiones pendientes";Comparación individual pendiente
TOTAL JUEGO DE HERRAMIENTAS MANUALES 9PCS THKTHP90097;526104;31900.0;20488.0;11412.0;35.77;35;"Costo base documentado; transporte y comisiones pendientes";Comparación individual pendiente
WADFOW PEINADORA DE PASTO A GASOLINA WGM8A16;506229;707200.0;453535.0;253665.0;35.87;320;"Costo base documentado; transporte y comisiones pendientes";Comparación individual pendiente
TOTAL LLAVE DE IMPACTO TIWLI201351 135K S/B;527637;8800.0;5674.0;3126.0;35.52;69;"Costo base documentado; transporte y comisiones pendientes";Comparación individual pendiente
TOTAL GENERADOR INVERSOR 4.0 KW TP547506E;10375;2194400.0;1407292.0;787108.0;35.87;99;"Costo base documentado; transporte y comisiones pendientes";Comparación individual pendiente
TOTAL GENERADOR DIESEL TP250001 5KW;3773;3234400.0;2074256.0;1160144.0;35.87;99;"Costo base documentado; transporte y comisiones pendientes";Comparación individual pendiente
WADFOW TALADRO DE IMPACTO MOTOR SIN ESCOBILLAS WCDP6281 20V 62;538237;167100.0;107168.0;59932.0;35.87;76;"Costo base documentado; transporte y comisiones pendientes";Comparación individual pendiente
WADFOW SOLDADOR ELÉCTRICO WEL1608 80W;461887;206400.0;132384.0;74016.0;35.86;273;"Costo base documentado; transporte y comisiones pendientes";Comparación individual pendiente
"WADFOW EXTRACTOR DE ENGRANAJES 2 MANDÍBULAS 8"" WGP2A08";537346;21400.0;13755.0;7645.0;35.72;317;"Costo base documentado; transporte y comisiones pendientes";Comparación individual pendiente
WADFOW LAMINA PARA REGLA VIBRATORIA 2.40M WSFP1A240;538947;179400.0;115051.0;64349.0;35.87;310;"Costo base documentado; transporte y comisiones pendientes";Comparación individual pendiente
WADFOW LLAVE DE TRINQUETE 1/4 CR-V WRW2J14;59763;10400.0;6670.0;3730.0;35.87;130;"Costo base documentado; transporte y comisiones pendientes";Comparación individual pendiente
TOTAL PORTA ELECTRODOS 500A TWAH5006;381147;206400.0;132384.0;74016.0;35.86;272;"Costo base documentado; transporte y comisiones pendientes";Comparación individual pendiente
TOTAL ROTOMARTILLO 800W SDS PLUS UTH308268;527002;152400.0;97712.0;54688.0;35.88;283;"Costo base documentado; transporte y comisiones pendientes";Comparación individual pendiente
TOTAL CINTA METRICA TMTF13206 20M FIBRA;456647;15100.0;9670.0;5430.0;35.96;225;"Costo base documentado; transporte y comisiones pendientes";Comparación individual pendiente
TOTAL ATORNILLADOR 18V TIDLI228181 LI 2BAT IMP;367387;157300.0;100864.0;56436.0;35.88;64;"Costo base documentado; transporte y comisiones pendientes";Comparación individual pendiente
WADFOW COMBO NIVEL LASER 5 LINEAS + MEDIDOR DE DISTANCIA WLDK3;542227;319500.0;204880.0;114620.0;35.87;235;"Costo base documentado; transporte y comisiones pendientes";Comparación individual pendiente
WADFOW CARRITO DE MANO 150KG WWB1315;528603;80600.0;51690.0;28910.0;35.87;31;"Costo base documentado; transporte y comisiones pendientes";Comparación individual pendiente
TOTAL MARTILLO PERFORADOR MOTOR BRUSHLESS TRHLI20288 20V;486736;10800.0;6934.0;3866.0;35.8;281;"Costo base documentado; transporte y comisiones pendientes";Comparación individual pendiente
TOTAL JUEGO DE DESTORNILLADORES TKSDS2726 27PCS;521178;15700.0;10086.0;5614.0;35.76;136;"Costo base documentado; transporte y comisiones pendientes";Comparación individual pendiente
WADFOW LASER DE NIVEL 360° WLE1M05;461139;137600.0;88256.0;49344.0;35.86;236;"Costo base documentado; transporte y comisiones pendientes";Comparación individual pendiente
TOTAL LIJADORA ROTATIVA CON VELOCIDAD VARIABLE TF2061506 450W;536431;108100.0;69344.0;38756.0;35.85;219;"Costo base documentado; transporte y comisiones pendientes";Comparación individual pendiente
"TOTAL JUEGO DE DADOS DE IMPACTO PROFUNDO 1/2"" 7PCS THKISD12073";201698;35100.0;22512.0;12588.0;35.86;53;"Costo base documentado; transporte y comisiones pendientes";Comparación individual pendiente
TOTAL SET TALADRO 12V TOSLI241197;528054;319500.0;204880.0;114620.0;35.87;71;"Costo base documentado; transporte y comisiones pendientes";Comparación individual pendiente
TOTAL BOMBA AGUA TWP522001 3HP 2200W 180M;381253;172000.0;110320.0;61680.0;35.86;200;"Costo base documentado; transporte y comisiones pendientes";Comparación individual pendiente
TOTAL SOPLADOR 20V TABLI20781;564939;186800.0;119776.0;67024.0;35.88;202;"Costo base documentado; transporte y comisiones pendientes";Comparación individual pendiente
TOTAL ALICATE PELA CABLE THT25616;316255;10400.0;6670.0;3730.0;35.87;104;"Costo base documentado; transporte y comisiones pendientes";Comparación individual pendiente
TOTAL SOLDADOR ELÉCTRICO 100W TET10006;381925;28000.0;17925.0;10075.0;35.98;269;"Costo base documentado; transporte y comisiones pendientes";Comparación individual pendiente
WADFOW TALADRO 12V 20NM WCDS510;538275;71300.0;45704.0;25596.0;35.9;76;"Costo base documentado; transporte y comisiones pendientes";Comparación individual pendiente
TOTAL MARTILLO MULTIFUNCIÓN THMFH0126 12 FUNCIONES;415491;39000.0;25011.0;13989.0;35.87;161;"Costo base documentado; transporte y comisiones pendientes";Comparación individual pendiente
TOTAL BOTAS DE SEGURIDAD TSP207IDSB.43 NEGRO/ROJO;486637;57200.0;36683.0;20517.0;35.87;246;"Costo base documentado; transporte y comisiones pendientes";Comparación individual pendiente
"WADFOW LLAVE PARA TUBO 24"" WPW1124";469258;25400.0;16258.0;9142.0;35.99;132;"Costo base documentado; transporte y comisiones pendientes";Comparación individual pendiente
TOTAL BOTAS DE LLUVIA TSP302L.40;340960;23400.0;15007.0;8393.0;35.87;245;"Costo base documentado; transporte y comisiones pendientes";Comparación individual pendiente
TOTAL PISTOLA CLAVADORA 16V F15-F35 TCBNLI2038;311861;301600.0;193419.0;108181.0;35.87;214;"Costo base documentado; transporte y comisiones pendientes";Comparación individual pendiente
TOTAL ATORNILLADOR 12V TDLI1222 2BT;436236;71300.0;45704.0;25596.0;35.9;63;"Costo base documentado; transporte y comisiones pendientes";Comparación individual pendiente
WADFOW SIERRA COPA DE DIAMANTE 65MM WKJ7665;501460;11700.0;7505.0;4195.0;35.85;258;"Costo base documentado; transporte y comisiones pendientes";Comparación individual pendiente
TOTAL BOTAS DE LLUVIA TSP302LAB.41;512459;59000.0;37824.0;21176.0;35.89;244;"Costo base documentado; transporte y comisiones pendientes";Comparación individual pendiente
"WADFOW ALICATE COMBINADO WPL1936 6"" AISLADO";462303;11700.0;7505.0;4195.0;35.85;177;"Costo base documentado; transporte y comisiones pendientes";Comparación individual pendiente
"TOTAL ARRANCADOR DE ENGRANAJE 2 MORDAZAS 4"" THTGP246";316446;29900.0;19177.0;10723.0;35.86;222;"Costo base documentado; transporte y comisiones pendientes";Comparación individual pendiente
WADFOW AMOLADORA ANGULAR 20V 115MM WLAP5421;185387;152400.0;97712.0;54688.0;35.88;49;"Costo base documentado; transporte y comisiones pendientes";Comparación individual pendiente
TOTAL BOTAS SEGURIDAD TSP202SB.45 NEGRO;417419;57200.0;36683.0;20517.0;35.87;247;"Costo base documentado; transporte y comisiones pendientes";Comparación individual pendiente
WADFOW JUEGO DE 62 PUNTAS DE DESTORNILLADOR WBS3B62;463492;5400.0;3467.0;1933.0;35.8;156;"Costo base documentado; transporte y comisiones pendientes";Comparación individual pendiente
TOTAL COMPRESOR DE AIRE TTAC1406 12V 140PSI;381178;61100.0;39186.0;21914.0;35.87;94;"Costo base documentado; transporte y comisiones pendientes";Comparación individual pendiente
TOTAL CALADORA UTS2081006 800W;367974;118000.0;75648.0;42352.0;35.89;260;"Costo base documentado; transporte y comisiones pendientes";Comparación individual pendiente
TOTAL JUEGO DE 51 PUNTAS DE DESTORNILLADOR DE IMPACTO UTACSDL2;583664;39600.0;25427.0;14173.0;35.79;53;"Costo base documentado; transporte y comisiones pendientes";Comparación individual pendiente
TOTAL CORTADORA DE AZULEJOS TS6112501 1100W MESA;313780;1215500.0;779515.0;435985.0;35.87;252;"Costo base documentado; transporte y comisiones pendientes";Comparación individual pendiente
TOTAL PISTOLA DE CALOR TB20078 2000W 220V;536424;106200.0;68083.0;38117.0;35.89;217;"Costo base documentado; transporte y comisiones pendientes";Comparación individual pendiente
WADFOW TIJERA DE JARDIN 20V WJC1520;490146;12300.0;7880.0;4420.0;35.93;191;"Costo base documentado; transporte y comisiones pendientes";Comparación individual pendiente
WADFOW MOSQUETONES 2PCS WQL2K03;537810;17200.0;11032.0;6168.0;35.86;335;"Costo base documentado; transporte y comisiones pendientes";Comparación individual pendiente
WADFOW JUEGO DE PUNZONES Y CINCELES 12 PCS WCC8312;489324;31800.0;20425.0;11375.0;35.77;318;"Costo base documentado; transporte y comisiones pendientes";Comparación individual pendiente
WADFOW LIJADORA DE BANDA 920W WBA15921;462051;108100.0;69344.0;38756.0;35.85;221;"Costo base documentado; transporte y comisiones pendientes";Comparación individual pendiente
TOTAL JUEGO DE CEPILLOS DE LIMPIEZA 11PCS TACB1101;487009;46800.0;30013.0;16787.0;35.87;18;"Costo base documentado; transporte y comisiones pendientes";Comparación individual pendiente
TOTAL AMOLADORA ANGULAR 42V TAGLI4108112 1080W;553223;249000.0;159655.0;89345.0;35.88;40;"Costo base documentado; transporte y comisiones pendientes";Comparación individual pendiente
WADFOW BARRA DE PALANCA 3PCS WQBS203;490160;17200.0;11032.0;6168.0;35.86;337;"Costo base documentado; transporte y comisiones pendientes";Comparación individual pendiente
"TOTAL CORTADORA DE CÉSPED AUTOPROPULSADA 18"" TGT141182";201469;839800.0;538573.0;301227.0;35.87;172;"Costo base documentado; transporte y comisiones pendientes";Comparación individual pendiente
TOTAL EXTENSION PARA TIJERA JARDINERIA TERLI1658;529365;148200.0;95042.0;53158.0;35.87;173;"Costo base documentado; transporte y comisiones pendientes";Comparación individual pendiente
TOTAL JUEGO DE MECHAS Y CINCEL TACSD91701 17PCS;521338;15700.0;10086.0;5614.0;35.76;168;"Costo base documentado; transporte y comisiones pendientes";Comparación individual pendiente
WADFOW JUEGO DE PUNZONES 6PCS WCC8306;488679;17200.0;11032.0;6168.0;35.86;335;"Costo base documentado; transporte y comisiones pendientes";Comparación individual pendiente
WADFOW CAJA FUERTE DIGITAL 11L WEB1520;489010;41800.0;26792.0;15008.0;35.9;38;"Costo base documentado; transporte y comisiones pendientes";Comparación individual pendiente
"WADFOW REMACHADOR MANUAL 10.5"" WHR5710";528269;42900.0;27514.0;15386.0;35.86;321;"Costo base documentado; transporte y comisiones pendientes";Comparación individual pendiente
"TOTAL ALICATE DE CORTE THT260702 7""";316262;9800.0;6254.0;3546.0;36.18;103;"Costo base documentado; transporte y comisiones pendientes";Comparación individual pendiente
WADFOW ASPIRADORA INALÁMBRICA 20V WLV20201;538893;78600.0;50432.0;28168.0;35.84;204;"Costo base documentado; transporte y comisiones pendientes";Comparación individual pendiente
TOTAL MULTI-HERRAMIENTA TMLI2001;417266;17200.0;11032.0;6168.0;35.86;332;"Costo base documentado; transporte y comisiones pendientes";Comparación individual pendiente
TOTAL MOTOSIERRA 20V 5'' TGSLI2058;512145;46700.0;29944.0;16756.0;35.88;209;"Costo base documentado; transporte y comisiones pendientes";Comparación individual pendiente
"TOTAL ALICATE COMBINADO 240MM 9.5"" 50% THT211958S";612012;8800.0;5674.0;3126.0;35.52;134;"Costo base documentado; transporte y comisiones pendientes";Comparación individual pendiente
"WADFOW ALICATE COMBINADO 9,5"" WPL1719";538367;12400.0;7921.0;4479.0;36.12;178;"Costo base documentado; transporte y comisiones pendientes";Comparación individual pendiente
TOTAL PISTOLA DE PINTURA 530W TT4506;53150;71500.0;45855.0;25645.0;35.87;95;"Costo base documentado; transporte y comisiones pendientes";Comparación individual pendiente
WADFOW CEPILLADORA MANUAL 50MM WSF2506;489768;102000.0;65445.0;36555.0;35.84;215;"Costo base documentado; transporte y comisiones pendientes";Comparación individual pendiente
WADFOW ESCALERA ANDAMIO 12 ESCALONES ALUMINIO CON PLATAFORMA W;501217;12800.0;8195.0;4605.0;35.98;169;"Costo base documentado; transporte y comisiones pendientes";Comparación individual pendiente
TOTAL KIT DE ALICATES THT2K0301 3PCS;341615;26000.0;16658.0;9342.0;35.93;173;"Costo base documentado; transporte y comisiones pendientes";Comparación individual pendiente
TOTAL BOTAS DE SEGURIDAD CON CUERO GOMA TSP209SB.44;532440;71500.0;45855.0;25645.0;35.87;246;"Costo base documentado; transporte y comisiones pendientes";Comparación individual pendiente
WADFOW TIJERA DE PODA 4V 10MM WJFP1504;489072;83200.0;53357.0;29843.0;35.87;185;"Costo base documentado; transporte y comisiones pendientes";Comparación individual pendiente
WADFOW ESCALERA DE TIJERA ALUMINO 5 ESCALONES 150KG WLD2H05;490030;137800.0;88373.0;49427.0;35.87;176;"Costo base documentado; transporte y comisiones pendientes";Comparación individual pendiente
TOTAL SOPLADOR UTB2046 400W;313728;186800.0;119776.0;67024.0;35.88;202;"Costo base documentado; transporte y comisiones pendientes";Comparación individual pendiente
WADFOW JUEGO DE BROCAS HSS M2 15PCS WTD6525;528702;15700.0;10086.0;5614.0;35.76;17;"Costo base documentado; transporte y comisiones pendientes";Comparación individual pendiente
"TOTAL JUEGO DE DADOS 1/2"" THT121242 24PCS";472432;54100.0;34672.0;19428.0;35.91;145;"Costo base documentado; transporte y comisiones pendientes";Comparación individual pendiente
TOTAL CINTA METRICA 3M X 16MM TMT126031;316507;3900.0;2522.0;1378.0;35.33;231;"Costo base documentado; transporte y comisiones pendientes";Comparación individual pendiente
WADFOW BUZONERA METALICA 31.5X21.5X7.5CM WXXX3501;537797;41600.0;26679.0;14921.0;35.87;31;"Costo base documentado; transporte y comisiones pendientes";Comparación individual pendiente
WADFOW CORTADORA DE CESPED 20V WGTP5116;44462;114400.0;73366.0;41034.0;35.87;316;"Costo base documentado; transporte y comisiones pendientes";Comparación individual pendiente
TOTAL BOTAS DE LLUVIA TSP302L.39;512442;23400.0;15007.0;8393.0;35.87;243;"Costo base documentado; transporte y comisiones pendientes";Comparación individual pendiente
TOTAL HIDRAULICO CORTA ACERO THSC022B LAMIN;436601;31200.0;20009.0;11191.0;35.87;304;"Costo base documentado; transporte y comisiones pendientes";Comparación individual pendiente
WADFOW PISTOLA DE ENGRASE PARA ADAPTAR A TALADRO INALÁMBRICO 4;496155;136500.0;87540.0;48960.0;35.87;277;"Costo base documentado; transporte y comisiones pendientes";Comparación individual pendiente
TOTAL SOPLADOR /ASPIRADOR 800W TB8036;350945;104000.0;66681.0;37319.0;35.88;198;"Costo base documentado; transporte y comisiones pendientes";Comparación individual pendiente
TOTAL ENGARCE HIDRÁULICA 45 KN THCT070;436557;17200.0;11032.0;6168.0;35.86;328;"Costo base documentado; transporte y comisiones pendientes";Comparación individual pendiente
TOTAL JUEGO DE LLAVES COMBINADAS 12PCS 6-32MM THT1022122;526142;59000.0;37824.0;21176.0;35.89;136;"Costo base documentado; transporte y comisiones pendientes";Comparación individual pendiente
TOTAL MULTÍMETRO THT292201;468848;13800.0;8826.0;4974.0;36.04;152;"Costo base documentado; transporte y comisiones pendientes";Comparación individual pendiente
VT COSMETICS REEDLE SHOT 300 CICA REEDLE;;76700.0;;;;;Sin costo de compra documentado en este PDF;Comparación individual pendiente
WADFOW HIDROLAVADORA 110BAR WHP3A14;463898;216300.0;138688.0;77612.0;35.88;204;"Costo base documentado; transporte y comisiones pendientes";Comparación individual pendiente
TOTAL SIERRA DE CINTA 350W TS730301;468770;465400.0;298466.0;166934.0;35.87;254;"Costo base documentado; transporte y comisiones pendientes";Comparación individual pendiente
TOTAL KIT DE HERRAMIENTAS LLAVE DE IMPACTO THKTHP41383 138PCS;584692;8800.0;5674.0;3126.0;35.52;68;"Costo base documentado; transporte y comisiones pendientes";Comparación individual pendiente
"TOTAL MOTOSIERRA 20V 6"" TGSLI2066";564847;46700.0;29944.0;16756.0;35.88;210;"Costo base documentado; transporte y comisiones pendientes";Comparación individual pendiente
TOTAL CAPA DE LLUVIA THTRC031.L;297707;27300.0;17509.0;9791.0;35.86;238;"Costo base documentado; transporte y comisiones pendientes";Comparación individual pendiente
TOTAL COMBO TALADRO+NIVEL+DETECTOR 3PCS TOSLI250511;564915;368600.0;236400.0;132200.0;35.87;279;"Costo base documentado; transporte y comisiones pendientes";Comparación individual pendiente
"WADFOW MOTOSIERRA 20V 6"" WCLP562 1BAT";230636;171600.0;110049.0;61551.0;35.87;207;"Costo base documentado; transporte y comisiones pendientes";Comparación individual pendiente
TOTAL LLAVE DE IMPACTO CON ADAPTADOR 1/4 20V UTOSLI231004;488365;319500.0;204880.0;114620.0;35.87;70;"Costo base documentado; transporte y comisiones pendientes";Comparación individual pendiente
"TOTAL LLAVE FLEXIBLE THTFX12151 1/2""";456517;17600.0;11256.0;6344.0;36.05;113;"Costo base documentado; transporte y comisiones pendientes";Comparación individual pendiente
WADFOW BOTAS DE LLUVIA WRB1L41;113694;20200.0;12923.0;7277.0;36.02;241;"Costo base documentado; transporte y comisiones pendientes";Comparación individual pendiente
TOTAL JUEGO DE SOCKET DE IMPACTO 10PCS THTISD38104;532020;26000.0;16658.0;9342.0;35.93;54;"Costo base documentado; transporte y comisiones pendientes";Comparación individual pendiente
TOTAL SOPORTE DE MARTILLO DE DEMOLICIÓN TH220502-5;468923;150800.0;96710.0;54090.0;35.87;276;"Costo base documentado; transporte y comisiones pendientes";Comparación individual pendiente
TOTAL JUEGO DE SIERRAS PERFORADORA TAC44061 6PCS 33/53/73/83;317221;39000.0;25011.0;13989.0;35.87;274;"Costo base documentado; transporte y comisiones pendientes";Comparación individual pendiente
TOTAL BOMBA DE AGUAS RESIDUALES TWP715001 1500W 2HP 14,5M;367547;172000.0;110320.0;61680.0;35.86;201;"Costo base documentado; transporte y comisiones pendientes";Comparación individual pendiente
WADFOW CHALECO PARA HERRAMIENTAS 11 BOLSILLOS WTG6105;580144;21400.0;13755.0;7645.0;35.72;241;"Costo base documentado; transporte y comisiones pendientes";Comparación individual pendiente
WADFOW CALIBRADOR DIGITAL 200MM WVC2B20;528467;31900.0;20488.0;11412.0;35.77;234;"Costo base documentado; transporte y comisiones pendientes";Comparación individual pendiente
"TOTAL ALICATE CARPINTERO 8"" 200MM THT290801";340243;10400.0;6670.0;3730.0;35.87;103;"Costo base documentado; transporte y comisiones pendientes";Comparación individual pendiente
TOTAL PULIDORA 20V TAPLI2015;518680;197600.0;126723.0;70877.0;35.87;42;"Costo base documentado; transporte y comisiones pendientes";Comparación individual pendiente
DEAR BODY CREAM 200GR ASAD;;19500.0;;;;;Sin costo de compra documentado en este PDF;Comparación individual pendiente
TOTAL AMOLADORA 3000W TG1302306;444477;273000.0;175078.0;97922.0;35.87;41;"Costo base documentado; transporte y comisiones pendientes";Comparación individual pendiente
WADFOW CAJA DE HERRAMIENTAS METÁLICA 36X15X12CM WTB8A11;488945;27000.0;17336.0;9664.0;35.79;36;"Costo base documentado; transporte y comisiones pendientes";Comparación individual pendiente
WADFOW CORTADORA LAMINADO 300MM WLAC1802;543286;76700.0;49190.0;27510.0;35.87;181;"Costo base documentado; transporte y comisiones pendientes";Comparación individual pendiente
TOTAL KIT DE MECHA PARA METAL TACSD0095 9PCS;436410;15600.0;9989.0;5611.0;35.97;9;"Costo base documentado; transporte y comisiones pendientes";Comparación individual pendiente
WADFOW CANDADO BICICLETA WBK1112;461405;8100.0;5169.0;2931.0;36.19;90;"Costo base documentado; transporte y comisiones pendientes";Comparación individual pendiente
WADFOW MOSQUETONES 2PCS WQL1K01;537827;17200.0;11032.0;6168.0;35.86;335;"Costo base documentado; transporte y comisiones pendientes";Comparación individual pendiente
KARSEELL MASCARA CAPILAR KARSEELL MACA POWER COLLAGEN SACHET 10ML 24PCS 035956;;26000.0;;;;;Sin costo de compra documentado en este PDF;Comparación individual pendiente
TOTAL MÁQUINA DE SOLDADURA 160 A TW216028;488082;206400.0;132384.0;74016.0;35.86;271;"Costo base documentado; transporte y comisiones pendientes";Comparación individual pendiente
TOTAL CANDADO 75MM TLK31751 714G;456814;13000.0;8337.0;4663.0;35.87;87;"Costo base documentado; transporte y comisiones pendientes";Comparación individual pendiente
TOTAL ATORNILLADOR 20V UTIDLI20605 SIN ESCOBILLAS CON IMPACTO;486101;137600.0;88256.0;49344.0;35.86;59;"Costo base documentado; transporte y comisiones pendientes";Comparación individual pendiente
VT COSMETICS PDRN REEDLE SHOT BRUSH HAIR SERUM 100ML;;72800.0;;;;;Sin costo de compra documentado en este PDF;Comparación individual pendiente
TOTAL HIDROLAVADORA 20V TPWLI2036;527675;157300.0;100864.0;56436.0;35.88;201;"Costo base documentado; transporte y comisiones pendientes";Comparación individual pendiente
WADFOW SET DE HERRAMIENTAS AUTOMOTIVO SEPARADOR DE ROTULAS 5PC;102803;49400.0;31681.0;17719.0;35.87;323;"Costo base documentado; transporte y comisiones pendientes";Comparación individual pendiente
"WADFOW BOLSA DE HERRAMIENTAS 16"" WTG3216";580120;41800.0;26792.0;15008.0;35.9;37;"Costo base documentado; transporte y comisiones pendientes";Comparación individual pendiente
TOTAL PISTOLA DE SILICONA 20V TGGLI2003;584951;106200.0;68083.0;38117.0;35.89;298;"Costo base documentado; transporte y comisiones pendientes";Comparación individual pendiente
TOTAL PISTOLA CLAVADORA 20V TCSNLI6008;564922;460200.0;295131.0;165069.0;35.87;214;"Costo base documentado; transporte y comisiones pendientes";Comparación individual pendiente
Karseell MACA POWER REPAIR CONDITIONER FOR DRY DAMAGED HAIR 500ML 0357;;18200.0;;;;;Sin costo de compra documentado en este PDF;Comparación individual pendiente
TOTAL SIERRA DE PODA THT5113306;351164;137600.0;88256.0;49344.0;35.86;264;"Costo base documentado; transporte y comisiones pendientes";Comparación individual pendiente
"TOTAL DADO DE IMPACTO 1/2"" 3PCS THKISD12042L";2813;157300.0;100864.0;56436.0;35.88;68;"Costo base documentado; transporte y comisiones pendientes";Comparación individual pendiente
TOTAL ASPIRADOR WET-DRY TVC24751 2400W;521154;186800.0;119776.0;67024.0;35.88;200;"Costo base documentado; transporte y comisiones pendientes";Comparación individual pendiente
TOTAL LIJADORA DE PALMA 20V TSHSLI2024;76692;108100.0;69344.0;38756.0;35.85;219;"Costo base documentado; transporte y comisiones pendientes";Comparación individual pendiente
"WADFOW ALICATE COMBINADO WPL1937 7"" AISLADO";461955;13000.0;8337.0;4663.0;35.87;178;"Costo base documentado; transporte y comisiones pendientes";Comparación individual pendiente
TOTAL CATRACA THTRS3061 3T 6M X 50MM;416054;28000.0;17925.0;10075.0;35.98;105;"Costo base documentado; transporte y comisiones pendientes";Comparación individual pendiente
KARSEELL MACA POWER VOLUME SHAMPOO 200ML;;15600.0;;;;;Sin costo de compra documentado en este PDF;Comparación individual pendiente
TOTAL SIERRA CALADORA TS88501 85W;240130;247000.0;158404.0;88596.0;35.87;253;"Costo base documentado; transporte y comisiones pendientes";Comparación individual pendiente
WADFOW CAPA DE LLUVIA GABARDINA 100% PVC WRC2XXL;537841;15600.0;10004.0;5596.0;35.87;241;"Costo base documentado; transporte y comisiones pendientes";Comparación individual pendiente
TOTAL BOTAS DE SEGURIDAD TSP207IDSB.41 NEGRO/ROJO;486613;57200.0;36683.0;20517.0;35.87;243;"Costo base documentado; transporte y comisiones pendientes";Comparación individual pendiente
TOTAL KIT DE HERRAMIENTAS JUEGO DE VASOS 201PCS THTS082016;120814;317200.0;203424.0;113776.0;35.87;252;"Costo base documentado; transporte y comisiones pendientes";Comparación individual pendiente
WADFOW SOPLADOR 20V WBLP512;109451;186800.0;119776.0;67024.0;35.88;205;"Costo base documentado; transporte y comisiones pendientes";Comparación individual pendiente
TOTAL BOTAS DE LLUVIA TSP302LAB.45;565066;59000.0;37824.0;21176.0;35.89;243;"Costo base documentado; transporte y comisiones pendientes";Comparación individual pendiente
TOTAL BOLSA DE HERRAMIENTAS THT66L12;487672;41800.0;26792.0;15008.0;35.9;33;"Costo base documentado; transporte y comisiones pendientes";Comparación individual pendiente
TOTAL ALICATE MULTIFUNCIONAL 15 EN 1 TFMFT01151;201650;8800.0;5674.0;3126.0;35.52;188;"Costo base documentado; transporte y comisiones pendientes";Comparación individual pendiente
NUMBUZIN SERUM FACIAL NUMBUZIN 5+ GLUTATHIONE VITAMIN CONCENTRATED 30ML (581774;;66300.0;;;;;Sin costo de compra documentado en este PDF;Comparación individual pendiente
TOTAL SIERRA DE PISO TP1016-2 GASOLINA;415248;2308800.0;1480658.0;828142.0;35.87;254;"Costo base documentado; transporte y comisiones pendientes";Comparación individual pendiente
TOTAL PISTOLA DE PINTURA TAT11005;468947;40300.0;25846.0;14454.0;35.87;94;"Costo base documentado; transporte y comisiones pendientes";Comparación individual pendiente
TOTAL TALADRO COMPACTO 20V MOTOR SIN ESCOBILLAS TDLI205582 1BA;527330;114400.0;73366.0;41034.0;35.87;55;"Costo base documentado; transporte y comisiones pendientes";Comparación individual pendiente
TOTAL CINTA METRICA TMT126351 5METER;368070;5900.0;3782.0;2118.0;35.9;231;"Costo base documentado; transporte y comisiones pendientes";Comparación individual pendiente
TOTAL JUEGO DE ALICATES 3PCS THT2RK231;197908;20200.0;12923.0;7277.0;36.02;173;"Costo base documentado; transporte y comisiones pendientes";Comparación individual pendiente
TOTAL ESCALERA DE 4 PELDAÑOS THLAD09041;277730;106600.0;68364.0;38236.0;35.87;161;"Costo base documentado; transporte y comisiones pendientes";Comparación individual pendiente
"TOTAL REMACHADOR MANUAL THT32321 32""";351065;37700.0;24179.0;13521.0;35.86;116;"Costo base documentado; transporte y comisiones pendientes";Comparación individual pendiente
TOTAL PISTOLA CLAVADORA DE MADERA 20V F15~F50 50MM TCBNLI50085;611954;108100.0;69344.0;38756.0;35.85;217;"Costo base documentado; transporte y comisiones pendientes";Comparación individual pendiente
TOTAL PULVERIZADOR 1.5L THSPP201502;531665;46700.0;29944.0;16756.0;35.88;209;"Costo base documentado; transporte y comisiones pendientes";Comparación individual pendiente
WADFOW AMOLADORA ANGULAR 20V WLAPM21 1BT 3AH MOTOR SIN ESCOBIL;505970;152400.0;97712.0;54688.0;35.88;49;"Costo base documentado; transporte y comisiones pendientes";Comparación individual pendiente
TOTAL MEZCLADOR 20V TMXLI20162;583930;17200.0;11032.0;6168.0;35.86;331;"Costo base documentado; transporte y comisiones pendientes";Comparación individual pendiente
TOTAL KIT LLAVE THT250PS0321 32IN1;436687;8800.0;5674.0;3126.0;35.52;150;"Costo base documentado; transporte y comisiones pendientes";Comparación individual pendiente
TOTAL LÁPIZ TESTER 300V THTS33001;521215;137600.0;88256.0;49344.0;35.86;261;"Costo base documentado; transporte y comisiones pendientes";Comparación individual pendiente
TOTAL LIJADERA TWS10501 DE PARED / YESO 1050W;381123;108100.0;69344.0;38756.0;35.85;219;"Costo base documentado; transporte y comisiones pendientes";Comparación individual pendiente
TOTAL BATERIA 20V TFBLI2123 4.0AH FINA;615303;63900.0;40976.0;22924.0;35.87;82;"Costo base documentado; transporte y comisiones pendientes";Comparación individual pendiente
TOTAL COMPRESOR DE AIRE TCS2241008 100L;488167;884700.0;567360.0;317340.0;35.87;97;"Costo base documentado; transporte y comisiones pendientes";Comparación individual pendiente
WADFOW SOPORTE PARA TABLERO DE PARED WTN2002;469333;25400.0;16258.0;9142.0;35.99;323;"Costo base documentado; transporte y comisiones pendientes";Comparación individual pendiente
"WADFOW LLAVE DINAMOMÉTRICA 3/8"" 60NM WWQ6D11";613972;50700.0;32516.0;18184.0;35.87;131;"Costo base documentado; transporte y comisiones pendientes";Comparación individual pendiente
TOTAL AMOLADORA 20V TAGLI271531 MOTOR SIN ESCOBILLAS;527668;152400.0;97712.0;54688.0;35.88;44;"Costo base documentado; transporte y comisiones pendientes";Comparación individual pendiente
WADFOW PULVERIZADOR DE PINTURA AIRLESS 1200W WAY1A10;489720;46700.0;29944.0;16756.0;35.88;211;"Costo base documentado; transporte y comisiones pendientes";Comparación individual pendiente
WADFOW ACCESORIOS PARA RECTIFICADOR 276PCS WRR2761;196475;29300.0;18758.0;10542.0;35.98;43;"Costo base documentado; transporte y comisiones pendientes";Comparación individual pendiente
TOTAL COMBO INALÁMBRICO 3PCS UTOSLI250606;583756;335400.0;215096.0;120304.0;35.87;80;"Costo base documentado; transporte y comisiones pendientes";Comparación individual pendiente
WADFOW CORTADOR AZULEJOS 1200MM WTR2512;528511;12300.0;7880.0;4420.0;35.93;193;"Costo base documentado; transporte y comisiones pendientes";Comparación individual pendiente
WADFOW ALAMBRE DE SOLDAR 1.2MM WHXS1312;80033;14300.0;9172.0;5128.0;35.86;306;"Costo base documentado; transporte y comisiones pendientes";Comparación individual pendiente
WADFOW LLAVE DE TUBO WPW0A08 8'';542876;10400.0;6670.0;3730.0;35.87;130;"Costo base documentado; transporte y comisiones pendientes";Comparación individual pendiente
WADFOW KIT DE HERRAMIENTAS WDT4B119 119PCS;146203;17200.0;11032.0;6168.0;35.86;339;"Costo base documentado; transporte y comisiones pendientes";Comparación individual pendiente
WADFOW GRIFO MEZCLADOR DE LAVABO WZD1501;469890;57200.0;36683.0;20517.0;35.87;91;"Costo base documentado; transporte y comisiones pendientes";Comparación individual pendiente
TOTAL LAMINA PLAINA TAC618201;340083;108100.0;69344.0;38756.0;35.85;218;"Costo base documentado; transporte y comisiones pendientes";Comparación individual pendiente
"TOTAL CAJA DE HERRAMIENTAS 19"" 15KG TPBXS102";565028;27000.0;17336.0;9664.0;35.79;33;"Costo base documentado; transporte y comisiones pendientes";Comparación individual pendiente
"WADFOW VÁLVULA ESFERA DE LATÓN SOLDABLE 1"" WVV5821";470612;17200.0;11004.0;6196.0;36.02;89;"Costo base documentado; transporte y comisiones pendientes";Comparación individual pendiente
"WADFOW BOLSA DE HERRAMIENTAS 19"" WTG3119";488877;41800.0;26792.0;15008.0;35.9;37;"Costo base documentado; transporte y comisiones pendientes";Comparación individual pendiente
TOTAL COMBO MULTIMETRO 3PCS TLDD241202;528108;368600.0;236400.0;132200.0;35.87;232;"Costo base documentado; transporte y comisiones pendientes";Comparación individual pendiente
"WADFOW COMBO BOLSAS 19"" WTGR103";542272;319500.0;204880.0;114620.0;35.87;334;"Costo base documentado; transporte y comisiones pendientes";Comparación individual pendiente
TOTAL LIJADORA DE PALMA 20V TPSLI2014;512558;65000.0;41685.0;23315.0;35.87;212;"Costo base documentado; transporte y comisiones pendientes";Comparación individual pendiente
WADFOW CAJA DE HERRAMIENTAS CON 3 GAVETAS WCS2A03;489461;27000.0;17336.0;9664.0;35.79;36;"Costo base documentado; transporte y comisiones pendientes";Comparación individual pendiente
TOTAL ALICATE MULTIFUNCIONES THT210102;531863;16900.0;10840.0;6060.0;35.86;103;"Costo base documentado; transporte y comisiones pendientes";Comparación individual pendiente
TOTAL KIT HERRAMIENTAS THTCS12591 59PCS;381697;17200.0;11032.0;6168.0;35.86;331;"Costo base documentado; transporte y comisiones pendientes";Comparación individual pendiente
"WADFOW ALICATE PRESIÓN CURVO 10"" WLP1110";469340;13800.0;8826.0;4974.0;36.04;193;"Costo base documentado; transporte y comisiones pendientes";Comparación individual pendiente
TOTAL COMBO INALÁMBRICAS 20V 4PCS TOSLI250208;549202;486600.0;312048.0;174552.0;35.87;84;"Costo base documentado; transporte y comisiones pendientes";Comparación individual pendiente
WADFOW CABRESTANTE ELÉCTRICO 450W WETH1A04;116046;223600.0;143397.0;80203.0;35.87;314;"Costo base documentado; transporte y comisiones pendientes";Comparación individual pendiente
WADFOW PUNTAS DE DESTORNILLADOR DE IMPACTO 2PCS 200MM WSV5K65;142229;5400.0;3467.0;1933.0;35.8;74;"Costo base documentado; transporte y comisiones pendientes";Comparación individual pendiente
TOTAL PULIDORA 42V TAPLI42152 MOTOR SIN ESCOBILLAS;583947;390000.0;250095.0;139905.0;35.87;40;"Costo base documentado; transporte y comisiones pendientes";Comparación individual pendiente
WADFOW EXTRACTOR DE ENGRANAJES 3MANDIBULAS WGP3A06 6'';537353;17600.0;11256.0;6344.0;36.05;317;"Costo base documentado; transporte y comisiones pendientes";Comparación individual pendiente
"WADFOW TIJERA DE PODAR 8""""(200 mm) WPA1E04";543309;11700.0;7505.0;4195.0;35.85;185;"Costo base documentado; transporte y comisiones pendientes";Comparación individual pendiente
TOTAL JUEGO DE BROCAS SDS PLUS TACSDL30906 9PCS;527392;15700.0;10086.0;5614.0;35.76;15;"Costo base documentado; transporte y comisiones pendientes";Comparación individual pendiente
TOTAL COMBO 3PCS 20V TOSLI241198;528030;368600.0;236400.0;132200.0;35.87;326;"Costo base documentado; transporte y comisiones pendientes";Comparación individual pendiente
TOTAL GRAPAS 40MM 3000PZS TAC918403;553902;15300.0;9837.0;5463.0;35.71;288;"Costo base documentado; transporte y comisiones pendientes";Comparación individual pendiente
TOTAL PULIDORA ANGULAR TAPLI2001 LITHIUM;415026;83200.0;53357.0;29843.0;35.87;42;"Costo base documentado; transporte y comisiones pendientes";Comparación individual pendiente
TOTAL ROTOMARTILLO 800W TH308268-2 SDS PLUS 220V;415095;235900.0;151296.0;84604.0;35.86;282;"Costo base documentado; transporte y comisiones pendientes";Comparación individual pendiente
WADFOW BATERIA 20V 3AH WLBP530;463805;51900.0;33266.0;18634.0;35.9;81;"Costo base documentado; transporte y comisiones pendientes";Comparación individual pendiente
WADFOW ESCURRIDOR DE ACEITE 70L WKD2A07;463386;462800.0;296799.0;166001.0;35.87;317;"Costo base documentado; transporte y comisiones pendientes";Comparación individual pendiente
TOTAL TALADRO DE BANCO 750W TDP207505;341301;780000.0;500207.0;279793.0;35.87;276;"Costo base documentado; transporte y comisiones pendientes";Comparación individual pendiente
TOTAL COMBO 5PCS 20V TOSLI250692;230421;634000.0;406608.0;227392.0;35.87;324;"Costo base documentado; transporte y comisiones pendientes";Comparación individual pendiente
TOTAL COMBO 3PCS 20V TALADRO + ATORNILLADOR + SOPLADOR TOSLI25;520461;368600.0;236400.0;132200.0;35.87;67;"Costo base documentado; transporte y comisiones pendientes";Comparación individual pendiente
"WADFOW ALICATE DE BLOQUEO WLP4111 11""";460446;8800.0;5674.0;3126.0;35.52;192;"Costo base documentado; transporte y comisiones pendientes";Comparación individual pendiente
TOTAL SOPLADOR 16V TABLI168082;3452;186800.0;119776.0;67024.0;35.88;199;"Costo base documentado; transporte y comisiones pendientes";Comparación individual pendiente
TOTAL KIT DE HERRAMIENTAS 135PCS THKTHP21356;529280;288600.0;185082.0;103518.0;35.87;29;"Costo base documentado; transporte y comisiones pendientes";Comparación individual pendiente
TOTAL FRESA ROTATIVA METAL TAKC1005;532365;13000.0;8337.0;4663.0;35.87;212;"Costo base documentado; transporte y comisiones pendientes";Comparación individual pendiente
TOTAL HACHA THT7812506;444040;13800.0;8826.0;4974.0;36.04;144;"Costo base documentado; transporte y comisiones pendientes";Comparación individual pendiente
TOTAL INFLADOR DE MANO 140PSI TMPP3811;95310;17200.0;11032.0;6168.0;35.86;329;"Costo base documentado; transporte y comisiones pendientes";Comparación individual pendiente
WADFOW DADOS DE IMPACTO TORX 8PCS CRMO WMS4408;98939;43600.0;27930.0;15670.0;35.94;58;"Costo base documentado; transporte y comisiones pendientes";Comparación individual pendiente
WADFOW TERMÓMETRO INFRARROJO WNT6501;528474;31900.0;20488.0;11412.0;35.77;236;"Costo base documentado; transporte y comisiones pendientes";Comparación individual pendiente
TOTAL BITS PHILIPS TACIM16PH183 PH1x200MM;487559;31200.0;20009.0;11191.0;35.87;287;"Costo base documentado; transporte y comisiones pendientes";Comparación individual pendiente
TOTAL KIT HERRAMIENTA THKTHP21426 142PCS;368056;41800.0;26792.0;15008.0;35.9;35;"Costo base documentado; transporte y comisiones pendientes";Comparación individual pendiente
TOTAL TIJERAS DE ELECTRICISTA 170MM THES051708;487061;20800.0;13339.0;7461.0;35.87;173;"Costo base documentado; transporte y comisiones pendientes";Comparación individual pendiente
WADFOW COMPRESOR DE AIRE AUTOMÁTICO 150PSI WAAM572;489638;83200.0;53357.0;29843.0;35.87;95;"Costo base documentado; transporte y comisiones pendientes";Comparación individual pendiente
WADFOW KIT LLAVE HEXAGONAL WHK4203 3PCS;543088;14300.0;9172.0;5128.0;35.86;129;"Costo base documentado; transporte y comisiones pendientes";Comparación individual pendiente
TOTAL SIERRA INGLETADORA 20V TMS2001;415064;368600.0;236400.0;132200.0;35.87;264;"Costo base documentado; transporte y comisiones pendientes";Comparación individual pendiente
WADFOW TALADRO DE IMPACTO 82NM 20V WCDP8285;579940;184600.0;118386.0;66214.0;35.87;59;"Costo base documentado; transporte y comisiones pendientes";Comparación individual pendiente
TOTAL REMACHADOR MANUAL THT32131;444170;13800.0;8826.0;4974.0;36.04;153;"Costo base documentado; transporte y comisiones pendientes";Comparación individual pendiente
TOTAL LLAVE DE IMPACTO 42V 460NM UTIWLI42461;576116;249600.0;160071.0;89529.0;35.87;54;"Costo base documentado; transporte y comisiones pendientes";Comparación individual pendiente
WADFOW NIVEL LASER 3D VERDE 12V 360° 12 LINEAS WLE8M12;528481;340600.0;218430.0;122170.0;35.87;229;"Costo base documentado; transporte y comisiones pendientes";Comparación individual pendiente
"WADFOW CAJA DE HERRAMIENTAS DE PLÁSTICO 24"" WTB3324";33879;27000.0;17336.0;9664.0;35.79;38;"Costo base documentado; transporte y comisiones pendientes";Comparación individual pendiente
WADFOW LLAVE AJUSTABLE WAW2206 0-24MM;460781;7800.0;5002.0;2798.0;35.87;129;"Costo base documentado; transporte y comisiones pendientes";Comparación individual pendiente
"TOTAL ALICATE DE CORTE DIAGONAL 6"" THT130612";456852;8800.0;5674.0;3126.0;35.52;134;"Costo base documentado; transporte y comisiones pendientes";Comparación individual pendiente
WADFOW JUEGO DE DESTORNILLADOR 31EN1 WSS8431;538961;6500.0;4170.0;2330.0;35.85;127;"Costo base documentado; transporte y comisiones pendientes";Comparación individual pendiente
TOTAL LUBRICADOR DE GRASA THT118301 30L AR;340687;13800.0;8826.0;4974.0;36.04;152;"Costo base documentado; transporte y comisiones pendientes";Comparación individual pendiente
TOTAL BOMBA DE AGUA A GASOLINA 7.5 HP TP3402;154536;548600.0;351823.0;196777.0;35.87;196;"Costo base documentado; transporte y comisiones pendientes";Comparación individual pendiente
"WADFOW LLAVE DE TUBO SUECA WPW2102 90""";460262;8800.0;5674.0;3126.0;35.52;159;"Costo base documentado; transporte y comisiones pendientes";Comparación individual pendiente
TOTAL NIVEL LASER 20V 35M 5 LINEAS VERDE TLL3053085;612289;137600.0;88256.0;49344.0;35.86;234;"Costo base documentado; transporte y comisiones pendientes";Comparación individual pendiente
TOTAL ATADORA DE PLANTAS THTPTM1251;486675;21600.0;13840.0;7760.0;35.93;301;"Costo base documentado; transporte y comisiones pendientes";Comparación individual pendiente
"WADFOW ALICATE DE CARPINTERO WPL9908 8""";460217;8300.0;5321.0;2979.0;35.89;179;"Costo base documentado; transporte y comisiones pendientes";Comparación individual pendiente
TOTAL TALADRO DE IMPACTO 12V TIDLI12202;380997;71300.0;45704.0;25596.0;35.9;72;"Costo base documentado; transporte y comisiones pendientes";Comparación individual pendiente
WADFOW KIT CEPILLOS PARA TALADRO WND5402 7PCS;543729;22100.0;14175.0;7925.0;35.86;58;"Costo base documentado; transporte y comisiones pendientes";Comparación individual pendiente
TOTAL GENERADOR DISIL TP2150K1 15KVA;341271;884700.0;567360.0;317340.0;35.87;100;"Costo base documentado; transporte y comisiones pendientes";Comparación individual pendiente
TOTAL SIERRA SABLE 20V TRSLI6506 METAL Y MADERA;486750;186800.0;119776.0;67024.0;35.88;266;"Costo base documentado; transporte y comisiones pendientes";Comparación individual pendiente
WADFOW KIT LLAVE COMBINADA C/ TRINQUETE WSP4212 12PCS;543064;5900.0;3782.0;2118.0;35.9;158;"Costo base documentado; transporte y comisiones pendientes";Comparación individual pendiente
"TOTAL TIJERAS PARA HOJALATA THT524101 10""";340656;13800.0;8826.0;4974.0;36.04;154;"Costo base documentado; transporte y comisiones pendientes";Comparación individual pendiente
WADFOW ASPIRADORA SECO-HUMEDO 30L WVR2A30;110969;140400.0;90040.0;50360.0;35.87;198;"Costo base documentado; transporte y comisiones pendientes";Comparación individual pendiente
WADFOW LLAVE MULTIUSOS 23-32MM WUW1102;496025;6500.0;4170.0;2330.0;35.85;123;"Costo base documentado; transporte y comisiones pendientes";Comparación individual pendiente
TOTAL MECHA KIT TACSDL12201 22PCS;415262;46500.0;29846.0;16654.0;35.82;4;"Costo base documentado; transporte y comisiones pendientes";Comparación individual pendiente
TOTAL TORNILO WJHA0605511 M6X55MM 25PCS;342018;16900.0;10840.0;6060.0;35.86;292;"Costo base documentado; transporte y comisiones pendientes";Comparación individual pendiente
"WADFOW ALICATE DE PRESIÓN 7"" HRC38°-HRC48° WLP1C07";146197;7800.0;5002.0;2798.0;35.87;179;"Costo base documentado; transporte y comisiones pendientes";Comparación individual pendiente
TOTAL HIDRÁULICO CORTADORA CABLE TRCLI2002;415835;2077400.0;1332259.0;745141.0;35.87;304;"Costo base documentado; transporte y comisiones pendientes";Comparación individual pendiente
WADFOW JUEGO DE LLAVES DE TRINQUETE CORTAS AJUSTABLES WSP7406;543057;31200.0;20009.0;11191.0;35.87;128;"Costo base documentado; transporte y comisiones pendientes";Comparación individual pendiente
TOTAL PISTOLA DE PINTURA TT10402;446259;221200.0;141840.0;79360.0;35.88;98;"Costo base documentado; transporte y comisiones pendientes";Comparación individual pendiente
"TOTAL ATORNILLADOR 20V UTDLI20508 3/8"" 2BAT 2.0 MOTOR BRUSHLES";486071;226100.0;144992.0;81108.0;35.87;65;"Costo base documentado; transporte y comisiones pendientes";Comparación individual pendiente
TOTAL BOMBA DE AGUA POZO TWP3701-SB CONTROL;531603;36400.0;23344.0;13056.0;35.87;196;"Costo base documentado; transporte y comisiones pendientes";Comparación individual pendiente
"WADFOW LLAVE DE TUBO SUECO WPW3115 45""";460279;19500.0;12507.0;6993.0;35.86;130;"Costo base documentado; transporte y comisiones pendientes";Comparación individual pendiente
TOTAL TALADRO DE DIAMANTE 3800W TDDM38001 MAGNETICA;486965;118000.0;75648.0;42352.0;35.89;284;"Costo base documentado; transporte y comisiones pendientes";Comparación individual pendiente
TOTAL KIT LLAVE DE TRINQUETE THT103RK166 16PCS;512107;8800.0;5674.0;3126.0;35.52;149;"Costo base documentado; transporte y comisiones pendientes";Comparación individual pendiente
TOTAL LLAVE DE IMPACTO TIWLI42602 42V 60K 2BAT;553216;8800.0;5674.0;3126.0;35.52;61;"Costo base documentado; transporte y comisiones pendientes";Comparación individual pendiente
"WADFOW ALICATE PELACABLE WSX8602 8""";542869;5700.0;3669.0;2031.0;35.63;180;"Costo base documentado; transporte y comisiones pendientes";Comparación individual pendiente
TOTAL BATERIA TBLI12152 12V;415019;22100.0;14184.0;7916.0;35.82;82;"Costo base documentado; transporte y comisiones pendientes";Comparación individual pendiente
WADFOW MÁQUINA VIBRATORIA DE PISO 20V WTVM1D128;55352;17200.0;11032.0;6168.0;35.86;335;"Costo base documentado; transporte y comisiones pendientes";Comparación individual pendiente
TOTAL MARTILLO ROTATIVO TH112386 1200W SDS MAX;367431;206400.0;132384.0;74016.0;35.86;281;"Costo base documentado; transporte y comisiones pendientes";Comparación individual pendiente
TOTAL MULTI-HERRAMIENTAS TMLI20228;511957;17200.0;11032.0;6168.0;35.86;332;"Costo base documentado; transporte y comisiones pendientes";Comparación individual pendiente
TOTAL MARTILLO PERFORADOR SDS MAX 1700W TH117556;512237;1196000.0;767008.0;428992.0;35.87;274;"Costo base documentado; transporte y comisiones pendientes";Comparación individual pendiente
"WADFOW VÁLVULA ESFERA ROSCABLE ACERO 1"" WVV5811";470643;20000.0;12838.0;7162.0;35.81;92;"Costo base documentado; transporte y comisiones pendientes";Comparación individual pendiente
TOTAL CORTACÉSPED 40V 4 EN 1 TSTLI2040386;609845;923000.0;591930.0;331070.0;35.87;207;"Costo base documentado; transporte y comisiones pendientes";Comparación individual pendiente
TOTAL COMBO 4PCS 20V UTOSLI250993;576154;364000.0;233421.0;130579.0;35.87;301;"Costo base documentado; transporte y comisiones pendientes";Comparación individual pendiente
WADFOW ALICATE MULTIFUNCION DE PUNTA LARGA WPL2778;533355;14300.0;9172.0;5128.0;35.86;179;"Costo base documentado; transporte y comisiones pendientes";Comparación individual pendiente
TOTAL CARRO DE HERRAMIENTAS 3 BANDEJAS THPTC301;488501;17200.0;11032.0;6168.0;35.86;324;"Costo base documentado; transporte y comisiones pendientes";Comparación individual pendiente
TOTAL ROTOMARTILLO 42V MOTOR SIN ESCOBILLAS TRHLI422882;564861;418600.0;268453.0;150147.0;35.87;274;"Costo base documentado; transporte y comisiones pendientes";Comparación individual pendiente
WADFOW PISTOLA DE ACEITE DE SUCCIÓN WGG3550 500CC;488792;15600.0;10004.0;5596.0;35.87;320;"Costo base documentado; transporte y comisiones pendientes";Comparación individual pendiente
TOTAL ROTOMARTILLO 800W SDS PLUS UTH308268-2;486309;152400.0;97712.0;54688.0;35.88;278;"Costo base documentado; transporte y comisiones pendientes";Comparación individual pendiente
TOTAL BOTAS DE LLUVIA TSP302LAB.46;554138;59000.0;37824.0;21176.0;35.89;245;"Costo base documentado; transporte y comisiones pendientes";Comparación individual pendiente
TOTAL KIT LLAVE ALLEN HEXAGONALES THT106292;417341;8800.0;5674.0;3126.0;35.52;148;"Costo base documentado; transporte y comisiones pendientes";Comparación individual pendiente
TOTAL KIT DE DESTORNILLADORES DE PRECISIÓN Y PUNTAS THT250614;436649;20800.0;13339.0;7461.0;35.87;111;"Costo base documentado; transporte y comisiones pendientes";Comparación individual pendiente
TOTAL ROTOMARTILLO 20V TRHLI20228;465328;235900.0;151296.0;84604.0;35.86;282;"Costo base documentado; transporte y comisiones pendientes";Comparación individual pendiente
WADFOW KIT DE PINTURA WCB3H13 14PCS;542241;17200.0;11032.0;6168.0;35.86;339;"Costo base documentado; transporte y comisiones pendientes";Comparación individual pendiente
TOTAL JUEGO DE ACCESORIOS PARA PULIDORA 12PCS TAC15012;44011;23400.0;15007.0;8393.0;35.87;41;"Costo base documentado; transporte y comisiones pendientes";Comparación individual pendiente
WADFOW KIT HERRAMIENTAS 28PCS WHS1M28;469470;56600.0;36267.0;20333.0;35.92;310;"Costo base documentado; transporte y comisiones pendientes";Comparación individual pendiente
"VICTORIA&#039;S SECRET LOCAO VICTORIA&#039;S SECRET VANILLA LACE 236ML";;31200.0;;;;;Sin costo de compra documentado en este PDF;Comparación individual pendiente
WADFOW SET AUTOMOTIVO 8PCS WART1D08;103015;65000.0;41685.0;23315.0;35.87;312;"Costo base documentado; transporte y comisiones pendientes";Comparación individual pendiente
TOTAL MÁQUINA DE SOLDAR 160A MMA UTW216059;576659;275600.0;176745.0;98855.0;35.87;269;"Costo base documentado; transporte y comisiones pendientes";Comparación individual pendiente
WADFOW SET ALICATE COMBINADAS 5PZ WPS1615;460194;18800.0;12088.0;6712.0;35.7;184;"Costo base documentado; transporte y comisiones pendientes";Comparación individual pendiente
WADFOW CORTADORA UNIVERSAL INÁLAMBRICO 4V WWUP1504;489089;59800.0;38350.0;21450.0;35.87;182;"Costo base documentado; transporte y comisiones pendientes";Comparación individual pendiente
WADFOW PUNTAS DE DESTORNILLADOR MAGNÉTICAS 2PCS WSV8K01;287333;2900.0;1834.0;1066.0;36.76;133;"Costo base documentado; transporte y comisiones pendientes";Comparación individual pendiente
"WADFOW REMACHADOR MANUAL 10.5"" WHR2610";460408;12000.0;7669.0;4331.0;36.09;321;"Costo base documentado; transporte y comisiones pendientes";Comparación individual pendiente
TOTAL JUEGO DE CAJA DE HERRAMIENTAS THPTCS71621 162PCS;381710;27000.0;17336.0;9664.0;35.79;34;"Costo base documentado; transporte y comisiones pendientes";Comparación individual pendiente
TOTAL MÁQUINA DE SOLDAR MAG/MIG /MMA /TIG 160A TMGT16058;14403;206400.0;132384.0;74016.0;35.86;272;"Costo base documentado; transporte y comisiones pendientes";Comparación individual pendiente
WADFOW GRIFO DE LAVABO WZD1516;469739;34300.0;22010.0;12290.0;35.83;91;"Costo base documentado; transporte y comisiones pendientes";Comparación individual pendiente
WADFOW PRENSA SARGENTO EN F WCP2123 120X500MM;469272;20000.0;12838.0;7162.0;35.81;183;"Costo base documentado; transporte y comisiones pendientes";Comparación individual pendiente
"TOTAL JUEGO DE DADOS CR-V 1/2"" 17PCS THT121171";532204;31900.0;20488.0;11412.0;35.77;145;"Costo base documentado; transporte y comisiones pendientes";Comparación individual pendiente
TOTAL HACHA THAX061600 600G;514880;15000.0;9588.0;5412.0;36.08;303;"Costo base documentado; transporte y comisiones pendientes";Comparación individual pendiente
WADFOW SOPLADOR ELECTRICO 400W WAB15401 220V;471176;42900.0;27514.0;15386.0;35.86;198;"Costo base documentado; transporte y comisiones pendientes";Comparación individual pendiente
WADFOW CINTA REFLECTIVA ROJO Y BLANCO TRÁNSITO 25MX50MM WPN5H5;490276;15800.0;10156.0;5644.0;35.72;293;"Costo base documentado; transporte y comisiones pendientes";Comparación individual pendiente
TOTAL BOTAS SEGURIDAD TSP202SB.41;417372;57200.0;36683.0;20517.0;35.87;247;"Costo base documentado; transporte y comisiones pendientes";Comparación individual pendiente
TOTAL LAMINA TICO TAC51101D P/MADERA;340106;17200.0;11032.0;6168.0;35.86;331;"Costo base documentado; transporte y comisiones pendientes";Comparación individual pendiente
"WADFOW ALICATE DE CORTE DIAGONAL 7"" WPL3717";533317;9100.0;5838.0;3262.0;35.85;179;"Costo base documentado; transporte y comisiones pendientes";Comparación individual pendiente
TOTAL JUEGO DE HERRAMIENTAS MANUALES AISLADAS DE 16 PZS THKITH;472425;31900.0;20488.0;11412.0;35.77;330;"Costo base documentado; transporte y comisiones pendientes";Comparación individual pendiente
TOTAL BOTAS DE LLUVIA TSP302S1P.41;415552;59000.0;37824.0;21176.0;35.89;244;"Costo base documentado; transporte y comisiones pendientes";Comparación individual pendiente
TOTAL JUEGO DE DESTORNILLADORES CR-V THT250906 9PCS;367677;15700.0;10086.0;5614.0;35.76;146;"Costo base documentado; transporte y comisiones pendientes";Comparación individual pendiente
TOTAL SET DE HERRAMIENTAS 152PCS UTHKTHP31522;542098;460200.0;295131.0;165069.0;35.87;29;"Costo base documentado; transporte y comisiones pendientes";Comparación individual pendiente
WADFOW LLAVE COMBINADA CON RATCHET 24MM WSA5124;201797;5900.0;3782.0;2118.0;35.9;155;"Costo base documentado; transporte y comisiones pendientes";Comparación individual pendiente
WADFOW PULVERIZADOR FULMIGADOR 20L WKS1520;461252;52000.0;33332.0;18668.0;35.9;208;"Costo base documentado; transporte y comisiones pendientes";Comparación individual pendiente
TOTAL KIT LLAVE FENDA THT250604 4PCS;436632;8800.0;5674.0;3126.0;35.52;149;"Costo base documentado; transporte y comisiones pendientes";Comparación individual pendiente
"WADFOW LLAVE PARA TUBOS 10"" WPW7110";488617;9100.0;5838.0;3262.0;35.85;132;"Costo base documentado; transporte y comisiones pendientes";Comparación individual pendiente
WADFOW REMACHADOR MANUAL KIT WHR1909;460415;20800.0;13339.0;7461.0;35.87;321;"Costo base documentado; transporte y comisiones pendientes";Comparación individual pendiente
MEDICUBE SERUM FACIAL DEEP VITA C AMPOULE 14.5% (3UNID);;49400.0;;;;;Sin costo de compra documentado en este PDF;Comparación individual pendiente
WADFOW PISTOLA DE PINTURA WGA1561 1000CC;463904;27300.0;17509.0;9791.0;35.86;95;"Costo base documentado; transporte y comisiones pendientes";Comparación individual pendiente
TOTAL COMBO 2PCS LLAVE DE IMPACTO + LÁMPARA DE TRABAJO 20V UTO;104449;221000.0;141730.0;79270.0;35.87;53;"Costo base documentado; transporte y comisiones pendientes";Comparación individual pendiente
WADFOW ESCALERA DE 5 PELDAÑOS 150KG WLD1H05;489980;101400.0;65029.0;36371.0;35.87;164;"Costo base documentado; transporte y comisiones pendientes";Comparación individual pendiente
TOTAL JUEGO DE CINCELES PLANO Y REDONDOS 12PCS THT42K1201;340557;17200.0;11032.0;6168.0;35.86;329;"Costo base documentado; transporte y comisiones pendientes";Comparación individual pendiente
TOTAL JUEGO DE BROCAS 12 PCS TACSDL11206;536523;15700.0;10086.0;5614.0;35.76;15;"Costo base documentado; transporte y comisiones pendientes";Comparación individual pendiente
TOTAL BOMBA DE AGUA POZO TWP515001-SB CONTROL;381246;172000.0;110320.0;61680.0;35.86;200;"Costo base documentado; transporte y comisiones pendientes";Comparación individual pendiente
WADFOW CAJA FUERTE DIGITAL 50X35X33CM WEB1550;461436;41800.0;26792.0;15008.0;35.9;38;"Costo base documentado; transporte y comisiones pendientes";Comparación individual pendiente
"WADFOW ALICATE DE PRESION 10"" WLP9C10";537520;13800.0;8826.0;4974.0;36.04;192;"Costo base documentado; transporte y comisiones pendientes";Comparación individual pendiente
TOTAL CAPA DE LLUVIA THTRS031.XL;341059;26000.0;16658.0;9342.0;35.93;247;"Costo base documentado; transporte y comisiones pendientes";Comparación individual pendiente
TOTAL BOMBA DE AGUA UTWP37501 1HP 750W 110V;239813;122800.0;78784.0;44016.0;35.84;197;"Costo base documentado; transporte y comisiones pendientes";Comparación individual pendiente
WADFOW JUEGO DE BROCA 9PCS WTD6B01;463539;15700.0;10086.0;5614.0;35.76;17;"Costo base documentado; transporte y comisiones pendientes";Comparación individual pendiente
TOTAL AMOLADORA 20V UTAGLI211541 MOTOR SIN ESCOBILLAS;519533;152400.0;97712.0;54688.0;35.88;44;"Costo base documentado; transporte y comisiones pendientes";Comparación individual pendiente
TOTAL EXTENSION ELECTRICA THES03041V;437455;32500.0;20844.0;11656.0;35.86;303;"Costo base documentado; transporte y comisiones pendientes";Comparación individual pendiente
WADFOW CANDADO COMBINADO DE LATÓN DE 3 DIGITOS WPD3423;537735;7200.0;4586.0;2614.0;36.31;90;"Costo base documentado; transporte y comisiones pendientes";Comparación individual pendiente
TOTAL COMBO HERRAMIENTAS 20V 4PCS TOSLI250782;501873;486600.0;312048.0;174552.0;35.87;327;"Costo base documentado; transporte y comisiones pendientes";Comparación individual pendiente
TOTAL ATORNILLADOR 4V CARGA USB TSDLI0442;3407;157300.0;100864.0;56436.0;35.88;59;"Costo base documentado; transporte y comisiones pendientes";Comparación individual pendiente
TOTAL LLAVE Y THYSW101214 10X12X14MM;456487;9100.0;5838.0;3262.0;35.85;112;"Costo base documentado; transporte y comisiones pendientes";Comparación individual pendiente
TOTAL ATORNILLADOR TDLI12325 2BAT LI-ION 12VOL;415774;95800.0;61464.0;34336.0;35.84;66;"Costo base documentado; transporte y comisiones pendientes";Comparación individual pendiente
WADFOW GATO DE TRANSMICION WHJ2Q05;463379;949000.0;608604.0;340396.0;35.87;222;"Costo base documentado; transporte y comisiones pendientes";Comparación individual pendiente
TOTAL CANDADO 90MM TLK32903 609G;341165;35100.0;22512.0;12588.0;35.86;87;"Costo base documentado; transporte y comisiones pendientes";Comparación individual pendiente
TOTAL COMPACTADORA GASOLINA 90KG TP7100-2;458801;17200.0;11032.0;6168.0;35.86;328;"Costo base documentado; transporte y comisiones pendientes";Comparación individual pendiente
TOTAL SIERRA SABLE TRSLI1151 LI-ION;380928;127800.0;81952.0;45848.0;35.87;266;"Costo base documentado; transporte y comisiones pendientes";Comparación individual pendiente
TOTAL COMBO 3 EN 1 PISTOLA + MULTÍMETRO + SOLDADOR TTCK250716;336055;47400.0;30429.0;16971.0;35.8;268;"Costo base documentado; transporte y comisiones pendientes";Comparación individual pendiente
"TOTAL LIJADORA ROTATIVA 5"" 320W TF2131256";553452;108100.0;69344.0;38756.0;35.85;217;"Costo base documentado; transporte y comisiones pendientes";Comparación individual pendiente
WADFOW COMPRESOR DE AIRE PORTÁTIL 160PSI WAAC511;538084;78000.0;50006.0;27994.0;35.89;96;"Costo base documentado; transporte y comisiones pendientes";Comparación individual pendiente
TOTAL MARTILLO PARA CARROCERIA 7PCS TBAFO712;490900;93600.0;60027.0;33573.0;35.87;160;"Costo base documentado; transporte y comisiones pendientes";Comparación individual pendiente
WADFOW SIERRA SABLE 750W WRS15752 220V;615174;127400.0;81703.0;45697.0;35.87;257;"Costo base documentado; transporte y comisiones pendientes";Comparación individual pendiente
"WADFOW BOLSA DE HERRAMIENTAS 19"" 25 BOLSILLOS WTG3120";542258;39000.0;25011.0;13989.0;35.87;29;"Costo base documentado; transporte y comisiones pendientes";Comparación individual pendiente
TOTAL BOTAS DE LLUVIA TSP302L.42;340984;23400.0;15007.0;8393.0;35.87;245;"Costo base documentado; transporte y comisiones pendientes";Comparación individual pendiente
"TOTAL ATORNILLADOR DE IMPACTO 20V HEXAGONAL 1/4"" TIRLI2023";436182;200200.0;128390.0;71810.0;35.87;52;"Costo base documentado; transporte y comisiones pendientes";Comparación individual pendiente
"WADFOW LLAVE PARA TUBOS 14"" WPW7114";488624;15600.0;10004.0;5596.0;35.87;132;"Costo base documentado; transporte y comisiones pendientes";Comparación individual pendiente
TOTAL KIT LLAVE FENDA THKISD1201 12PCS;436793;52000.0;33332.0;18668.0;35.9;111;"Costo base documentado; transporte y comisiones pendientes";Comparación individual pendiente
WADFOW CERRADURA ELÉCTRICA 600MM WKLZ512;505871;59800.0;38350.0;21450.0;35.87;88;"Costo base documentado; transporte y comisiones pendientes";Comparación individual pendiente
TOTAL GATO HIDRÁULICO DE PISO 2TON 450MM THT101021;28011;13800.0;8826.0;4974.0;36.04;143;"Costo base documentado; transporte y comisiones pendientes";Comparación individual pendiente
"TOTAL SIERRA POLICORTE TS223558 14"" 2200W";512695;137600.0;88256.0;49344.0;35.86;265;"Costo base documentado; transporte y comisiones pendientes";Comparación individual pendiente
TOTAL MARTILLO ROTATIVO 1800WTH118366 SDS PLUS 220V;312080;235900.0;151296.0;84604.0;35.86;280;"Costo base documentado; transporte y comisiones pendientes";Comparación individual pendiente
TOTAL MACACON DE TRABAJO TSP6033.XL;228817;57200.0;36683.0;20517.0;35.87;240;"Costo base documentado; transporte y comisiones pendientes";Comparación individual pendiente
TOTAL SIERRA CIRCULAR 20V 185MM TSLI18513;232111;312000.0;200089.0;111911.0;35.87;253;"Costo base documentado; transporte y comisiones pendientes";Comparación individual pendiente
"TOTAL ALICATES COMBINADOS MULTIFUNCIÓN 8 EN 1 THTMF186 8""";521161;11800.0;7565.0;4235.0;35.89;188;"Costo base documentado; transporte y comisiones pendientes";Comparación individual pendiente
TOTAL ALICATE PELACABLE THT15851 215MM;341431;7800.0;4986.0;2814.0;36.08;104;"Costo base documentado; transporte y comisiones pendientes";Comparación individual pendiente
"WADFOW VÁLVULA DE RETENCIÓN TIPO HORIZONTAL 1"" WVV6851";470759;26000.0;16674.0;9326.0;35.87;92;"Costo base documentado; transporte y comisiones pendientes";Comparación individual pendiente
TOTAL REMACHADORA LI-ION TRTLI2005 20V;486170;12300.0;7880.0;4420.0;35.93;187;"Costo base documentado; transporte y comisiones pendientes";Comparación individual pendiente
WADFOW AMOLADORA 20V 1150W WLAP25292;613798;260000.0;166725.0;93275.0;35.88;43;"Costo base documentado; transporte y comisiones pendientes";Comparación individual pendiente
MEDICUBE NUMBUZIN;;36400.0;;;;;Sin costo de compra documentado en este PDF;Comparación individual pendiente
TOTAL CINTA METRICA TMT11206 20METRO;381864;3900.0;2522.0;1378.0;35.33;231;"Costo base documentado; transporte y comisiones pendientes";Comparación individual pendiente
WADFOW JUEGO DE 45 PUNTAS DE DESTORNILLADOR WSS8B45;469128;21400.0;13755.0;7645.0;35.72;127;"Costo base documentado; transporte y comisiones pendientes";Comparación individual pendiente
TOTAL PRENSA SARGENTO F THT1320502 50X200;367707;13800.0;8826.0;4974.0;36.04;153;"Costo base documentado; transporte y comisiones pendientes";Comparación individual pendiente
"TOTAL PISTOLA DE SILICONA ALUMINIO 12"" THT20112";341486;36900.0;23640.0;13260.0;35.93;152;"Costo base documentado; transporte y comisiones pendientes";Comparación individual pendiente
TOTAL PRESURIZADOR TWPS101 10BAR-10AM;436342;17200.0;11032.0;6168.0;35.86;332;"Costo base documentado; transporte y comisiones pendientes";Comparación individual pendiente
TOTAL BOMBA DE AGUA POZO 1HP 750W 80M UTWP57506;381215;517400.0;331814.0;185586.0;35.87;196;"Costo base documentado; transporte y comisiones pendientes";Comparación individual pendiente
WADFOW NIVEL BURBUJA 200CM WSL1G200;462976;37700.0;24179.0;13521.0;35.86;229;"Costo base documentado; transporte y comisiones pendientes";Comparación individual pendiente
TOTAL JUEGO DE DESTORNILLADOR 55PCS TACSD30556;436717;26000.0;16658.0;9342.0;35.93;110;"Costo base documentado; transporte y comisiones pendientes";Comparación individual pendiente
WADFOW KIT DE HERRAMIENTAS 211PCS WHS3211;542210;1154400.0;740329.0;414071.0;35.87;310;"Costo base documentado; transporte y comisiones pendientes";Comparación individual pendiente
WADFOW JUEGO DE CINCELES PARA MADERA WWC2204 4PCS;460675;22100.0;14175.0;7925.0;35.86;127;"Costo base documentado; transporte y comisiones pendientes";Comparación individual pendiente
WADFOW CORTADOR AZULEJOS 1000MM WTR1510;528498;12300.0;7880.0;4420.0;35.93;193;"Costo base documentado; transporte y comisiones pendientes";Comparación individual pendiente
"VICTORIA&#039;S SECRET LOCAO VICTORIA&#039;S SECRET LOVE SPELL VACATION 236ML";;31200.0;;;;;Sin costo de compra documentado en este PDF;Comparación individual pendiente
TOTAL COMPRESOR DE AIRE 50L TCS1120508;553292;368600.0;236400.0;132200.0;35.87;96;"Costo base documentado; transporte y comisiones pendientes";Comparación individual pendiente
TOTAL SET CINCELES PARA MADERA 4PCS THT41K0401;465373;17200.0;11032.0;6168.0;35.86;332;"Costo base documentado; transporte y comisiones pendientes";Comparación individual pendiente
TOTAL MEDIDOR LASER THIT015501;397094;31900.0;20488.0;11412.0;35.77;232;"Costo base documentado; transporte y comisiones pendientes";Comparación individual pendiente
WADFOW MARTILLO DE LAPIDACIÓN WHM2310 1000G;528276;11100.0;7086.0;4014.0;36.16;166;"Costo base documentado; transporte y comisiones pendientes";Comparación individual pendiente
TOTAL ATORNILLADOR 16.8V TDLI1611 LITHUM BIV;397209;157300.0;100864.0;56436.0;35.88;63;"Costo base documentado; transporte y comisiones pendientes";Comparación individual pendiente
WADFOW CORTASETOS 20V WLYP5181;613842;148200.0;95042.0;53158.0;35.87;208;"Costo base documentado; transporte y comisiones pendientes";Comparación individual pendiente
TOTAL GENERADOR DE ENERGIA GASOLINA TP18001 0.8 KVA;239745;884700.0;567360.0;317340.0;35.87;100;"Costo base documentado; transporte y comisiones pendientes";Comparación individual pendiente
TOTAL JUEGO DE HERRAMIENTAS AISLADAS THKIST3062 6PCS;527729;31900.0;20488.0;11412.0;35.77;329;"Costo base documentado; transporte y comisiones pendientes";Comparación individual pendiente
WADFOW JUEGO DE DESTORNILLADORES DE MATERIAL CV-R WSS1416 16PC;488549;15700.0;10086.0;5614.0;35.76;156;"Costo base documentado; transporte y comisiones pendientes";Comparación individual pendiente
WADFOW KIT LLAVE COMBINADA WDS2208 8PZ;460699;20800.0;13339.0;7461.0;35.87;128;"Costo base documentado; transporte y comisiones pendientes";Comparación individual pendiente
TOTAL HOJA DE SIEDRRA DE CALAR PARA METAL TAC51118B;316835;137600.0;88256.0;49344.0;35.86;261;"Costo base documentado; transporte y comisiones pendientes";Comparación individual pendiente
TOTAL AMOLADORA TG1121256 1010W;338332;118000.0;75648.0;42352.0;35.89;47;"Costo base documentado; transporte y comisiones pendientes";Comparación individual pendiente
TOTAL TALADRO DE IMPACTO 42V 99NM UTIDLI429982;576109;270400.0;173410.0;96990.0;35.87;55;"Costo base documentado; transporte y comisiones pendientes";Comparación individual pendiente
TOTAL HIDROLAVADORA TGT11356 1800W 2200PSI;381345;324400.0;208032.0;116368.0;35.87;202;"Costo base documentado; transporte y comisiones pendientes";Comparación individual pendiente
TOTAL CHALECO PARA HERRAMIENTAS 42X60X3CM TTVT16025;512350;31200.0;20009.0;11191.0;35.87;238;"Costo base documentado; transporte y comisiones pendientes";Comparación individual pendiente
WADFOW KIT LLAVE COMBINADA WSP5207 7PCS C/TRINQUETE FLEXIBLE;460736;44200.0;28346.0;15854.0;35.87;129;"Costo base documentado; transporte y comisiones pendientes";Comparación individual pendiente
WADFOW BROCA ESCALONADA HSS KIT 3PCS WJD3401;463638;31200.0;20009.0;11191.0;35.87;12;"Costo base documentado; transporte y comisiones pendientes";Comparación individual pendiente
TOTAL SIERRA MÁRMOL 1400W UTS3141102;239684;119600.0;76701.0;42899.0;35.87;255;"Costo base documentado; transporte y comisiones pendientes";Comparación individual pendiente
TOTAL ATORNILLADOR -TALADRO CON FUNCION DE IMPACTO 20V UTIDLI2;486064;137600.0;88256.0;49344.0;35.86;59;"Costo base documentado; transporte y comisiones pendientes";Comparación individual pendiente
TOTAL COMPRESOR DE AIRE 50L TC255016;230537;371800.0;238439.0;133361.0;35.87;94;"Costo base documentado; transporte y comisiones pendientes";Comparación individual pendiente
TOTAL GATO HIDRÁULICO THT10832 3 TON;441032;13800.0;8826.0;4974.0;36.04;144;"Costo base documentado; transporte y comisiones pendientes";Comparación individual pendiente
WADFOW CAJA DE ALMACENAMIENTO WTB8346;488914;17200.0;11032.0;6168.0;35.86;337;"Costo base documentado; transporte y comisiones pendientes";Comparación individual pendiente
TOTAL KIT ALICATE 3PCS DE ACCIÓN COMPUESTA THT2CK231S;502207;42300.0;27095.0;15205.0;35.95;173;"Costo base documentado; transporte y comisiones pendientes";Comparación individual pendiente
TOTAL LIJADORA DE PARED TDWS10508 850W;531566;182000.0;116703.0;65297.0;35.88;214;"Costo base documentado; transporte y comisiones pendientes";Comparación individual pendiente
TOTAL GUANTE TSP12104-L;437486;18200.0;11672.0;6528.0;35.87;239;"Costo base documentado; transporte y comisiones pendientes";Comparación individual pendiente
WADFOW LLAVE MULTIFUNCIÓN 16 IN 1 WHK4516;543095;8800.0;5674.0;3126.0;35.52;159;"Costo base documentado; transporte y comisiones pendientes";Comparación individual pendiente
WADFOW JUEGO DE PUNTOS DE DESTORNILLADOR DE TRINQUETE WSS8B05;542647;19800.0;12671.0;7129.0;36.01;128;"Costo base documentado; transporte y comisiones pendientes";Comparación individual pendiente
TOTAL LLAVE DE TORSIÓN THPTW200N2;437011;8800.0;5674.0;3126.0;35.52;151;"Costo base documentado; transporte y comisiones pendientes";Comparación individual pendiente
TOTAL NIVEL DE BURBUJA MAGNETICO TMT212026 120CM;437264;13800.0;8826.0;4974.0;36.04;233;"Costo base documentado; transporte y comisiones pendientes";Comparación individual pendiente
TOTAL MARTILLO DE TRINEO THT750416 10LB 900MM;456210;62900.0;40352.0;22548.0;35.85;115;"Costo base documentado; transporte y comisiones pendientes";Comparación individual pendiente
WADFOW ALICATES FUNCIONALES ERGONÓMICO 3PCS WPS0413;542814;33800.0;21676.0;12124.0;35.87;175;"Costo base documentado; transporte y comisiones pendientes";Comparación individual pendiente
WADFOW CORTADOR AZULEJOS 1200MM WTR3512;528528;12300.0;7880.0;4420.0;35.93;193;"Costo base documentado; transporte y comisiones pendientes";Comparación individual pendiente
TOTAL MULTIPROBADOR TMT42002;437431;31900.0;20488.0;11412.0;35.77;233;"Costo base documentado; transporte y comisiones pendientes";Comparación individual pendiente
TOTAL NIVEL LASER TRIPODE DE ALUMINIO 1.2M TLLT01152;415538;137600.0;88256.0;49344.0;35.86;233;"Costo base documentado; transporte y comisiones pendientes";Comparación individual pendiente
WADFOW LLAVE TORX T9-T40 CR-V WHK3281;52023;6500.0;4170.0;2330.0;35.85;132;"Costo base documentado; transporte y comisiones pendientes";Comparación individual pendiente
"TOTAL TRINQUETE 20V DE 3/8"" 65NM TDRLI2060151";486774;13800.0;8826.0;4974.0;36.04;154;"Costo base documentado; transporte y comisiones pendientes";Comparación individual pendiente
WADFOW JUEGO DE ACCESORIO DE BAÑO WZG1516;469975;68900.0;44188.0;24712.0;35.87;318;"Costo base documentado; transporte y comisiones pendientes";Comparación individual pendiente
TOTAL CEPILLADORA ESPESOR DE MADERA 1500W TTKP15001;531573;17200.0;11032.0;6168.0;35.86;326;"Costo base documentado; transporte y comisiones pendientes";Comparación individual pendiente
TOTAL JUEGO DE BROCHAS PARA PINTURA 3PCS THT8450301;536592;13800.0;8826.0;4974.0;36.04;136;"Costo base documentado; transporte y comisiones pendientes";Comparación individual pendiente
TOTAL MARTILLO ROTATIVO 20V TRHLI212282;564830;270400.0;173410.0;96990.0;35.87;275;"Costo base documentado; transporte y comisiones pendientes";Comparación individual pendiente
TOTAL TECLE DE CADENA 0.75 TONELADAS 1.5M THSLB0751;487719;181400.0;116302.0;65098.0;35.89;222;"Costo base documentado; transporte y comisiones pendientes";Comparación individual pendiente
"TOTAL ATORNILLADOR 3/8"" 20V UTDLI200518-9";486705;130000.0;83370.0;46630.0;35.87;51;"Costo base documentado; transporte y comisiones pendientes";Comparación individual pendiente
TOTAL TALADRO 12V TDLI12206 2 VELOCIDADES;380980;71300.0;45704.0;25596.0;35.9;283;"Costo base documentado; transporte y comisiones pendientes";Comparación individual pendiente
"TOTAL MOTOSIERRA 20V 8"" UTGSLI20882";164764;46700.0;29944.0;16756.0;35.88;210;"Costo base documentado; transporte y comisiones pendientes";Comparación individual pendiente
WADFOW EXTRACTOR DE INYECTORES DIESEL WGP5D01;614009;31700.0;20343.0;11357.0;35.83;309;"Costo base documentado; transporte y comisiones pendientes";Comparación individual pendiente
"TOTAL LLAVE DE IMPACTO 1/2"" CON ENCAJE 1/4 "" 20V 230NM TIWLI20";60790;8800.0;5674.0;3126.0;35.52;69;"Costo base documentado; transporte y comisiones pendientes";Comparación individual pendiente
TOTAL CINTA METRICA TMT710506 50METRO;381888;3900.0;2522.0;1378.0;35.33;231;"Costo base documentado; transporte y comisiones pendientes";Comparación individual pendiente
"TOTAL BOLSA DE HERRAMIENTAS 16"" THT16163";444149;13800.0;8826.0;4974.0;36.04;140;"Costo base documentado; transporte y comisiones pendientes";Comparación individual pendiente
TOTAL KIT DE MÁQUINA VIBRADORA INALÁMBRICA PARA AZULEJOS TTVLI;553667;17200.0;11032.0;6168.0;35.86;330;"Costo base documentado; transporte y comisiones pendientes";Comparación individual pendiente
WADFOW ESCALERA TELESCÓPICA DE ALUMINIO 6 ESCALONES 150KG WLD5;490047;143000.0;91707.0;51293.0;35.87;162;"Costo base documentado; transporte y comisiones pendientes";Comparación individual pendiente
TOTAL JARDIN PISTOLA DE AGUA THZATN1031;417556;23600.0;15139.0;8461.0;35.85;304;"Costo base documentado; transporte y comisiones pendientes";Comparación individual pendiente
WADFOW ESCALERA ALUMINIO 3 ESCALONES 120KG WLD3H03;490009;72800.0;46687.0;26113.0;35.87;164;"Costo base documentado; transporte y comisiones pendientes";Comparación individual pendiente
TOTAL MARTILLO PERFORADOR 20V 35MM TDBLI203582;509992;460200.0;295131.0;165069.0;35.87;275;"Costo base documentado; transporte y comisiones pendientes";Comparación individual pendiente
TOTAL MARTILLO UTH115362 1500W SDS PLUS;270274;10800.0;6934.0;3866.0;35.8;282;"Costo base documentado; transporte y comisiones pendientes";Comparación individual pendiente
TOTAL KIT DESTORNILLADOR 8 PCS TKSDS0846;144650;16900.0;10840.0;6060.0;35.86;111;"Costo base documentado; transporte y comisiones pendientes";Comparación individual pendiente
WADFOW GATO HIDRÁULICO 32T WHJ1532;470926;59000.0;37824.0;21176.0;35.89;224;"Costo base documentado; transporte y comisiones pendientes";Comparación individual pendiente
WADFOW JUEGO DE EXTRACTORES DE EQUILIBRADOR ARMANONICO WGP8K13;542968;14300.0;9172.0;5128.0;35.86;318;"Costo base documentado; transporte y comisiones pendientes";Comparación individual pendiente
"WADFOW CAMILLA PARA MECÁNICO 36"" WCCP0365";112963;17200.0;11032.0;6168.0;35.86;337;"Costo base documentado; transporte y comisiones pendientes";Comparación individual pendiente
TOTAL ATORNILLADOR 20V UTDLI20012;442817;93400.0;59888.0;33512.0;35.88;65;"Costo base documentado; transporte y comisiones pendientes";Comparación individual pendiente
TOTAL PISTOLA DE PINTURA TAT10601 HVLP;300773;221200.0;141840.0;79360.0;35.88;98;"Costo base documentado; transporte y comisiones pendientes";Comparación individual pendiente
TOTAL JUEGO CUCHILLO 22PCS THT515226;532389;13800.0;8826.0;4974.0;36.04;144;"Costo base documentado; transporte y comisiones pendientes";Comparación individual pendiente
TOTAL KIT COMBINADO INALÁMBRICO 20V TOSLI240461;512503;319500.0;204880.0;114620.0;35.87;330;"Costo base documentado; transporte y comisiones pendientes";Comparación individual pendiente
"TOTAL CAJA DE HERRAMIENTAS DE PLÁSTICO 12"" TPBX1121";486507;27000.0;17336.0;9664.0;35.79;32;"Costo base documentado; transporte y comisiones pendientes";Comparación individual pendiente
WADFOW GENERADOR A GASOLINA 800W WGEAA01;489249;466900.0;299440.0;167460.0;35.87;100;"Costo base documentado; transporte y comisiones pendientes";Comparación individual pendiente
TOTAL CUCHILLAS MULTIHERRAMIENTAS 23PCS TAKTMT2301;518703;70200.0;45020.0;25180.0;35.87;18;"Costo base documentado; transporte y comisiones pendientes";Comparación individual pendiente
TOTAL SIERRA SABLE UTS100801 800W;239462;127800.0;81952.0;45848.0;35.87;266;"Costo base documentado; transporte y comisiones pendientes";Comparación individual pendiente
TOTAL TALADRO DE IMPACTO 55NM 20V TIDLI205581;529105;85800.0;55024.0;30776.0;35.87;56;"Costo base documentado; transporte y comisiones pendientes";Comparación individual pendiente
TOTAL DETECTOR DE VOLTAJE 12V THT210003;527767;13800.0;8826.0;4974.0;36.04;135;"Costo base documentado; transporte y comisiones pendientes";Comparación individual pendiente
TOTAL TALADRO DIAMANTE MAGNÉTICO 2800W TDDM28001;415156;118000.0;75648.0;42352.0;35.89;284;"Costo base documentado; transporte y comisiones pendientes";Comparación individual pendiente
TOTAL TIJERAS P/PODA THT1527101;437561;27200.0;17424.0;9776.0;35.94;120;"Costo base documentado; transporte y comisiones pendientes";Comparación individual pendiente
TOTAL TALADRO DE IMPACTO 42V MOTOR SIN ESCOBILLAS TIDLI429982;564960;270400.0;173410.0;96990.0;35.87;56;"Costo base documentado; transporte y comisiones pendientes";Comparación individual pendiente
TOTAL HIDROLAVADORA 2800W 2600PSI TGT11266;446273;699400.0;448533.0;250867.0;35.87;197;"Costo base documentado; transporte y comisiones pendientes";Comparación individual pendiente
WADFOW MARTILLO DE LAPIDACIÓN WMB2310 1000G;460491;10700.0;6837.0;3863.0;36.1;166;"Costo base documentado; transporte y comisiones pendientes";Comparación individual pendiente
WADFOW JUEGO DE DESTORNILLADORES DE IMPACTO WYM1B13 13PCS;489393;31800.0;20425.0;11375.0;35.77;58;"Costo base documentado; transporte y comisiones pendientes";Comparación individual pendiente
TOTAL KIT HERRAMIENTAS THKTHP22166 216PCS;486491;41800.0;26792.0;15008.0;35.9;35;"Costo base documentado; transporte y comisiones pendientes";Comparación individual pendiente
WADFOW PISTOLA DE PINTURA WGA1501 100CC;461900;18800.0;12088.0;6712.0;35.7;96;"Costo base documentado; transporte y comisiones pendientes";Comparación individual pendiente
"TOTAL ALICATEDE PUNTA DOBLADA 8"" 200MM THT241808S";612487;11800.0;7565.0;4235.0;35.89;135;"Costo base documentado; transporte y comisiones pendientes";Comparación individual pendiente
TOTAL ATORNILLADOR 8V TSDLI0801 LITHIUM 2VOL;397186;157300.0;100864.0;56436.0;35.88;66;"Costo base documentado; transporte y comisiones pendientes";Comparación individual pendiente
WADFOW BOMBA DE AGUA SUMERGIBLE WWPQA01;471190;172000.0;110320.0;61680.0;35.86;204;"Costo base documentado; transporte y comisiones pendientes";Comparación individual pendiente
TOTAL SIERRA COPA DIAMANTE PARA HORMIGÓN 82MM TAC2810821;609852;187200.0;120053.0;67147.0;35.87;253;"Costo base documentado; transporte y comisiones pendientes";Comparación individual pendiente
"WADFOW ALICATE DE PUNTA LARGA DE ALTO APALANCAMIENTO 8"" WPL271";533348;8400.0;5418.0;2982.0;35.5;179;"Costo base documentado; transporte y comisiones pendientes";Comparación individual pendiente
"WADFOW DADO HEXAGONAL 3/4"" 50MM WSC4550";2530;15600.0;10004.0;5596.0;35.87;125;"Costo base documentado; transporte y comisiones pendientes";Comparación individual pendiente
TOTAL JUEGO DE LLAVES CON TRINQUETE 12PCS THT102RK0126;536646;59000.0;37824.0;21176.0;35.89;146;"Costo base documentado; transporte y comisiones pendientes";Comparación individual pendiente
WADFOW SET DE ENFERDADO MANUAL 16MM WHS2621;538725;70200.0;45020.0;25180.0;35.87;323;"Costo base documentado; transporte y comisiones pendientes";Comparación individual pendiente
TOTAL SOLDADOR ELECTRICO CON CONTROL DE TEMPERATURA 90W TET016;22064;19500.0;12507.0;6993.0;35.86;269;"Costo base documentado; transporte y comisiones pendientes";Comparación individual pendiente
WADFOW SELLADOR DE PLÁSTICO WXY1003;542289;52000.0;33348.0;18652.0;35.87;322;"Costo base documentado; transporte y comisiones pendientes";Comparación individual pendiente
WADFOW NIVEL DE BURBUJA 80CM WSL1G80;538565;13800.0;8826.0;4974.0;36.04;236;"Costo base documentado; transporte y comisiones pendientes";Comparación individual pendiente
TOTAL PORTA ESPUMA PARA HIDROLAVADORA TMFP402;531795;216300.0;138688.0;77612.0;35.88;202;"Costo base documentado; transporte y comisiones pendientes";Comparación individual pendiente
TOTAL CAJA DE HERRAMIENTAS DE PLÁSTICO 3PCS TPBXK0032;486521;27000.0;17336.0;9664.0;35.79;32;"Costo base documentado; transporte y comisiones pendientes";Comparación individual pendiente
WADFOW ROTOMARTILLO 1500W UWRH2D32;506076;270300.0;173360.0;96940.0;35.86;285;"Costo base documentado; transporte y comisiones pendientes";Comparación individual pendiente
Karseell MASCARA CAPILAR KARSEELL MACA POWER PURPLE HAIR MASK;;26000.0;;;;;Sin costo de compra documentado en este PDF;Comparación individual pendiente
TOTAL CHAQUETA TJCTC2282.XL;437509;17200.0;11032.0;6168.0;35.86;326;"Costo base documentado; transporte y comisiones pendientes";Comparación individual pendiente
WADFOW JUEGO DE BROCAS PARA MAMPOSTERIA 8PCS WMJ6B08;471121;15700.0;10086.0;5614.0;35.76;16;"Costo base documentado; transporte y comisiones pendientes";Comparación individual pendiente
TOTAL ALICATE PARA SOLDADURA THT1921001;340267;8800.0;5674.0;3126.0;35.52;135;"Costo base documentado; transporte y comisiones pendientes";Comparación individual pendiente
TOTAL COMBO 3PCS INALÁMBRICA TOSLI241291;529174;368600.0;236400.0;132200.0;35.87;326;"Costo base documentado; transporte y comisiones pendientes";Comparación individual pendiente
TOTAL PULIDORA AMORTIGUAR TAC7121801;346153;118000.0;75648.0;42352.0;35.89;48;"Costo base documentado; transporte y comisiones pendientes";Comparación individual pendiente
TOTAL BOTAS DE LLUVIA TSP302S1P.44;415576;59000.0;37824.0;21176.0;35.89;245;"Costo base documentado; transporte y comisiones pendientes";Comparación individual pendiente
WADFOW ASPIRADORA 15LT 1200W SECO-HUMEDO WVR1A15;18029;137600.0;88256.0;49344.0;35.86;204;"Costo base documentado; transporte y comisiones pendientes";Comparación individual pendiente
TOTAL MEDIDOR DE PINZA AMPERIMÉTRICA AC 600A TMT766001;526203;48800.0;31265.0;17535.0;35.93;171;"Costo base documentado; transporte y comisiones pendientes";Comparación individual pendiente
WADFOW GRIFO DE COCINA WZD1526;469791;42900.0;27514.0;15386.0;35.86;89;"Costo base documentado; transporte y comisiones pendientes";Comparación individual pendiente
TOTAL KIT SIERRA COPA TACSH1071;455374;137600.0;88256.0;49344.0;35.86;261;"Costo base documentado; transporte y comisiones pendientes";Comparación individual pendiente
TOTAL COMBO 4PCS 20V TOSLI250993;288750;486600.0;312048.0;174552.0;35.87;327;"Costo base documentado; transporte y comisiones pendientes";Comparación individual pendiente
TOTAL COMBO 4PCS BOLSAS TOS230910;553308;486600.0;312048.0;174552.0;35.87;327;"Costo base documentado; transporte y comisiones pendientes";Comparación individual pendiente
KARSEELL BNC ARGAN OIL LEAVE IN CONDITIONER 200ML;;26000.0;;;;;Sin costo de compra documentado en este PDF;Comparación individual pendiente
TOTAL ATORNILLADOR TALADRO 20V UTDLI200528;486057;93400.0;59888.0;33512.0;35.88;60;"Costo base documentado; transporte y comisiones pendientes";Comparación individual pendiente
TOTAL COMBO LLAVE DE IMPACTO +PUNTAS TOSLI250784;36436;244400.0;156736.0;87664.0;35.87;53;"Costo base documentado; transporte y comisiones pendientes";Comparación individual pendiente
TOTAL VIBRADOR DE CONCRETO 20V TCVLI202301;41621;17200.0;11032.0;6168.0;35.86;325;"Costo base documentado; transporte y comisiones pendientes";Comparación individual pendiente
TOTAL ACCESORIOS PARA AMOLADORA 10PCS TAKB1001;487429;87500.0;56106.0;31394.0;35.88;45;"Costo base documentado; transporte y comisiones pendientes";Comparación individual pendiente
TOTAL TALADRO 1/2 UTG108136 750W;312035;63900.0;40976.0;22924.0;35.87;283;"Costo base documentado; transporte y comisiones pendientes";Comparación individual pendiente
TOTAL MINI RECTIFICADOR 130W 252PCS TG5133261;312158;118000.0;75648.0;42352.0;35.89;48;"Costo base documentado; transporte y comisiones pendientes";Comparación individual pendiente
TOTAL KIT HERRAMIENTA THKTV02H091 9PCS;436786;17200.0;11032.0;6168.0;35.86;330;"Costo base documentado; transporte y comisiones pendientes";Comparación individual pendiente
TOTAL SOPLADOR/ASPIRADOR 20V TABLI20323 S/B;501941;186800.0;119776.0;67024.0;35.88;203;"Costo base documentado; transporte y comisiones pendientes";Comparación individual pendiente
WADFOW JUEGO DE LLAVES 27 PCS HEX/BALL/TORX WHK5203;3926;59000.0;37824.0;21176.0;35.89;157;"Costo base documentado; transporte y comisiones pendientes";Comparación individual pendiente
TOTAL ATORNILLADOR 20V TIDLI20031;442862;137600.0;88256.0;49344.0;35.86;65;"Costo base documentado; transporte y comisiones pendientes";Comparación individual pendiente
TOTAL SOPLADOR SIN ESCOBILLAS 20V TABLI20428;417273;186800.0;119776.0;67024.0;35.88;203;"Costo base documentado; transporte y comisiones pendientes";Comparación individual pendiente
"TOTAL BOLSA DE HERRAMIENTAS 27"" THRRTB2712";584210;41800.0;26792.0;15008.0;35.9;32;"Costo base documentado; transporte y comisiones pendientes";Comparación individual pendiente
TOTAL KIT JARDINERIA A GASOLINA 5 EN 1 TMT55211;512275;17200.0;11032.0;6168.0;35.86;331;"Costo base documentado; transporte y comisiones pendientes";Comparación individual pendiente
WADFOW JUEGO DE HERRAMIENTAS 109PCS WHS2109;56304;260000.0;166725.0;93275.0;35.88;318;"Costo base documentado; transporte y comisiones pendientes";Comparación individual pendiente
TOTAL KIT HERRAMIENTAS TKTTSK0512 51PCS;417327;171600.0;110049.0;61551.0;35.87;304;"Costo base documentado; transporte y comisiones pendientes";Comparación individual pendiente
TOTAL BOTAS DE LLUVIA TSP302LAB.42;512466;59000.0;37824.0;21176.0;35.89;244;"Costo base documentado; transporte y comisiones pendientes";Comparación individual pendiente
TOTAL FRESA ROTATIVA DE CARBURO METAL TAKC1003;532358;13000.0;8337.0;4663.0;35.87;212;"Costo base documentado; transporte y comisiones pendientes";Comparación individual pendiente
WADFOW JUEGO DE LLAVES DE TRINQUETE 6PCS WSP6406;489348;31900.0;20488.0;11412.0;35.77;155;"Costo base documentado; transporte y comisiones pendientes";Comparación individual pendiente
TOTAL CONTROL BOMBA AUTOMATICA 750W UTWPS102;443142;35100.0;22512.0;12588.0;35.86;302;"Costo base documentado; transporte y comisiones pendientes";Comparación individual pendiente
TOTAL BOLSA DE HERRAMIENTA 10KG THT16P10125;532211;18800.0;12088.0;6712.0;35.7;29;"Costo base documentado; transporte y comisiones pendientes";Comparación individual pendiente
TOTAL SIERRA CIRCULAR 1400W TS11418526;201612;137600.0;88256.0;49344.0;35.86;260;"Costo base documentado; transporte y comisiones pendientes";Comparación individual pendiente
MEDICUBE CREME FACIAL PDRN PINK HYALURONIC MOISTURIZING CREAM 50;;33800.0;;;;;Sin costo de compra documentado en este PDF;Comparación individual pendiente
TOTAL TALADRO ATORNILLADOR INÁLAMBRICO 20V TDLI20024;449984;93400.0;59888.0;33512.0;35.88;71;"Costo base documentado; transporte y comisiones pendientes";Comparación individual pendiente
TOTAL MARTILLO MANGO FIBRA DE VIDRIO 29MM THCH61029;127547;10800.0;6934.0;3866.0;35.8;168;"Costo base documentado; transporte y comisiones pendientes";Comparación individual pendiente
TOTAL COMBO ACESORIOS PARA RECTIFICADOR TOS230331;512732;85800.0;55024.0;30776.0;35.87;40;"Costo base documentado; transporte y comisiones pendientes";Comparación individual pendiente
"TOTAL ATORNILLADOR 1/4"" 20V MOTOR BRUSHLESS UTIRLI2002";397223;122900.0;78800.0;44100.0;35.88;62;"Costo base documentado; transporte y comisiones pendientes";Comparación individual pendiente
TOTAL CAPA DE LLUVIA THTRS031.XXXL;341066;26000.0;16658.0;9342.0;35.93;247;"Costo base documentado; transporte y comisiones pendientes";Comparación individual pendiente
TOTAL KIT LLAVE FENDA THT250618 18PCS;341578;8800.0;5674.0;3126.0;35.52;149;"Costo base documentado; transporte y comisiones pendientes";Comparación individual pendiente
TOTAL LIJADORA ORBITAL DE PALMA TF2231106 240W;350860;108100.0;69344.0;38756.0;35.85;219;"Costo base documentado; transporte y comisiones pendientes";Comparación individual pendiente
TOTAL TIJERA PARA PODA/CORTA CERCO THT1516301;366618;27900.0;17891.0;10009.0;35.87;120;"Costo base documentado; transporte y comisiones pendientes";Comparación individual pendiente
WADFOW GATO HIDRÁULICO 2TONELADAS WHJ2522;505895;78000.0;50022.0;27978.0;35.87;223;"Costo base documentado; transporte y comisiones pendientes";Comparación individual pendiente
WADFOW CAJA FUERTE CON RECONOCIMIENTO DE HUELLAS DACTILARES 11;537766;41800.0;26792.0;15008.0;35.9;38;"Costo base documentado; transporte y comisiones pendientes";Comparación individual pendiente
WADFOW JUEGO DE LLAVES RATCHET REVERSIBLES 7PCS WSP8207;613958;31900.0;20488.0;11412.0;35.77;157;"Costo base documentado; transporte y comisiones pendientes";Comparación individual pendiente
TOTAL ROTOMARTILLO 20V TRHLI202287 2B 4A.H MOTOR SIN ESCOBILLA;529198;235900.0;151296.0;84604.0;35.86;282;"Costo base documentado; transporte y comisiones pendientes";Comparación individual pendiente
"WADFOW VENTILADOR AXIAL MÓVIL 8"" WGFJ2A08 220V";616744;17200.0;11032.0;6168.0;35.86;336;"Costo base documentado; transporte y comisiones pendientes";Comparación individual pendiente
TOTAL CUERDA 2T 3M THTWS0203;99592;17200.0;11032.0;6168.0;35.86;328;"Costo base documentado; transporte y comisiones pendientes";Comparación individual pendiente
TOTAL KIT DE CEPILLOS PARA HIDROLAVADORA 5PCS TMGF0501;521116;36400.0;23344.0;13056.0;35.87;197;"Costo base documentado; transporte y comisiones pendientes";Comparación individual pendiente
TOTAL COMBO TALADRO + LLAVE DE IMPACTO TCKLI20275;553841;319500.0;204880.0;114620.0;35.87;68;"Costo base documentado; transporte y comisiones pendientes";Comparación individual pendiente
TOTAL TALADRO 20V TDLI206681 66NM MOTOR SIN ESCOBILLAS;542050;122900.0;78800.0;44100.0;35.88;283;"Costo base documentado; transporte y comisiones pendientes";Comparación individual pendiente
TOTAL JUEGO DE RODILLO DE PINTURA 14 EN 1 THT862302;512381;13800.0;8826.0;4974.0;36.04;147;"Costo base documentado; transporte y comisiones pendientes";Comparación individual pendiente
TOTAL AMOLADORA ANGULAR TG11012526 1100W;381031;118000.0;75648.0;42352.0;35.89;45;"Costo base documentado; transporte y comisiones pendientes";Comparación individual pendiente
WADFOW CARRITO DE CARGA PLEGABLE 100KG WWB8A10;490368;78000.0;50006.0;27994.0;35.89;30;"Costo base documentado; transporte y comisiones pendientes";Comparación individual pendiente
TOTAL TECLE GRUA CADENA 3T X1.5M THSLB3001;531962;345800.0;221765.0;124035.0;35.87;222;"Costo base documentado; transporte y comisiones pendientes";Comparación individual pendiente
WADFOW SOPORTE PARA TALADRO PERFORACION WADS1509;460347;42900.0;27514.0;15386.0;35.86;277;"Costo base documentado; transporte y comisiones pendientes";Comparación individual pendiente
TOTAL MULTIMETRO DIGITAL TMT47503;437424;31900.0;20488.0;11412.0;35.77;233;"Costo base documentado; transporte y comisiones pendientes";Comparación individual pendiente
WADFOW COMPRESOR DE RESORTES HELICOIDALES 7PCS WHJ3D07;614023;288600.0;185082.0;103518.0;35.87;95;"Costo base documentado; transporte y comisiones pendientes";Comparación individual pendiente
TOTAL CANDADO 70MM TLK32703 411G;341158;26600.0;17090.0;9510.0;35.75;87;"Costo base documentado; transporte y comisiones pendientes";Comparación individual pendiente
TOTAL FRESA 8MM TACSR1121 12PCS;317245;45800.0;29345.0;16455.0;35.93;213;"Costo base documentado; transporte y comisiones pendientes";Comparación individual pendiente
TOTAL CORTADOR DE AZULEJOS 1200MM THT12001;122856;13800.0;8826.0;4974.0;36.04;140;"Costo base documentado; transporte y comisiones pendientes";Comparación individual pendiente
TOTAL RODILLERAS 215X180MM THKPT0201;512480;17200.0;11032.0;6168.0;35.86;332;"Costo base documentado; transporte y comisiones pendientes";Comparación individual pendiente
WADFOW SIERRA CIRCULAR 20V WLWP5523;580021;187200.0;120053.0;67147.0;35.87;256;"Costo base documentado; transporte y comisiones pendientes";Comparación individual pendiente
TOTAL CALIBRADOR DIGITAL TMT331501 150MM;486590;31900.0;20488.0;11412.0;35.77;229;"Costo base documentado; transporte y comisiones pendientes";Comparación individual pendiente
TOTAL TALADRO PERCUTOR 20V 96NM TIDLI209685 S/B;18296;137600.0;88256.0;49344.0;35.86;73;"Costo base documentado; transporte y comisiones pendientes";Comparación individual pendiente
TOTAL TALADRO DE IMPACTO 16V TIDLI166062 2B MOTOR SIN ESCOBILL;586436;141700.0;90875.0;50825.0;35.87;56;"Costo base documentado; transporte y comisiones pendientes";Comparación individual pendiente
TOTAL COMPRESOR DE AIRE AUTOMÁTICO 40V TACLI2003;486873;431600.0;276790.0;154810.0;35.87;94;"Costo base documentado; transporte y comisiones pendientes";Comparación individual pendiente
WADFOW LLAVE EN T 13MM WTH1113;528382;3100.0;2002.0;1098.0;35.42;131;"Costo base documentado; transporte y comisiones pendientes";Comparación individual pendiente
WADFOW PROBADOR DE BATERIA 200-1000CCA WBD1510;543484;68900.0;44188.0;24712.0;35.87;82;"Costo base documentado; transporte y comisiones pendientes";Comparación individual pendiente
WADFOW SELLADOR DE PLÁSTICO 400MM WXY1004;543354;70200.0;45020.0;25180.0;35.87;322;"Costo base documentado; transporte y comisiones pendientes";Comparación individual pendiente
WADFOW ASPIRADORA SECO-HUMEDO 20L WVR2A20;110976;137600.0;88256.0;49344.0;35.86;203;"Costo base documentado; transporte y comisiones pendientes";Comparación individual pendiente
"WADFOW JUEGO DE DADOS DE IMPACTO 3/4"" 8PCS WMS4D08";616836;31900.0;20488.0;11412.0;35.77;74;"Costo base documentado; transporte y comisiones pendientes";Comparación individual pendiente
TOTAL ATORNILLADOR 8V TSDLI0802 IONES DE LITIO;487405;157300.0;100864.0;56436.0;35.88;62;"Costo base documentado; transporte y comisiones pendientes";Comparación individual pendiente
MEDICUBE ROSEMARY PDRN DAMAGE CARE HAIR MASK 200ML;;41600.0;;;;;Sin costo de compra documentado en este PDF;Comparación individual pendiente
"TOTAL KIT HERRAMIENTA THT121251 25PCS 1/2""";368049;114400.0;73366.0;41034.0;35.87;111;"Costo base documentado; transporte y comisiones pendientes";Comparación individual pendiente
TOTAL AMOLADORA UTG10912556 900W;415842;87500.0;56106.0;31394.0;35.88;46;"Costo base documentado; transporte y comisiones pendientes";Comparación individual pendiente
WADFOW ASPERSOR DE 15 ORIFICIOS WSN1E17;461269;20800.0;13339.0;7461.0;35.87;313;"Costo base documentado; transporte y comisiones pendientes";Comparación individual pendiente
WADFOW AMOLADORA ANGULAR 1800W WAG851801;463812;176900.0;113472.0;63428.0;35.86;49;"Costo base documentado; transporte y comisiones pendientes";Comparación individual pendiente
WADFOW FRESA ROTATIVA 6MM-8MM WYE3K04;543712;11700.0;7505.0;4195.0;35.85;216;"Costo base documentado; transporte y comisiones pendientes";Comparación individual pendiente
WADFOW MOCHILA PARA HERRAMIENTAS 8KG WTG4100;488884;37700.0;24179.0;13521.0;35.86;30;"Costo base documentado; transporte y comisiones pendientes";Comparación individual pendiente
WADFOW MARTILLO DE GOMA 450G WHM7304;469395;7800.0;5002.0;2798.0;35.87;165;"Costo base documentado; transporte y comisiones pendientes";Comparación individual pendiente
TOTAL CORTACÉSPED 1600W 45L TGT616152;490887;17200.0;11032.0;6168.0;35.86;324;"Costo base documentado; transporte y comisiones pendientes";Comparación individual pendiente
"WADFOW EXTRACTOR DE ENGRANAJES 4"" 3 MORDAZAS WGP3A04";488631;17200.0;11032.0;6168.0;35.86;338;"Costo base documentado; transporte y comisiones pendientes";Comparación individual pendiente
TOTAL ENGRAPADORA CLAVADORA NEUMÁTICA TAT81501 2IN1;239790;108100.0;69344.0;38756.0;35.85;218;"Costo base documentado; transporte y comisiones pendientes";Comparación individual pendiente
TOTAL COMBO 4PCS INÁLAMBRICO 20V TOSLI240969;521062;486600.0;312048.0;174552.0;35.87;327;"Costo base documentado; transporte y comisiones pendientes";Comparación individual pendiente
TOTAL COMBO INALAMBRICO 4PCS TOSLI241292;529303;486600.0;312048.0;174552.0;35.87;84;"Costo base documentado; transporte y comisiones pendientes";Comparación individual pendiente
"TOTAL LIJADORA ROTO ORBITAL 5"" 20V TROSLI20021";415057;150800.0;96710.0;54090.0;35.87;214;"Costo base documentado; transporte y comisiones pendientes";Comparación individual pendiente
WADFOW HACHA MANGO DE MADERA 1250G WMB6312;460521;22100.0;14175.0;7925.0;35.86;317;"Costo base documentado; transporte y comisiones pendientes";Comparación individual pendiente
"TOTAL SET HERRAMIENTAS JUEGO DE DADOS 156PCS 1/4"",3/8"",1/2"" TH";536585;358800.0;230102.0;128698.0;35.87;117;"Costo base documentado; transporte y comisiones pendientes";Comparación individual pendiente
TOTAL COMBO 2PCS SOPLADOR + ASPIRADOR 20V TOSLI240999;612258;285100.0;182816.0;102284.0;35.88;199;"Costo base documentado; transporte y comisiones pendientes";Comparación individual pendiente
TOTAL JUEGO DE HERRAMIENTAS 172PCS THKTHP41728;583923;255600.0;163904.0;91696.0;35.87;32;"Costo base documentado; transporte y comisiones pendientes";Comparación individual pendiente
WADFOW TALADRO DE IMPACTO 850W 13MM WMD15851;489232;88500.0;56736.0;31764.0;35.89;74;"Costo base documentado; transporte y comisiones pendientes";Comparación individual pendiente
TOTAL LIJADORA ANGULAR TDSLI2051 20V;465410;83200.0;53357.0;29843.0;35.87;54;"Costo base documentado; transporte y comisiones pendientes";Comparación individual pendiente
TOTAL COMBO TALADRO + MARTILLO + AMOLADORA 20V TOSLI241183;521079;319500.0;204880.0;114620.0;35.87;279;"Costo base documentado; transporte y comisiones pendientes";Comparación individual pendiente
TOTAL GRAPADORA 3 EN 1 THT31143;436946;15600.0;10004.0;5596.0;35.87;109;"Costo base documentado; transporte y comisiones pendientes";Comparación individual pendiente
WADFOW JUEGO DE LLAVE TORX CON MANGO EN T WHK3481 8PCS;528320;8800.0;5674.0;3126.0;35.52;157;"Costo base documentado; transporte y comisiones pendientes";Comparación individual pendiente
WADFOW JUEGO DE DADOS CR-V 3/8'' 12PCS UWST3212;565295;28000.0;17925.0;10075.0;35.98;127;"Costo base documentado; transporte y comisiones pendientes";Comparación individual pendiente
"WADFOW TIJERA PARA HOJALATA 10"" WAS4912";469364;13600.0;8753.0;4847.0;35.64;186;"Costo base documentado; transporte y comisiones pendientes";Comparación individual pendiente
TOTAL CONJUNTO DE FIJACIÓN 3PCS THRSG0401;502252;35500.0;22761.0;12739.0;35.88;302;"Costo base documentado; transporte y comisiones pendientes";Comparación individual pendiente
TOTAL MARTILLO CLAVO TAT73166 16OZ;341721;10700.0;6887.0;3813.0;35.64;161;"Costo base documentado; transporte y comisiones pendientes";Comparación individual pendiente
TOTAL NIVEL LASER TLL156503 18M ROJO 2 LINEAS;521390;122200.0;78368.0;43832.0;35.87;227;"Costo base documentado; transporte y comisiones pendientes";Comparación individual pendiente
TOTAL BOMBA SUMERGIBLE TWP64006 400W 0.5HP 8M;531757;127400.0;81703.0;45697.0;35.87;196;"Costo base documentado; transporte y comisiones pendientes";Comparación individual pendiente
WADFOW MESA DE 3 BANDEJAS 30KG WWB5307;126786;17200.0;11032.0;6168.0;35.86;335;"Costo base documentado; transporte y comisiones pendientes";Comparación individual pendiente
TOTAL LLAVE DE FENDA THTIS5125 ISOLADO;341776;8800.0;5674.0;3126.0;35.52;151;"Costo base documentado; transporte y comisiones pendientes";Comparación individual pendiente
TOTAL MARTILLO ROTATIVO TH308266-2 800W SDS PLUS;367424;152400.0;97712.0;54688.0;35.88;281;"Costo base documentado; transporte y comisiones pendientes";Comparación individual pendiente
WADFOW KIT HERRAMIENTAS MANUALES 5PCS WHS1M05;537551;21400.0;13755.0;7645.0;35.72;310;"Costo base documentado; transporte y comisiones pendientes";Comparación individual pendiente
TOTAL FRESADORA 600W UTLT6001 6MM;536691;108100.0;69344.0;38756.0;35.85;218;"Costo base documentado; transporte y comisiones pendientes";Comparación individual pendiente
TOTAL AMOLADORA UTG1091156 950W 115MM;456920;87500.0;56106.0;31394.0;35.88;45;"Costo base documentado; transporte y comisiones pendientes";Comparación individual pendiente
TOTAL BATERIA 42V 2.0AH TFBLI42201;553230;81900.0;52525.0;29375.0;35.87;78;"Costo base documentado; transporte y comisiones pendientes";Comparación individual pendiente
TOTAL COMBO DE BROCAS 4PCS TOS26068;564885;486600.0;312048.0;174552.0;35.87;14;"Costo base documentado; transporte y comisiones pendientes";Comparación individual pendiente
TOTAL JUEGO DE BROCHAS PARA PINTURA 12PCS THT84501201;536608;13800.0;8826.0;4974.0;36.04;144;"Costo base documentado; transporte y comisiones pendientes";Comparación individual pendiente
TOTAL ROTOMARTILLO UTH110266 1050W SDS PLUS;495578;179400.0;115051.0;64349.0;35.87;279;"Costo base documentado; transporte y comisiones pendientes";Comparación individual pendiente
"WADFOW JUEGO DE SOCKET 1/2"" WST2212 12PCS";460910;13800.0;8826.0;4974.0;36.04;157;"Costo base documentado; transporte y comisiones pendientes";Comparación individual pendiente
WADFOW MANGUERA DE AGUA CON CARRETE RETRÁCTIL 1/2 WVZ1520;489522;17200.0;11032.0;6168.0;35.86;335;"Costo base documentado; transporte y comisiones pendientes";Comparación individual pendiente
WADFOW JUEGO DE RUEDAS GIRATORIAS 4PCS WJLS9304;538091;17200.0;11032.0;6168.0;35.86;335;"Costo base documentado; transporte y comisiones pendientes";Comparación individual pendiente
"TOTAL ALICATE DE CORTE DE ACCIÓN COMPUESTA 8.5"" 215MM CR-V THT";595971;19500.0;12507.0;6993.0;35.86;172;"Costo base documentado; transporte y comisiones pendientes";Comparación individual pendiente
WADFOW MARTILLO DE PEÑA CRUZADA WHM5325;543033;7800.0;5002.0;2798.0;35.87;166;"Costo base documentado; transporte y comisiones pendientes";Comparación individual pendiente
WADFOW NIVEL LASER AUTONIVELANTE VERDE 0-30MT MÁGNETICO 2 LINE;505796;96200.0;61694.0;34506.0;35.87;228;"Costo base documentado; transporte y comisiones pendientes";Comparación individual pendiente
TOTAL MARTILLO UTH308266 800W SDS PLUS;367936;152400.0;97712.0;54688.0;35.88;280;"Costo base documentado; transporte y comisiones pendientes";Comparación individual pendiente
WADFOW TIJERA DE PODAR 20MM WPR1E79;488860;27300.0;17509.0;9791.0;35.86;177;"Costo base documentado; transporte y comisiones pendientes";Comparación individual pendiente
TOTAL HIDROLAVADORA ALTA PRESIÓN 3000W 1850PSI TGT11276;446617;466900.0;299440.0;167460.0;35.87;198;"Costo base documentado; transporte y comisiones pendientes";Comparación individual pendiente
TOTAL JUEGO DE DESTORNILLADORES 10PCS THT250610;340427;15700.0;10086.0;5614.0;35.76;144;"Costo base documentado; transporte y comisiones pendientes";Comparación individual pendiente
TOTAL SOPLADOR/ASPIRADOR 20V TABLI200281;511964;186800.0;119776.0;67024.0;35.88;203;"Costo base documentado; transporte y comisiones pendientes";Comparación individual pendiente
TOTAL MANGUERA VIBRADOR HORMIGÓN TPVP1381A 38MM;350990;200200.0;128390.0;71810.0;35.87;305;"Costo base documentado; transporte y comisiones pendientes";Comparación individual pendiente
TOTAL LLAVE SUECA PARA TUBOS 45° 55MM THT172153;487610;23400.0;15007.0;8393.0;35.87;114;"Costo base documentado; transporte y comisiones pendientes";Comparación individual pendiente
TOTAL SILLA MECANICO THCS103 110KG;532235;41800.0;26792.0;15008.0;35.9;36;"Costo base documentado; transporte y comisiones pendientes";Comparación individual pendiente
TOTAL JUEGO DE HERRAMIENTAS MANUALES AISLADAS THKIST3082 8PCS;514910;31900.0;20488.0;11412.0;35.77;329;"Costo base documentado; transporte y comisiones pendientes";Comparación individual pendiente
TOTAL JUEGO DE HERRAMIENTAS 288PCS THPTCS82882;28110;255600.0;163904.0;91696.0;35.87;329;"Costo base documentado; transporte y comisiones pendientes";Comparación individual pendiente
TOTAL ARRANCADOR DE ENGRANAJE THTGP266 2 GARRAS;316453;52000.0;33348.0;18652.0;35.87;222;"Costo base documentado; transporte y comisiones pendientes";Comparación individual pendiente
TOTAL BOTAS DE LLUVIA TSP302L.45;341011;23400.0;15007.0;8393.0;35.87;244;"Costo base documentado; transporte y comisiones pendientes";Comparación individual pendiente
"TOTAL BOLSA DE HERRAMIENTAS 19"" THT261925";201315;13800.0;8826.0;4974.0;36.04;135;"Costo base documentado; transporte y comisiones pendientes";Comparación individual pendiente
TOTAL REGLA DE ÁNGULO DIGITAL TMT333601;437387;17200.0;11032.0;6168.0;35.86;332;"Costo base documentado; transporte y comisiones pendientes";Comparación individual pendiente
TOTAL ATORNILLADOR DE IMPACTO DADO HEXAGONAL 1/4 20V 285NM UTI;511919;231400.0;148384.0;83016.0;35.88;52;"Costo base documentado; transporte y comisiones pendientes";Comparación individual pendiente
TOTAL JUEGO DE LLAVES DE ESTRELLAS ACODADAS 8PCS THT102486;366595;31900.0;20488.0;11412.0;35.77;146;"Costo base documentado; transporte y comisiones pendientes";Comparación individual pendiente
WADFOW CARGADOR DE BATERIA 1A WFCP510;471169;31900.0;20488.0;11412.0;35.77;85;"Costo base documentado; transporte y comisiones pendientes";Comparación individual pendiente
"TOTAL SIERRA CIRCULAR 2200W 9"" TS122235622";521130;137600.0;88256.0;49344.0;35.86;262;"Costo base documentado; transporte y comisiones pendientes";Comparación individual pendiente
"TOTAL SIERRA CIRCULAR TSLI1652 MADERA 6""";511940;137600.0;88256.0;49344.0;35.86;263;"Costo base documentado; transporte y comisiones pendientes";Comparación individual pendiente
TOTAL MARTILLO ROTATIVO TH1153236 1500W SDS PLUS;455305;234000.0;150051.0;83949.0;35.88;275;"Costo base documentado; transporte y comisiones pendientes";Comparación individual pendiente
WADFOW DESTORNILLADOR PLANO WSD3933;462082;5400.0;3467.0;1933.0;35.8;156;"Costo base documentado; transporte y comisiones pendientes";Comparación individual pendiente
WADFOW GRIFO DE COCINA WZD1528;469821;51500.0;33014.0;18486.0;35.9;91;"Costo base documentado; transporte y comisiones pendientes";Comparación individual pendiente
TOTAL ADAPTADOR DE VASO DE IMPACTO THIAD1234;6217;157300.0;100864.0;56436.0;35.88;62;"Costo base documentado; transporte y comisiones pendientes";Comparación individual pendiente
"TOTAL SIERRA MESA 10"" TS526043 2600W";458795;137600.0;88256.0;49344.0;35.86;265;"Costo base documentado; transporte y comisiones pendientes";Comparación individual pendiente
TOTAL MULTIMETRO DIGITAL 2000 COUNTS RMS TMT5360011;528115;31900.0;20488.0;11412.0;35.77;230;"Costo base documentado; transporte y comisiones pendientes";Comparación individual pendiente
WADFOW BOTAS DE LLUVIA 42 WRB1L42;470803;59000.0;37824.0;21176.0;35.89;249;"Costo base documentado; transporte y comisiones pendientes";Comparación individual pendiente
WADFOW ALICATE PELACABLE WPL5607;469227;5700.0;3669.0;2031.0;35.63;180;"Costo base documentado; transporte y comisiones pendientes";Comparación individual pendiente
WADFOW PISTOLA DE AIRE 1000CC WGA1510;461917;30900.0;19842.0;11058.0;35.79;320;"Costo base documentado; transporte y comisiones pendientes";Comparación individual pendiente
WADFOW LLAVE EN L WTH6317 17MM;461993;7200.0;4586.0;2614.0;36.31;131;"Costo base documentado; transporte y comisiones pendientes";Comparación individual pendiente
"TOTAL TIJERAS PARA PODA THT15308 8""";351140;13800.0;8826.0;4974.0;36.04;154;"Costo base documentado; transporte y comisiones pendientes";Comparación individual pendiente
TOTAL ESPATULA DE MASA THT83606 60MM;367776;13800.0;8826.0;4974.0;36.04;142;"Costo base documentado; transporte y comisiones pendientes";Comparación individual pendiente
TOTAL CHAQUETA TJCTC2282.XXL;437516;17200.0;11032.0;6168.0;35.86;326;"Costo base documentado; transporte y comisiones pendientes";Comparación individual pendiente
TOTAL GENERADOR A GASOLINA UTP130001 3,0KVA;239769;884700.0;567360.0;317340.0;35.87;100;"Costo base documentado; transporte y comisiones pendientes";Comparación individual pendiente
TOTAL AMOLADORA ANGULAR 20V TAGLI271532;532037;152400.0;97712.0;54688.0;35.88;44;"Costo base documentado; transporte y comisiones pendientes";Comparación individual pendiente
WADFOW ESCALERA 7 PELDAÑOS 150KG WLD1H07;489997;132600.0;85038.0;47562.0;35.87;164;"Costo base documentado; transporte y comisiones pendientes";Comparación individual pendiente
TOTAL ESPATULA DE REBOCO THT81286 180X130M;367837;13800.0;8826.0;4974.0;36.04;142;"Costo base documentado; transporte y comisiones pendientes";Comparación individual pendiente
WADFOW NIVEL MAGNÉTICA WRP1603;462013;18200.0;11672.0;6528.0;35.87;229;"Costo base documentado; transporte y comisiones pendientes";Comparación individual pendiente
WADFOW MARTILLO OREJAS MANGO DE MADERA WMB3316 450G;460514;7800.0;4986.0;2814.0;36.08;167;"Costo base documentado; transporte y comisiones pendientes";Comparación individual pendiente
TOTAL BOTAS DE LLUVIA TSP302LAB.43;565059;59000.0;37824.0;21176.0;35.89;243;"Costo base documentado; transporte y comisiones pendientes";Comparación individual pendiente
WADFOW ENGRAPADORA 3IN1 WGU2614;460392;11700.0;7505.0;4195.0;35.85;316;"Costo base documentado; transporte y comisiones pendientes";Comparación individual pendiente
WADFOW ROPA DE MECANICO DE ALGODÓN WAU0102.XL;489850;119600.0;76701.0;42899.0;35.87;321;"Costo base documentado; transporte y comisiones pendientes";Comparación individual pendiente
WADFOW CAJA MÉDICO BOTIQUÍN WYYX4501;538749;33200.0;21260.0;11940.0;35.96;30;"Costo base documentado; transporte y comisiones pendientes";Comparación individual pendiente
TOTAL JUEGO DE MECHAS PARA VIDRIO Y AZULEJOS 5PCS TACSD7256;381451;25400.0;16258.0;9142.0;35.99;9;"Costo base documentado; transporte y comisiones pendientes";Comparación individual pendiente
TOTAL REMACHADOR MANUAL THT32106 10.5 IND;415477;13800.0;8826.0;4974.0;36.04;153;"Costo base documentado; transporte y comisiones pendientes";Comparación individual pendiente
TOTAL CLAVADORA BRAD TAT83301;443104;60100.0;38517.0;21583.0;35.91;212;"Costo base documentado; transporte y comisiones pendientes";Comparación individual pendiente
TOTAL BOTAS SEGURIDAD TSP203SB.43;417501;59000.0;37824.0;21176.0;35.89;247;"Costo base documentado; transporte y comisiones pendientes";Comparación individual pendiente
TOTAL JUEGO DE CAJA DE HERRAMIENTAS 132PCS THPTCS71321;514934;27000.0;17336.0;9664.0;35.79;34;"Costo base documentado; transporte y comisiones pendientes";Comparación individual pendiente
"WADFOW ALICATE PRESIÓN RECTO 10"" WLP2110";469357;13800.0;8826.0;4974.0;36.04;190;"Costo base documentado; transporte y comisiones pendientes";Comparación individual pendiente
"TOTAL ALICATE BOMBA AGUA 10"" THT281006";316279;172000.0;110320.0;61680.0;35.86;200;"Costo base documentado; transporte y comisiones pendientes";Comparación individual pendiente
TOTAL KIT ALICATE DE ANILLOS THT114041;367622;8800.0;5674.0;3126.0;35.52;147;"Costo base documentado; transporte y comisiones pendientes";Comparación individual pendiente
"TOTAL LIJAS PARA LIJADORA DE DRYWALL 5"" 125MM TAC7312511";553490;157300.0;100864.0;56436.0;35.88;61;"Costo base documentado; transporte y comisiones pendientes";Comparación individual pendiente
WADFOW PICADORA DE MADERA BIOTRITURADORA 7HP WXU1307;501545;17200.0;11032.0;6168.0;35.86;335;"Costo base documentado; transporte y comisiones pendientes";Comparación individual pendiente
"TOTAL REMACHADORA MANUAL 8"" 200MM THT32081";185677;22100.0;14175.0;7925.0;35.86;116;"Costo base documentado; transporte y comisiones pendientes";Comparación individual pendiente
WADFOW CAJA DE PLÁSTICO 33L 510X390X242MM WTB2335;505857;17200.0;11032.0;6168.0;35.86;334;"Costo base documentado; transporte y comisiones pendientes";Comparación individual pendiente
WADFOW LLAVE DE IMPACTO 20V 330NM WCD1B33;15455;148200.0;95042.0;53158.0;35.87;59;"Costo base documentado; transporte y comisiones pendientes";Comparación individual pendiente
TOTAL SIERRA COPA PARA CONCRETO 50MM TAC430501;239875;16300.0;10421.0;5879.0;36.07;251;"Costo base documentado; transporte y comisiones pendientes";Comparación individual pendiente
"WADFOW LIJADORA ORBITAL 20V 5"" WRAP5030";139458;108100.0;69344.0;38756.0;35.85;221;"Costo base documentado; transporte y comisiones pendientes";Comparación individual pendiente
TOTAL BOTAS DE LLUVIA TSP303L.42;456692;16300.0;10421.0;5879.0;36.07;245;"Costo base documentado; transporte y comisiones pendientes";Comparación individual pendiente
TOTAL JUEGO DE BROCAS 8PCS 6MM TACSDL10801;536530;93600.0;60027.0;33573.0;35.87;8;"Costo base documentado; transporte y comisiones pendientes";Comparación individual pendiente
WADFOW CINTA METRICA 5MX25MM WMT1230;462938;5900.0;3782.0;2118.0;35.9;235;"Costo base documentado; transporte y comisiones pendientes";Comparación individual pendiente
TOTAL ATORNILLADOR 20V TIDLI206021 2BT MOTOR BRUSHLESS;490856;167100.0;107168.0;59932.0;35.87;60;"Costo base documentado; transporte y comisiones pendientes";Comparación individual pendiente
"TOTAL ALICATE CORTE DIAGONAL 6"" 160MM THT231608S";615204;8800.0;5674.0;3126.0;35.52;138;"Costo base documentado; transporte y comisiones pendientes";Comparación individual pendiente
TOTAL AMOLADORA TG1121256-3 1010W;455282;118000.0;75648.0;42352.0;35.89;45;"Costo base documentado; transporte y comisiones pendientes";Comparación individual pendiente
TOTAL GENERADOR DISIL TP2150K3 15KVA;367486;884700.0;567360.0;317340.0;35.87;100;"Costo base documentado; transporte y comisiones pendientes";Comparación individual pendiente
TOTAL FRESA ROTATIVA METAL TAKC1004;532334;12400.0;7921.0;4479.0;36.12;213;"Costo base documentado; transporte y comisiones pendientes";Comparación individual pendiente
"WADFOW MINI AMOLADORA 3"" 20V WLAP571";489157;106600.0;68364.0;38236.0;35.87;43;"Costo base documentado; transporte y comisiones pendientes";Comparación individual pendiente
TOTAL PULVERIZADOR 16L THSPP41602;521444;46700.0;29944.0;16756.0;35.88;210;"Costo base documentado; transporte y comisiones pendientes";Comparación individual pendiente
WADFOW PULVERIZADOR FUMIGADOR WRS1550 5L;461238;24100.0;15423.0;8677.0;36.0;208;"Costo base documentado; transporte y comisiones pendientes";Comparación individual pendiente
WADFOW CERRADORA MANUAL DE MORDAZA WZB8002;469326;31200.0;20009.0;11191.0;35.87;314;"Costo base documentado; transporte y comisiones pendientes";Comparación individual pendiente
TOTAL JUEGO DE LLAVES AJUSTABLES 3PCS THTK1013;133777;31900.0;20488.0;11412.0;35.77;146;"Costo base documentado; transporte y comisiones pendientes";Comparación individual pendiente
TOTAL COMBO 3PCS TOSLI250182 TALADRO +ATORNILLADOR+SOPLADOR;532280;368600.0;236400.0;132200.0;35.87;60;"Costo base documentado; transporte y comisiones pendientes";Comparación individual pendiente
TOTAL PISTOLA CALOR TB20036 2000W SOPLADOR;415880;108100.0;69344.0;38756.0;35.85;220;"Costo base documentado; transporte y comisiones pendientes";Comparación individual pendiente
TOTAL CORTADOR DE CONCRETO TPC9203556;442978;12300.0;7880.0;4420.0;35.93;188;"Costo base documentado; transporte y comisiones pendientes";Comparación individual pendiente
WADFOW JUEGO DE CEPILLOS DE LIMPIEZA 11PCS WND5511;102964;37100.0;23760.0;13340.0;35.96;24;"Costo base documentado; transporte y comisiones pendientes";Comparación individual pendiente
WADFOW TIJERA DE PODAR WPR2E24;469647;15600.0;10004.0;5596.0;35.87;185;"Costo base documentado; transporte y comisiones pendientes";Comparación individual pendiente
"TOTAL DADOS DE IMPACTO PROFUNDOS 10PCS 3/8"" THKISD38106L";21876;35100.0;22512.0;12588.0;35.86;51;"Costo base documentado; transporte y comisiones pendientes";Comparación individual pendiente
TOTAL TIJERA DE PODA THT1527401;366625;28600.0;18341.0;10259.0;35.87;120;"Costo base documentado; transporte y comisiones pendientes";Comparación individual pendiente
TOTAL CALIBRADOR ANÁLOGICO 150MM TMT311501;495691;31900.0;20488.0;11412.0;35.77;229;"Costo base documentado; transporte y comisiones pendientes";Comparación individual pendiente
TOTAL NIVEL DE BURBUJA 60CM TMT26026;206549;13800.0;8826.0;4974.0;36.04;233;"Costo base documentado; transporte y comisiones pendientes";Comparación individual pendiente
WADFOW SIERRA DE PODA CON EXTENSIÓN WPR4701;528535;38400.0;24595.0;13805.0;35.95;259;"Costo base documentado; transporte y comisiones pendientes";Comparación individual pendiente
DEAR BODY CREAM 200GR ASAD BOURBON;;19500.0;;;;;Sin costo de compra documentado en este PDF;Comparación individual pendiente
TOTAL HIDRAULICO CORTA ACERO THSC012;436571;145600.0;93375.0;52225.0;35.87;303;"Costo base documentado; transporte y comisiones pendientes";Comparación individual pendiente
"WADFOW LLAVE DE TUBOS SUECA 1"" WPW3101";489287;13000.0;8337.0;4663.0;35.87;131;"Costo base documentado; transporte y comisiones pendientes";Comparación individual pendiente
TOTAL MULTÍMETRO DIGITAL RANGO AUTOMÁTICO TMT5310004;528122;78000.0;50006.0;27994.0;35.89;226;"Costo base documentado; transporte y comisiones pendientes";Comparación individual pendiente
"TOTAL ALICATE PARA CERCA 12"" 300MM THT210122";490917;18800.0;12088.0;6712.0;35.7;101;"Costo base documentado; transporte y comisiones pendientes";Comparación individual pendiente
WADFOW PRENSA DE BANCO BASE GIRATORIA 360° WBV1A06;11228;12300.0;7880.0;4420.0;35.93;191;"Costo base documentado; transporte y comisiones pendientes";Comparación individual pendiente
"WADFOW LLAVE PARA TUBO 10.5"" WPW4110";469265;15000.0;9588.0;5412.0;36.08;132;"Costo base documentado; transporte y comisiones pendientes";Comparación individual pendiente
TOTAL KIT DE HERRAMENTAS 20V THKTHP31522 152PCS;527613;41800.0;26792.0;15008.0;35.9;35;"Costo base documentado; transporte y comisiones pendientes";Comparación individual pendiente
TOTAL ALICATE CORTE DIAGONAL THT230706;316248;9900.0;6336.0;3564.0;36.0;103;"Costo base documentado; transporte y comisiones pendientes";Comparación individual pendiente
TOTAL TIJERAS DE PODAR TSSLI20258 LI-ION;436205;12300.0;7880.0;4420.0;35.93;190;"Costo base documentado; transporte y comisiones pendientes";Comparación individual pendiente
TOTAL LAVADORA DE ALTA PRESIÓN A GASOLINA TGT250105;495639;754000.0;483533.0;270467.0;35.87;197;"Costo base documentado; transporte y comisiones pendientes";Comparación individual pendiente
WADFOW LLAVE EN T 19MM WTH1119;528405;4600.0;2919.0;1681.0;36.54;131;"Costo base documentado; transporte y comisiones pendientes";Comparación individual pendiente
TOTAL HACHA THT788006 800G;468985;19500.0;12507.0;6993.0;35.86;109;"Costo base documentado; transporte y comisiones pendientes";Comparación individual pendiente
TOTAL JUEGO DE HERRAMIENTAS 13PCS TKTTSK0132;436731;57200.0;36683.0;20517.0;35.87;304;"Costo base documentado; transporte y comisiones pendientes";Comparación individual pendiente
TOTAL LLAVE PHILIPS THTISPH2100 ISOLADO;341783;8800.0;5674.0;3126.0;35.52;151;"Costo base documentado; transporte y comisiones pendientes";Comparación individual pendiente
TOTAL COMBO 20V 5PCS TOSLI250592;564823;634000.0;406608.0;227392.0;35.87;326;"Costo base documentado; transporte y comisiones pendientes";Comparación individual pendiente
TOTAL MOCHILA PARA HERRAMIENTAS THBP02025 8KG;487689;49400.0;31681.0;17719.0;35.87;29;"Costo base documentado; transporte y comisiones pendientes";Comparación individual pendiente
TOTAL COMPRESOR DE AIRE 20V TACLI2018 150PSI LION;380942;108100.0;69344.0;38756.0;35.85;97;"Costo base documentado; transporte y comisiones pendientes";Comparación individual pendiente
WADFOW SOPORTE PARA TALADRO VERTICAL WADS2543;460330;31200.0;20009.0;11191.0;35.87;277;"Costo base documentado; transporte y comisiones pendientes";Comparación individual pendiente
"TOTAL PULIDORA 7"" 1400W TP11418018";455299;118000.0;75648.0;42352.0;35.89;48;"Costo base documentado; transporte y comisiones pendientes";Comparación individual pendiente
TOTAL FRESADORA TR111216 1600W ROTEADOR INDUSTRIAL;381086;179400.0;115051.0;64349.0;35.87;213;"Costo base documentado; transporte y comisiones pendientes";Comparación individual pendiente
TOTAL HILO DE CORTE 1.6MM 4PCS TALS1602;501934;16900.0;10840.0;6060.0;35.86;206;"Costo base documentado; transporte y comisiones pendientes";Comparación individual pendiente
"TOTAL LLAVE PARA TUBOS SUECA 2"" THT172023";488327;33800.0;21676.0;12124.0;35.87;102;"Costo base documentado; transporte y comisiones pendientes";Comparación individual pendiente
TOTAL CARGADOR DE BATERIA 12/24V UTBC1601;436328;135200.0;86705.0;48495.0;35.87;84;"Costo base documentado; transporte y comisiones pendientes";Comparación individual pendiente
TOTAL MACACON DE TRABAJO TSP6033.L;126038;57200.0;36683.0;20517.0;35.87;239;"Costo base documentado; transporte y comisiones pendientes";Comparación individual pendiente
TOTAL BOTAS DE LLUVIA TSP303L.46;456739;16300.0;10421.0;5879.0;36.07;237;"Costo base documentado; transporte y comisiones pendientes";Comparación individual pendiente
TOTAL NIVEL DE MANO 10CM TMT205101;122825;13800.0;8826.0;4974.0;36.04;233;"Costo base documentado; transporte y comisiones pendientes";Comparación individual pendiente
TOTAL COMBO INALÁMBRICO 5PCS 20V UTOSLI251083;583749;634400.0;406848.0;227552.0;35.87;78;"Costo base documentado; transporte y comisiones pendientes";Comparación individual pendiente
WADFOW MARTILLO DEMOLEDOR SDS HEX 1600W WDB1D80;25577;1081300.0;693440.0;387860.0;35.87;285;"Costo base documentado; transporte y comisiones pendientes";Comparación individual pendiente
TOTAL DESMALEZADORA TP5524411 52CC 1.4KW;532112;46700.0;29944.0;16756.0;35.88;208;"Costo base documentado; transporte y comisiones pendientes";Comparación individual pendiente
TOTAL LLAVE PARA TUBOS SUECA DE ALTA RESISTENCIA 45° THT172013;488310;15000.0;9588.0;5412.0;36.08;113;"Costo base documentado; transporte y comisiones pendientes";Comparación individual pendiente
TOTAL ALICATE PELACABLE TMPCN5468R;468824;8800.0;5674.0;3126.0;35.52;187;"Costo base documentado; transporte y comisiones pendientes";Comparación individual pendiente
WADFOW TECLE DE CADENA 1TONELADA WCK2581;109390;104000.0;66681.0;37319.0;35.88;223;"Costo base documentado; transporte y comisiones pendientes";Comparación individual pendiente
TOTAL LLAVE COMBINADA 12PCS THT102RK5126;536653;5900.0;3782.0;2118.0;35.9;150;"Costo base documentado; transporte y comisiones pendientes";Comparación individual pendiente
WADFOW LLAVE COMBINADA SET 5PCS WSP1215;462778;5900.0;3782.0;2118.0;35.9;158;"Costo base documentado; transporte y comisiones pendientes";Comparación individual pendiente
TOTAL ATORNILLADOR 18V TDLI228180 LITHUM 2BAT;338318;157300.0;100864.0;56436.0;35.88;64;"Costo base documentado; transporte y comisiones pendientes";Comparación individual pendiente
TOTAL REBARBADORA UTG1121251 1200W;263559;118000.0;75648.0;42352.0;35.89;48;"Costo base documentado; transporte y comisiones pendientes";Comparación individual pendiente
TOTAL CARGADOR DE BATERIA 6/12V / 40-90A TBC1501;495615;104000.0;66681.0;37319.0;35.88;79;"Costo base documentado; transporte y comisiones pendientes";Comparación individual pendiente
WADFOW JUEGO DE DESTORNILLADOR WSS1430 30PCS;533225;5400.0;3467.0;1933.0;35.8;156;"Costo base documentado; transporte y comisiones pendientes";Comparación individual pendiente
TOTAL MARTILLO DEMOLEDOR UTH2130016 1300W SDS 7K;585019;437400.0;280528.0;156872.0;35.86;280;"Costo base documentado; transporte y comisiones pendientes";Comparación individual pendiente
TOTAL SIERRA CALADORA TS204556 400W;415101;78600.0;50432.0;28168.0;35.84;262;"Costo base documentado; transporte y comisiones pendientes";Comparación individual pendiente
Medicube ZERO PORE PAD 155G 70PADS (108374)/;;35900.0;;;;;Sin costo de compra documentado en este PDF;Comparación individual pendiente
WADFOW FRESA ROTATIVA 6MM-8MM WYE3K01;543682;11700.0;7505.0;4195.0;35.85;215;"Costo base documentado; transporte y comisiones pendientes";Comparación individual pendiente
TOTAL SIERRA POLICORTE TS92035526 2350W;239738;137600.0;88256.0;49344.0;35.86;265;"Costo base documentado; transporte y comisiones pendientes";Comparación individual pendiente
"TOTAL AMOLADORA ANGULAR TG10911526 4"" 950W";239349;87500.0;56106.0;31394.0;35.88;47;"Costo base documentado; transporte y comisiones pendientes";Comparación individual pendiente
TOTAL TALADRO COMPACTO 20V 50NM UTDLI205062 MOTOR SIN ESCOBILL;275903;122900.0;78800.0;44100.0;35.88;71;"Costo base documentado; transporte y comisiones pendientes";Comparación individual pendiente
TOTAL CARRETE DE LÍNEA DE TIZA 30M THT661301;531931;13800.0;8826.0;4974.0;36.04;140;"Costo base documentado; transporte y comisiones pendientes";Comparación individual pendiente
WADFOW MARTILLO DE LAPIDACIÓN 4KG WHM9340;538473;39600.0;25427.0;14173.0;35.79;163;"Costo base documentado; transporte y comisiones pendientes";Comparación individual pendiente
TOTAL COMBO BOLSAS DE HERRAMIENTAS 4PCS TOS230912;583978;486600.0;312048.0;174552.0;35.87;326;"Costo base documentado; transporte y comisiones pendientes";Comparación individual pendiente
WADFOW GATO HIDRÁULICO 3TONELADAS WHJ2503;505901;59000.0;37824.0;21176.0;35.89;224;"Costo base documentado; transporte y comisiones pendientes";Comparación individual pendiente
TOTAL TALADRO TD2051026 500W;397155;63900.0;40976.0;22924.0;35.87;285;"Costo base documentado; transporte y comisiones pendientes";Comparación individual pendiente
TOTAL BOTAS DE SEGURIDAD TSP202SB.46 NEGRO;531658;57200.0;36683.0;20517.0;35.87;243;"Costo base documentado; transporte y comisiones pendientes";Comparación individual pendiente
TOTAL ACOPLE PARA BATERIA 600A PBCA16008;415187;36400.0;23328.0;13072.0;35.91;78;"Costo base documentado; transporte y comisiones pendientes";Comparación individual pendiente
WADFOW HIDROLAVADORA DOMESTICA 2.5LITROS WQX1528;490153;216300.0;138688.0;77612.0;35.88;204;"Costo base documentado; transporte y comisiones pendientes";Comparación individual pendiente
TOTAL LLAVE DE IMPACTO ANGULAR 20V TAIWLI208;584708;247000.0;158404.0;88596.0;35.87;52;"Costo base documentado; transporte y comisiones pendientes";Comparación individual pendiente
TOTAL LLAVE DE IMPACTO 42V 870NM TIWLI42862 2B;608602;8800.0;5674.0;3126.0;35.52;69;"Costo base documentado; transporte y comisiones pendientes";Comparación individual pendiente
WADFOW PISTOLA ENGRASADORA MANUAL 400CC WGG2540;489362;24700.0;15842.0;8858.0;35.86;321;"Costo base documentado; transporte y comisiones pendientes";Comparación individual pendiente
TOTAL ROTOMARTILLO 20V UTRHLI202862;125635;374400.0;240107.0;134293.0;35.87;276;"Costo base documentado; transporte y comisiones pendientes";Comparación individual pendiente
"WADFOW JUEGO DE DADOS 1/2"" 12PCS UWST2212";469517;33800.0;21676.0;12124.0;35.87;127;"Costo base documentado; transporte y comisiones pendientes";Comparación individual pendiente
Medicube TXA NIACINAMIDE 15 SERUM 15% 30ML;;39000.0;;;;;Sin costo de compra documentado en este PDF;Comparación individual pendiente
WADFOW LLAVE DE IMPACTO MOTOR SIN ESCOBILLAS 20V WCD1B78 780NM;538244;8800.0;5674.0;3126.0;35.52;74;"Costo base documentado; transporte y comisiones pendientes";Comparación individual pendiente
TOTAL ATORNILLADOR 18V UTDLI318104 LITHUM 2BAT;300728;157300.0;100864.0;56436.0;35.88;64;"Costo base documentado; transporte y comisiones pendientes";Comparación individual pendiente
WADFOW SET MULTIMETRO DIGITAL+DETECTOR+PINZA AMPERIMETRICA 3PC;613866;44800.0;28762.0;16038.0;35.8;177;"Costo base documentado; transporte y comisiones pendientes";Comparación individual pendiente
WADFOW PINZA DE RESORTE C/ MOLA WCP5379;538428;3100.0;2002.0;1098.0;35.42;183;"Costo base documentado; transporte y comisiones pendientes";Comparación individual pendiente
WADFOW CORTACÉSPED INALÁMBRICO 20V UWGTP535;580052;17200.0;11032.0;6168.0;35.86;337;"Costo base documentado; transporte y comisiones pendientes";Comparación individual pendiente
"TOTAL AMOLADORA ANGULAR TG10912556 5"" 900W 220V";468893;152400.0;97712.0;54688.0;35.88;47;"Costo base documentado; transporte y comisiones pendientes";Comparación individual pendiente
WADFOW ALICATE CORTA CABLE WCT1908;460231;8800.0;5674.0;3126.0;35.52;191;"Costo base documentado; transporte y comisiones pendientes";Comparación individual pendiente
"WADFOW DADO DE IMPACTO WMS3221 1/2""21MM";463973;157300.0;100864.0;56436.0;35.88;75;"Costo base documentado; transporte y comisiones pendientes";Comparación individual pendiente
TOTAL MARTILLO DE OREJA MAGNÉTICO 8OZ THCH61008D;201667;7800.0;5002.0;2798.0;35.87;161;"Costo base documentado; transporte y comisiones pendientes";Comparación individual pendiente
TOTAL CINTA METRICA TMT11306 30METRO;381871;3900.0;2522.0;1378.0;35.33;231;"Costo base documentado; transporte y comisiones pendientes";Comparación individual pendiente
SKIN1004 MADAG CENT CREME PARA CONTORNO DE OLHOS PROBIO-CICA 20ML 0177;;44200.0;;;;;Sin costo de compra documentado en este PDF;Comparación individual pendiente
TOTAL MOTOSIERRA TGSLI20683 20V 6'';528948;46700.0;29944.0;16756.0;35.88;209;"Costo base documentado; transporte y comisiones pendientes";Comparación individual pendiente
TOTAL CANDADO 30MM TLK32302 95G;341813;7800.0;5002.0;2798.0;35.87;87;"Costo base documentado; transporte y comisiones pendientes";Comparación individual pendiente
TOTAL TIJERA COCINA 9'' THSCRS822251;456326;12300.0;7880.0;4420.0;35.93;189;"Costo base documentado; transporte y comisiones pendientes";Comparación individual pendiente
TOTAL PISTOLA CLAVADORA BRAD TCBNLI3505 15-35 S/B;512541;108100.0;69344.0;38756.0;35.85;221;"Costo base documentado; transporte y comisiones pendientes";Comparación individual pendiente
WADFOW MARTILLO DE LAPIDACIÓN 2000G WHM2320;469388;15600.0;10004.0;5596.0;35.87;165;"Costo base documentado; transporte y comisiones pendientes";Comparación individual pendiente
TOTAL SOLDADOR ELECTRICO 20V TSILI2001;63845;206400.0;132384.0;74016.0;35.86;272;"Costo base documentado; transporte y comisiones pendientes";Comparación individual pendiente
TOTAL PINZA DE CABLE THT1591 180MM;341448;15000.0;9639.0;5361.0;35.74;173;"Costo base documentado; transporte y comisiones pendientes";Comparación individual pendiente
WADFOW LLAVE AJUSTABLE WAW2210 0-35MM;460804;12800.0;8195.0;4605.0;35.98;158;"Costo base documentado; transporte y comisiones pendientes";Comparación individual pendiente
WADFOW PISTOLA DE CALOR 350W WHG2501;542371;28000.0;17925.0;10075.0;35.98;216;"Costo base documentado; transporte y comisiones pendientes";Comparación individual pendiente
WADFOW JUEGO DE 32 PUNTAS DE DESTORNILLADOR WBS3B32;461634;8400.0;5418.0;2982.0;35.5;126;"Costo base documentado; transporte y comisiones pendientes";Comparación individual pendiente
"WADFOW ALICATE CORTE DIAGONAL WPL3907 7""";460156;8800.0;5674.0;3126.0;35.52;192;"Costo base documentado; transporte y comisiones pendientes";Comparación individual pendiente
TOTAL AMOLADORA ANGULAR 20V TAGLI211156;518673;152400.0;97712.0;54688.0;35.88;44;"Costo base documentado; transporte y comisiones pendientes";Comparación individual pendiente
TOTAL ROTOMARTILLO 20V 18MM TRHLI20188;536363;135200.0;86705.0;48495.0;35.87;274;"Costo base documentado; transporte y comisiones pendientes";Comparación individual pendiente
TOTAL REBARBADORA UTG1091251 900W;173384;118000.0;75648.0;42352.0;35.89;48;"Costo base documentado; transporte y comisiones pendientes";Comparación individual pendiente
TOTAL LLAVE DINAMOMÉTRICA PREAJUSTABLE 5-25NM THPTW1425N8;598408;62400.0;40018.0;22382.0;35.87;113;"Costo base documentado; transporte y comisiones pendientes";Comparación individual pendiente
WADFOW MECHAS ESCALONADAS Y SIERRAS 6PCS WJD3406;490139;43700.0;28012.0;15688.0;35.9;256;"Costo base documentado; transporte y comisiones pendientes";Comparación individual pendiente
TOTAL CALADORA UTS206656 570W;436298;78600.0;50432.0;28168.0;35.84;260;"Costo base documentado; transporte y comisiones pendientes";Comparación individual pendiente
TOTAL ATORNILLADOR 20V UTIDLI20602 60NM BRUSHLESS;486095;167100.0;107168.0;59932.0;35.87;65;"Costo base documentado; transporte y comisiones pendientes";Comparación individual pendiente
WADFOW NIVEL DE BURBUJA 100CM WSL2G100;488822;13800.0;8826.0;4974.0;36.04;234;"Costo base documentado; transporte y comisiones pendientes";Comparación individual pendiente
"WADFOW ALICATE PARA BOMBAS WPL6710 10""";542845;13600.0;8753.0;4847.0;35.64;180;"Costo base documentado; transporte y comisiones pendientes";Comparación individual pendiente
"WADFOW LLAVE TRINQUETE EXTENSIBLE 1/2"" 450-600MM WRW6212";537582;36400.0;23344.0;13056.0;35.87;123;"Costo base documentado; transporte y comisiones pendientes";Comparación individual pendiente
TOTAL ATORNILLADOR 20V TDLI20508 2BAT 2.0 MOTOR BRUSHLESS;487801;226100.0;144992.0;81108.0;35.87;64;"Costo base documentado; transporte y comisiones pendientes";Comparación individual pendiente
TOTAL TALADRO DE IMPACTO PERCUTOR 710W UTG1071366;151030;70200.0;45020.0;25180.0;35.87;72;"Costo base documentado; transporte y comisiones pendientes";Comparación individual pendiente
TOTAL BOTAS DE SEGURIDAD TSP207IDSB.39 NEGRO/ROJO;532457;57200.0;36683.0;20517.0;35.87;243;"Costo base documentado; transporte y comisiones pendientes";Comparación individual pendiente
TOTAL LLAVE PHILIPS THTISPH180 ISOLADO;340502;8800.0;5674.0;3126.0;35.52;151;"Costo base documentado; transporte y comisiones pendientes";Comparación individual pendiente
"TOTAL LIJADORA GIRATORIO TF2041506 6""450W";415866;108100.0;69344.0;38756.0;35.85;220;"Costo base documentado; transporte y comisiones pendientes";Comparación individual pendiente
WADFOW RECTIFICADOR 4V WRYN418;56366;118000.0;75648.0;42352.0;35.89;49;"Costo base documentado; transporte y comisiones pendientes";Comparación individual pendiente
WADFOW NIVEL LASER 3D VERDE WLE2M12;488853;221200.0;141840.0;79360.0;35.88;234;"Costo base documentado; transporte y comisiones pendientes";Comparación individual pendiente
WADFOW KIT LLAVE COMBINADA 8PZ WFR3208;460705;5900.0;3782.0;2118.0;35.9;158;"Costo base documentado; transporte y comisiones pendientes";Comparación individual pendiente
TOTAL CORTADOR DE TUBOS THT534216 193MM (PVC);341707;13000.0;8337.0;4663.0;35.87;106;"Costo base documentado; transporte y comisiones pendientes";Comparación individual pendiente
"WADFOW TIJERA DE PODAR 200MM 8"" WPA1E03";490320;18200.0;11672.0;6528.0;35.87;177;"Costo base documentado; transporte y comisiones pendientes";Comparación individual pendiente
TOTAL CORTADORA DE PASTO TGT141181 141CC 3KW;300735;748800.0;480214.0;268586.0;35.87;207;"Costo base documentado; transporte y comisiones pendientes";Comparación individual pendiente
WADFOW AMOLADORA WAG15851 850W 125MM 220V;489676;152400.0;97712.0;54688.0;35.88;49;"Costo base documentado; transporte y comisiones pendientes";Comparación individual pendiente
TOTAL ESCUADRO MAGNETICO TAMWH7006;443074;17200.0;11032.0;6168.0;35.86;328;"Costo base documentado; transporte y comisiones pendientes";Comparación individual pendiente
WADFOW BATERIA 20V 5.AH INDICADOR LED DE CARGA WLBP550;489201;91000.0;58359.0;32641.0;35.87;81;"Costo base documentado; transporte y comisiones pendientes";Comparación individual pendiente
TOTAL CAPA DE LLUVIA THTRS031.XXL;341790;26000.0;16658.0;9342.0;35.93;238;"Costo base documentado; transporte y comisiones pendientes";Comparación individual pendiente
TOTAL HIDROLAVADORA 2000W TGT11376;526067;324400.0;208032.0;116368.0;35.87;201;"Costo base documentado; transporte y comisiones pendientes";Comparación individual pendiente
TOTAL ADAPTADOR DE DADOS DE IMPACTO THIUJ1202;201735;13600.0;8753.0;4847.0;35.64;51;"Costo base documentado; transporte y comisiones pendientes";Comparación individual pendiente
"TOTAL MACHETE ACERO AL CARBONO 14"" THMPS0114";5043;17200.0;11032.0;6168.0;35.86;325;"Costo base documentado; transporte y comisiones pendientes";Comparación individual pendiente
WADFOW JUEGO DE LLAVES TIPO S 5PCS WFR4405;181167;31900.0;20488.0;11412.0;35.77;157;"Costo base documentado; transporte y comisiones pendientes";Comparación individual pendiente
TOTAL CUCHILLO MULTIUSO PLEGABLE THT513613 61X19MM;340625;13800.0;8826.0;4974.0;36.04;141;"Costo base documentado; transporte y comisiones pendientes";Comparación individual pendiente
TOTAL ESPATULA DE MASA THT831256 125MM;367790;13800.0;8826.0;4974.0;36.04;142;"Costo base documentado; transporte y comisiones pendientes";Comparación individual pendiente
TOTAL VIBRADOR DE CONCRETO 20V TCVLI2025021;584838;17200.0;11032.0;6168.0;35.86;333;"Costo base documentado; transporte y comisiones pendientes";Comparación individual pendiente
TOTAL TEMPORIZADOR RIEGO THHCQ9206 2 ZONAS;456777;184600.0;118386.0;66214.0;35.87;306;"Costo base documentado; transporte y comisiones pendientes";Comparación individual pendiente
TOTAL ATORNILLADOR CON IMPACTO TDLI1228 1.5A 12V;486293;71300.0;45704.0;25596.0;35.9;62;"Costo base documentado; transporte y comisiones pendientes";Comparación individual pendiente
TOTAL CORTADOR DE PISO THT578004B LAMINA;437233;14300.0;9172.0;5128.0;35.86;106;"Costo base documentado; transporte y comisiones pendientes";Comparación individual pendiente
WADFOW JUEGO DE DADOS CR-V 10PCS WST2410;488761;20200.0;12923.0;7277.0;36.02;121;"Costo base documentado; transporte y comisiones pendientes";Comparación individual pendiente
"TOTAL CORTACABLES AISLADO THTIP2761 6""";430456;12300.0;7880.0;4420.0;35.93;188;"Costo base documentado; transporte y comisiones pendientes";Comparación individual pendiente
TOTAL SIERRA DE PODA 300MM THPS3008;554152;11700.0;7505.0;4195.0;35.85;254;"Costo base documentado; transporte y comisiones pendientes";Comparación individual pendiente
CELIMAX SERUM FACIAL CELIMAX THE VITA A RETINOL SHOT TIGHTENING 30ML;;30600.0;;;;;Sin costo de compra documentado en este PDF;Comparación individual pendiente
TOTAL GATO BOTELLA HIDRÁULICO 10 TONELADAS THT109102;176026;13800.0;8826.0;4974.0;36.04;143;"Costo base documentado; transporte y comisiones pendientes";Comparación individual pendiente
TOTAL SIERRA CIRCULAR 20V TSLI14021 MOTOR BRUSHLESS;495516;195000.0;125056.0;69944.0;35.87;251;"Costo base documentado; transporte y comisiones pendientes";Comparación individual pendiente
TOTAL MARTILLO DEMOLEDOR UTH215456 1700W HEX 16KG;367967;520000.0;333466.0;186534.0;35.87;280;"Costo base documentado; transporte y comisiones pendientes";Comparación individual pendiente
TOTAL ATORNILLADOR CON IMPACTO 20V TIDLI201452 2BT;487795;137600.0;88256.0;49344.0;35.86;60;"Costo base documentado; transporte y comisiones pendientes";Comparación individual pendiente
TOTAL JUEGO DE BATERIAS 20V 5.0AH TOSLI240464;512589;319500.0;204880.0;114620.0;35.87;84;"Costo base documentado; transporte y comisiones pendientes";Comparación individual pendiente
TOTAL SOPLADOR/ASPIRADOR 400W 220V TB4066;612302;186800.0;119776.0;67024.0;35.88;200;"Costo base documentado; transporte y comisiones pendientes";Comparación individual pendiente
TOTAL TALADRO ATORNILLADOR 20V TDLI20453;501811;93400.0;59888.0;33512.0;35.88;71;"Costo base documentado; transporte y comisiones pendientes";Comparación individual pendiente
TOTAL CINTA METRICA TMT126681 8MX25MM;456630;8800.0;5674.0;3126.0;35.52;231;"Costo base documentado; transporte y comisiones pendientes";Comparación individual pendiente
TOTAL CANDADO 60MM TLK32602 385G;341127;8800.0;5674.0;3126.0;35.52;93;"Costo base documentado; transporte y comisiones pendientes";Comparación individual pendiente
TOTAL PULIDORA ION DE LITIO 20V TOPLI2001;486163;114400.0;73366.0;41034.0;35.87;42;"Costo base documentado; transporte y comisiones pendientes";Comparación individual pendiente
TOTAL CARGADOR 42V UTFCLI42021 110VOLT;553261;52000.0;33348.0;18652.0;35.87;78;"Costo base documentado; transporte y comisiones pendientes";Comparación individual pendiente
WADFOW KIT DE PINTURA WCB3H62 6PCS;542234;17200.0;11032.0;6168.0;35.86;339;"Costo base documentado; transporte y comisiones pendientes";Comparación individual pendiente
TOTAL CAJA DE HERRAMIENTAS CON 4 GAVETAS THRC01041;487641;27000.0;17336.0;9664.0;35.79;34;"Costo base documentado; transporte y comisiones pendientes";Comparación individual pendiente
TOTAL GUANTE DE MECÁNICO TSP1808-XL;609975;15600.0;10004.0;5596.0;35.87;239;"Costo base documentado; transporte y comisiones pendientes";Comparación individual pendiente
TOTAL BOTAS SEGURIDAD TSP201SB.41;417433;57200.0;36683.0;20517.0;35.87;246;"Costo base documentado; transporte y comisiones pendientes";Comparación individual pendiente
TOTAL COMPACTADORA A GASOLINA TP880-2 4.8KW;381369;17200.0;11032.0;6168.0;35.86;327;"Costo base documentado; transporte y comisiones pendientes";Comparación individual pendiente
TOTAL ATORNILLADOR TIDLI1232 12V IMPACTO;414999;71300.0;45704.0;25596.0;35.9;66;"Costo base documentado; transporte y comisiones pendientes";Comparación individual pendiente
DEAR BODY CREAM 200GR CLUB DE NUIT;;19500.0;;;;;Sin costo de compra documentado en este PDF;Comparación individual pendiente
"TOTAL REMACHADOR MANUAL THT32176 7""";351072;13800.0;8826.0;4974.0;36.04;153;"Costo base documentado; transporte y comisiones pendientes";Comparación individual pendiente
TOTAL LLAVE DE IMPACTO 20V 400NM TIWLI2040;501835;8800.0;5674.0;3126.0;35.52;61;"Costo base documentado; transporte y comisiones pendientes";Comparación individual pendiente
WADFOW CARRITO CARGA PLEGABLE WWB9A10;469692;41800.0;26792.0;15008.0;35.9;38;"Costo base documentado; transporte y comisiones pendientes";Comparación individual pendiente
WADFOW ALICATE TENAZA 200MM WPL8C08;537230;7200.0;4586.0;2614.0;36.31;175;"Costo base documentado; transporte y comisiones pendientes";Comparación individual pendiente
TOTAL BOTAS DE LLUVIA TSP303L.43;456708;16300.0;10421.0;5879.0;36.07;245;"Costo base documentado; transporte y comisiones pendientes";Comparación individual pendiente
TOTAL ATORNILLADOR DRYWALL 20V TDSLI2042006;511995;93400.0;59888.0;33512.0;35.88;63;"Costo base documentado; transporte y comisiones pendientes";Comparación individual pendiente
WADFOW CANDADO 50MM WPD1450;614108;11700.0;7505.0;4195.0;35.85;90;"Costo base documentado; transporte y comisiones pendientes";Comparación individual pendiente
"WADFOW ALICATE COMBINADO DE ALTA RESISTENCIA 7"" WPL1717";505741;8800.0;5674.0;3126.0;35.52;191;"Costo base documentado; transporte y comisiones pendientes";Comparación individual pendiente
WADFOW TALADRO PERCUTOR 650W 13MM WMD15651;489225;59800.0;38350.0;21450.0;35.87;277;"Costo base documentado; transporte y comisiones pendientes";Comparación individual pendiente
TOTAL SIERRA DE PÉRTIGA CON CORTASETOS TPTS201681 20V;486156;137600.0;88256.0;49344.0;35.86;264;"Costo base documentado; transporte y comisiones pendientes";Comparación individual pendiente
TOTAL GENERADOR A GASOLINA 0,8KVA TP18005;609869;351000.0;225100.0;125900.0;35.87;99;"Costo base documentado; transporte y comisiones pendientes";Comparación individual pendiente
TOTAL REGLA DE ALUMINIO TMT222606;437288;17200.0;11004.0;6196.0;36.02;305;"Costo base documentado; transporte y comisiones pendientes";Comparación individual pendiente
TOTAL JUEGO DE LLAVES EN ÁNGULO L 6PCS TLASWT0601;487702;31200.0;20009.0;11191.0;35.87;102;"Costo base documentado; transporte y comisiones pendientes";Comparación individual pendiente
TOTAL TALADRO DE IMPACTO 20V 76NM UTIDLI207686 2B;617932;236600.0;151734.0;84866.0;35.87;55;"Costo base documentado; transporte y comisiones pendientes";Comparación individual pendiente
TOTAL MARTILLO PERFORADOR 20V UTRHLI262085 MOTOR SIN ESCOBILLA;595155;338000.0;216747.0;121253.0;35.87;275;"Costo base documentado; transporte y comisiones pendientes";Comparación individual pendiente
WADFOW ESCURRIDOR DE ACEITE 70L WKD1A07;489898;439400.0;281792.0;157608.0;35.87;316;"Costo base documentado; transporte y comisiones pendientes";Comparación individual pendiente
"TOTAL ALICATE DE PRESION 10"" THT191003";456869;13800.0;8826.0;4974.0;36.04;139;"Costo base documentado; transporte y comisiones pendientes";Comparación individual pendiente
TOTAL KIT LLAVE CATRACA TACSD30156 15PC;367684;8800.0;5674.0;3126.0;35.52;149;"Costo base documentado; transporte y comisiones pendientes";Comparación individual pendiente
TOTAL JUEGO DE DESTORNILLADORES 6PCS TGTST0606;553506;15700.0;10086.0;5614.0;35.76;145;"Costo base documentado; transporte y comisiones pendientes";Comparación individual pendiente
"TOTAL JUEGO DE LLAVES DE VASO DE 1/2"" 26PCS THT121266";612371;59000.0;37824.0;21176.0;35.89;146;"Costo base documentado; transporte y comisiones pendientes";Comparación individual pendiente
TOTAL PALETA HIDRÁULICA 2500KG THT301251;301329;13800.0;8826.0;4974.0;36.04;152;"Costo base documentado; transporte y comisiones pendientes";Comparación individual pendiente
TOTAL KIT DE HERRAMENTAS JUEGO DE DADOS THKTHP21396 139PCS;528078;157300.0;100864.0;56436.0;35.88;137;"Costo base documentado; transporte y comisiones pendientes";Comparación individual pendiente
TOTAL BOLSA DE HERRAMIENTAS PARA TALADRO 295X180MM THT16P30625;612524;63900.0;40976.0;22924.0;35.87;278;"Costo base documentado; transporte y comisiones pendientes";Comparación individual pendiente
WADFOW CARRITO CARGA PLEGABLE 150KG WWB9A15;489492;41800.0;26792.0;15008.0;35.9;38;"Costo base documentado; transporte y comisiones pendientes";Comparación individual pendiente
TOTAL KIT HERRAMIENTA THKTHP21176 117PCS;381673;41800.0;26792.0;15008.0;35.9;35;"Costo base documentado; transporte y comisiones pendientes";Comparación individual pendiente
TOTAL FRESA KIT TACSR0121 12PCS;340113;108100.0;69344.0;38756.0;35.85;218;"Costo base documentado; transporte y comisiones pendientes";Comparación individual pendiente
TOTAL CINTA METRICA TMT126651 5MX19MM;456616;5900.0;3782.0;2118.0;35.9;231;"Costo base documentado; transporte y comisiones pendientes";Comparación individual pendiente
TOTAL ATORNILLADOR 20V TDLI206021 MOTOR BRUSHLESS;487825;122900.0;78800.0;44100.0;35.88;59;"Costo base documentado; transporte y comisiones pendientes";Comparación individual pendiente
WADFOW ASPIRADORA 30LT 1200W SECO-HUMEDO WVR4A30;37303;221200.0;141840.0;79360.0;35.88;203;"Costo base documentado; transporte y comisiones pendientes";Comparación individual pendiente
TOTAL JUEGO DE HERRAMIENTAS LLAVE DE IMPACTO 126PCS THKTHP3126;557948;157300.0;100864.0;56436.0;35.88;60;"Costo base documentado; transporte y comisiones pendientes";Comparación individual pendiente
TOTAL GRAPAS 10MM THT39101;341639;13800.0;8826.0;4974.0;36.04;144;"Costo base documentado; transporte y comisiones pendientes";Comparación individual pendiente
TOTAL MOCHILA PARA HERRAMIENTAS 12KG THBP04025;595254;41800.0;26792.0;15008.0;35.9;35;"Costo base documentado; transporte y comisiones pendientes";Comparación individual pendiente
WADFOW JUEGO DE PUNTAS DESTORNILLADOR WSS8B43 43PCS;533263;18200.0;11672.0;6528.0;35.87;128;"Costo base documentado; transporte y comisiones pendientes";Comparación individual pendiente
WADFOW PALA DE ACERO CON MANGO DE MADERA 1000MM WSE1317;489454;17200.0;11032.0;6168.0;35.86;335;"Costo base documentado; transporte y comisiones pendientes";Comparación individual pendiente
TOTAL ATORNILLADOR 12V TIRLI12015 100NM;512190;71300.0;45704.0;25596.0;35.9;59;"Costo base documentado; transporte y comisiones pendientes";Comparación individual pendiente
TOTAL LLAVE TRINQUETE 20V TDRLI206529;584807;174200.0;111716.0;62484.0;35.87;114;"Costo base documentado; transporte y comisiones pendientes";Comparación individual pendiente
TOTAL ATORNILLADOR 20V TIDLI20608;468756;137600.0;88256.0;49344.0;35.86;65;"Costo base documentado; transporte y comisiones pendientes";Comparación individual pendiente
WADFOW BOTAS DE LLUVIA WRB1L44;133647;20200.0;12923.0;7277.0;36.02;241;"Costo base documentado; transporte y comisiones pendientes";Comparación individual pendiente
"WADFOW LLAVE DE TRINQUETE 1/4"" WWQ4D14";543132;48800.0;31265.0;17535.0;35.93;130;"Costo base documentado; transporte y comisiones pendientes";Comparación individual pendiente
WADFOW NIVEL LASER 3D ROJO 15MT 2 LINEAS WLE1M03;538572;78000.0;50006.0;27994.0;35.89;229;"Costo base documentado; transporte y comisiones pendientes";Comparación individual pendiente
WADFOW SIERRA COPA DE DIAMANTE 45MM WKJ7645;501415;137600.0;88256.0;49344.0;35.86;267;"Costo base documentado; transporte y comisiones pendientes";Comparación individual pendiente
"TOTAL ALICATE PRESIÓN THT191005 10""";415354;13800.0;8826.0;4974.0;36.04;139;"Costo base documentado; transporte y comisiones pendientes";Comparación individual pendiente
TOTAL BOTAS DE SEGURIDAD ANTICLAVOS +ANTIRESBALANTE TSP206SB.4;334242;59000.0;37824.0;21176.0;35.89;246;"Costo base documentado; transporte y comisiones pendientes";Comparación individual pendiente
WADFOW LASER DE NIVEL WLE1M04;462983;137600.0;88256.0;49344.0;35.86;236;"Costo base documentado; transporte y comisiones pendientes";Comparación individual pendiente
WADFOW TERRAJA Y MACHO MÉTRICOS 12PCS WAJ1L01;471145;47400.0;30429.0;16971.0;35.8;323;"Costo base documentado; transporte y comisiones pendientes";Comparación individual pendiente
TOTAL HOJA DE SIERRA SABLE TRSB1001 10PCS;527552;127800.0;81952.0;45848.0;35.87;261;"Costo base documentado; transporte y comisiones pendientes";Comparación individual pendiente
TOTAL MARTILLO ROTATIVO 2.5J 20V UTRHLI202682;583671;235900.0;151296.0;84604.0;35.86;281;"Costo base documentado; transporte y comisiones pendientes";Comparación individual pendiente
TOTAL MÁQUINA DE SOLDAR 200A TW220069 TIG/MMA;502054;314600.0;201756.0;112844.0;35.87;268;"Costo base documentado; transporte y comisiones pendientes";Comparación individual pendiente
"WADFOW ALICATE DE PUNTA LARGA DE ALTO APALANCAMIENTO 6"" WPL271";533331;8800.0;5674.0;3126.0;35.52;192;"Costo base documentado; transporte y comisiones pendientes";Comparación individual pendiente
WADFOW PISTOLA DE CALOR 300/550°C WKH1501 20V;489669;106200.0;68083.0;38117.0;35.89;221;"Costo base documentado; transporte y comisiones pendientes";Comparación individual pendiente
WADFOW COMPRESOR 12V PARA AUTO WAAC501 160PSI;461542;57200.0;36683.0;20517.0;35.87;96;"Costo base documentado; transporte y comisiones pendientes";Comparación individual pendiente
TOTAL ALICATE PUNTA LARGA THTIP381 ISOL;341769;8800.0;5674.0;3126.0;35.52;188;"Costo base documentado; transporte y comisiones pendientes";Comparación individual pendiente
WADFOW MESA DE TRABAJO PLEGABLE WWE1525;461344;32800.0;21008.0;11792.0;35.95;320;"Costo base documentado; transporte y comisiones pendientes";Comparación individual pendiente
TOTAL KIT 357 PCS ACCESORIOS MINI MECHA TACSD13571;415934;42300.0;27095.0;15205.0;35.95;9;"Costo base documentado; transporte y comisiones pendientes";Comparación individual pendiente
TOTAL PISTOLA DE PINTURA TAT11004 HVLP;313841;54600.0;35016.0;19584.0;35.87;95;"Costo base documentado; transporte y comisiones pendientes";Comparación individual pendiente
TOTAL GRAPAS PARA CLAVADORA DE AIRE 2.2MM-18MM 1200PCS TAC1201;553407;108100.0;69344.0;38756.0;35.85;218;"Costo base documentado; transporte y comisiones pendientes";Comparación individual pendiente
WADFOW AUXILIAR DE PARTIDA DE ÍONS DE LÍTIO 12V WLY1512;543477;17200.0;11032.0;6168.0;35.86;336;"Costo base documentado; transporte y comisiones pendientes";Comparación individual pendiente
TOTAL TALADRO DE BANCO 1500W TDP3211005;2738;118000.0;75648.0;42352.0;35.89;283;"Costo base documentado; transporte y comisiones pendientes";Comparación individual pendiente
TOTAL BOTAS DE SEGURIDAD TSP207IDSB.46 NEGRO/ROJO;532471;57200.0;36683.0;20517.0;35.87;243;"Costo base documentado; transporte y comisiones pendientes";Comparación individual pendiente
TOTAL KIT LIMA PARA MADERA THT918326 3PCS 8';465458;23400.0;15007.0;8393.0;35.87;111;"Costo base documentado; transporte y comisiones pendientes";Comparación individual pendiente
TOTAL TIJERA PARA PODAR 20V MOTOR BRUSHLESS TSSLI20308;486781;12300.0;7880.0;4420.0;35.93;189;"Costo base documentado; transporte y comisiones pendientes";Comparación individual pendiente
TOTAL JUEGO DE DESTORNILLADOR DE PRECISIÓN THT250726 7PCS;340434;10400.0;6654.0;3746.0;36.02;110;"Costo base documentado; transporte y comisiones pendientes";Comparación individual pendiente
TOTAL JUEGO DE NIVELES DE BURBUJA 3PCS THT10403;531979;13800.0;8826.0;4974.0;36.04;136;"Costo base documentado; transporte y comisiones pendientes";Comparación individual pendiente
TOTAL COMBO 2PCS AMOLADORA + TALADRO DE IMPACTO 20V TCKLI20256;584722;374400.0;240107.0;134293.0;35.87;53;"Costo base documentado; transporte y comisiones pendientes";Comparación individual pendiente
TOTAL MARTILLO DE GOMA THT76836 8OZ;456180;10800.0;6934.0;3866.0;35.8;152;"Costo base documentado; transporte y comisiones pendientes";Comparación individual pendiente
WADFOW CORTA CÉSPED INALÁMBRICO 20V WLKP530 30L;613859;200200.0;128390.0;71810.0;35.87;181;"Costo base documentado; transporte y comisiones pendientes";Comparación individual pendiente
"TOTAL ALICATE DE PUNTA CURVA 50% 160MM 6"" THT241608S";612357;8800.0;5674.0;3126.0;35.52;134;"Costo base documentado; transporte y comisiones pendientes";Comparación individual pendiente
TOTAL JUEGO DE 31 PUNTAS DE DESTORNILLADOR DE IMPACTO TACSDL11;536400;5400.0;3467.0;1933.0;35.8;68;"Costo base documentado; transporte y comisiones pendientes";Comparación individual pendiente
WADFOW ROTOMARTILLO DE DEMOLICIÓN 1050W WRH2D26;461818;206400.0;132384.0;74016.0;35.86;286;"Costo base documentado; transporte y comisiones pendientes";Comparación individual pendiente
WADFOW JUEGO DE DADOS DE IMPACTO WMS4D01 1/2 14PCS CORTO;528771;36400.0;23344.0;13056.0;35.87;58;"Costo base documentado; transporte y comisiones pendientes";Comparación individual pendiente
"WADFOW ALICATE PUNTA LARGA WPL2908 8""";462259;8600.0;5503.0;3097.0;36.01;181;"Costo base documentado; transporte y comisiones pendientes";Comparación individual pendiente
WADFOW BOTAS DE LLUVIA 46 WRB1L46;470834;21400.0;13755.0;7645.0;35.72;241;"Costo base documentado; transporte y comisiones pendientes";Comparación individual pendiente
"WADFOW LLAVE COMBINADA CON RATCHET FLEXIBLE 19"" WSP6119";134484;9100.0;5838.0;3262.0;35.85;122;"Costo base documentado; transporte y comisiones pendientes";Comparación individual pendiente
CELIMAX SERUM FACIAL CELIMAX THE VITA A RETINAL SHOT TIGHTENING BOOSTER 15 ML;;32500.0;;;;;Sin costo de compra documentado en este PDF;Comparación individual pendiente
"WADFOW ALICATE CORTE DE EXTREMOS 6"" WPL7906";469210;8300.0;5336.0;2964.0;35.71;178;"Costo base documentado; transporte y comisiones pendientes";Comparación individual pendiente
TOTAL ALICATE CABO RED THCPJ0506;442657;8800.0;5674.0;3126.0;35.52;187;"Costo base documentado; transporte y comisiones pendientes";Comparación individual pendiente
TOTAL MÁQUINA DE SOLDAR 250A INDUSTRIAL TW225079;502078;206400.0;132384.0;74016.0;35.86;271;"Costo base documentado; transporte y comisiones pendientes";Comparación individual pendiente
TOTAL FRESA KIT 12MM TACSR12412 24PCS;527576;108100.0;69344.0;38756.0;35.85;218;"Costo base documentado; transporte y comisiones pendientes";Comparación individual pendiente
TOTAL TIRA LINEA 30M THT666301;236331;13600.0;8753.0;4847.0;35.64;120;"Costo base documentado; transporte y comisiones pendientes";Comparación individual pendiente
TOTAL CORTADOR DE PASTO TP5434421;436359;12300.0;7880.0;4420.0;35.93;188;"Costo base documentado; transporte y comisiones pendientes";Comparación individual pendiente
TOTAL BOMBA DE AGUA TWP37501 1HP 750W 220V;239806;235900.0;151296.0;84604.0;35.86;200;"Costo base documentado; transporte y comisiones pendientes";Comparación individual pendiente
TOTAL LLAVE AJUSTABLE Y DE TUBOS 2 EN 1 THT10210G;526159;12800.0;8195.0;4605.0;35.98;137;"Costo base documentado; transporte y comisiones pendientes";Comparación individual pendiente
TOTAL CAJA DE HERRAMIENTAS METALICA THT10701;381932;75400.0;48355.0;27045.0;35.87;105;"Costo base documentado; transporte y comisiones pendientes";Comparación individual pendiente
TOTAL LAMINA TICO TAC51111C P/ MADERA;316828;17200.0;11032.0;6168.0;35.86;331;"Costo base documentado; transporte y comisiones pendientes";Comparación individual pendiente
WADFOW CUERDA ELÁSTICA CON GANCHOS WAQS2520;543521;34400.0;22092.0;12308.0;35.78;316;"Costo base documentado; transporte y comisiones pendientes";Comparación individual pendiente
TOTAL GENERADOR GASO TP115001 1.2KVA;341264;884700.0;567360.0;317340.0;35.87;100;"Costo base documentado; transporte y comisiones pendientes";Comparación individual pendiente
TOTAL COMPRESOR DE AIRE TCS1110242 24L;488150;270300.0;173360.0;96940.0;35.86;97;"Costo base documentado; transporte y comisiones pendientes";Comparación individual pendiente
"WADFOW ALICATE PELACABLE WSX8604 7""";542852;7200.0;4586.0;2614.0;36.31;180;"Costo base documentado; transporte y comisiones pendientes";Comparación individual pendiente
KARSEELL MACA POWER REPAIR CURL DEFINING CREAM 500ML;;46800.0;;;;;Sin costo de compra documentado en este PDF;Comparación individual pendiente
WADFOW JUEGO DE BROCA 9PCS WTD6B02;463553;15700.0;10086.0;5614.0;35.76;16;"Costo base documentado; transporte y comisiones pendientes";Comparación individual pendiente
WADFOW ASPIRADORADORA 20V 20L WQV1A20;489171;78600.0;50432.0;28168.0;35.84;204;"Costo base documentado; transporte y comisiones pendientes";Comparación individual pendiente
TOTAL SIERRA CORTA PARED TWC1551 1500W;312141;137600.0;88256.0;49344.0;35.86;263;"Costo base documentado; transporte y comisiones pendientes";Comparación individual pendiente
TOTAL GATO HIDRÁULICO PERFIL BAJO 3 TONELADAS THT10834;502276;13800.0;8826.0;4974.0;36.04;144;"Costo base documentado; transporte y comisiones pendientes";Comparación individual pendiente
TOTAL GATO HIDRÁULICO PROFESIONAL THT108253 3TONELADAS;529426;13800.0;8826.0;4974.0;36.04;136;"Costo base documentado; transporte y comisiones pendientes";Comparación individual pendiente
WADFOW JUEGO DE BROCAS HSS 15PCS WTD6515;528696;15700.0;10086.0;5614.0;35.76;17;"Costo base documentado; transporte y comisiones pendientes";Comparación individual pendiente
TOTAL MARTILLO ROTATIVO SDS-MAX 1200W TH112426;521123;206400.0;132384.0;74016.0;35.86;278;"Costo base documentado; transporte y comisiones pendientes";Comparación individual pendiente
WADFOW RÓTULAS Y JUNTAS PRENSA TIPO C 7PCS WGP5D07;614030;119600.0;76701.0;42899.0;35.87;177;"Costo base documentado; transporte y comisiones pendientes";Comparación individual pendiente
TOTAL MAQUINA DE SOLDADURA INVERTER 130A MMA UTW213049;128087;228800.0;146732.0;82068.0;35.87;268;"Costo base documentado; transporte y comisiones pendientes";Comparación individual pendiente
"TOTAL JUEGO DE MECHAS ESCALONADAS 1/4"" TACSD2051";487504;70200.0;45020.0;25180.0;35.87;9;"Costo base documentado; transporte y comisiones pendientes";Comparación individual pendiente
TOTAL BOTAS SEGURIDAD TSP202SB.42;417389;57200.0;36683.0;20517.0;35.87;237;"Costo base documentado; transporte y comisiones pendientes";Comparación individual pendiente
"TOTAL SOCKET DE IMPACTO THKISD12102L 1/2"" 10PCS";415200;49400.0;31681.0;17719.0;35.87;55;"Costo base documentado; transporte y comisiones pendientes";Comparación individual pendiente
TOTAL PISTOLA CLAVADORA BRAD TCBNLI2028 15X50MM;486767;108100.0;69344.0;38756.0;35.85;221;"Costo base documentado; transporte y comisiones pendientes";Comparación individual pendiente
WADFOW JUEGO DE ALICATES DE CRIMPADO 7PCS WHS1B07;469463;55900.0;35851.0;20049.0;35.87;182;"Costo base documentado; transporte y comisiones pendientes";Comparación individual pendiente
TOTAL CATRACA 4PCS 6M X 25MM THTRS065606;532006;13800.0;8826.0;4974.0;36.04;140;"Costo base documentado; transporte y comisiones pendientes";Comparación individual pendiente
TOTAL PULIDORA TP1141806 1400W;367417;118000.0;75648.0;42352.0;35.89;48;"Costo base documentado; transporte y comisiones pendientes";Comparación individual pendiente
"TOTAL ALICATE UNIVERSAL THTIP181 8""";381567;11800.0;7565.0;4235.0;35.89;188;"Costo base documentado; transporte y comisiones pendientes";Comparación individual pendiente
WADFOW ESTACION DE SOLDADURA WEL7506;463867;49400.0;31681.0;17719.0;35.87;309;"Costo base documentado; transporte y comisiones pendientes";Comparación individual pendiente
TOTAL BATERIA 20V 4.0AH TFBLI20021;380881;78000.0;50006.0;27994.0;35.89;79;"Costo base documentado; transporte y comisiones pendientes";Comparación individual pendiente
TOTAL CORTA G.LINEA TGTLS2541 2.5MM 4M;381291;17200.0;11032.0;6168.0;35.86;328;"Costo base documentado; transporte y comisiones pendientes";Comparación individual pendiente
"TOTAL EXTENSION DE BARRA EN T 1/2"" THTSTB12106";437202;17200.0;11032.0;6168.0;35.86;329;"Costo base documentado; transporte y comisiones pendientes";Comparación individual pendiente
TOTAL ATORNILLADOR TIDLI20012 2BAT LI-ION 20V;436151;235900.0;151296.0;84604.0;35.86;66;"Costo base documentado; transporte y comisiones pendientes";Comparación individual pendiente
TOTAL KIT DE HERRAMIENTAS MANUALES THKTHP21686 168PCS;512060;41800.0;26792.0;15008.0;35.9;33;"Costo base documentado; transporte y comisiones pendientes";Comparación individual pendiente
TOTAL TALADRO 450W UTD204102;239202;63900.0;40976.0;22924.0;35.87;283;"Costo base documentado; transporte y comisiones pendientes";Comparación individual pendiente
TOTAL CANDADO 38MM TLK31381 146G;456791;3900.0;2503.0;1397.0;35.82;87;"Costo base documentado; transporte y comisiones pendientes";Comparación individual pendiente
WADFOW TIJERA DE PODAR WPR2E21;469623;15600.0;10004.0;5596.0;35.87;185;"Costo base documentado; transporte y comisiones pendientes";Comparación individual pendiente
TOTAL MÁQUINA DE SOLDAR 200A TW2200691;488075;206400.0;132384.0;74016.0;35.86;270;"Costo base documentado; transporte y comisiones pendientes";Comparación individual pendiente
WADFOW CINCEL 19X16X305MM WCC2311;462754;12800.0;8195.0;4605.0;35.98;169;"Costo base documentado; transporte y comisiones pendientes";Comparación individual pendiente
TOTAL VIBRADOR DE HORMIGÓN A GASOLINA HEXAGONAL 5.5HP TP630-22;350983;13800.0;8826.0;4974.0;36.04;154;"Costo base documentado; transporte y comisiones pendientes";Comparación individual pendiente
WADFOW AFILADOR MULTIUSO WBG1551;461849;17200.0;11032.0;6168.0;35.86;333;"Costo base documentado; transporte y comisiones pendientes";Comparación individual pendiente
WADFOW PISTOLA DE PINTURA 20V 800ML WSU30664;121484;114400.0;73366.0;41034.0;35.87;96;"Costo base documentado; transporte y comisiones pendientes";Comparación individual pendiente
TOTAL JUEGO DE HERRAMIENTAS 5PCS NEUMÁTICAS TATK053-1;341257;60400.0;38766.0;21634.0;35.82;94;"Costo base documentado; transporte y comisiones pendientes";Comparación individual pendiente
"TOTAL JUEGO DE 3 CEPILLOS CON VÁSTAGO HEX 1/4"" TACB0301";486354;20200.0;12923.0;7277.0;36.02;110;"Costo base documentado; transporte y comisiones pendientes";Comparación individual pendiente
TOTAL SIERRA CIRCULAR 20V MOTOR SIN ESCOBILLAS TSLI16523;584999;226100.0;144992.0;81108.0;35.87;260;"Costo base documentado; transporte y comisiones pendientes";Comparación individual pendiente
WADFOW JUEGO DE SIERRAS COPA PARA MADERA 16PCS WKJ4416;543576;19900.0;12756.0;7144.0;35.9;257;"Costo base documentado; transporte y comisiones pendientes";Comparación individual pendiente
Karseell MACA ESSENCE OIL 50ML;;9100.0;;;;;Sin costo de compra documentado en este PDF;Comparación individual pendiente
TOTAL JUEGO DE DESTORNILLADORES 26PCS THTDC252601;444095;15700.0;10086.0;5614.0;35.76;145;"Costo base documentado; transporte y comisiones pendientes";Comparación individual pendiente
TOTAL CINZEL THT4211026 22X16X250MM;316309;13800.0;8826.0;4974.0;36.04;140;"Costo base documentado; transporte y comisiones pendientes";Comparación individual pendiente
WADFOW BOTAS DE LLUVIA 45 WRB1L45;470827;20200.0;12923.0;7277.0;36.02;241;"Costo base documentado; transporte y comisiones pendientes";Comparación individual pendiente
WADFOW TRAJE DE LLUVIA 100% PVC WRC300L;489867;26000.0;16674.0;9326.0;35.87;242;"Costo base documentado; transporte y comisiones pendientes";Comparación individual pendiente
TOTAL SOPLADOR/ASPIRADOR 20V 600W TABLI20682;584937;150800.0;96710.0;54090.0;35.87;198;"Costo base documentado; transporte y comisiones pendientes";Comparación individual pendiente
TOTAL JUEGO DE LLAVES HEXAGONAL/TORX THT106KT0271 27PCS;514903;59000.0;37824.0;21176.0;35.89;147;"Costo base documentado; transporte y comisiones pendientes";Comparación individual pendiente
TOTAL KIT DE MECHAS DE CONCRETO TACSD5051 5PCS;338790;11700.0;7505.0;4195.0;35.85;9;"Costo base documentado; transporte y comisiones pendientes";Comparación individual pendiente
TOTAL JUEGO DE HERRAMIENTAS COMBINADAS 137PCS THKTHP21376;122672;312000.0;200073.0;111927.0;35.87;29;"Costo base documentado; transporte y comisiones pendientes";Comparación individual pendiente
WADFOW JUEGO DE LLAVES HEXAGONALES CON PUNTA ESFÉRICA WHK2292;528313;31900.0;20488.0;11412.0;35.77;157;"Costo base documentado; transporte y comisiones pendientes";Comparación individual pendiente
"WADFOW LLAVE DE TUBO SUECO 1"" WPW2101";489270;13000.0;8337.0;4663.0;35.87;123;"Costo base documentado; transporte y comisiones pendientes";Comparación individual pendiente
TOTAL KIT HERRAMIENTA THT341151 15PCS 3/4;436809;13800.0;8826.0;4974.0;36.04;148;"Costo base documentado; transporte y comisiones pendientes";Comparación individual pendiente
TOTAL AMOLADORA ANGULAR 710W UTG10711576 115MM;502023;87500.0;56106.0;31394.0;35.88;46;"Costo base documentado; transporte y comisiones pendientes";Comparación individual pendiente
"TOTAL SERRUCHO DE MANO THT55206 500MM/20""";341714;14300.0;9172.0;5128.0;35.86;116;"Costo base documentado; transporte y comisiones pendientes";Comparación individual pendiente
TOTAL AMOLADORA ANGULAR 750W UTG10711556;350815;85800.0;55024.0;30776.0;35.87;41;"Costo base documentado; transporte y comisiones pendientes";Comparación individual pendiente
TOTAL ASPIRADORA TVLI201261 20V;486132;54600.0;35016.0;19584.0;35.87;195;"Costo base documentado; transporte y comisiones pendientes";Comparación individual pendiente
WADFOW BARRA DE DEMOLICIÓN 900MM WQB1390;469425;18600.0;11921.0;6679.0;35.91;313;"Costo base documentado; transporte y comisiones pendientes";Comparación individual pendiente
TOTAL ESTILETE THT512611 61X19MM;340618;13800.0;8826.0;4974.0;36.04;143;"Costo base documentado; transporte y comisiones pendientes";Comparación individual pendiente
TOTAL CHAQUETA DE TRABAJO TSP6011.XXXL;121446;57800.0;37099.0;20701.0;35.81;238;"Costo base documentado; transporte y comisiones pendientes";Comparación individual pendiente
"TOTAL LLAVE TRINQUETE EXTENSIBLE 1/2"" THT106128L";487696;8800.0;5674.0;3126.0;35.52;137;"Costo base documentado; transporte y comisiones pendientes";Comparación individual pendiente
TOTAL COMBO PISTOLA DE CLAVOS +NIVEL TOSLI250201;529334;319500.0;204880.0;114620.0;35.87;230;"Costo base documentado; transporte y comisiones pendientes";Comparación individual pendiente
TOTAL BOTAS DE LLUVIA TSP302L.41;340977;23400.0;15007.0;8393.0;35.87;244;"Costo base documentado; transporte y comisiones pendientes";Comparación individual pendiente
ANUA TONICO FACIAL HEARTLEAF 77% SOOTHING TONER 40ML;;18200.0;;;;;Sin costo de compra documentado en este PDF;Comparación individual pendiente
WADFOW AMOLADORA ANGULAR 20V WLAPM22;461764;152400.0;97712.0;54688.0;35.88;49;"Costo base documentado; transporte y comisiones pendientes";Comparación individual pendiente
"WADFOW VÁLVULA DE RETENCIÓN TIPO HORIZONTAL 1/2"" WVV6852";470735;14300.0;9172.0;5128.0;35.86;88;"Costo base documentado; transporte y comisiones pendientes";Comparación individual pendiente
TOTAL MARTILLO DE LAPIDACIÓN THSLH6104 4LB;609913;22800.0;14591.0;8209.0;36.0;161;"Costo base documentado; transporte y comisiones pendientes";Comparación individual pendiente
WADFOW JUEGO DE HERRAMIENTAS MANUALES 8PCS WPS1M08;542128;41600.0;26679.0;14921.0;35.87;310;"Costo base documentado; transporte y comisiones pendientes";Comparación individual pendiente
WADFOW JUEGO DE PÚAS Y GANCHOS 4PCS WSS2604;469111;17200.0;11032.0;6168.0;35.86;334;"Costo base documentado; transporte y comisiones pendientes";Comparación individual pendiente
WADFOW LLAVE DE IMPACTO MOTOR SIN ESCOBILLAS 20V WCD1B483;542340;8800.0;5674.0;3126.0;35.52;75;"Costo base documentado; transporte y comisiones pendientes";Comparación individual pendiente
"TOTAL SIERRA CIRCULAR TS1161856 1600W MADERA 7""";239370;137600.0;88256.0;49344.0;35.86;263;"Costo base documentado; transporte y comisiones pendientes";Comparación individual pendiente
TOTAL KIT AMOLADORA ANGULAR +AMOLADORA RECTA 20V TOSLI23120215;488372;319500.0;204880.0;114620.0;35.87;47;"Costo base documentado; transporte y comisiones pendientes";Comparación individual pendiente
WADFOW CERRADORA MANUAL DE MORDAZA RECTA WZB1501;462433;17200.0;11032.0;6168.0;35.86;337;"Costo base documentado; transporte y comisiones pendientes";Comparación individual pendiente
WADFOW PLATAFORMA RODANTE PARA LLANTA WVD1A01;489911;179400.0;115051.0;64349.0;35.87;311;"Costo base documentado; transporte y comisiones pendientes";Comparación individual pendiente
TOTAL ATORNILLADOR 20V TIDLI2002 2BAT IMPACTO;380843;286000.0;183415.0;102585.0;35.87;65;"Costo base documentado; transporte y comisiones pendientes";Comparación individual pendiente
TOTAL MÁQUINA DE SOLDAR DE TUBO DE PVC TT328151;367462;85800.0;55024.0;30776.0;35.87;269;"Costo base documentado; transporte y comisiones pendientes";Comparación individual pendiente
TOTAL MARTILLO MAQUINISTA 500GR THMH62500;546065;7800.0;4986.0;2814.0;36.08;161;"Costo base documentado; transporte y comisiones pendientes";Comparación individual pendiente
"WADFOW ALICATE PICO L. 6"" WPL2C06";462273;5800.0;3751.0;2049.0;35.33;180;"Costo base documentado; transporte y comisiones pendientes";Comparación individual pendiente
SKIN1004 MADAG. CENTELLA TONE BRIGHTENING BOOSTING TONER 210ML (261165;;46800.0;;;;;Sin costo de compra documentado en este PDF;Comparación individual pendiente
TOTAL NIVEL LASER DE 5 LINEAS 30M VERDE TLL305205;495707;137600.0;88256.0;49344.0;35.86;230;"Costo base documentado; transporte y comisiones pendientes";Comparación individual pendiente
TOTAL BOTAS DE SEGURIDAD ANTICLAVOS +ANTIRESBALANTE TSP206SB.4;229135;59000.0;37824.0;21176.0;35.89;246;"Costo base documentado; transporte y comisiones pendientes";Comparación individual pendiente
TOTAL BATERIA 12V 1.5AH TBLI12153;512206;22100.0;14184.0;7916.0;35.82;82;"Costo base documentado; transporte y comisiones pendientes";Comparación individual pendiente
WADFOW MARTILLO MECÁNICO 1300G WHM5348;460606;15000.0;9588.0;5412.0;36.08;166;"Costo base documentado; transporte y comisiones pendientes";Comparación individual pendiente
WADFOW PROBADOR DE BATERIAS PARA AUTOS 12V/24V WVTD1511;614115;61100.0;39186.0;21914.0;35.87;81;"Costo base documentado; transporte y comisiones pendientes";Comparación individual pendiente
TOTAL PULIDORA 20V CONTROL DE VELOCIDAD VARIABLE TAPLI20188;584159;118000.0;75648.0;42352.0;35.89;48;"Costo base documentado; transporte y comisiones pendientes";Comparación individual pendiente
WADFOW MARTILLO ROTATIVO 20V WLM1B283;116;374400.0;240107.0;134293.0;35.87;163;"Costo base documentado; transporte y comisiones pendientes";Comparación individual pendiente
TOTAL MARTILLO PERFORADOR DE IONES DE LITIO UTRHLI202287;444439;10800.0;6934.0;3866.0;35.8;281;"Costo base documentado; transporte y comisiones pendientes";Comparación individual pendiente
WADFOW FILTRO DE ACEITE DE ACERO INOXIDABLE WUL1401;488723;17200.0;11032.0;6168.0;35.86;334;"Costo base documentado; transporte y comisiones pendientes";Comparación individual pendiente
"WADFOW SIERRA DE MANO 12"" WHF3108";460125;13000.0;8321.0;4679.0;35.99;258;"Costo base documentado; transporte y comisiones pendientes";Comparación individual pendiente
WADFOW SET CINCELES DE LETRAS 27PCS WCC9273;488686;13600.0;8753.0;4847.0;35.64;323;"Costo base documentado; transporte y comisiones pendientes";Comparación individual pendiente
WADFOW BOTAS DE LLUVIA 46 BLANCO WRB2L46;470841;22900.0;14673.0;8227.0;35.93;241;"Costo base documentado; transporte y comisiones pendientes";Comparación individual pendiente
MEDICUBE CREME FACIAL TRIPLE COLLAGEN CREAM 4.0 50ML;;41600.0;;;;;Sin costo de compra documentado en este PDF;Comparación individual pendiente
TOTAL SIERRA INGLETADORA RADIAL PARA MADERA CON BANCO TMS43183;532075;368600.0;236400.0;132200.0;35.87;264;"Costo base documentado; transporte y comisiones pendientes";Comparación individual pendiente
TOTAL ALICATE DE PUNTA LARGA DE ALTA PALANCA THT220806S;554046;8800.0;5674.0;3126.0;35.52;139;"Costo base documentado; transporte y comisiones pendientes";Comparación individual pendiente
TOTAL TALADRO DE IMPACTO CON JUEGO DE HERRAMIENTAS 165PCS THKT;512213;63900.0;40976.0;22924.0;35.87;72;"Costo base documentado; transporte y comisiones pendientes";Comparación individual pendiente
TOTAL COMBO 3PCS TALADRO + AMOLADORA + ROTOMARTILLO TCKLI20259;595179;525200.0;336816.0;188384.0;35.87;274;"Costo base documentado; transporte y comisiones pendientes";Comparación individual pendiente
TOTAL CUCHILLA PARA PLANCHA TAC618202;340090;108100.0;69344.0;38756.0;35.85;218;"Costo base documentado; transporte y comisiones pendientes";Comparación individual pendiente
TOTAL TALADRO TD204102 450W;239219;63900.0;40976.0;22924.0;35.87;285;"Costo base documentado; transporte y comisiones pendientes";Comparación individual pendiente
TOTAL ATORNILLADOR 110V UTD312103 12V NIC;173339;71300.0;45704.0;25596.0;35.9;63;"Costo base documentado; transporte y comisiones pendientes";Comparación individual pendiente
TOTAL CARGADOR UTFCLI20411 20V RAPIDO;458818;39600.0;25427.0;14173.0;35.79;84;"Costo base documentado; transporte y comisiones pendientes";Comparación individual pendiente
SKIN1004 MADAG. CENT. TONE BRIGHETING CLEANSING GEL FOAM 125ML (261189;;35100.0;;;;;Sin costo de compra documentado en este PDF;Comparación individual pendiente
"WADFOW CALIBRE DIGITAL 150MM 6"" WVC2B15";242738;34400.0;22092.0;12308.0;35.78;228;"Costo base documentado; transporte y comisiones pendientes";Comparación individual pendiente
TOTAL LIJADORA ROTATIVA TF2031256;415118;108100.0;69344.0;38756.0;35.85;220;"Costo base documentado; transporte y comisiones pendientes";Comparación individual pendiente
WADFOW FUMIGADORA MOTORIZADA 2 TIEMPOS 14LITROS WKN1A41;501538;46700.0;29944.0;16756.0;35.88;211;"Costo base documentado; transporte y comisiones pendientes";Comparación individual pendiente
WADFOW GRIFO DE AGUA FRIA WZD2507;469869;22900.0;14673.0;8227.0;35.93;91;"Costo base documentado; transporte y comisiones pendientes";Comparación individual pendiente
TOTAL DADOS HEXAGONALES 3/4 36MM THHAST34361;553537;11700.0;7505.0;4195.0;35.85;107;"Costo base documentado; transporte y comisiones pendientes";Comparación individual pendiente
TOTAL CINCEL PLANO SDS HEX TAC1532301 30X410X40M HEX;436458;36900.0;23678.0;13222.0;35.83;160;"Costo base documentado; transporte y comisiones pendientes";Comparación individual pendiente
TOTAL BOTAS SEGURIDAD TSP201SB.40;417426;57200.0;36683.0;20517.0;35.87;246;"Costo base documentado; transporte y comisiones pendientes";Comparación individual pendiente
WADFOW LIJADORA ORBITAL 20V WRAP5020;310963;57800.0;37099.0;20701.0;35.81;216;"Costo base documentado; transporte y comisiones pendientes";Comparación individual pendiente
WADFOW MARTILLO DE GOMA 450G WMB7302;460620;5700.0;3669.0;2031.0;35.63;165;"Costo base documentado; transporte y comisiones pendientes";Comparación individual pendiente
TOTAL AMOLADORA 20V TAGLI2120272 MOTOR SIN ESCOBILLAS;167482;152400.0;97712.0;54688.0;35.88;44;"Costo base documentado; transporte y comisiones pendientes";Comparación individual pendiente
TOTAL CAJA DE HERRAMIENTAS 369PCS THPTCS83692;229951;27000.0;17336.0;9664.0;35.79;34;"Costo base documentado; transporte y comisiones pendientes";Comparación individual pendiente
TOTAL LIJADORAS ELÉCTRICAS TS70906 ENGALLETADORA;350921;137600.0;88256.0;49344.0;35.86;261;"Costo base documentado; transporte y comisiones pendientes";Comparación individual pendiente
TOTAL CABALLETE SUPORTE THJS0201;417365;17200.0;11032.0;6168.0;35.86;326;"Costo base documentado; transporte y comisiones pendientes";Comparación individual pendiente
TOTAL JUEGO DE HERRAMIENTAS 166PCS THKTHP41667;583916;255600.0;163904.0;91696.0;35.87;32;"Costo base documentado; transporte y comisiones pendientes";Comparación individual pendiente
TOTAL MARTILLO DEMOLEDOR 42V TDBLI423582 18J 2B 2.5A;609616;437400.0;280528.0;156872.0;35.86;278;"Costo base documentado; transporte y comisiones pendientes";Comparación individual pendiente
"TOTAL PULIDORA ANGULAR 1400W UTP11418018 7""";472333;118000.0;75648.0;42352.0;35.89;48;"Costo base documentado; transporte y comisiones pendientes";Comparación individual pendiente
TOTAL CORTA CÉSPED 40V TSTLI200285;495523;496600.0;318475.0;178125.0;35.87;206;"Costo base documentado; transporte y comisiones pendientes";Comparación individual pendiente
"TOTAL ALICATE DE PUNTA LARGA 8"" 200MM THT221808S";612470;11800.0;7565.0;4235.0;35.89;135;"Costo base documentado; transporte y comisiones pendientes";Comparación individual pendiente
TOTAL PULVERIZADOR 2L THSPP20202;532273;46700.0;29944.0;16756.0;35.88;209;"Costo base documentado; transporte y comisiones pendientes";Comparación individual pendiente
TOTAL LUBRICADOR DE GRASA THT118452 45L AR;381796;460200.0;295131.0;165069.0;35.87;114;"Costo base documentado; transporte y comisiones pendientes";Comparación individual pendiente
MEDICUBE TONICO FACIAL PDRN PINK CICA SOOTHING 250ML;;39000.0;;;;;Sin costo de compra documentado en este PDF;Comparación individual pendiente
WADFOW CARRITO DE CARGA PLEGABLE 90KG WWB9A09;537728;41800.0;26792.0;15008.0;35.9;38;"Costo base documentado; transporte y comisiones pendientes";Comparación individual pendiente
WADFOW LLAVE TIPO L WTH6319 19MM;462006;7900.0;5053.0;2847.0;36.04;132;"Costo base documentado; transporte y comisiones pendientes";Comparación individual pendiente
DEAR BODY CREAM 200GR FAKHAR ROSE;;19500.0;;;;;Sin costo de compra documentado en este PDF;Comparación individual pendiente
TOTAL LLAVE DE IMPACTO 55KG TIW10101 220V;312066;103700.0;66529.0;37171.0;35.84;54;"Costo base documentado; transporte y comisiones pendientes";Comparación individual pendiente
TOTAL CABALLETE 2PCS 6 TONELADAS THJS0601;238779;17200.0;11032.0;6168.0;35.86;325;"Costo base documentado; transporte y comisiones pendientes";Comparación individual pendiente
WADFOW GATO HIDRÁULICO 2.5T WHJ2525;542302;145600.0;93375.0;52225.0;35.87;222;"Costo base documentado; transporte y comisiones pendientes";Comparación individual pendiente
TOTAL BOTAS DE LLUVIA TSP303L.41;456685;16300.0;10421.0;5879.0;36.07;245;"Costo base documentado; transporte y comisiones pendientes";Comparación individual pendiente
TOTAL COMBO INALÁMBRICO 3PCS TOSLI250606;241472;335400.0;215096.0;120304.0;35.87;80;"Costo base documentado; transporte y comisiones pendientes";Comparación individual pendiente
TOTAL KIT ALICATE DE ANILLOS DE SEGURIDAD THTJ214041;487597;8800.0;5674.0;3126.0;35.52;187;"Costo base documentado; transporte y comisiones pendientes";Comparación individual pendiente
TOTAL GATO HIDRÁULICO DE BOTELLA 4TON THT109042;278416;13800.0;8826.0;4974.0;36.04;143;"Costo base documentado; transporte y comisiones pendientes";Comparación individual pendiente
TOTAL AMOLADORA ANGULAR TG11512526 5` 1500W;436274;176900.0;113472.0;63428.0;35.86;46;"Costo base documentado; transporte y comisiones pendientes";Comparación individual pendiente
"TOTAL MACHETE ACERO AL CARBONO 20"" THMPS0120";54522;17200.0;11032.0;6168.0;35.86;325;"Costo base documentado; transporte y comisiones pendientes";Comparación individual pendiente
"TOTAL ESPADA PARA MOTOSIERRAS 8"" TGTSB50801";527682;46700.0;29944.0;16756.0;35.88;209;"Costo base documentado; transporte y comisiones pendientes";Comparación individual pendiente
TOTAL FRESA KIT 6MM TACSR12406 24PCS;527569;124800.0;80036.0;44764.0;35.87;212;"Costo base documentado; transporte y comisiones pendientes";Comparación individual pendiente
TOTAL LLAVE PHILIPS THTISPZ2100 ISOLADO;340526;3900.0;2503.0;1397.0;35.82;114;"Costo base documentado; transporte y comisiones pendientes";Comparación individual pendiente
TOTAL GINCHO ELECTRICO 900W 500KG TLH1952;415163;403000.0;258448.0;144552.0;35.87;303;"Costo base documentado; transporte y comisiones pendientes";Comparación individual pendiente
TOTAL SIERRA POLICORTE UTS92035516 2350W;368001;137600.0;88256.0;49344.0;35.86;265;"Costo base documentado; transporte y comisiones pendientes";Comparación individual pendiente
TOTAL MARTILLO ROTATIVO 42V TRHLI422682 2 BATERIAS;553445;338000.0;216747.0;121253.0;35.87;78;"Costo base documentado; transporte y comisiones pendientes";Comparación individual pendiente
TOTAL GRAPAS 18GA 35MM 6000PZS TAC918356;553384;13000.0;8337.0;4663.0;35.87;288;"Costo base documentado; transporte y comisiones pendientes";Comparación individual pendiente
WADFOW MARTILLO OREJAS WMB3308 220G;460507;5800.0;3751.0;2049.0;35.33;167;"Costo base documentado; transporte y comisiones pendientes";Comparación individual pendiente
"TOTAL AMOLADORA ANGULAR 9"" TG12223026 2200W";442930;228500.0;146568.0;81932.0;35.86;46;"Costo base documentado; transporte y comisiones pendientes";Comparación individual pendiente
WADFOW LLAVE AJUSTABLE MINI WAW3106 0-19MM;460774;6500.0;4170.0;2330.0;35.85;129;"Costo base documentado; transporte y comisiones pendientes";Comparación individual pendiente
WADFOW BOLSA DE HERRAMIENTAS WTG2106 280X275MM;461313;13000.0;8337.0;4663.0;35.87;31;"Costo base documentado; transporte y comisiones pendientes";Comparación individual pendiente
MEDICUBE TONICO FACIAL LENCO KOJIC ACID TURMERIC PAD 70UN 160ML(477386;;41600.0;;;;;Sin costo de compra documentado en este PDF;Comparación individual pendiente
"TOTAL TALADRO DE IMPACTO 20V 1/2"" 86NM UTIDLI208687";5845;221000.0;141730.0;79270.0;35.87;56;"Costo base documentado; transporte y comisiones pendientes";Comparación individual pendiente
WADFOW MARTILLO DE LAPIDACIÓN 4LB WHM4304;460545;16300.0;10421.0;5879.0;36.07;166;"Costo base documentado; transporte y comisiones pendientes";Comparación individual pendiente
WADFOW ALICATE SET 3PCS MINI WPS1613;469203;10400.0;6670.0;3730.0;35.87;181;"Costo base documentado; transporte y comisiones pendientes";Comparación individual pendiente
WADFOW MARTILLO DE GOMA 450G WHM7302;486361;5700.0;3669.0;2031.0;35.63;165;"Costo base documentado; transporte y comisiones pendientes";Comparación individual pendiente
WADFOW PALANCA DE NEUMÁTICOS WQB2316 400X25X9MM;469494;221200.0;141840.0;79360.0;35.88;98;"Costo base documentado; transporte y comisiones pendientes";Comparación individual pendiente
WADFOW SIERRA MÁRMOL 1400W WMR15141 220V;614146;104000.0;66681.0;37319.0;35.88;256;"Costo base documentado; transporte y comisiones pendientes";Comparación individual pendiente
WADFOW RASTRILLO DE JARDÍN DE ACERO DE ACERO AL CABORNO 1380MM;490337;14200.0;9087.0;5113.0;36.01;208;"Costo base documentado; transporte y comisiones pendientes";Comparación individual pendiente
WADFOW JUEGO DE SIERRAS COPO BIMETÁLICAS 13PCS WKJ3413;543569;70200.0;45020.0;25180.0;35.87;257;"Costo base documentado; transporte y comisiones pendientes";Comparación individual pendiente
TOTAL ALICATE COMBINADOS 180MM THTC510706;88381;15600.0;10004.0;5596.0;35.87;171;"Costo base documentado; transporte y comisiones pendientes";Comparación individual pendiente
WADFOW CINTA METRICA 10M X 25MM WMT1250;462945;8800.0;5674.0;3126.0;35.52;235;"Costo base documentado; transporte y comisiones pendientes";Comparación individual pendiente
WADFOW SOPLADOR A GASOLINA 25.4CC WYQ3A25;615181;186800.0;119776.0;67024.0;35.88;205;"Costo base documentado; transporte y comisiones pendientes";Comparación individual pendiente
TOTAL HIDROLAVADORA 1600W TGT11336;518789;216300.0;138688.0;77612.0;35.88;201;"Costo base documentado; transporte y comisiones pendientes";Comparación individual pendiente
WADFOW KIT LLAVE COMBINADA WSP1208 8PZ;460682;5900.0;3782.0;2118.0;35.9;155;"Costo base documentado; transporte y comisiones pendientes";Comparación individual pendiente
TOTAL SOPLADOR ASPIRADORA 20V TABLI20018;471220;78600.0;50432.0;28168.0;35.84;202;"Costo base documentado; transporte y comisiones pendientes";Comparación individual pendiente
TOTAL ROTOMARTILLO TRHLI20208 20V MOTOR SIN ESCOBILLAS;527590;235900.0;151296.0;84604.0;35.86;282;"Costo base documentado; transporte y comisiones pendientes";Comparación individual pendiente
TOTAL PISTOLA DE PINTURA 20V TSGLI2003;468879;221200.0;141840.0;79360.0;35.88;98;"Costo base documentado; transporte y comisiones pendientes";Comparación individual pendiente
TOTAL KIT HERRAMIENTA THKTHP90256 25IN1;340458;41800.0;26792.0;15008.0;35.9;35;"Costo base documentado; transporte y comisiones pendientes";Comparación individual pendiente
WADFOW COMBO NIVEL LASER + MEDIDOR DE DISTANCIA WLDK3902;113601;317200.0;203424.0;113776.0;35.87;227;"Costo base documentado; transporte y comisiones pendientes";Comparación individual pendiente
"WADFOW ALICATE EXTENSION WPL6510 10""";462365;8800.0;5674.0;3126.0;35.52;192;"Costo base documentado; transporte y comisiones pendientes";Comparación individual pendiente
TOTAL JUEGO DE HOJAS PARA SIERRA DE CALAR 22PCS TACSDL62201;609807;32500.0;20844.0;11656.0;35.86;251;"Costo base documentado; transporte y comisiones pendientes";Comparación individual pendiente
TOTAL AMOLADORA ANGULAR DE IONES DE LITIO 20V TAGLI2011587;487887;152400.0;97712.0;54688.0;35.88;46;"Costo base documentado; transporte y comisiones pendientes";Comparación individual pendiente
TOTAL ATORNILLADOR 20V TIDLI20508 2BT 2.0 MOTOR BRUSHLESS;487818;167100.0;107168.0;59932.0;35.87;59;"Costo base documentado; transporte y comisiones pendientes";Comparación individual pendiente
WADFOW CAJA DE HERRAMIENTAS PLÁSTICO 30KG WTB4303;538695;59800.0;38350.0;21450.0;35.87;29;"Costo base documentado; transporte y comisiones pendientes";Comparación individual pendiente
TOTAL ARNES DE SEGURIDAD 14MMx1.5MM TSH501415;531986;44200.0;28346.0;15854.0;35.87;237;"Costo base documentado; transporte y comisiones pendientes";Comparación individual pendiente
"WADFOW CAJA DE HERRAMIENTAS DE PLÁSTICO 19"" WTB3319";33909;27000.0;17336.0;9664.0;35.79;36;"Costo base documentado; transporte y comisiones pendientes";Comparación individual pendiente
TOTAL MECHA KIT TACSD1945;443173;11700.0;7505.0;4195.0;35.85;4;"Costo base documentado; transporte y comisiones pendientes";Comparación individual pendiente
WADFOW ROTOMARTILLO 20V WLM1B262;538886;260000.0;166725.0;93275.0;35.88;277;"Costo base documentado; transporte y comisiones pendientes";Comparación individual pendiente
TOTAL PISTOLA PARA HIDROLAVADORA TGTAN4501;531788;12400.0;7921.0;4479.0;36.12;195;"Costo base documentado; transporte y comisiones pendientes";Comparación individual pendiente
WADFOW JUEGO DE INYECTOR Y CORTADOR DIESEL WSP5D07;614016;59800.0;38350.0;21450.0;35.87;176;"Costo base documentado; transporte y comisiones pendientes";Comparación individual pendiente
TOTAL BOMBA DE AGUA DE POZO PROFUNDO TWP53701 0.5HP 370W 48M;531764;340600.0;218430.0;122170.0;35.87;196;"Costo base documentado; transporte y comisiones pendientes";Comparación individual pendiente
TOTAL ESCALERA DE 5 PELDAÑOS THLAD09051;277754;12800.0;8195.0;4605.0;35.98;168;"Costo base documentado; transporte y comisiones pendientes";Comparación individual pendiente
TOTAL PISTOLA CLAVADORA CONCRETO TCSTLI3805 20V 18/SB;527439;338000.0;216747.0;121253.0;35.87;214;"Costo base documentado; transporte y comisiones pendientes";Comparación individual pendiente
"TOTAL JUEGO DE DADOS CR-V 1/4 "" 27PCS THT141271";532198;29900.0;19177.0;10723.0;35.86;102;"Costo base documentado; transporte y comisiones pendientes";Comparación individual pendiente
TOTAL TALADRO DE IMPACTO 20V 96NM TIDLI209687;615242;137600.0;88256.0;49344.0;35.86;72;"Costo base documentado; transporte y comisiones pendientes";Comparación individual pendiente
TOTAL MÁQUINA VIBRATORIA DE AZULEJOS 20V TTTVLI20018;527507;17200.0;11032.0;6168.0;35.86;331;"Costo base documentado; transporte y comisiones pendientes";Comparación individual pendiente
TOTAL COMBO MULTIMETRO 3PCS TOS23068;529433;368600.0;236400.0;132200.0;35.87;232;"Costo base documentado; transporte y comisiones pendientes";Comparación individual pendiente
KARSEELL MACA POWER REPAIR CONDITIONER DEEP HYDRATION 200ML;;15600.0;;;;;Sin costo de compra documentado en este PDF;Comparación individual pendiente
TOTAL JUEGO DE SOCKET DE IMPACTO 14 PCS THISTD12141;527385;46200.0;29597.0;16603.0;35.94;54;"Costo base documentado; transporte y comisiones pendientes";Comparación individual pendiente
TOTAL BARRA DE DEMOLICION THT431362 910X30X16;381758;13800.0;8826.0;4974.0;36.04;139;"Costo base documentado; transporte y comisiones pendientes";Comparación individual pendiente
TOTAL TALADRO PERCUTOR TG1061356 680 W;239172;63900.0;40976.0;22924.0;35.87;284;"Costo base documentado; transporte y comisiones pendientes";Comparación individual pendiente
WADFOW JUEGO DE TIJERAS WSX4603 (3PCS);528191;12300.0;7880.0;4420.0;35.93;194;"Costo base documentado; transporte y comisiones pendientes";Comparación individual pendiente
TOTAL HIDROLAVADORA UTGT11316 1900PSI;381338;200200.0;128390.0;71810.0;35.87;197;"Costo base documentado; transporte y comisiones pendientes";Comparación individual pendiente
TOTAL MÁQUINA DE SOLDAR 250A TW225069;502061;460200.0;295131.0;165069.0;35.87;268;"Costo base documentado; transporte y comisiones pendientes";Comparación individual pendiente
WADFOW REGLA VIBRATORIA A GASOLINA 1.2HP WSFS2A09;538923;17200.0;11032.0;6168.0;35.86;339;"Costo base documentado; transporte y comisiones pendientes";Comparación individual pendiente
WADFOW TIJERA DE PODA 20V WJFP525;20763;150800.0;96710.0;54090.0;35.87;185;"Costo base documentado; transporte y comisiones pendientes";Comparación individual pendiente
"WADFOW ALICATE CRIMPEADORA TERMINALES AISLADOS 9"" WCP3609";489805;24100.0;15423.0;8677.0;36.0;174;"Costo base documentado; transporte y comisiones pendientes";Comparación individual pendiente
"TOTAL BOLSA DE HERRAMIENTAS 16"" THT561625";487665;13800.0;8826.0;4974.0;36.04;135;"Costo base documentado; transporte y comisiones pendientes";Comparación individual pendiente
TOTAL LLAVE TORX THT2366 6X150MM T20;341547;8800.0;5674.0;3126.0;35.52;151;"Costo base documentado; transporte y comisiones pendientes";Comparación individual pendiente
WADFOW SIERRA DE SABLE 20V WLR15115;43403;115700.0;74201.0;41499.0;35.87;256;"Costo base documentado; transporte y comisiones pendientes";Comparación individual pendiente
TOTAL JUEGO DE HERRAMIENTAS 148PCS THKTHP41487;583961;255600.0;163904.0;91696.0;35.87;34;"Costo base documentado; transporte y comisiones pendientes";Comparación individual pendiente
TOTAL CUCHILLO MULTIUSOS 180MM SK5 THT5116118;512367;13800.0;8826.0;4974.0;36.04;141;"Costo base documentado; transporte y comisiones pendientes";Comparación individual pendiente
"TOTAL LLAVE DE TRINQUETE PARA TUBOS TAT171102 10""";341462;18800.0;12088.0;6712.0;35.7;113;"Costo base documentado; transporte y comisiones pendientes";Comparación individual pendiente
WADFOW MULTIMETRO 600V WDM2508;113618;31900.0;20488.0;11412.0;35.77;234;"Costo base documentado; transporte y comisiones pendientes";Comparación individual pendiente
WADFOW CARGADOR DE BATERIA 1.8 AH WFCP518;489218;20800.0;13339.0;7461.0;35.87;80;"Costo base documentado; transporte y comisiones pendientes";Comparación individual pendiente
WADFOW JUEGO DE PORTAHERRAMIENTAS MAGNÉTICOS WHH2603;463782;19000.0;12173.0;6827.0;35.93;318;"Costo base documentado; transporte y comisiones pendientes";Comparación individual pendiente
"WADFOW ALICATE DE BLOQUEO WLP4106 6""";460439;8800.0;5674.0;3126.0;35.52;192;"Costo base documentado; transporte y comisiones pendientes";Comparación individual pendiente
TOTAL MARTILLO DEMOLEDOR 1700W 10K TH217506;338356;712700.0;457040.0;255660.0;35.87;280;"Costo base documentado; transporte y comisiones pendientes";Comparación individual pendiente
WADFOW DESMALEZADORA A NAFTA 43CC WGM1543;506212;46700.0;29944.0;16756.0;35.88;211;"Costo base documentado; transporte y comisiones pendientes";Comparación individual pendiente
TOTAL AMOLADORA ANGULAR 20V 1250W TAGLI235172;615341;152400.0;97712.0;54688.0;35.88;46;"Costo base documentado; transporte y comisiones pendientes";Comparación individual pendiente
WADFOW JUEGO DE LLAVES COMBINADAS 4PCS WFR2404;18876;31900.0;20488.0;11412.0;35.77;157;"Costo base documentado; transporte y comisiones pendientes";Comparación individual pendiente
TOTAL DADOS HEXAGONALES 3/4 46MM THHAST34461;553568;15600.0;10004.0;5596.0;35.87;107;"Costo base documentado; transporte y comisiones pendientes";Comparación individual pendiente
WADFOW CERRADORA MANUAL DE MORDAZA RECTA WZB8001;462426;31200.0;20009.0;11191.0;35.87;315;"Costo base documentado; transporte y comisiones pendientes";Comparación individual pendiente
TOTAL NIVEL BURBUJA MAGNÉTICO TMT210026 100CM;437257;24700.0;15842.0;8858.0;35.86;226;"Costo base documentado; transporte y comisiones pendientes";Comparación individual pendiente
"WADFOW ALICATE COMBINADO WPL1C08 8""";462266;11800.0;7565.0;4235.0;35.89;191;"Costo base documentado; transporte y comisiones pendientes";Comparación individual pendiente
WADFOW LLAVE DE TORQUE 330MM WTH1D68;488709;103400.0;66280.0;37120.0;35.9;122;"Costo base documentado; transporte y comisiones pendientes";Comparación individual pendiente
TOTAL ALICATE PUNTA DOBLADO THT24616;341554;8800.0;5674.0;3126.0;35.52;139;"Costo base documentado; transporte y comisiones pendientes";Comparación individual pendiente
MEDICUBE PDRN PINK COLLAGEN TONING GEL TONER PAD 120ML 70PADS;;39000.0;;;;;Sin costo de compra documentado en este PDF;Comparación individual pendiente
WADFOW CAJA FUERTE 19L CON RECONOCIMIENTO DE HUELLAS DACTILARE;537773;41800.0;26792.0;15008.0;35.9;38;"Costo base documentado; transporte y comisiones pendientes";Comparación individual pendiente
TOTAL JUEGO DE FRESAS ROTATIVAS TAKC0651;488068;108100.0;69344.0;38756.0;35.85;216;"Costo base documentado; transporte y comisiones pendientes";Comparación individual pendiente
TOTAL BOTAS DE LLUVIA TSP303L.45;456722;16300.0;10421.0;5879.0;36.07;237;"Costo base documentado; transporte y comisiones pendientes";Comparación individual pendiente
TOTAL BOMBA DE AGUA PERIFÉRICA 0.75HP 8M 550W TWP15506;579841;158600.0;101712.0;56888.0;35.87;196;"Costo base documentado; transporte y comisiones pendientes";Comparación individual pendiente
TOTAL TALADRO DE IMPACTO 20V 96NM TIDLI209686;125765;137600.0;88256.0;49344.0;35.86;72;"Costo base documentado; transporte y comisiones pendientes";Comparación individual pendiente
TOTAL TALADRO DE IMPACTO 20V 1/2 86NM TIDLI208687;5951;137600.0;88256.0;49344.0;35.86;72;"Costo base documentado; transporte y comisiones pendientes";Comparación individual pendiente
WADFOW HACHA 2000G WHM6322;2745;17200.0;11032.0;6168.0;35.86;338;"Costo base documentado; transporte y comisiones pendientes";Comparación individual pendiente
"WADFOW PRENSA 12"" WCP4312 60X300MM";460309;12300.0;7880.0;4420.0;35.93;194;"Costo base documentado; transporte y comisiones pendientes";Comparación individual pendiente
TOTAL TALHA 3TON 3M THT1631;316200;59000.0;37824.0;21176.0;35.89;223;"Costo base documentado; transporte y comisiones pendientes";Comparación individual pendiente
TOTAL JUEGO DE LLAVES COMBINADAS 6PCS THT102266;565042;31900.0;20488.0;11412.0;35.77;136;"Costo base documentado; transporte y comisiones pendientes";Comparación individual pendiente
TOTAL MÁQUINA DE SOLDAR 160A UTMGT1601;486323;206400.0;132384.0;74016.0;35.86;270;"Costo base documentado; transporte y comisiones pendientes";Comparación individual pendiente
TOTAL ALICATE DE PUNTA CURVA DE ALTA PALANCA THT24616S;554039;9100.0;5838.0;3262.0;35.85;103;"Costo base documentado; transporte y comisiones pendientes";Comparación individual pendiente
TOTAL CUCHILLA 18X11MM THT511807;527736;13800.0;8826.0;4974.0;36.04;141;"Costo base documentado; transporte y comisiones pendientes";Comparación individual pendiente
WADFOW LLAVE AJUSTABLE WAW174K 4PCS;460767;12800.0;8195.0;4605.0;35.98;158;"Costo base documentado; transporte y comisiones pendientes";Comparación individual pendiente
WADFOW CUCHILLA DE HOJA A PRESIÓN WSK4928;505727;12300.0;7880.0;4420.0;35.93;193;"Costo base documentado; transporte y comisiones pendientes";Comparación individual pendiente
WADFOW ROTOMARTILLO 800W WRH1D26-2;62190;143000.0;91707.0;51293.0;35.87;277;"Costo base documentado; transporte y comisiones pendientes";Comparación individual pendiente
TOTAL GATO HIDRÁULICO 2 TONELADAS INDUSTRIAL THT10821;301305;89700.0;57527.0;32173.0;35.87;109;"Costo base documentado; transporte y comisiones pendientes";Comparación individual pendiente
TOTAL KIT LLAVE DE IMPACTO+PULIDORA +BATIDORA TOSLI240686;511902;319500.0;204880.0;114620.0;35.87;69;"Costo base documentado; transporte y comisiones pendientes";Comparación individual pendiente
"WADFOW ALICATE PICO.L WPL2936 6"" AISLADO";462327;11100.0;7086.0;4014.0;36.16;180;"Costo base documentado; transporte y comisiones pendientes";Comparación individual pendiente
"TOTAL PRENSA SARGENTO G THT13161 6""";367691;13800.0;8826.0;4974.0;36.04;137;"Costo base documentado; transporte y comisiones pendientes";Comparación individual pendiente
TOTAL JUEGO DE BROCAS 33PCS TACSDL63306;536516;33200.0;21260.0;11940.0;35.96;8;"Costo base documentado; transporte y comisiones pendientes";Comparación individual pendiente
"TOTAL LLAVE CAÑO THT171006 10""";456272;17600.0;11256.0;6344.0;36.05;112;"Costo base documentado; transporte y comisiones pendientes";Comparación individual pendiente
TOTAL RÁPIDO CARGADOR TFCLI20411 20V;455251;39600.0;25427.0;14173.0;35.79;80;"Costo base documentado; transporte y comisiones pendientes";Comparación individual pendiente
TOTAL PRENSA SARGENTO F THT1321201 120X300;340533;26000.0;16658.0;9342.0;35.93;103;"Costo base documentado; transporte y comisiones pendientes";Comparación individual pendiente
TOTAL FRESA ROTATIVA METAL TAKC1001;532372;14300.0;9172.0;5128.0;35.86;213;"Costo base documentado; transporte y comisiones pendientes";Comparación individual pendiente
WADFOW SIERRA DE PODA WHW8G14;528207;137600.0;88256.0;49344.0;35.86;267;"Costo base documentado; transporte y comisiones pendientes";Comparación individual pendiente
"TOTAL MOTOSIERRA 20V 8"" TGSLI20851 MOTOR SIN ESCOBILLAS";521925;46700.0;29944.0;16756.0;35.88;210;"Costo base documentado; transporte y comisiones pendientes";Comparación individual pendiente
WADFOW CAJA DE HERRAMIENTAS METÁLICA PLEGABLE WTB8A33;488969;27000.0;17336.0;9664.0;35.79;36;"Costo base documentado; transporte y comisiones pendientes";Comparación individual pendiente
"WADFOW MOTOSIERRA 20V 12"" WCLP5121";580045;46700.0;29944.0;16756.0;35.88;210;"Costo base documentado; transporte y comisiones pendientes";Comparación individual pendiente
"TOTAL ALICATE DE CORTE DIAGONAL 7"" THT27716S";367585;8800.0;5674.0;3126.0;35.52;138;"Costo base documentado; transporte y comisiones pendientes";Comparación individual pendiente
TOTAL JUEGO DE DESTORNILLADORES CON LLAVE CON MANGO T 47PCS TA;436700;15700.0;10086.0;5614.0;35.76;146;"Costo base documentado; transporte y comisiones pendientes";Comparación individual pendiente
TOTAL BOTAS DE SEGURIDAD CON CUERO GOMA TSP209SB.43;532433;71500.0;45855.0;25645.0;35.87;237;"Costo base documentado; transporte y comisiones pendientes";Comparación individual pendiente
TOTAL MAQUINA DE SOLDADURA INVERTER TW213049 130A MMA;554008;182000.0;116703.0;65297.0;35.88;268;"Costo base documentado; transporte y comisiones pendientes";Comparación individual pendiente
WADFOW LLAVE COMBINADA CON RATCHET 15MM WSA5115;37907;5800.0;3751.0;2049.0;35.33;122;"Costo base documentado; transporte y comisiones pendientes";Comparación individual pendiente
TOTAL COMPRESOR DE AIRE TC202416 24L;566872;270300.0;173360.0;96940.0;35.86;97;"Costo base documentado; transporte y comisiones pendientes";Comparación individual pendiente
TOTAL MARTILLO DE DEMOLICIÓN TH115326 220V 1500W;442954;10800.0;6934.0;3866.0;35.8;280;"Costo base documentado; transporte y comisiones pendientes";Comparación individual pendiente
WADFOW CAJA DE LLAVES 20X16x7.5CM WYSX1H01;537780;23400.0;15007.0;8393.0;35.87;121;"Costo base documentado; transporte y comisiones pendientes";Comparación individual pendiente
TOTAL ARRANCADOR DE ENGRANAJE THTGP336 3GARRAS;316460;27900.0;17891.0;10009.0;35.87;222;"Costo base documentado; transporte y comisiones pendientes";Comparación individual pendiente
TOTAL ATORNILLADOR UTIDLI20012 2BAT LI-ION 20V;436168;235900.0;151296.0;84604.0;35.86;66;"Costo base documentado; transporte y comisiones pendientes";Comparación individual pendiente
TOTAL CORTADOR DE TUBOS THT53422 225MM (PVC);316347;13800.0;8826.0;4974.0;36.04;141;"Costo base documentado; transporte y comisiones pendientes";Comparación individual pendiente
TOTAL BOTAS SEGURIDAD TSP203SB.41;417495;59000.0;37824.0;21176.0;35.89;247;"Costo base documentado; transporte y comisiones pendientes";Comparación individual pendiente
WADFOW LLAVE COMBINADA CON RATCHET 13MM WSA5113;3025;5900.0;3782.0;2118.0;35.9;158;"Costo base documentado; transporte y comisiones pendientes";Comparación individual pendiente
WADFOW CARGADOR BATERIA UWBY1501 4A;462037;59200.0;37934.0;21266.0;35.92;81;"Costo base documentado; transporte y comisiones pendientes";Comparación individual pendiente
TOTAL SOLDADOR 60W TET160923;486958;93600.0;60027.0;33573.0;35.87;268;"Costo base documentado; transporte y comisiones pendientes";Comparación individual pendiente
"TOTAL TIJERA DE PODAR EXTENSIBLE 26-34"" 45MM THTS1528608";612609;137600.0;88256.0;49344.0;35.86;260;"Costo base documentado; transporte y comisiones pendientes";Comparación individual pendiente
WADFOW PULIDORA 20V WHL1B18;579988;135200.0;86705.0;48495.0;35.87;43;"Costo base documentado; transporte y comisiones pendientes";Comparación individual pendiente
TOTAL MÁQUINA VIBRATORIA DE AZULEJOS 20V TTVLI2001;553650;17200.0;11032.0;6168.0;35.86;331;"Costo base documentado; transporte y comisiones pendientes";Comparación individual pendiente
TOTAL CHAQUETA DE TRABAJO TSP6011.XL;228770;57800.0;37099.0;20701.0;35.81;238;"Costo base documentado; transporte y comisiones pendientes";Comparación individual pendiente
TOTAL COMBO LLAVE DE IMPACTO+PISTOLA DE CALOR 20V TOSLI240489;518642;319500.0;204880.0;114620.0;35.87;68;"Costo base documentado; transporte y comisiones pendientes";Comparación individual pendiente
TOTAL ATORNILLADOR 20V TDLI20011 1BAT LI-ION;436137;142500.0;91408.0;51092.0;35.85;64;"Costo base documentado; transporte y comisiones pendientes";Comparación individual pendiente
WADFOW CORTA CERCO JARDÍN 2EN1 WJC1512 12V;505949;59800.0;38350.0;21450.0;35.87;308;"Costo base documentado; transporte y comisiones pendientes";Comparación individual pendiente
TOTAL SIERRA INGLETADORA TS42182552 1800W;341356;368600.0;236400.0;132200.0;35.87;265;"Costo base documentado; transporte y comisiones pendientes";Comparación individual pendiente
TOTAL DADOS HEXAGONALES 3/4 41MM THHAST34411;553551;13500.0;8671.0;4829.0;35.77;108;"Costo base documentado; transporte y comisiones pendientes";Comparación individual pendiente
TOTAL MOCHILA PARA HERRAMIENTAS THBP0201;444163;41800.0;26792.0;15008.0;35.9;35;"Costo base documentado; transporte y comisiones pendientes";Comparación individual pendiente
TOTAL HACHA THT786006 600G 390MM;381536;13800.0;8826.0;4974.0;36.04;144;"Costo base documentado; transporte y comisiones pendientes";Comparación individual pendiente
WADFOW ALICATE TENAZA 250MM WPL8C10;537247;8800.0;5674.0;3126.0;35.52;190;"Costo base documentado; transporte y comisiones pendientes";Comparación individual pendiente
"TOTAL REMACHADOR MANUAL THT32105 10.5""";415460;13800.0;8826.0;4974.0;36.04;153;"Costo base documentado; transporte y comisiones pendientes";Comparación individual pendiente
TOTAL ALICATE PUNTA LARGA THT220606;316224;9800.0;6254.0;3546.0;36.18;104;"Costo base documentado; transporte y comisiones pendientes";Comparación individual pendiente
TOTAL TIJERA DE AVIACION LARGA (RECTA ) 300MM THT525106;531641;13800.0;8826.0;4974.0;36.04;138;"Costo base documentado; transporte y comisiones pendientes";Comparación individual pendiente
WADFOW LLAVE PARA TUBOS AUTOAJUSTABLE 6'' WPW0A06;542142;8400.0;5418.0;2982.0;35.5;132;"Costo base documentado; transporte y comisiones pendientes";Comparación individual pendiente
TOTAL GENERADOR GASOLINA TP155001 5.5KVA;338400;1391000.0;892063.0;498937.0;35.87;99;"Costo base documentado; transporte y comisiones pendientes";Comparación individual pendiente
"TOTAL ALICATE PRESIÓN 10"" THT191001";381574;13800.0;8826.0;4974.0;36.04;139;"Costo base documentado; transporte y comisiones pendientes";Comparación individual pendiente
TOTAL ATORNILLADOR CON FUNCION DE IMPACTO 20V TIDLI201455;486712;137600.0;88256.0;49344.0;35.86;66;"Costo base documentado; transporte y comisiones pendientes";Comparación individual pendiente
"WADFOW ALICATE DE CORTE DIAGONAL WPL3768 7.5""";542791;12400.0;7921.0;4479.0;36.12;179;"Costo base documentado; transporte y comisiones pendientes";Comparación individual pendiente
TOTAL COMPRESOR DE AIRE 12V 120PSI TTAC2506;381185;60900.0;39085.0;21815.0;35.82;97;"Costo base documentado; transporte y comisiones pendientes";Comparación individual pendiente
TOTAL BATERIA 42V 2.5AH TFBLI42251;553247;106600.0;68364.0;38236.0;35.87;78;"Costo base documentado; transporte y comisiones pendientes";Comparación individual pendiente
TOTAL ROTOMARTILLO TH110266 1050W SDS PLUS;553988;179400.0;115051.0;64349.0;35.87;276;"Costo base documentado; transporte y comisiones pendientes";Comparación individual pendiente
TOTAL SIERRA CIRCULAR 20V TSLI1401 MADERA 5';415033;117400.0;75282.0;42118.0;35.88;253;"Costo base documentado; transporte y comisiones pendientes";Comparación individual pendiente
TOTAL CUCHILLO THT51886;436977;13800.0;8826.0;4974.0;36.04;141;"Costo base documentado; transporte y comisiones pendientes";Comparación individual pendiente
WADFOW DADOS DE IMPACTO 10PCS 1/2 CRMO WMSD201;163675;26600.0;17090.0;9510.0;35.75;57;"Costo base documentado; transporte y comisiones pendientes";Comparación individual pendiente
TOTAL HIDROLAVADORA 20V TPWLI20582 2B 2.0A;615358;157300.0;100864.0;56436.0;35.88;201;"Costo base documentado; transporte y comisiones pendientes";Comparación individual pendiente
TOTAL SIERRA CIRCULAR 42V MOTOR SIN ESCOBILLAS TSLI4214012;583893;317200.0;203424.0;113776.0;35.87;253;"Costo base documentado; transporte y comisiones pendientes";Comparación individual pendiente
TOTAL MARTILLO PARA TECHO 600 GR THTRH6006;486484;18200.0;11672.0;6528.0;35.87;162;"Costo base documentado; transporte y comisiones pendientes";Comparación individual pendiente
TOTAL SIERRA DE MANO THT59241 24'';456760;15700.0;10086.0;5614.0;35.76;254;"Costo base documentado; transporte y comisiones pendientes";Comparación individual pendiente
TOTAL CAJA DE HERRAMIENTAS METALICA THT10702;444132;59800.0;38335.0;21465.0;35.89;105;"Costo base documentado; transporte y comisiones pendientes";Comparación individual pendiente
WADFOW HIDROLAVADORA 1885PSI WHP3A18 1800W 220V;538282;157300.0;100864.0;56436.0;35.88;204;"Costo base documentado; transporte y comisiones pendientes";Comparación individual pendiente
TOTAL TALADRO DE IMPACTO 20V TIDLI206681 MOTOR SIN ESCOBILLAS;518628;98800.0;63362.0;35438.0;35.87;56;"Costo base documentado; transporte y comisiones pendientes";Comparación individual pendiente
TOTAL SOPLADOR/ASPIRADORA 20V TABLI2078;170925;78600.0;50432.0;28168.0;35.84;203;"Costo base documentado; transporte y comisiones pendientes";Comparación individual pendiente
WADFOW EXTRACTOR DE RODAMIENTOS 13PCS WGP7D02;542166;17200.0;11032.0;6168.0;35.86;334;"Costo base documentado; transporte y comisiones pendientes";Comparación individual pendiente
TOTAL PISTOLA DE CALOR 20V TBLI20065;553643;106200.0;68083.0;38117.0;35.89;221;"Costo base documentado; transporte y comisiones pendientes";Comparación individual pendiente
MEDICUBE PDRN PINK COLLAGEN CAPSULE CREAM 55G;;44900.0;;;;;Sin costo de compra documentado en este PDF;Comparación individual pendiente
"Victoria's Secret LOCAO VICTORIA&#039;S SECRET AMBER ROMANCE";;31200.0;;;;;Sin costo de compra documentado en este PDF;Comparación individual pendiente
"TOTAL ALICATE DE CORTE DIAGONAL 50% 200MM 8"" THT271808S";612333;11800.0;7565.0;4235.0;35.89;134;"Costo base documentado; transporte y comisiones pendientes";Comparación individual pendiente
WADFOW DENT PULLER (VENTOSA DE VIDRIO) WKR1G50;538619;17200.0;11032.0;6168.0;35.86;337;"Costo base documentado; transporte y comisiones pendientes";Comparación individual pendiente
"WADFOW ALICATE DE CORTE DIAGONAL 6"" WPL3C06";469173;8800.0;5674.0;3126.0;35.52;190;"Costo base documentado; transporte y comisiones pendientes";Comparación individual pendiente
WADFOW MARTILLO SET 7PCS WHZ1D07;460613;10800.0;6934.0;3866.0;35.8;170;"Costo base documentado; transporte y comisiones pendientes";Comparación individual pendiente
WADFOW SET LLAVES COMBINADA C/ TRINQUETE WSP5212 12PCS;543071;76700.0;49190.0;27510.0;35.87;133;"Costo base documentado; transporte y comisiones pendientes";Comparación individual pendiente
TOTAL PISTOLA DE PINTURA 450W 800ML PLÁSTICO UTT3506;576628;62400.0;40018.0;22382.0;35.87;94;"Costo base documentado; transporte y comisiones pendientes";Comparación individual pendiente
"WADFOW VÁLVULA DE RETENCIÓN 1"" ACERO WVV6811";470704;14300.0;9172.0;5128.0;35.86;92;"Costo base documentado; transporte y comisiones pendientes";Comparación individual pendiente
TOTAL MARTILLO DEMOLEDOR 20V UTRHLI202081;487931;437400.0;280528.0;156872.0;35.86;278;"Costo base documentado; transporte y comisiones pendientes";Comparación individual pendiente
WADFOW CAPA DE LLUVIA WRC1001;461535;14300.0;9172.0;5128.0;35.86;242;"Costo base documentado; transporte y comisiones pendientes";Comparación individual pendiente
TOTAL ACOPLE PARA BATERIA PBCA12001;443081;18800.0;12088.0;6712.0;35.7;78;"Costo base documentado; transporte y comisiones pendientes";Comparación individual pendiente
TOTAL PINZA PELACABLE THT15606 0.5-6MM;381581;8800.0;5674.0;3126.0;35.52;152;"Costo base documentado; transporte y comisiones pendientes";Comparación individual pendiente
TOTAL PISTOLA DE PINTURA 500W 800ML 2.0M TT5006-2;381116;85800.0;55024.0;30776.0;35.87;98;"Costo base documentado; transporte y comisiones pendientes";Comparación individual pendiente
TOTAL NIVEL LASER 3D 16V 12 LINEAS TLL301201;527705;221200.0;141840.0;79360.0;35.88;230;"Costo base documentado; transporte y comisiones pendientes";Comparación individual pendiente
WADFOW SOPORTE PARA AMOLADORA ANGULAR WASC1251;460354;87500.0;56106.0;31394.0;35.88;50;"Costo base documentado; transporte y comisiones pendientes";Comparación individual pendiente
"TOTAL LLAVE CAÑO 24"" THT171246";341479;33800.0;21676.0;12124.0;35.87;112;"Costo base documentado; transporte y comisiones pendientes";Comparación individual pendiente
TOTAL COMBO HERRAMIENTAS 20V 4PCS TOSLI241293;529136;486600.0;312048.0;174552.0;35.87;327;"Costo base documentado; transporte y comisiones pendientes";Comparación individual pendiente
TOTAL COMBO 4PCS 20V TOSLI250696;566841;486600.0;312048.0;174552.0;35.87;327;"Costo base documentado; transporte y comisiones pendientes";Comparación individual pendiente
"WADFOW PRENSA SARGENTO EN G WCP1106 150MM 6""";542906;12300.0;7880.0;4420.0;35.93;194;"Costo base documentado; transporte y comisiones pendientes";Comparación individual pendiente
"TOTAL PRENSA SARGENTO G 8"" THT13186";436854;13800.0;8826.0;4974.0;36.04;137;"Costo base documentado; transporte y comisiones pendientes";Comparación individual pendiente
TOTAL CORTADOR DE PASTO TGTLI20301;442893;156000.0;100029.0;55971.0;35.88;172;"Costo base documentado; transporte y comisiones pendientes";Comparación individual pendiente
TOTAL TALADRO CON FUNCION DE IMPACTO 810W UTG1081316-9;486941;88500.0;56736.0;31764.0;35.89;62;"Costo base documentado; transporte y comisiones pendientes";Comparación individual pendiente
TOTAL PORTAPUNTAS DE DESTORNILLADOR TAC464601 60MM;488426;7800.0;5002.0;2798.0;35.87;116;"Costo base documentado; transporte y comisiones pendientes";Comparación individual pendiente
"TOTAL ALICATE UNIVERSAL THT210806 8""";316217;11700.0;7505.0;4195.0;35.85;104;"Costo base documentado; transporte y comisiones pendientes";Comparación individual pendiente
Karseell MACA POWER REPAIR COLLAGEN 500ML;;15600.0;;;;;Sin costo de compra documentado en este PDF;Comparación individual pendiente
TOTAL COMBO 20V LLAVE DE IMPACTO + TRINQUETE + LÁMPARA UTOSLI2;576147;319500.0;204880.0;114620.0;35.87;67;"Costo base documentado; transporte y comisiones pendientes";Comparación individual pendiente
TOTAL AMOLADORA ANGULAR 710W 115MM TG10711576 220V;585248;152400.0;97712.0;54688.0;35.88;46;"Costo base documentado; transporte y comisiones pendientes";Comparación individual pendiente
TOTAL LLAVE DE IMPACTO 20V MOTOR SIN ESCOBILLAS 85NM TIWLI2085;487863;8800.0;5674.0;3126.0;35.52;69;"Costo base documentado; transporte y comisiones pendientes";Comparación individual pendiente
TOTAL JUNTADORA Y PLANIFICADORA 1500W TJPR15001;536448;17200.0;11032.0;6168.0;35.86;325;"Costo base documentado; transporte y comisiones pendientes";Comparación individual pendiente
TOTAL COMBO 3PCS AMOLADORA + TALADRO + LLAVE DE IMPACTO TCKLI2;584142;368600.0;236400.0;132200.0;35.87;60;"Costo base documentado; transporte y comisiones pendientes";Comparación individual pendiente
TOTAL COMBO MOTOSIERRA + CORTOSETOS + SOPLADORA + CORTADORA DE;553179;319500.0;204880.0;114620.0;35.87;201;"Costo base documentado; transporte y comisiones pendientes";Comparación individual pendiente
"WADFOW ALICATE DE PRESIÓN PARA SOLDADOR 10"" WLP6210";537537;12700.0;8170.0;4530.0;35.67;269;"Costo base documentado; transporte y comisiones pendientes";Comparación individual pendiente
WADFOW KIT DE LLAVE HEXAGONALES WHK1292 9PCS;542203;8800.0;5674.0;3126.0;35.52;157;"Costo base documentado; transporte y comisiones pendientes";Comparación individual pendiente
TOTAL KIT DE BATERIAS +CARGADOR TFBCPK1222;518727;31900.0;20488.0;11412.0;35.77;85;"Costo base documentado; transporte y comisiones pendientes";Comparación individual pendiente
TOTAL CHAQUETA TJCTC2282.L;437493;17200.0;11032.0;6168.0;35.86;326;"Costo base documentado; transporte y comisiones pendientes";Comparación individual pendiente
"TOTAL JUEGO DE DADOS 1/4"" Y 1/2"" THT421441 44PCS";487634;163800.0;105047.0;58753.0;35.87;102;"Costo base documentado; transporte y comisiones pendientes";Comparación individual pendiente
TOTAL MARTILLO MAGNÉTICO #45 16OZ THCH61016L;240857;23400.0;15007.0;8393.0;35.87;160;"Costo base documentado; transporte y comisiones pendientes";Comparación individual pendiente
WADFOW CANDADO 40MM WPD1440;614092;7800.0;4986.0;2814.0;36.08;90;"Costo base documentado; transporte y comisiones pendientes";Comparación individual pendiente
WADFOW PISTOLA DE AIRE 400CC WGA1540;506175;17200.0;11032.0;6168.0;35.86;336;"Costo base documentado; transporte y comisiones pendientes";Comparación individual pendiente
TOTAL SET DE LIJADORA 145X114MM 50PCS TAC145115;553421;14300.0;9172.0;5128.0;35.86;212;"Costo base documentado; transporte y comisiones pendientes";Comparación individual pendiente
"WADFOW LLAVE CRUZADA 16"" WTH8316 17/19/21/23MM";461023;8800.0;5674.0;3126.0;35.52;159;"Costo base documentado; transporte y comisiones pendientes";Comparación individual pendiente
TOTAL JUEGO DE DESTORNILLADORES 8PCS TKSDS0836;526098;15700.0;10086.0;5614.0;35.76;145;"Costo base documentado; transporte y comisiones pendientes";Comparación individual pendiente
TOTAL CORTADORA DE PASTO TSTLI20018 40V MOTOR SIN ESCOBILLAS;492119;286000.0;183415.0;102585.0;35.87;206;"Costo base documentado; transporte y comisiones pendientes";Comparación individual pendiente
TOTAL TALADRO DE BANCO TDP3211002 1100W 32MM;367998;118000.0;75648.0;42352.0;35.89;284;"Costo base documentado; transporte y comisiones pendientes";Comparación individual pendiente
WADFOW COMBO 2PCS AMOLADORA +TALADRO 20V WCK20273;547239;285100.0;182816.0;102284.0;35.88;285;"Costo base documentado; transporte y comisiones pendientes";Comparación individual pendiente
WADFOW CORTADOR AZULEJOS 1200MM WTR1512;528504;12300.0;7880.0;4420.0;35.93;193;"Costo base documentado; transporte y comisiones pendientes";Comparación individual pendiente
TOTAL ALICATE BOMBA AGUA THT281202 12'';456234;17200.0;11004.0;6196.0;36.02;195;"Costo base documentado; transporte y comisiones pendientes";Comparación individual pendiente
"WADFOW ALICATE DE FILTRO DE ACEITE AJUSTABLE 10"" WLP8C10";489300;8800.0;5674.0;3126.0;35.52;190;"Costo base documentado; transporte y comisiones pendientes";Comparación individual pendiente
TOTAL PANTALONES DE TRABAJO TSP6022.L;121453;50700.0;32516.0;18184.0;35.87;240;"Costo base documentado; transporte y comisiones pendientes";Comparación individual pendiente
"TOTAL JUEGO DE CONECTORES RÁPIDOS DE MANGUERA 1/2"" 3PZS THWS03";444378;17200.0;11032.0;6168.0;35.86;329;"Costo base documentado; transporte y comisiones pendientes";Comparación individual pendiente
TOTAL TALADRO PERCUTOR TG108136 750W;312042;63900.0;40976.0;22924.0;35.87;284;"Costo base documentado; transporte y comisiones pendientes";Comparación individual pendiente
TOTAL GATO HIDRÁULICO BOTELLA 6TON THT109062;201803;13800.0;8826.0;4974.0;36.04;143;"Costo base documentado; transporte y comisiones pendientes";Comparación individual pendiente
TOTAL LIJADORA 20V MOTOR SIN ESCOBILLAS TPSLI20241;251136;119600.0;76701.0;42899.0;35.87;214;"Costo base documentado; transporte y comisiones pendientes";Comparación individual pendiente
TOTAL BOMBA DE AGUA 20V 180W TGWPLI201801;232340;200200.0;128390.0;71810.0;35.87;196;"Costo base documentado; transporte y comisiones pendientes";Comparación individual pendiente
WADFOW JUEGO DE DESTORNILLADORES WSS2410 10PZ;460033;15700.0;10086.0;5614.0;35.76;155;"Costo base documentado; transporte y comisiones pendientes";Comparación individual pendiente
TOTAL CANDADO 70MM TLK32702 542G;341134;8800.0;5674.0;3126.0;35.52;93;"Costo base documentado; transporte y comisiones pendientes";Comparación individual pendiente
TOTAL SET DE MECHAS ALBAÑILERIA 5PCS 4-10MM TACSD6055;532136;15700.0;10086.0;5614.0;35.76;14;"Costo base documentado; transporte y comisiones pendientes";Comparación individual pendiente
WADFOW CINTA METRICA 12.5MM 20M WMT2520;528443;7200.0;4586.0;2614.0;36.31;228;"Costo base documentado; transporte y comisiones pendientes";Comparación individual pendiente
TOTAL BOTAS DE SEGURIDAD TSP206SB.43 NEGRO;532242;59000.0;37824.0;21176.0;35.89;243;"Costo base documentado; transporte y comisiones pendientes";Comparación individual pendiente
TOTAL KIT DE BATERIAS 20V 2.0AH 3PCS TOSLI240311;583763;368600.0;236400.0;132200.0;35.87;82;"Costo base documentado; transporte y comisiones pendientes";Comparación individual pendiente
WADFOW CAPA DE LLUVIA GABARDINA 100% PVC WRC20XL;543439;14300.0;9172.0;5128.0;35.86;242;"Costo base documentado; transporte y comisiones pendientes";Comparación individual pendiente
WADFOW ESTANTES AJUSTABLES 5NI WTS1A73 700X300X1.5;461368;17200.0;11032.0;6168.0;35.86;338;"Costo base documentado; transporte y comisiones pendientes";Comparación individual pendiente
TOTAL CAJA DE HERRAMIENTA DE PLÁSTICO TPBX0142 6'X14'X6'';456357;17200.0;11032.0;6168.0;35.86;326;"Costo base documentado; transporte y comisiones pendientes";Comparación individual pendiente
TOTAL BOMBA DE AGUA TWP711001 1100W 1.5HP 15M;368018;304700.0;195424.0;109276.0;35.86;201;"Costo base documentado; transporte y comisiones pendientes";Comparación individual pendiente
TOTAL BOMBA DE AGUA A GASOLINA 7 HP TP3202;134538;172000.0;110320.0;61680.0;35.86;200;"Costo base documentado; transporte y comisiones pendientes";Comparación individual pendiente
TOTAL TIJERAS P/PODA THTS1527406;437578;137600.0;88256.0;49344.0;35.86;266;"Costo base documentado; transporte y comisiones pendientes";Comparación individual pendiente
TOTAL MULTÍMETRO DIGITAL 600V 4000 NCV TMT516003;584906;31900.0;20488.0;11412.0;35.77;233;"Costo base documentado; transporte y comisiones pendientes";Comparación individual pendiente
TOTAL GENERADOR A GASOLINA TP165006 6.5KVA;338417;884700.0;567360.0;317340.0;35.87;100;"Costo base documentado; transporte y comisiones pendientes";Comparación individual pendiente
WADFOW KIT COMBINADO DE MÁQUINA VIBRADORA INALÁMBRICA PARA AZU;538268;17200.0;11032.0;6168.0;35.86;338;"Costo base documentado; transporte y comisiones pendientes";Comparación individual pendiente
WADFOW JUEGO DE ALICATES WPS0623 3PCS;528214;16300.0;10421.0;5879.0;36.07;182;"Costo base documentado; transporte y comisiones pendientes";Comparación individual pendiente
TOTAL RECTIFICADOR 6MM 550W TG55061;468930;118000.0;75648.0;42352.0;35.89;49;"Costo base documentado; transporte y comisiones pendientes";Comparación individual pendiente
WADFOW ESCALERA TELESCÓPICA DE ALUMINIO 8 ESCALONES WLD5H08;490054;187200.0;120053.0;67147.0;35.87;164;"Costo base documentado; transporte y comisiones pendientes";Comparación individual pendiente
WADFOW BARRA DE DEMOLICIÓN 750MM WQB1375;489331;16300.0;10421.0;5879.0;36.07;306;"Costo base documentado; transporte y comisiones pendientes";Comparación individual pendiente
"TOTAL BOLSA DE HERRAMIENTAS 13"" THT261325";502238;13600.0;8753.0;4847.0;35.64;101;"Costo base documentado; transporte y comisiones pendientes";Comparación individual pendiente
TOTAL BOTAS DE SEGURIDAD TSP206SB.44 NEGRO;532259;59000.0;37824.0;21176.0;35.89;244;"Costo base documentado; transporte y comisiones pendientes";Comparación individual pendiente
TOTAL MULTIPROBADOR TMT46003;437448;31900.0;20488.0;11412.0;35.77;233;"Costo base documentado; transporte y comisiones pendientes";Comparación individual pendiente
TOTAL LLAVE DE IMPACTO 20V 500NM TIWLI20501;511889;8800.0;5674.0;3126.0;35.52;61;"Costo base documentado; transporte y comisiones pendientes";Comparación individual pendiente
TOTAL SOCKET HEXAGONAL THTST12193L 1/2 19MM;437059;13800.0;8826.0;4974.0;36.04;153;"Costo base documentado; transporte y comisiones pendientes";Comparación individual pendiente
"WADFOW ALICATE DE CORTE DIAGONAL 6"" WPL3926";469159;8800.0;5674.0;3126.0;35.52;192;"Costo base documentado; transporte y comisiones pendientes";Comparación individual pendiente
WADFOW CAJA DE HERRAMIENTAS PLÁSTICO 35KG WTB4305;538701;27000.0;17336.0;9664.0;35.79;37;"Costo base documentado; transporte y comisiones pendientes";Comparación individual pendiente
TOTAL AMOLADORA TAGLI1151 LITHIUM 20V;415002;152400.0;97712.0;54688.0;35.88;47;"Costo base documentado; transporte y comisiones pendientes";Comparación individual pendiente
TOTAL INGLETEADORA UTS42142101 1400W;350952;137600.0;88256.0;49344.0;35.86;261;"Costo base documentado; transporte y comisiones pendientes";Comparación individual pendiente
WADFOW LLAVE TORX KIT WHK3292 9PCS;460828;10400.0;6670.0;3730.0;35.87;132;"Costo base documentado; transporte y comisiones pendientes";Comparación individual pendiente
TOTAL REMACHADORA MANUAL 10.5'' THT32108S;531917;13800.0;8826.0;4974.0;36.04;137;"Costo base documentado; transporte y comisiones pendientes";Comparación individual pendiente
WADFOW LLAVE TIPO Y 8-9-10MM WTH2100;496209;5200.0;3335.0;1865.0;35.87;123;"Costo base documentado; transporte y comisiones pendientes";Comparación individual pendiente
TOTAL COMBO 2PCS MINI AMOLADORA +TALADRO PERCUTOR 2B 2A TCKLI2;615259;285100.0;182816.0;102284.0;35.88;67;"Costo base documentado; transporte y comisiones pendientes";Comparación individual pendiente
WADFOW PRENSA WCP4388 45X200MM;469289;12300.0;7880.0;4420.0;35.93;191;"Costo base documentado; transporte y comisiones pendientes";Comparación individual pendiente
TOTAL CHAQUETA DE TRABAJO TSP6011.L;228459;57800.0;37099.0;20701.0;35.81;238;"Costo base documentado; transporte y comisiones pendientes";Comparación individual pendiente
"TOTAL ALICATE PARA CORTAR PLÁSTICO 6"" THT230612";531856;8800.0;5674.0;3126.0;35.52;135;"Costo base documentado; transporte y comisiones pendientes";Comparación individual pendiente
TOTAL MÁQUINA DE SOLDADURA TW25005 220V 500A;443005;1240200.0;795354.0;444846.0;35.87;268;"Costo base documentado; transporte y comisiones pendientes";Comparación individual pendiente
TOTAL ATORNILLADOR 110V UTD318104 18V NIC;239141;157300.0;100864.0;56436.0;35.88;63;"Costo base documentado; transporte y comisiones pendientes";Comparación individual pendiente
WADFOW MARTILLO DE OREJAS 560G WHM3320;460576;10800.0;6934.0;3866.0;35.8;170;"Costo base documentado; transporte y comisiones pendientes";Comparación individual pendiente
TOTAL MACACON DE TRABAJO TSP6033.XXXL;228428;57200.0;36683.0;20517.0;35.87;240;"Costo base documentado; transporte y comisiones pendientes";Comparación individual pendiente
"TOTAL LLAVE DE IMPACTO 3/4"" TIWLI20135 135K BL";527644;8800.0;5674.0;3126.0;35.52;69;"Costo base documentado; transporte y comisiones pendientes";Comparación individual pendiente
"TOTAL ESPADA DE MOTOSIERRA 12"" TGTSB51218";609814;19500.0;12507.0;6993.0;35.86;207;"Costo base documentado; transporte y comisiones pendientes";Comparación individual pendiente
"WADFOW ALICATE PICO.L WPL4938 8"" AISLADO";461962;13600.0;8753.0;4847.0;35.64;180;"Costo base documentado; transporte y comisiones pendientes";Comparación individual pendiente
TOTAL AMOLADORA ANGULAR TG11312526 1300W;458764;118000.0;75648.0;42352.0;35.89;47;"Costo base documentado; transporte y comisiones pendientes";Comparación individual pendiente
TOTAL COMBO 3PCS SIERRA CIRCULAR+ MULTIHERRAMIENTAS+ LIJADORA;33442;361400.0;231770.0;129630.0;35.87;252;"Costo base documentado; transporte y comisiones pendientes";Comparación individual pendiente
"WADFOW DADO HEXAGONAL 3/4"" 46MM WSC4546";163224;14300.0;9172.0;5128.0;35.86;125;"Costo base documentado; transporte y comisiones pendientes";Comparación individual pendiente
TOTAL COMBO 2PCS NIVEL LASER + MEDIDOR DE DISTANCIA TLL260403;611985;285100.0;182816.0;102284.0;35.88;232;"Costo base documentado; transporte y comisiones pendientes";Comparación individual pendiente
TOTAL PODADORA 20V TPHT2016012 LARGO;488037;273000.0;175078.0;97922.0;35.87;206;"Costo base documentado; transporte y comisiones pendientes";Comparación individual pendiente
WADFOW TIJERA DE PODAR WPR1E90;469630;25400.0;16258.0;9142.0;35.99;185;"Costo base documentado; transporte y comisiones pendientes";Comparación individual pendiente
"WADFOW LLAVE DINAMOMÉTRICA 1/4"" 5-125NM WWQ1D14";496186;51700.0;33181.0;18519.0;35.82;123;"Costo base documentado; transporte y comisiones pendientes";Comparación individual pendiente
TOTAL ATORNILLADOR 20V UTDLI20602 MOTOR BRUSHLESS;487351;122900.0;78800.0;44100.0;35.88;60;"Costo base documentado; transporte y comisiones pendientes";Comparación individual pendiente
WADFOW MOSQUETONES 2PCS WQL2K04;543408;17200.0;11032.0;6168.0;35.86;339;"Costo base documentado; transporte y comisiones pendientes";Comparación individual pendiente
TOTAL JUEGO DE CINCELES PARA MADERA 3PCS THT41K0302;472456;17200.0;11032.0;6168.0;35.86;325;"Costo base documentado; transporte y comisiones pendientes";Comparación individual pendiente
WADFOW NIVEL DE LASER CUBO 30 MTS WLE2M02;488846;137600.0;88256.0;49344.0;35.86;236;"Costo base documentado; transporte y comisiones pendientes";Comparación individual pendiente
TOTAL AMOLADORA ANGULAR TG110125565 1100W;531733;118000.0;75648.0;42352.0;35.89;46;"Costo base documentado; transporte y comisiones pendientes";Comparación individual pendiente
"WADFOW ALICATE COMBINADO AISLADO 8"" WPL1938";462310;12400.0;7921.0;4479.0;36.12;177;"Costo base documentado; transporte y comisiones pendientes";Comparación individual pendiente
WADFOW LASER DE LINEA WLE1M02;461122;31900.0;20488.0;11412.0;35.77;235;"Costo base documentado; transporte y comisiones pendientes";Comparación individual pendiente
TOTAL LLAVE DE IMPACTO TIWLI2001 S/B 30K;536875;8800.0;5674.0;3126.0;35.52;69;"Costo base documentado; transporte y comisiones pendientes";Comparación individual pendiente
"TOTAL CAJA DE HERRAMIENTAS DE PLÁSTICO 15"" TPBX1151";486514;27000.0;17336.0;9664.0;35.79;32;"Costo base documentado; transporte y comisiones pendientes";Comparación individual pendiente
SKIN1004 MADAGASCAR CENTELLA TRAVEL KIT;;77400.0;;;;;Sin costo de compra documentado en este PDF;Comparación individual pendiente
TOTAL BOLSA DE HERRAMIENTAS THT16P20325;521369;23400.0;14991.0;8409.0;35.94;29;"Costo base documentado; transporte y comisiones pendientes";Comparación individual pendiente
TOTAL SILLA DE MECANICO 100KG THTWB61001;565035;17200.0;11032.0;6168.0;35.86;325;"Costo base documentado; transporte y comisiones pendientes";Comparación individual pendiente
TOTAL CINTA METRICA TMT34825 8X25MM;444279;5900.0;3782.0;2118.0;35.9;230;"Costo base documentado; transporte y comisiones pendientes";Comparación individual pendiente
WADFOW BOTAS DE LLUVIA 45 BLANCO WRB2L45;470858;22900.0;14673.0;8227.0;35.93;241;"Costo base documentado; transporte y comisiones pendientes";Comparación individual pendiente
TOTAL KIT LLAVE TACSD30246 24IN1;340441;8800.0;5674.0;3126.0;35.52;150;"Costo base documentado; transporte y comisiones pendientes";Comparación individual pendiente
TOTAL JUEGO DE LLAVES TORX 9PCS THT106392;381826;31900.0;20488.0;11412.0;35.77;146;"Costo base documentado; transporte y comisiones pendientes";Comparación individual pendiente
WADFOW ALICATE PICO L 215MM WPL2768;542784;11300.0;7253.0;4047.0;35.81;175;"Costo base documentado; transporte y comisiones pendientes";Comparación individual pendiente
WADFOW SOPLADOR INALÁMBRICO 20V WBLP521;528740;186800.0;119776.0;67024.0;35.88;205;"Costo base documentado; transporte y comisiones pendientes";Comparación individual pendiente
TOTAL CARGADOR DE BATERIA 20V 2 PUERTOS TFCLI2082;527491;80600.0;51690.0;28910.0;35.87;79;"Costo base documentado; transporte y comisiones pendientes";Comparación individual pendiente
TOTAL MEZCLADOR UTD61101 1100W;239257;54600.0;35016.0;19584.0;35.87;275;"Costo base documentado; transporte y comisiones pendientes";Comparación individual pendiente
TOTAL PRENSA SARGENTO THT1346803 80X900 36'135K;456388;39600.0;25427.0;14173.0;35.79;116;"Costo base documentado; transporte y comisiones pendientes";Comparación individual pendiente
WADFOW PULVERIZADOR 8L WRS1580;538640;31800.0;20425.0;11375.0;35.77;208;"Costo base documentado; transporte y comisiones pendientes";Comparación individual pendiente
TOTAL MÁQUINA DE SOLDADURA TW216049 220V 160A;442985;206400.0;132384.0;74016.0;35.86;271;"Costo base documentado; transporte y comisiones pendientes";Comparación individual pendiente
WADFOW LLAVE AJUSTABLE WAW2212 0-41MM;460996;12800.0;8195.0;4605.0;35.98;158;"Costo base documentado; transporte y comisiones pendientes";Comparación individual pendiente
TOTAL PISTOLA DE PINTURA INALÁMBRICA A BATERIA 20V TSGLI2004;555180;33400.0;21434.0;11966.0;35.83;85;"Costo base documentado; transporte y comisiones pendientes";Comparación individual pendiente
TOTAL TALADRO FUNCIÓN DE BLOQUEO DE EJE 20V UTDLI205582 1BAT 2;542043;114400.0;73366.0;41034.0;35.87;276;"Costo base documentado; transporte y comisiones pendientes";Comparación individual pendiente
"TOTAL ALICATE CORTE DIAGONAL 7"" 18MM THT1776P";42307;8800.0;5670.0;3130.0;35.57;171;"Costo base documentado; transporte y comisiones pendientes";Comparación individual pendiente
TOTAL MINI AMOLADORA 16V TAGLI16762;529358;87500.0;56106.0;31394.0;35.88;47;"Costo base documentado; transporte y comisiones pendientes";Comparación individual pendiente
"TOTAL ALICATE DE LA BOMBA DE AGUA 10"" THT281005";444064;172000.0;110320.0;61680.0;35.86;200;"Costo base documentado; transporte y comisiones pendientes";Comparación individual pendiente
TOTAL MARCO DE SIERRA THT54103;316354;137600.0;88256.0;49344.0;35.86;261;"Costo base documentado; transporte y comisiones pendientes";Comparación individual pendiente
TOTAL SOLDADOR ELÉCTRICO 60W TET160831;518765;206400.0;132384.0;74016.0;35.86;272;"Costo base documentado; transporte y comisiones pendientes";Comparación individual pendiente
TOTAL JUEGO DE LLAVES HEXAGONALES 8PCS THHW80826;502221;31900.0;20488.0;11412.0;35.77;147;"Costo base documentado; transporte y comisiones pendientes";Comparación individual pendiente
"TOTAL ALICATE COMBINADO 8"" THT210806S";502191;11800.0;7565.0;4235.0;35.89;134;"Costo base documentado; transporte y comisiones pendientes";Comparación individual pendiente
MEDICUBE ONE DAY EXOSOME SHOT 2000 30ML;;36100.0;;;;;Sin costo de compra documentado en este PDF;Comparación individual pendiente
TOTAL KIT BATERIAS Y CARGADOR 20V TFBCLI20285;529341;403000.0;258448.0;144552.0;35.87;80;"Costo base documentado; transporte y comisiones pendientes";Comparación individual pendiente
TOTAL CEPILLO TPB30160;486200;31200.0;20009.0;11191.0;35.87;302;"Costo base documentado; transporte y comisiones pendientes";Comparación individual pendiente
"TOTAL LLAVE DE IMPACTO 20V 1/2"" 230NM UTIWLI20236";583701;228800.0;146732.0;82068.0;35.87;54;"Costo base documentado; transporte y comisiones pendientes";Comparación individual pendiente
TOTAL BOMBA DE AGUA RESIDUALES TWP775016 750W 1HP 13M;367530;345800.0;221765.0;124035.0;35.87;196;"Costo base documentado; transporte y comisiones pendientes";Comparación individual pendiente
WADFOW SIERRA CIRCULAR 20V 165MM WLWP5521;538251;226100.0;144992.0;81108.0;35.87;267;"Costo base documentado; transporte y comisiones pendientes";Comparación individual pendiente
WADFOW MÁQUINA DE SOLDAR 200A UWGTMA20;528801;206400.0;132384.0;74016.0;35.86;272;"Costo base documentado; transporte y comisiones pendientes";Comparación individual pendiente
TOTAL JUEGO DE BROCAS TACSDL1201 12PC MAD/PVC;415279;15700.0;10086.0;5614.0;35.76;15;"Costo base documentado; transporte y comisiones pendientes";Comparación individual pendiente
TOTAL COMPACTADORA A GASOLINA 4.0HP 79KG TPS890;114714;17200.0;11032.0;6168.0;35.86;327;"Costo base documentado; transporte y comisiones pendientes";Comparación individual pendiente
TOTAL LLAVE DE IMPACTO 42V 460NM TIWLI42462;583770;8800.0;5674.0;3126.0;35.52;61;"Costo base documentado; transporte y comisiones pendientes";Comparación individual pendiente
TOTAL TALADRO DE IMPACTO 12V TIDLI12201 2X1.5AH;465304;125800.0;80704.0;45096.0;35.85;56;"Costo base documentado; transporte y comisiones pendientes";Comparación individual pendiente
WADFOW JUEGO DE LLAVES COMBINADAS 8PCS 6-22MM WFR3208;3018;31900.0;20488.0;11412.0;35.77;157;"Costo base documentado; transporte y comisiones pendientes";Comparación individual pendiente
TOTAL MARTILLO UTH117501 1700W MAX 10K;173377;10800.0;6934.0;3866.0;35.8;282;"Costo base documentado; transporte y comisiones pendientes";Comparación individual pendiente
TOTAL MARTILLO TRHLI1601 20V LI-ION;397087;10800.0;6934.0;3866.0;35.8;282;"Costo base documentado; transporte y comisiones pendientes";Comparación individual pendiente
TOTAL CINCEL PLANO SDS PLUS TAC15121412 14X40X250MM;314152;12800.0;8195.0;4605.0;35.98;168;"Costo base documentado; transporte y comisiones pendientes";Comparación individual pendiente
"WADFOW ALICATE PARA BOMBAS WPL9C10 10""";542821;8800.0;5674.0;3126.0;35.52;192;"Costo base documentado; transporte y comisiones pendientes";Comparación individual pendiente
TOTAL LLAVE DE IMP TIWLI20020 20V;436175;8800.0;5674.0;3126.0;35.52;69;"Costo base documentado; transporte y comisiones pendientes";Comparación individual pendiente
"TOTAL AMOLADORA ANGULAR 900W 5"" UTG109125565 110V";458757;96200.0;61694.0;34506.0;35.87;45;"Costo base documentado; transporte y comisiones pendientes";Comparación individual pendiente
WADFOW TALADRO DE IMPACTO WMD151051 1050W 13MM;543767;118000.0;75648.0;42352.0;35.89;76;"Costo base documentado; transporte y comisiones pendientes";Comparación individual pendiente
TOTAL TESOURA COCINA THSCRS812001;468831;12300.0;7880.0;4420.0;35.93;189;"Costo base documentado; transporte y comisiones pendientes";Comparación individual pendiente
WADFOW LLAVE INGLESA PICO DE LORO 23-32MM WUW1103;102995;11100.0;7086.0;4014.0;36.16;129;"Costo base documentado; transporte y comisiones pendientes";Comparación individual pendiente
TOTAL MÁQUINA CORTADORA DE PLASMA TCUT401;518772;186800.0;119776.0;67024.0;35.88;271;"Costo base documentado; transporte y comisiones pendientes";Comparación individual pendiente
TOTAL KIT DE LLAVES DE PRECISIÓN TACSD30326 32PZS;381604;23400.0;15007.0;8393.0;35.87;111;"Costo base documentado; transporte y comisiones pendientes";Comparación individual pendiente
KARSEELL MACA POWER REPAIR CONDITIONER DEEP HYDRATION 500ML;;23400.0;;;;;Sin costo de compra documentado en este PDF;Comparación individual pendiente
TOTAL SERRUCHO PLEGABLE THFSW1806;351157;137600.0;88256.0;49344.0;35.86;262;"Costo base documentado; transporte y comisiones pendientes";Comparación individual pendiente
TOTAL CANDADO 60MM TLK32603 234G;341141;19500.0;12507.0;6993.0;35.86;87;"Costo base documentado; transporte y comisiones pendientes";Comparación individual pendiente
TOTAL COMBO TALADRO + LLAVE DE IMPACTO TOSLI250586;553377;319500.0;204880.0;114620.0;35.87;68;"Costo base documentado; transporte y comisiones pendientes";Comparación individual pendiente
TOTAL ARNES DE SEGURIDAD THSH501506;415545;54100.0;34672.0;19428.0;35.91;244;"Costo base documentado; transporte y comisiones pendientes";Comparación individual pendiente
TOTAL ROTOMARTILLO 20V 28MM TRHLI202862;207546;374400.0;240107.0;134293.0;35.87;275;"Costo base documentado; transporte y comisiones pendientes";Comparación individual pendiente
TOTAL CINTA METRICA TMT126051 5M X 19MM;316514;5500.0;3502.0;1998.0;36.33;226;"Costo base documentado; transporte y comisiones pendientes";Comparación individual pendiente
TOTAL ATORNILLADOR 8V TSDLI08025 2VOL;502016;157300.0;100864.0;56436.0;35.88;66;"Costo base documentado; transporte y comisiones pendientes";Comparación individual pendiente
TOTAL CARGADOR RÁPIDO TCLI2034 20V;455268;31900.0;20488.0;11412.0;35.77;84;"Costo base documentado; transporte y comisiones pendientes";Comparación individual pendiente
"TOTAL JUEGO DE ALICATE THT1K0206 2PCS 7""-6""";528061;8800.0;5674.0;3126.0;35.52;188;"Costo base documentado; transporte y comisiones pendientes";Comparación individual pendiente
TOTAL SOPLADOR DE IONES DE LITIO TABLI200181;444446;186800.0;119776.0;67024.0;35.88;203;"Costo base documentado; transporte y comisiones pendientes";Comparación individual pendiente
TOTAL SIERRA INGLETADORA 1400W TS42142107;446242;368600.0;236400.0;132200.0;35.87;264;"Costo base documentado; transporte y comisiones pendientes";Comparación individual pendiente
TOTAL CORTADOR DE PISO THT578002 800MM;532228;223600.0;143397.0;80203.0;35.87;105;"Costo base documentado; transporte y comisiones pendientes";Comparación individual pendiente
TOTAL ACCESORIOS PARA HERRAMIENTAS DE PINTURA 9PCS TMGF0702;511988;17200.0;11032.0;6168.0;35.86;324;"Costo base documentado; transporte y comisiones pendientes";Comparación individual pendiente
TOTAL KIT DE HERRAMIENTAS 165PCS UTHKTHP11652;232333;41800.0;26792.0;15008.0;35.9;33;"Costo base documentado; transporte y comisiones pendientes";Comparación individual pendiente
TOTAL KIT ALICATE 3PCS THT2K0302;415347;40300.0;25846.0;14454.0;35.87;173;"Costo base documentado; transporte y comisiones pendientes";Comparación individual pendiente
TOTAL LLAVE DE IMPACTO 20V TIWLI2050 50K 2BT;501842;8800.0;5674.0;3126.0;35.52;61;"Costo base documentado; transporte y comisiones pendientes";Comparación individual pendiente
"TOTAL LLAVE AJUSTABLE THT101086 8""";316163;13600.0;8753.0;4847.0;35.64;112;"Costo base documentado; transporte y comisiones pendientes";Comparación individual pendiente
WADFOW SIERRA COPA DE DIAMANTE 32MM WKJ7632;501385;137600.0;88256.0;49344.0;35.86;267;"Costo base documentado; transporte y comisiones pendientes";Comparación individual pendiente
TOTAL CORTADORA DE AZULEJO TS6082001 800W MESA;341363;137600.0;88256.0;49344.0;35.86;261;"Costo base documentado; transporte y comisiones pendientes";Comparación individual pendiente
TOTAL HIDROLAVADORA 20V PORTÁTIL TPWLI20362;531542;157300.0;100864.0;56436.0;35.88;202;"Costo base documentado; transporte y comisiones pendientes";Comparación individual pendiente
TOTAL LLAVE DE IMPACTO 400NM TIWLI20401;511858;8800.0;5674.0;3126.0;35.52;70;"Costo base documentado; transporte y comisiones pendientes";Comparación individual pendiente
TOTAL CANDADO 50MM TLK31501;468855;8800.0;5674.0;3126.0;35.52;93;"Costo base documentado; transporte y comisiones pendientes";Comparación individual pendiente
WADFOW MÁQUINA DE SOLDADURA (FCAW) WWFC1301;528795;206400.0;132384.0;74016.0;35.86;272;"Costo base documentado; transporte y comisiones pendientes";Comparación individual pendiente
TOTAL CEPILLO PARA HIDROLAVADORA TGTPB251;512701;32500.0;20844.0;11656.0;35.86;195;"Costo base documentado; transporte y comisiones pendientes";Comparación individual pendiente
TOTAL TIJERAS P/PODA THT1576033;437592;54600.0;35016.0;19584.0;35.87;120;"Costo base documentado; transporte y comisiones pendientes";Comparación individual pendiente
WADFOW MARTILLO MAQUINISTA 500GR WHM8335;2431;14300.0;9172.0;5128.0;35.86;166;"Costo base documentado; transporte y comisiones pendientes";Comparación individual pendiente
TOTAL ESCUADRO MAGNETICO TAMWH25032;415170;17200.0;11032.0;6168.0;35.86;328;"Costo base documentado; transporte y comisiones pendientes";Comparación individual pendiente
WADFOW CARGADOR DE BATERIA 2A WFCP502;580083;24100.0;15423.0;8677.0;36.0;81;"Costo base documentado; transporte y comisiones pendientes";Comparación individual pendiente
TOTAL MARTILLO LAPIDACAO THT7210006 1000G;316422;13000.0;8337.0;4663.0;35.87;115;"Costo base documentado; transporte y comisiones pendientes";Comparación individual pendiente
MEDICUBE RED SUCCINIC ACID PEELING PAD 155G (70UNID);;39000.0;;;;;Sin costo de compra documentado en este PDF;Comparación individual pendiente
WADFOW JUEGO DE BITS CON PUNTAS HEXAGONAL 1/4 12PCS WST2414;488754;13800.0;8826.0;4974.0;36.04;154;"Costo base documentado; transporte y comisiones pendientes";Comparación individual pendiente
WADFOW HIDROLAVADORA 2320PSI WHP3A22 2200W 220V;542388;345800.0;221765.0;124035.0;35.87;198;"Costo base documentado; transporte y comisiones pendientes";Comparación individual pendiente
WADFOW CARGADOR DE BATERIA 12/24V 7A WPY1A071;538817;81900.0;52525.0;29375.0;35.87;81;"Costo base documentado; transporte y comisiones pendientes";Comparación individual pendiente
TOTAL COMBO LLAVE DE IMPACTO 42V TIWLI42461;553438;319500.0;204880.0;114620.0;35.87;60;"Costo base documentado; transporte y comisiones pendientes";Comparación individual pendiente
"WADFOW ALICATE DE PRESION 5"" WLP1C05";104425;6500.0;4170.0;2330.0;35.85;179;"Costo base documentado; transporte y comisiones pendientes";Comparación individual pendiente
TOTAL SIERRA INGLETADORA 1800W TS421825517;532068;368600.0;236400.0;132200.0;35.87;264;"Costo base documentado; transporte y comisiones pendientes";Comparación individual pendiente
TOTAL PISTOLA CLAVADORA TAT83501 0,7 MPA;239783;108100.0;69344.0;38756.0;35.85;220;"Costo base documentado; transporte y comisiones pendientes";Comparación individual pendiente
WADFOW PISTOLA DE AIRE COMPRIMIDO KIT 17PCS WQP9421;471206;17200.0;11032.0;6168.0;35.86;339;"Costo base documentado; transporte y comisiones pendientes";Comparación individual pendiente
WADFOW BATERIA 20V 4.AH INDICADOR LED DE CARGA WLBP540;489195;72800.0;46687.0;26113.0;35.87;81;"Costo base documentado; transporte y comisiones pendientes";Comparación individual pendiente
WADFOW SET CABALLETE SOPORTE 2 TONELADAS WHJ3502;489904;43700.0;28012.0;15688.0;35.9;223;"Costo base documentado; transporte y comisiones pendientes";Comparación individual pendiente
"WADFOW LLAVE PARA TUBOS 36"" WPW8136";109437;54600.0;35016.0;19584.0;35.87;123;"Costo base documentado; transporte y comisiones pendientes";Comparación individual pendiente
TOTAL JUEGO DE VASOS DE IMPACTO 3/4 THKISD34082L;529143;88700.0;56859.0;31841.0;35.9;52;"Costo base documentado; transporte y comisiones pendientes";Comparación individual pendiente
TOTAL BATERIA 16V 2.0AH TFBLI1620;512640;31900.0;20488.0;11412.0;35.77;83;"Costo base documentado; transporte y comisiones pendientes";Comparación individual pendiente
TOTAL JUEGO DE LLAVES COMBINADAS 12PCS THT1023121;532396;58500.0;37518.0;20982.0;35.87;110;"Costo base documentado; transporte y comisiones pendientes";Comparación individual pendiente
"WADFOW ORGANIZADOR DE PLÁSTICO 16.5"" 430X350X110MM WTB1622";537704;26000.0;16658.0;9342.0;35.93;31;"Costo base documentado; transporte y comisiones pendientes";Comparación individual pendiente
TOTAL CATRACA THTRS3101 3T 10M X 50MM;415606;34400.0;22092.0;12308.0;35.78;105;"Costo base documentado; transporte y comisiones pendientes";Comparación individual pendiente
WADFOW GATO HIDRÁULICO 2T WHJ1502;463393;59000.0;37824.0;21176.0;35.89;224;"Costo base documentado; transporte y comisiones pendientes";Comparación individual pendiente
TOTAL FRESADORA DE MANO 600W TLT6001;446235;108100.0;69344.0;38756.0;35.85;218;"Costo base documentado; transporte y comisiones pendientes";Comparación individual pendiente
TOTAL BITS CRUZ TACIM16PH2103 PH2X250;436519;40300.0;25846.0;14454.0;35.87;287;"Costo base documentado; transporte y comisiones pendientes";Comparación individual pendiente
WADFOW SILLA PARA MECÁNICO 360° WNC1501;501156;17200.0;11032.0;6168.0;35.86;336;"Costo base documentado; transporte y comisiones pendientes";Comparación individual pendiente
WADFOW PALANCA DE NEUMÁTICOS WQB2324 600X30X11MM;469500;221200.0;141840.0;79360.0;35.88;98;"Costo base documentado; transporte y comisiones pendientes";Comparación individual pendiente
WADFOW CANDADO BICICLETA WBK2110;463256;9100.0;5838.0;3262.0;35.85;90;"Costo base documentado; transporte y comisiones pendientes";Comparación individual pendiente
TOTAL COMBO 20V LLAVE DE IMPACTO + TRINQUETE + LÁMPARA TOSLI25;240635;319500.0;204880.0;114620.0;35.87;67;"Costo base documentado; transporte y comisiones pendientes";Comparación individual pendiente
TOTAL KIT DE HERRAMIENTAS THKTHP10892 89PCS;529266;41800.0;26792.0;15008.0;35.9;33;"Costo base documentado; transporte y comisiones pendientes";Comparación individual pendiente
TOTAL SIERRA POLICORTE TS92035516 2350W;367479;137600.0;88256.0;49344.0;35.86;265;"Costo base documentado; transporte y comisiones pendientes";Comparación individual pendiente
TOTAL HIDROLAVADORA TGT11246 2500W 2300PSI;532129;466900.0;299440.0;167460.0;35.87;201;"Costo base documentado; transporte y comisiones pendientes";Comparación individual pendiente
TOTAL SIERRA MESA TS5152542 1500WATT;313803;741000.0;475211.0;265789.0;35.87;255;"Costo base documentado; transporte y comisiones pendientes";Comparación individual pendiente
"TOTAL BOLSA DE HERRAMIENTAS 24"" THT16242";341455;13800.0;8826.0;4974.0;36.04;139;"Costo base documentado; transporte y comisiones pendientes";Comparación individual pendiente
WADFOW SOLDADOR DE PUNTA RECTA WEL1604 40W;461870;206400.0;132384.0;74016.0;35.86;272;"Costo base documentado; transporte y comisiones pendientes";Comparación individual pendiente
TOTAL MARTELETE UTH308261 800W SDS PLUS;173360;152400.0;97712.0;54688.0;35.88;280;"Costo base documentado; transporte y comisiones pendientes";Comparación individual pendiente
"TOTAL LLAVE DE IMPACTO DE AIRE TAT40342 3/4"" 4K";381208;205400.0;131725.0;73675.0;35.87;54;"Costo base documentado; transporte y comisiones pendientes";Comparación individual pendiente
WADFOW CEPILLO CARPINTERO MANUAL 250MM WSF2504;489751;68900.0;44188.0;24712.0;35.87;307;"Costo base documentado; transporte y comisiones pendientes";Comparación individual pendiente
TOTAL MÁQUINA DE SOLDADURA TW21605 220V 160A;381130;206400.0;132384.0;74016.0;35.86;271;"Costo base documentado; transporte y comisiones pendientes";Comparación individual pendiente
TOTAL CORTADOR DE AZULEJOS THT57120 1200MM;514958;13800.0;8826.0;4974.0;36.04;140;"Costo base documentado; transporte y comisiones pendientes";Comparación individual pendiente
TOTAL CORTA CESPED 20V TGTLI20018;338424;46700.0;29944.0;16756.0;35.88;209;"Costo base documentado; transporte y comisiones pendientes";Comparación individual pendiente
WADFOW COPA DE BAÑO WZG1506;496032;13000.0;8337.0;4663.0;35.87;315;"Costo base documentado; transporte y comisiones pendientes";Comparación individual pendiente
TOTAL TALADRO 110V UTG109136 850W;341370;88500.0;56736.0;31764.0;35.89;283;"Costo base documentado; transporte y comisiones pendientes";Comparación individual pendiente
TOTAL CARGADOR 20V 4A DE 6 PUERTOS TFCLI2064;230803;31900.0;20488.0;11412.0;35.77;83;"Costo base documentado; transporte y comisiones pendientes";Comparación individual pendiente
"TOTAL ALICATE DE CORTE THT260606 6""";341585;10400.0;6670.0;3730.0;35.87;103;"Costo base documentado; transporte y comisiones pendientes";Comparación individual pendiente
WADFOW CINTA METRICA 12.5MM WMT25100 100M;461092;5900.0;3782.0;2118.0;35.9;235;"Costo base documentado; transporte y comisiones pendientes";Comparación individual pendiente
"WADFOW BOLSA DE HERRAMIENTAS 16"" WTG3116";496230;41800.0;26792.0;15008.0;35.9;37;"Costo base documentado; transporte y comisiones pendientes";Comparación individual pendiente
TOTAL NIVEL LASER TLL306505 30MT ROJO;416023;137600.0;88256.0;49344.0;35.86;234;"Costo base documentado; transporte y comisiones pendientes";Comparación individual pendiente
TOTAL LUBRICADOR DE GRASA THT118302 30L AIRE;381789;13800.0;8826.0;4974.0;36.04;152;"Costo base documentado; transporte y comisiones pendientes";Comparación individual pendiente
WADFOW SOPLADOR 20V WBLP5521;98397;186800.0;119776.0;67024.0;35.88;205;"Costo base documentado; transporte y comisiones pendientes";Comparación individual pendiente
TOTAL COMBO 2PCS TALADRO + LLAVE DE IMPACTO 20V UTCKLI20286;134262;285100.0;182816.0;102284.0;35.88;67;"Costo base documentado; transporte y comisiones pendientes";Comparación individual pendiente
WADFOW BOTAS DE LLUVIA 43 BLANCO WRB2L43;470872;59000.0;37824.0;21176.0;35.89;249;"Costo base documentado; transporte y comisiones pendientes";Comparación individual pendiente
TOTAL GRAPAS TAC918506 50MM;526050;20400.0;13090.0;7310.0;35.83;287;"Costo base documentado; transporte y comisiones pendientes";Comparación individual pendiente
TOTAL INYECTOR AIRE NEUMATICO TAT11601;350969;221200.0;141840.0;79360.0;35.88;97;"Costo base documentado; transporte y comisiones pendientes";Comparación individual pendiente
"WADFOW JUEGO DE DADOS DE IMPACTOS 8PCS 3/4"" 90MM WMS4D09";50005;96200.0;61694.0;34506.0;35.87;58;"Costo base documentado; transporte y comisiones pendientes";Comparación individual pendiente
"TOTAL MOTO SIERRA CORRIENTE 8"" 33 DENT TGTSC50801";553964;137600.0;88256.0;49344.0;35.86;261;"Costo base documentado; transporte y comisiones pendientes";Comparación individual pendiente
WADFOW JUEGO DE BROCA PARA METAL/ MAMPOSTERÍA Y MADERA 16PCS W;528719;15700.0;10086.0;5614.0;35.76;17;"Costo base documentado; transporte y comisiones pendientes";Comparación individual pendiente
WADFOW JUEGO DE HERRAMIENTAS PARA REPARACION AUTOMOTIVO WART1L;102919;66300.0;42520.0;23780.0;35.87;318;"Costo base documentado; transporte y comisiones pendientes";Comparación individual pendiente
TOTAL JUEGO DE BROCAS 4341 HSS 15PCS TACSDL51506 METAL;536493;15700.0;10086.0;5614.0;35.76;14;"Costo base documentado; transporte y comisiones pendientes";Comparación individual pendiente
WADFOW COMBO 2PCS TALADRO + LLAVE DE IMPACTO 20V WCK20275;579964;285100.0;182816.0;102284.0;35.88;75;"Costo base documentado; transporte y comisiones pendientes";Comparación individual pendiente
TOTAL MECHA CINCEL HEXAGONAL TAC1531282;446280;54600.0;35016.0;19584.0;35.87;115;"Costo base documentado; transporte y comisiones pendientes";Comparación individual pendiente
"TOTAL BOLSA DE HERRAMIENTAS CON RUEDAS 20"" THRRTB2012";487092;41800.0;26792.0;15008.0;35.9;33;"Costo base documentado; transporte y comisiones pendientes";Comparación individual pendiente
TOTAL MARTILLO UTH1153226 1500W SDS PLUS;417280;10800.0;6934.0;3866.0;35.8;282;"Costo base documentado; transporte y comisiones pendientes";Comparación individual pendiente
WADFOW MARTILLO UÑA ACERO FORJADO MANGO ANTISHOCK WHM8116;232173;16900.0;10840.0;6060.0;35.86;167;"Costo base documentado; transporte y comisiones pendientes";Comparación individual pendiente
WADFOW JUEGO DE CAJAS DE HERRAMIENTAS DE PLÁSTICO DE 3PIEZAS W;488938;17200.0;11032.0;6168.0;35.86;334;"Costo base documentado; transporte y comisiones pendientes";Comparación individual pendiente
WADFOW ACCESORIOS MULTIHERRAMIENTAS 22PCS WMA9417;611640;17200.0;11032.0;6168.0;35.86;333;"Costo base documentado; transporte y comisiones pendientes";Comparación individual pendiente
TOTAL MÁSCARA DE SOLDAR AUTOMÁTICA TSP9103;182973;206400.0;132384.0;74016.0;35.86;272;"Costo base documentado; transporte y comisiones pendientes";Comparación individual pendiente
TOTAL CEPILLO ELÉCTRICO 750W UTL7508226;583688;127400.0;81703.0;45697.0;35.87;212;"Costo base documentado; transporte y comisiones pendientes";Comparación individual pendiente
TOTAL MULTÍMETRO 600V 6000 DÍGITOS TMT516004;521222;68900.0;44188.0;24712.0;35.87;226;"Costo base documentado; transporte y comisiones pendientes";Comparación individual pendiente
TOTAL TALADRO FUNCIÓN DE IMPACTO 20V UTIDLI20768 76N;542074;137600.0;88256.0;49344.0;35.86;73;"Costo base documentado; transporte y comisiones pendientes";Comparación individual pendiente
WADFOW REMACHADORA NEUMÁTICA 17MM WAT6517;489713;117000.0;75033.0;41967.0;35.87;95;"Costo base documentado; transporte y comisiones pendientes";Comparación individual pendiente
WADFOW TALADRO PERCUTOR 550W WMD15551;461795;63900.0;40976.0;22924.0;35.87;76;"Costo base documentado; transporte y comisiones pendientes";Comparación individual pendiente
WADFOW ALICATE DE BLOQUEO WLP3106;462440;6500.0;4170.0;2330.0;35.85;179;"Costo base documentado; transporte y comisiones pendientes";Comparación individual pendiente
WADFOW CARRETILLA METAL RUEDA AIRE REFORZADA WWB5F01;489621;93600.0;60027.0;33573.0;35.87;314;"Costo base documentado; transporte y comisiones pendientes";Comparación individual pendiente
TOTAL KIT CARGADOR 2PCS 21V 4AH TOSLI250388;532051;285100.0;182816.0;102284.0;35.88;84;"Costo base documentado; transporte y comisiones pendientes";Comparación individual pendiente
WADFOW KIT DE HERRAMIENTAS 61PCS WHS4B61;543118;257400.0;165073.0;92327.0;35.87;310;"Costo base documentado; transporte y comisiones pendientes";Comparación individual pendiente
TOTAL KIT GANCHO TPHSK0401 4PCS;415965;17200.0;11032.0;6168.0;35.86;330;"Costo base documentado; transporte y comisiones pendientes";Comparación individual pendiente
TOTAL COMPRESOR DE AIRE TCS1110062 6L;488129;221200.0;141840.0;79360.0;35.88;96;"Costo base documentado; transporte y comisiones pendientes";Comparación individual pendiente
"WADFOW VENTILADOR AXIAL MÓVIL 8"" UWGFJ2A08 110V";616751;17200.0;11032.0;6168.0;35.86;336;"Costo base documentado; transporte y comisiones pendientes";Comparación individual pendiente
"TOTAL ALICATE DE PRESIÓN THT191002 10""";367615;13800.0;8826.0;4974.0;36.04;139;"Costo base documentado; transporte y comisiones pendientes";Comparación individual pendiente
TOTAL LUBRICADOR DE GRASA 600CC THT111062;381772;52000.0;33332.0;18668.0;35.9;114;"Costo base documentado; transporte y comisiones pendientes";Comparación individual pendiente
WADFOW BARREDORA INALÁMBRICA 20V WLSP1520;580076;293800.0;188417.0;105383.0;35.87;314;"Costo base documentado; transporte y comisiones pendientes";Comparación individual pendiente
"TOTAL LLAVE DE IMPACTO 20V 3/4"" TIWLI20175 175K";532297;8800.0;5674.0;3126.0;35.52;69;"Costo base documentado; transporte y comisiones pendientes";Comparación individual pendiente
TOTAL JUEGO DE DADOS Y TRINQUETE 94PCS THT421942;488464;157300.0;100864.0;56436.0;35.88;145;"Costo base documentado; transporte y comisiones pendientes";Comparación individual pendiente
WADFOW CABALLETE 2PCS 6 TONELADAS WHJS0601;543460;122200.0;78368.0;43832.0;35.87;307;"Costo base documentado; transporte y comisiones pendientes";Comparación individual pendiente
TOTAL GATO HIDRÁULICO DE BOTELLA 12 TONELADAS THT109122;278508;13800.0;8826.0;4974.0;36.04;143;"Costo base documentado; transporte y comisiones pendientes";Comparación individual pendiente
"TOTAL BOLSA DE HERRAMIENTAS 16"" 180° THT36L06";612517;41800.0;26792.0;15008.0;35.9;32;"Costo base documentado; transporte y comisiones pendientes";Comparación individual pendiente
TOTAL TALADRO MEZCLADOR BAT TD61101 1100 Watt;239240;118000.0;75648.0;42352.0;35.89;284;"Costo base documentado; transporte y comisiones pendientes";Comparación individual pendiente
TOTAL JUEGO DE MECHAS PARA METAL 8PCS TACSD0085;381437;15000.0;9588.0;5412.0;36.08;9;"Costo base documentado; transporte y comisiones pendientes";Comparación individual pendiente
TOTAL KIT LLAVE COMBINADA THT102286 8PCS;367868;5900.0;3782.0;2118.0;35.9;149;"Costo base documentado; transporte y comisiones pendientes";Comparación individual pendiente
TOTAL AMOLADORA ANGULAR TG109125565 900W 220V;468909;96200.0;61694.0;34506.0;35.87;41;"Costo base documentado; transporte y comisiones pendientes";Comparación individual pendiente
WADFOW CANDADO 38MM 4PCS WPD5444;505864;11400.0;7338.0;4062.0;35.63;90;"Costo base documentado; transporte y comisiones pendientes";Comparación individual pendiente
TOTAL ESTILETE THT519611 LAMINA 61X19MM;340632;13800.0;8826.0;4974.0;36.04;143;"Costo base documentado; transporte y comisiones pendientes";Comparación individual pendiente
WADFOW CARRETILLA DE RUEDAS 150KG WWB8F01;489607;111800.0;71699.0;40101.0;35.87;307;"Costo base documentado; transporte y comisiones pendientes";Comparación individual pendiente
TOTAL REMACHADOR MANUAL THT32104 10.5'';367738;13800.0;8826.0;4974.0;36.04;153;"Costo base documentado; transporte y comisiones pendientes";Comparación individual pendiente
"TOTAL RASTRADOR DE PLÁSTICO PARA COCHE 40"" THPLCC0405";488334;41800.0;26792.0;15008.0;35.9;33;"Costo base documentado; transporte y comisiones pendientes";Comparación individual pendiente
TOTAL JUEGO DE TALADRO Y ATORNILLADOR 12V TKLI1201;444408;71300.0;45704.0;25596.0;35.9;68;"Costo base documentado; transporte y comisiones pendientes";Comparación individual pendiente
WADFOW DADO DE IMPACTO 4PCS WMS6404;489683;157300.0;100864.0;56436.0;35.88;75;"Costo base documentado; transporte y comisiones pendientes";Comparación individual pendiente
WADFOW CONJUNTO DE 2 PIEZAS DE BASTIDOR DE SOPORTE 3T WHJS0301;543453;17200.0;11032.0;6168.0;35.86;337;"Costo base documentado; transporte y comisiones pendientes";Comparación individual pendiente
TOTAL PULIDORA ANGULAR 20V TAPLI2002;444422;98800.0;63362.0;35438.0;35.87;42;"Costo base documentado; transporte y comisiones pendientes";Comparación individual pendiente
TOTAL KIT LLAVE TRINQUETE 57PCS TOS23092;514927;8800.0;5674.0;3126.0;35.52;150;"Costo base documentado; transporte y comisiones pendientes";Comparación individual pendiente
WADFOW KIT HERRAMIENTAS MANUALES 7PCS WHS5307;537568;17200.0;11032.0;6168.0;35.86;335;"Costo base documentado; transporte y comisiones pendientes";Comparación individual pendiente
"TOTAL SIERRA INGLETADORA TS42182551 1800W 10""";313766;368600.0;236400.0;132200.0;35.87;265;"Costo base documentado; transporte y comisiones pendientes";Comparación individual pendiente
"TOTAL ALICATE DE RED TMPC4468P 8""";487580;13600.0;8753.0;4847.0;35.64;171;"Costo base documentado; transporte y comisiones pendientes";Comparación individual pendiente
TOTAL BOTAS SEGURIDAD TSP203SB.45;417518;59000.0;37824.0;21176.0;35.89;247;"Costo base documentado; transporte y comisiones pendientes";Comparación individual pendiente
"TOTAL SIERRA DE PÉRTIGA 20V 8"" TPSLI20281";584180;137600.0;88256.0;49344.0;35.86;264;"Costo base documentado; transporte y comisiones pendientes";Comparación individual pendiente
TOTAL CLAVADORA NEUMÁTICA TAT8641;415217;127300.0;81621.0;45679.0;35.88;213;"Costo base documentado; transporte y comisiones pendientes";Comparación individual pendiente
WADFOW MINI CORTA CERCO JARDÍN 4V USB 106MM WJC1504;489065;57200.0;36683.0;20517.0;35.87;183;"Costo base documentado; transporte y comisiones pendientes";Comparación individual pendiente
TOTAL MARTILLO ROTATIVO 20V TRHLI21228;553629;150800.0;96710.0;54090.0;35.87;275;"Costo base documentado; transporte y comisiones pendientes";Comparación individual pendiente
WADFOW PISTOLA DE ENGRASE DE AIRE 400CC WGG4540;489379;55900.0;35851.0;20049.0;35.87;311;"Costo base documentado; transporte y comisiones pendientes";Comparación individual pendiente
TOTAL JUEGO DE BROCAS PLANAS PARA MADERA TACSD70131 13PCS;314176;44200.0;28346.0;15854.0;35.87;9;"Costo base documentado; transporte y comisiones pendientes";Comparación individual pendiente
TOTAL MOTO SIERRA CORRIENTE TGTSC181 36DENT;381321;65800.0;42186.0;23614.0;35.89;252;"Costo base documentado; transporte y comisiones pendientes";Comparación individual pendiente
TOTAL COMBO LASER DE LINEA + CINTA METRICA 2PCS TLL680081;230438;285100.0;182816.0;102284.0;35.88;232;"Costo base documentado; transporte y comisiones pendientes";Comparación individual pendiente
WADFOW SIERRA CALADORA 400W UWJS15401 110V;461832;68300.0;43769.0;24531.0;35.92;258;"Costo base documentado; transporte y comisiones pendientes";Comparación individual pendiente
TOTAL CAJA DE HERRAMIENTAS CON 7 CAJONES THRC02071P;488495;27000.0;17336.0;9664.0;35.79;32;"Costo base documentado; transporte y comisiones pendientes";Comparación individual pendiente
WADFOW MARTILLO MAQUINISTA WHM1310 1000G;460538;11300.0;7253.0;4047.0;35.81;163;"Costo base documentado; transporte y comisiones pendientes";Comparación individual pendiente
TOTAL CORTADOR DE TUBOS THT53351 210MM (PVC);341691;13800.0;8826.0;4974.0;36.04;141;"Costo base documentado; transporte y comisiones pendientes";Comparación individual pendiente
TOTAL PULIDORA UTP1141806 1400W 7';367929;118000.0;75648.0;42352.0;35.89;48;"Costo base documentado; transporte y comisiones pendientes";Comparación individual pendiente
WADFOW SET CABALLETE WDZ1510;461351;85800.0;55024.0;30776.0;35.87;322;"Costo base documentado; transporte y comisiones pendientes";Comparación individual pendiente
TOTAL ATORNILLADOR TIDLI2002 2BAT LI-ION CON IMPACTO;415798;286000.0;183415.0;102585.0;35.87;52;"Costo base documentado; transporte y comisiones pendientes";Comparación individual pendiente
TOTAL BOTA DE SEGURIDAD TSP202SB.40;512428;57200.0;36683.0;20517.0;35.87;243;"Costo base documentado; transporte y comisiones pendientes";Comparación individual pendiente
TOTAL NIVEL BURBUJA MAGNÉTICO TMT28026 80CM;87742;13800.0;8826.0;4974.0;36.04;233;"Costo base documentado; transporte y comisiones pendientes";Comparación individual pendiente
TOTAL GENERADOR A GASOLINA TP175006 7.5KVA;486330;1838200.0;1178857.0;659343.0;35.87;99;"Costo base documentado; transporte y comisiones pendientes";Comparación individual pendiente
TOTAL TALADRO PERCUTOR UTG111136 1010W 110V;381970;118000.0;75648.0;42352.0;35.89;284;"Costo base documentado; transporte y comisiones pendientes";Comparación individual pendiente
TOTAL RECTIFICADOR 200W TG2006;28516;94900.0;60862.0;34038.0;35.87;42;"Costo base documentado; transporte y comisiones pendientes";Comparación individual pendiente
TOTAL CARGADOR DE BATERIA 16V 1.3 A TFCLI1613;512657;20800.0;13339.0;7461.0;35.87;78;"Costo base documentado; transporte y comisiones pendientes";Comparación individual pendiente
WADFOW PRENSA SARGENTO EN F WCP2124 120X800MM;460286;24300.0;15590.0;8710.0;35.84;183;"Costo base documentado; transporte y comisiones pendientes";Comparación individual pendiente
TOTAL PISTOLA DE SILICONA 20V TGGLI2001;471213;39000.0;25011.0;13989.0;35.87;288;"Costo base documentado; transporte y comisiones pendientes";Comparación individual pendiente
WADFOW JUEGO DE BROCAS PARA TALADRO PERCUTOR SDS PLUS 9PCS WHD;528665;29900.0;19177.0;10723.0;35.86;277;"Costo base documentado; transporte y comisiones pendientes";Comparación individual pendiente
TOTAL RECTIFICADOR 20V TMGLI20011 1BATERIA;521109;33400.0;21434.0;11966.0;35.83;45;"Costo base documentado; transporte y comisiones pendientes";Comparación individual pendiente
KARSEELL MACA POWER REPAIR CURL DEFINING CREAM 200ML;;23400.0;;;;;Sin costo de compra documentado en este PDF;Comparación individual pendiente
MEDICUBE COLLAGEN LIFTING MASK 1UNIDAD 27G;;6500.0;;;;;Sin costo de compra documentado en este PDF;Comparación individual pendiente
"TOTAL TIJERA DE AVIACIÓN 10"" THT522106";341684;13800.0;8826.0;4974.0;36.04;154;"Costo base documentado; transporte y comisiones pendientes";Comparación individual pendiente
TOTAL COMBO 3PCS LLAVE DE IMPACTO +ATORNILLADOR+LAMPARA 20V TO;527620;368600.0;236400.0;132200.0;35.87;67;"Costo base documentado; transporte y comisiones pendientes";Comparación individual pendiente
TOTAL ALICATE MULTIFUNCIÓN E EN 1 THTMF286;532167;18200.0;11672.0;6528.0;35.87;171;"Costo base documentado; transporte y comisiones pendientes";Comparación individual pendiente
WADFOW MARTILLO DE OREJAS WHM3308 220G;460552;6500.0;4170.0;2330.0;35.85;166;"Costo base documentado; transporte y comisiones pendientes";Comparación individual pendiente
TOTAL COMBO DETECTOR DE DISTANCIA 2PCS TOS250902;288507;83200.0;53357.0;29843.0;35.87;226;"Costo base documentado; transporte y comisiones pendientes";Comparación individual pendiente
TOTAL HACHA THT7810006 1000G 430MM;381543;13800.0;8826.0;4974.0;36.04;144;"Costo base documentado; transporte y comisiones pendientes";Comparación individual pendiente
TOTAL MÁQUINA DE SOLDAR 180A TW218028;512268;206400.0;132384.0;74016.0;35.86;270;"Costo base documentado; transporte y comisiones pendientes";Comparación individual pendiente
WADFOW SET CINCELES WWC2203 3PCS;460668;12900.0;8255.0;4645.0;36.01;133;"Costo base documentado; transporte y comisiones pendientes";Comparación individual pendiente
TOTAL CANDADO 50MM TLK32502 270G;341110;20200.0;12923.0;7277.0;36.02;87;"Costo base documentado; transporte y comisiones pendientes";Comparación individual pendiente
MEDICUBE CREME AGE-R GLUTATHIONE GLOW CAPSULE CREAM 50ML;;40300.0;;;;;Sin costo de compra documentado en este PDF;Comparación individual pendiente
TOTAL ALICATE PELACABLE THT15246 210MM;509428;20200.0;12923.0;7277.0;36.02;101;"Costo base documentado; transporte y comisiones pendientes";Comparación individual pendiente
WADFOW ESCALERA ALUMINIO 7 ESCALONES 120KG WLD3H07;490023;135200.0;86705.0;48495.0;35.87;162;"Costo base documentado; transporte y comisiones pendientes";Comparación individual pendiente
"WADFOW ALICATE DE CORTE DIAGONAL 7"" WPL7717";533324;8800.0;5674.0;3126.0;35.52;192;"Costo base documentado; transporte y comisiones pendientes";Comparación individual pendiente
WADFOW TALADRO DE IMPACTO MOTOR SIN ESCOBILLAS WCDP9281 20V;542333;231400.0;148399.0;83001.0;35.87;59;"Costo base documentado; transporte y comisiones pendientes";Comparación individual pendiente
TOTAL PISTOLA DE PINTURA 20V UTSGLI20042 1BAT;528047;132600.0;85038.0;47562.0;35.87;94;"Costo base documentado; transporte y comisiones pendientes";Comparación individual pendiente
"WADFOW LLAVE DE ESFERA PARA JARDÍN 1/2"" WVB3812";470520;8800.0;5674.0;3126.0;35.52;155;"Costo base documentado; transporte y comisiones pendientes";Comparación individual pendiente
TOTAL LLAVE DE CAÑO THT272086 8'';456883;9100.0;5838.0;3262.0;35.85;112;"Costo base documentado; transporte y comisiones pendientes";Comparación individual pendiente
"TOTAL JUEGO DE DADOS DE IMPACTO 1/2""DR. 7PCS THKISD12073";201377;22100.0;14175.0;7925.0;35.86;51;"Costo base documentado; transporte y comisiones pendientes";Comparación individual pendiente
TOTAL TECLE DE CADENA 5 TON 3 METROS THT1651;512398;338000.0;216747.0;121253.0;35.87;305;"Costo base documentado; transporte y comisiones pendientes";Comparación individual pendiente
TOTAL ESPATULA DE MASA ACERO INOXIDABLE 150MM THT831506;367806;13800.0;8826.0;4974.0;36.04;142;"Costo base documentado; transporte y comisiones pendientes";Comparación individual pendiente
TOTAL ATORNILLADOR 16V 60NM TDLI16682;512183;157300.0;100864.0;56436.0;35.88;64;"Costo base documentado; transporte y comisiones pendientes";Comparación individual pendiente
TOTAL PORTA PUNTAS DE DESTORNILLADOR TAC462602 60MM;536554;6500.0;4170.0;2330.0;35.85;102;"Costo base documentado; transporte y comisiones pendientes";Comparación individual pendiente
TOTAL CORTADOR DE PASTO TGTLI2001 LI-ION;380867;12300.0;7880.0;4420.0;35.93;188;"Costo base documentado; transporte y comisiones pendientes";Comparación individual pendiente
WADFOW TIJERA DE HOJALATA WAS5910;469371;12400.0;7921.0;4479.0;36.12;185;"Costo base documentado; transporte y comisiones pendientes";Comparación individual pendiente
"WADFOW ALICATE COMBINADAS 8"" Cr-V 65 WPL1768";542777;12400.0;7921.0;4479.0;36.12;174;"Costo base documentado; transporte y comisiones pendientes";Comparación individual pendiente
TOTAL ALICATE PUNTA CURVA AISLADO THTIP2481 8'';456258;16300.0;10421.0;5879.0;36.07;172;"Costo base documentado; transporte y comisiones pendientes";Comparación individual pendiente
TOTAL LIJADORA DE ACABADO TFSLI20311 20V;532044;162500.0;104215.0;58285.0;35.87;214;"Costo base documentado; transporte y comisiones pendientes";Comparación individual pendiente
TOTAL NIVEL LASER 3D VERDE TLL255267;444316;221200.0;141840.0;79360.0;35.88;234;"Costo base documentado; transporte y comisiones pendientes";Comparación individual pendiente
WADFOW CUERDA DE ESLINGA WWG1334;11884;22800.0;14591.0;8209.0;36.0;308;"Costo base documentado; transporte y comisiones pendientes";Comparación individual pendiente
TOTAL TALADRO FUNCION DE IMPACTO 20V 96NM TIDLI20968;527606;137600.0;88256.0;49344.0;35.86;73;"Costo base documentado; transporte y comisiones pendientes";Comparación individual pendiente
TOTAL MARTILLO DE DEMOLICIÓN TRHLI2201 20V MOTOR BRUSHLESS;442886;10800.0;6934.0;3866.0;35.8;280;"Costo base documentado; transporte y comisiones pendientes";Comparación individual pendiente
TOTAL SOPLADOR 20V TABLI20782 2B;608572;124800.0;80036.0;44764.0;35.87;195;"Costo base documentado; transporte y comisiones pendientes";Comparación individual pendiente
TOTAL KIT DE HERRAMIENTAS DE 77PCS THKTHP20776;381666;41800.0;26792.0;15008.0;35.9;35;"Costo base documentado; transporte y comisiones pendientes";Comparación individual pendiente
TOTAL JUEGO DE DESTORNILLADORES 6PCS - S2 TKSDS0626;262484;15600.0;9989.0;5611.0;35.97;101;"Costo base documentado; transporte y comisiones pendientes";Comparación individual pendiente
"TOTAL EXTRACTOR DE ENGRANAJE DE 3 MORDAZAS DE 4"" THTGP346";316477;59000.0;37824.0;21176.0;35.89;223;"Costo base documentado; transporte y comisiones pendientes";Comparación individual pendiente
TOTAL JUEGO DE MECHAS PLANAS PARA CARPINTERÍA 12PCS TACSDL1206;135955;15700.0;10086.0;5614.0;35.76;15;"Costo base documentado; transporte y comisiones pendientes";Comparación individual pendiente
TOTAL CATRACA THTRS4101 4T 10M X 50MM;415613;41600.0;26679.0;14921.0;35.87;105;"Costo base documentado; transporte y comisiones pendientes";Comparación individual pendiente
TOTAL COMPRESOR DE AIRE 200L 4 HP TC1402002;597920;1820000.0;1167170.0;652830.0;35.87;94;"Costo base documentado; transporte y comisiones pendientes";Comparación individual pendiente
TOTAL CORTADOR DE CÉSPED 40V TLMLI20185;487399;12300.0;7880.0;4420.0;35.93;186;"Costo base documentado; transporte y comisiones pendientes";Comparación individual pendiente
TOTAL SOLDADOR ELECTRICO 60W TET1606;381901;19500.0;12507.0;6993.0;35.86;269;"Costo base documentado; transporte y comisiones pendientes";Comparación individual pendiente
WADFOW GRIFO DE AGUA FRIA WZD2506;469876;22800.0;14591.0;8209.0;36.0;89;"Costo base documentado; transporte y comisiones pendientes";Comparación individual pendiente
TOTAL NIVEL DE BURBUJA MAGNETICO TMT218028 180CM;609920;49400.0;31665.0;17735.0;35.9;226;"Costo base documentado; transporte y comisiones pendientes";Comparación individual pendiente
TOTAL ASPIRADOR WET-DRY 800W TVC14122;487467;186800.0;119776.0;67024.0;35.88;199;"Costo base documentado; transporte y comisiones pendientes";Comparación individual pendiente
"WADFOW LLAVE PARA TUBERIAS 14"" WPW6114";488594;18200.0;11672.0;6528.0;35.87;131;"Costo base documentado; transporte y comisiones pendientes";Comparación individual pendiente
TOTAL SIERRA CIRCULAR 20V TSLI1651 MADERA 6';415040;226100.0;144992.0;81108.0;35.87;262;"Costo base documentado; transporte y comisiones pendientes";Comparación individual pendiente
TOTAL SIERRA CIRCULAR 42V TSLI4218511;564878;137600.0;88256.0;49344.0;35.86;263;"Costo base documentado; transporte y comisiones pendientes";Comparación individual pendiente
"WADFOW ALICATE DE PRESIÓN DE PUNTA RECTA WLP2C10 10""";543002;13800.0;8826.0;4974.0;36.04;190;"Costo base documentado; transporte y comisiones pendientes";Comparación individual pendiente
WADFOW CUERDA ELÁSTICA CON GANCHOS WAQS2515;543514;26000.0;16674.0;9326.0;35.87;316;"Costo base documentado; transporte y comisiones pendientes";Comparación individual pendiente
TOTAL CARGADOR DE BATERIA 12V 1.5 AH UTCLI12081;381963;22100.0;14184.0;7916.0;35.82;83;"Costo base documentado; transporte y comisiones pendientes";Comparación individual pendiente
TOTAL TALADRO FUNCIÓN DE IMPACTO 20V UTIDLI20668 66NM;542067;137600.0;88256.0;49344.0;35.86;73;"Costo base documentado; transporte y comisiones pendientes";Comparación individual pendiente
TOTAL JUEGO DE DADOS DE IMPACTO 8PCS THKISD34081;529273;72800.0;46687.0;26113.0;35.87;53;"Costo base documentado; transporte y comisiones pendientes";Comparación individual pendiente
WADFOW COMPRESOR DE AIRE 20V 150PSI WLN2520;528764;108100.0;69344.0;38756.0;35.85;98;"Costo base documentado; transporte y comisiones pendientes";Comparación individual pendiente
WADFOW RECTIFICADOR 20V WZY1501;579971;161200.0;103379.0;57821.0;35.87;43;"Costo base documentado; transporte y comisiones pendientes";Comparación individual pendiente
"TOTAL JUEGO DE DADOS DE IMPACTO 3/8"" 6PCS THKISD38062";39765;12400.0;7921.0;4479.0;36.12;53;"Costo base documentado; transporte y comisiones pendientes";Comparación individual pendiente
WADFOW JUEGO DE 3 CAJAS ORGANIZADORAS DE PLÁSTICO WTB8343;488921;17200.0;11032.0;6168.0;35.86;338;"Costo base documentado; transporte y comisiones pendientes";Comparación individual pendiente
TOTAL GENERADOR A GASOLINA 3.5KW TP340006;576673;936000.0;600267.0;335733.0;35.87;99;"Costo base documentado; transporte y comisiones pendientes";Comparación individual pendiente
TOTAL CARGADOR TCLI12081;415088;17200.0;11032.0;6168.0;35.86;83;"Costo base documentado; transporte y comisiones pendientes";Comparación individual pendiente
Medicube COLLAGEN NIGHT WRAPPING MASK 75ML;;35100.0;;;;;Sin costo de compra documentado en este PDF;Comparación individual pendiente
TOTAL BOTAS DE LLUVIA TSP303L. 39;456678;16300.0;10421.0;5879.0;36.07;245;"Costo base documentado; transporte y comisiones pendientes";Comparación individual pendiente
TOTAL MARTILLO 27MM MANGO FIBRA DE VIDRIO THCH61027;514873;10400.0;6670.0;3730.0;35.87;161;"Costo base documentado; transporte y comisiones pendientes";Comparación individual pendiente
WADFOW CINCEL PLANO SDS WGZ1201 14X250mm;471107;12800.0;8195.0;4605.0;35.98;169;"Costo base documentado; transporte y comisiones pendientes";Comparación individual pendiente
WADFOW CINTA METRICA 12.5MM 30M WMT2530;528450;8400.0;5418.0;2982.0;35.5;228;"Costo base documentado; transporte y comisiones pendientes";Comparación individual pendiente
TOTAL PISTOLA DE CALOR 20V 550°C TBLI20025;501903;106200.0;68083.0;38117.0;35.89;217;"Costo base documentado; transporte y comisiones pendientes";Comparación individual pendiente
TOTAL LLAVE COMBINADA 17MM TCSPAR171;536622;7300.0;4668.0;2632.0;36.05;102;"Costo base documentado; transporte y comisiones pendientes";Comparación individual pendiente
"TOTAL LLAVE AJUSTABLE TAT101106 10""";316170;16900.0;10840.0;6060.0;35.86;112;"Costo base documentado; transporte y comisiones pendientes";Comparación individual pendiente
TOTAL COMBO TALADRO + LLAVE DE IMPACTO TCKLI20286;104432;319500.0;204880.0;114620.0;35.87;68;"Costo base documentado; transporte y comisiones pendientes";Comparación individual pendiente
TOTAL CALIBRE DIGITAL 150MM TMT321506;444309;31900.0;20488.0;11412.0;35.77;230;"Costo base documentado; transporte y comisiones pendientes";Comparación individual pendiente
TOTAL ATORNILLADOR 20V TDLI200528 2BAT 2.0;487788;186800.0;119776.0;67024.0;35.88;64;"Costo base documentado; transporte y comisiones pendientes";Comparación individual pendiente
TOTAL ATORNILLADOR 12V TDLI12415 1BAT LI-ION;415767;71300.0;45704.0;25596.0;35.9;63;"Costo base documentado; transporte y comisiones pendientes";Comparación individual pendiente
TOTAL LIJADORA ORBITAL TF1302206 350W;465427;108100.0;69344.0;38756.0;35.85;220;"Costo base documentado; transporte y comisiones pendientes";Comparación individual pendiente
TOTAL JUEGO DE CEPILLOS 7PCS TACB0701;486996;34400.0;22092.0;12308.0;35.78;18;"Costo base documentado; transporte y comisiones pendientes";Comparación individual pendiente
WADFOW DADOS DE IMPACTO 10PCS 1/2 CRMO WMSD202;115148;44800.0;28762.0;16038.0;35.8;58;"Costo base documentado; transporte y comisiones pendientes";Comparación individual pendiente
WADFOW DESTORNILLADOR PHILLIPS WSD2236;469036;2900.0;1834.0;1066.0;36.76;121;"Costo base documentado; transporte y comisiones pendientes";Comparación individual pendiente
TOTAL MÁQUINA DE SOLDADURA TW26305 220V 630A;443012;1557400.0;998777.0;558623.0;35.87;268;"Costo base documentado; transporte y comisiones pendientes";Comparación individual pendiente
TOTAL CADENA DE SIERRA TGTSC50618;579834;20200.0;12923.0;7277.0;36.02;251;"Costo base documentado; transporte y comisiones pendientes";Comparación individual pendiente
TOTAL CAJA DE HERRAMIENTAS CON 7 CAJONES THPTCS73281 328PCS;488471;27000.0;17336.0;9664.0;35.79;32;"Costo base documentado; transporte y comisiones pendientes";Comparación individual pendiente
"TOTAL JUEGO DE DADOS 3/8"" 12PCS THT381121";531887;30600.0;19593.0;11007.0;35.97;110;"Costo base documentado; transporte y comisiones pendientes";Comparación individual pendiente
WADFOW ESCALERA EXTENSIBLE 2X8 WLD8H16;505918;257400.0;165073.0;92327.0;35.87;164;"Costo base documentado; transporte y comisiones pendientes";Comparación individual pendiente
TOTAL CABALLETE SOPORTE 3TON 1 PAR THJS0301;487115;17200.0;11032.0;6168.0;35.86;324;"Costo base documentado; transporte y comisiones pendientes";Comparación individual pendiente
TOTAL TALADRO DE IMPACTO 20V UTIDLI20868 86NM;549172;137600.0;88256.0;49344.0;35.86;72;"Costo base documentado; transporte y comisiones pendientes";Comparación individual pendiente
TOTAL AMOLADORA 20V TAGLI2211532;529181;152400.0;97712.0;54688.0;35.88;46;"Costo base documentado; transporte y comisiones pendientes";Comparación individual pendiente
TOTAL LIJADORA GIRATORIO TF2041501 450W;239707;108100.0;69344.0;38756.0;35.85;219;"Costo base documentado; transporte y comisiones pendientes";Comparación individual pendiente
"WADFOW ALICATE DE BLOQUEO C-CLAMP 11"" WLP4211";613941;12100.0;7754.0;4346.0;35.92;178;"Costo base documentado; transporte y comisiones pendientes";Comparación individual pendiente
WADFOW ALICATE PELACABLE MULTIFUNCION WBQ4601;543200;8800.0;5674.0;3126.0;35.52;193;"Costo base documentado; transporte y comisiones pendientes";Comparación individual pendiente
TOTAL BOTAS DE LLUVIA TSP302L.44;341004;22100.0;14175.0;7925.0;35.86;237;"Costo base documentado; transporte y comisiones pendientes";Comparación individual pendiente
TOTAL MARTILLO MAQUINISTA TRATAMIENTO TÉRMICO THMH62300;512329;10400.0;6670.0;3730.0;35.87;161;"Costo base documentado; transporte y comisiones pendientes";Comparación individual pendiente
TOTAL TALADRO PERCUTOR COMPACTO 20V 76NM 13MM TIDLI20768;529129;137600.0;88256.0;49344.0;35.86;284;"Costo base documentado; transporte y comisiones pendientes";Comparación individual pendiente
TOTAL MECHA CINCEL HEXAGONAL TAC1532282;446297;54600.0;35016.0;19584.0;35.87;115;"Costo base documentado; transporte y comisiones pendientes";Comparación individual pendiente
WADFOW LLAVE DINANOMÉTRICA 60-330NM WWQ4D12;528344;8800.0;5674.0;3126.0;35.52;159;"Costo base documentado; transporte y comisiones pendientes";Comparación individual pendiente
TOTAL LAMINA SIERRA THTKTS58245;444194;137600.0;88256.0;49344.0;35.86;261;"Costo base documentado; transporte y comisiones pendientes";Comparación individual pendiente
TOTAL BOTA DE SEGURIDAD TSP207IDSB.44 NEGRO/ROJO;512435;57200.0;36683.0;20517.0;35.87;243;"Costo base documentado; transporte y comisiones pendientes";Comparación individual pendiente
TOTAL HILO DE CORTE 2MM TALS2001;486859;21400.0;13755.0;7645.0;35.72;206;"Costo base documentado; transporte y comisiones pendientes";Comparación individual pendiente
TOTAL BOMBA DE AGUA TWP3701 0.5HP 370W 80M;531597;179400.0;115051.0;64349.0;35.87;196;"Costo base documentado; transporte y comisiones pendientes";Comparación individual pendiente
TOTAL BOMBA AGUA PERIFÉRICA AUTOCEBANTE AUTOMÁTICA TWP93706;531580;153400.0;98377.0;55023.0;35.87;196;"Costo base documentado; transporte y comisiones pendientes";Comparación individual pendiente
TOTAL JUEGO DE ALICATE 4PCS THT2K0456;495677;8800.0;5674.0;3126.0;35.52;189;"Costo base documentado; transporte y comisiones pendientes";Comparación individual pendiente
TOTAL COMBO 3PCS MOTOR SIN ESCOBILLAS 20V TOSLI250591;553193;368600.0;236400.0;132200.0;35.87;324;"Costo base documentado; transporte y comisiones pendientes";Comparación individual pendiente
TOTAL GRAPAS TAC918501 50MM;443128;15600.0;10004.0;5596.0;35.87;287;"Costo base documentado; transporte y comisiones pendientes";Comparación individual pendiente
TOTAL GATO HIDRAULICO DE BOTELLA 2 TONELADAS THT109022;437240;13800.0;8826.0;4974.0;36.04;143;"Costo base documentado; transporte y comisiones pendientes";Comparación individual pendiente
WADFOW SIERRA CALADORA 400W WJS15401 220V;461825;71500.0;45855.0;25645.0;35.87;256;"Costo base documentado; transporte y comisiones pendientes";Comparación individual pendiente
TOTAL LLAVE AJUSTABLE 2 EN 1 THT1016S;472487;12800.0;8195.0;4605.0;35.98;150;"Costo base documentado; transporte y comisiones pendientes";Comparación individual pendiente
TOTAL KIT COMBINADO INDUSTRIAL INALÁMBRICO 5PCS UTCKLI2058;511933;17200.0;11032.0;6168.0;35.86;330;"Costo base documentado; transporte y comisiones pendientes";Comparación individual pendiente
TOTAL BOMBA DE AGUA PERIFÉRICA TWP13706 0.5HP 370W;417310;98800.0;63362.0;35438.0;35.87;196;"Costo base documentado; transporte y comisiones pendientes";Comparación individual pendiente
WADFOW CARRITO DE CARGA PLEGABLE 54L WWB8054;28776;60400.0;38766.0;21634.0;35.82;31;"Costo base documentado; transporte y comisiones pendientes";Comparación individual pendiente
"WADFOW CARRO DE PLÁSTICO DE REPARACIÓN 40"" WCCP0405";34401;80600.0;51690.0;28910.0;35.87;31;"Costo base documentado; transporte y comisiones pendientes";Comparación individual pendiente
WADFOW MARTILLO MAQUINISTA 500G WHM1305;537544;8400.0;5418.0;2982.0;35.5;166;"Costo base documentado; transporte y comisiones pendientes";Comparación individual pendiente
WADFOW GATO HIDRÁULICO 10T WHJ1510;470919;59000.0;37824.0;21176.0;35.89;224;"Costo base documentado; transporte y comisiones pendientes";Comparación individual pendiente
TOTAL AMOLADORA ANGULAR 20V TAGLI221153 MOTOR SIN ESCOBILLAS;518666;152400.0;97712.0;54688.0;35.88;44;"Costo base documentado; transporte y comisiones pendientes";Comparación individual pendiente
"TOTAL SIERRA DE PODA 20"" THT55206D";456401;22100.0;14175.0;7925.0;35.86;254;"Costo base documentado; transporte y comisiones pendientes";Comparación individual pendiente
TOTAL CARRITO DE CARGA PLEGABLE 130KG THWB61201;576710;41800.0;26792.0;15008.0;35.9;34;"Costo base documentado; transporte y comisiones pendientes";Comparación individual pendiente
TOTAL TALADRO UTD2051026 500W;397148;63900.0;40976.0;22924.0;35.87;285;"Costo base documentado; transporte y comisiones pendientes";Comparación individual pendiente
TOTAL BOTAS DE SEGURIDAD TSP206SB.39 NEGRO;201278;59000.0;37824.0;21176.0;35.89;245;"Costo base documentado; transporte y comisiones pendientes";Comparación individual pendiente
TOTAL COMBO 3PCS 20V TOSLI230522;529211;368600.0;236400.0;132200.0;35.87;324;"Costo base documentado; transporte y comisiones pendientes";Comparación individual pendiente
"WADFOW MOTOSIERRA 20V WCLP556 5"" 1BAT";30571;130000.0;83355.0;46645.0;35.88;208;"Costo base documentado; transporte y comisiones pendientes";Comparación individual pendiente
TOTAL HILO DE ALAMBRE PARA SOLDADURA TEWSFC081001 1KG;487436;20800.0;13339.0;7461.0;35.87;268;"Costo base documentado; transporte y comisiones pendientes";Comparación individual pendiente
WADFOW JUEGO DE CAJAS DE HERRAMIENTAS 4PCS WTB4104 13/16/19/24;538688;17200.0;11032.0;6168.0;35.86;334;"Costo base documentado; transporte y comisiones pendientes";Comparación individual pendiente
MEDICUBE COLLAGEN JELLY CREAM 50ML;;31200.0;;;;;Sin costo de compra documentado en este PDF;Comparación individual pendiente
TOTAL ACCESORIOS PARA RECTIFICADOR TAKB0502 5PCS;502047;118000.0;75648.0;42352.0;35.89;44;"Costo base documentado; transporte y comisiones pendientes";Comparación individual pendiente
WADFOW CAJA DE PLASTICO 640X446X313MM WTB2370;469661;17200.0;11032.0;6168.0;35.86;333;"Costo base documentado; transporte y comisiones pendientes";Comparación individual pendiente
TOTAL CANDADO 32MM TLK31321 95G;456784;3200.0;2083.0;1117.0;34.91;87;"Costo base documentado; transporte y comisiones pendientes";Comparación individual pendiente
TOTAL PISTOLA DE AIRE 750CC TAT20751;367493;17200.0;11032.0;6168.0;35.86;332;"Costo base documentado; transporte y comisiones pendientes";Comparación individual pendiente
MEDICUBE HYPOCHLOROUS ACID DAILY FACIAL SPRAY 125ML;;31200.0;;;;;Sin costo de compra documentado en este PDF;Comparación individual pendiente
TOTAL TALADRO ATORNILLADOR PERCUTOR 20V TIDLI20602 MOTOR SIN E;501828;167100.0;107168.0;59932.0;35.87;71;"Costo base documentado; transporte y comisiones pendientes";Comparación individual pendiente
TOTAL JUEGO DE BROCAS PROFESIONALES 4341 HSS 14PCS TACSDL61401;536486;15700.0;10086.0;5614.0;35.76;15;"Costo base documentado; transporte y comisiones pendientes";Comparación individual pendiente
TOTAL MEDIDOR DE PINZA AMPERIMÉTRICA AC/DC 600A TMT766002;526210;106600.0;68364.0;38236.0;35.87;173;"Costo base documentado; transporte y comisiones pendientes";Comparación individual pendiente
WADFOW LLAVE COMBINADA 27MM WSA5127;201421;16300.0;10421.0;5879.0;36.07;129;"Costo base documentado; transporte y comisiones pendientes";Comparación individual pendiente
TOTAL KIT DE HERRAMIENTAS THTCS121081 108PCS;512084;17200.0;11032.0;6168.0;35.86;325;"Costo base documentado; transporte y comisiones pendientes";Comparación individual pendiente
WADFOW JUEGOS DE CEPILLOS 13PCS WCE6403;538855;17200.0;11032.0;6168.0;35.86;338;"Costo base documentado; transporte y comisiones pendientes";Comparación individual pendiente
TOTAL CUCHILLO MULTIFUNCIÓN 12 EN 1 THMFK0126;531634;17200.0;11032.0;6168.0;35.86;328;"Costo base documentado; transporte y comisiones pendientes";Comparación individual pendiente
TOTAL KIT LLAVE CATRACA THT102RK061 6PC;341417;8800.0;5674.0;3126.0;35.52;149;"Costo base documentado; transporte y comisiones pendientes";Comparación individual pendiente
TOTAL BOTAS SEGURIDAD TSP203SB.40;417488;59000.0;37824.0;21176.0;35.89;247;"Costo base documentado; transporte y comisiones pendientes";Comparación individual pendiente
WADFOW CATRACA COM CINTA 2T 10 METROS WRT13210;543507;15600.0;10004.0;5596.0;35.87;124;"Costo base documentado; transporte y comisiones pendientes";Comparación individual pendiente
TOTAL TALADRO TG105136 550W;397179;63900.0;40976.0;22924.0;35.87;285;"Costo base documentado; transporte y comisiones pendientes";Comparación individual pendiente
WADFOW PISTOLA INFLADOR DE NEUMÁTICOS WGA2612;461931;221200.0;141840.0;79360.0;35.88;98;"Costo base documentado; transporte y comisiones pendientes";Comparación individual pendiente
TOTAL BOTAS DE LLUVIA TSP302L.46;341028;23400.0;15007.0;8393.0;35.87;237;"Costo base documentado; transporte y comisiones pendientes";Comparación individual pendiente
WADFOW BOTAS DE LLUVIA 41 BLANCO WRB2L41;470896;22900.0;14673.0;8227.0;35.93;241;"Costo base documentado; transporte y comisiones pendientes";Comparación individual pendiente
TOTAL KIT LLAVE DE IMPACTO 850Nm + PISTOLA DE AIRE CALIENTE 55;468862;319500.0;204880.0;114620.0;35.87;68;"Costo base documentado; transporte y comisiones pendientes";Comparación individual pendiente
TOTAL BATERIA 20V 6.0AH TFBLI2060 INDICADOR DE LED;527484;122200.0;78368.0;43832.0;35.87;79;"Costo base documentado; transporte y comisiones pendientes";Comparación individual pendiente
WADFOW CARRITO CARGA PLEGABLE WWB9A06;469685;41800.0;26792.0;15008.0;35.9;36;"Costo base documentado; transporte y comisiones pendientes";Comparación individual pendiente
WADFOW JUEGO DE PUNTAS PARA DESTORNILLADOR DE IMPACTO 45PCS WS;528672;36400.0;23344.0;13056.0;35.87;58;"Costo base documentado; transporte y comisiones pendientes";Comparación individual pendiente
WADFOW ALICATE DE BLOQUEO WLP5703 3PCS;460453;8800.0;5674.0;3126.0;35.52;192;"Costo base documentado; transporte y comisiones pendientes";Comparación individual pendiente
TOTAL LLAVE DE IMPACTO CON ADAPTADOR 1/4 20V TOSLI231004;487849;319500.0;204880.0;114620.0;35.87;61;"Costo base documentado; transporte y comisiones pendientes";Comparación individual pendiente
WADFOW LLAVE TIPO Y 135MM WTH2102 10-12-14MM;469531;5700.0;3669.0;2031.0;35.63;132;"Costo base documentado; transporte y comisiones pendientes";Comparación individual pendiente
WADFOW ESCALERA ALUMINIO 5 ESCALONES 120KG WLD3H05;490016;109200.0;70031.0;39169.0;35.87;162;"Costo base documentado; transporte y comisiones pendientes";Comparación individual pendiente
WADFOW MULTI-HERRAMIENTA INALÁMBRICA 20V WMUP5020;580038;17200.0;11032.0;6168.0;35.86;339;"Costo base documentado; transporte y comisiones pendientes";Comparación individual pendiente
WADFOW CAJA DE HERRAMIENTAS METALICA 120PCS WHS3120;102957;68800.0;44128.0;24672.0;35.86;38;"Costo base documentado; transporte y comisiones pendientes";Comparación individual pendiente
TOTAL JUEGO DE DESTORNILLADORES 4PCS TKSDS0426;278478;15700.0;10086.0;5614.0;35.76;145;"Costo base documentado; transporte y comisiones pendientes";Comparación individual pendiente
"TOTAL LLAVE DE TRINQUETE 1/4"" THT106146 158MM";456500;8800.0;5674.0;3126.0;35.52;151;"Costo base documentado; transporte y comisiones pendientes";Comparación individual pendiente
TOTAL KIT DE BATERIAS Y CARGADOR 20V 4AH TFBCLI20244;495530;33400.0;21434.0;11966.0;35.83;82;"Costo base documentado; transporte y comisiones pendientes";Comparación individual pendiente
TOTAL SIERRA CIRCULAR UTS1141856 1400W MADERA;350846;137600.0;88256.0;49344.0;35.86;263;"Costo base documentado; transporte y comisiones pendientes";Comparación individual pendiente
WADFOW JUEGO DE DESTORNILLADORES AISLADOS WSS7407 7PCS;528146;13500.0;8671.0;4829.0;35.77;127;"Costo base documentado; transporte y comisiones pendientes";Comparación individual pendiente
TOTAL COMBO 3PCS DETECTOR + NIVEL + LINTERNA TOS251003;583848;91000.0;58359.0;32641.0;35.87;226;"Costo base documentado; transporte y comisiones pendientes";Comparación individual pendiente
TOTAL BOMBA DE AGUA TWP67501 750W 1HP 32M;367523;235900.0;151296.0;84604.0;35.86;201;"Costo base documentado; transporte y comisiones pendientes";Comparación individual pendiente
TOTAL PULIDORA ORBITAL 20V 254MM TOPLI202548;553612;102700.0;65864.0;36836.0;35.87;42;"Costo base documentado; transporte y comisiones pendientes";Comparación individual pendiente
TOTAL KIT HERRAMIENTA THKTHP21306 130PCS;436755;41800.0;26792.0;15008.0;35.9;35;"Costo base documentado; transporte y comisiones pendientes";Comparación individual pendiente
WADFOW BALIZA TRIANGULO REFLECTIVO WYJ3A43;489928;15600.0;10004.0;5596.0;35.87;313;"Costo base documentado; transporte y comisiones pendientes";Comparación individual pendiente
TOTAL KIT LLAVE TORX THT1061846;340694;8200.0;5251.0;2949.0;35.96;111;"Costo base documentado; transporte y comisiones pendientes";Comparación individual pendiente
WADFOW LLAVE DE IMPACTO MOTOR SIN ESCOBILLAS 20V 1280NM WCD1B1;579957;8800.0;5674.0;3126.0;35.52;75;"Costo base documentado; transporte y comisiones pendientes";Comparación individual pendiente
TOTAL LLAVE PHILIPS THT22836 8X200M PH3;341523;4300.0;2752.0;1548.0;36.0;114;"Costo base documentado; transporte y comisiones pendientes";Comparación individual pendiente
TOTAL LÁPIZ TESTER THT291408 140MM 500V;486583;13800.0;8826.0;4974.0;36.04;150;"Costo base documentado; transporte y comisiones pendientes";Comparación individual pendiente
TOTAL SIERRA CIRCULAR 20V TSLI1851;486743;226100.0;144992.0;81108.0;35.87;263;"Costo base documentado; transporte y comisiones pendientes";Comparación individual pendiente
TOTAL BOLSA DE HERRAMIENTAS THT16P4011;436830;41800.0;26792.0;15008.0;35.9;32;"Costo base documentado; transporte y comisiones pendientes";Comparación individual pendiente
TOTAL AMOLADORA ANGULAR TG10911576 960W;531726;87800.0;56276.0;31524.0;35.9;40;"Costo base documentado; transporte y comisiones pendientes";Comparación individual pendiente
"TOTAL LLAVE DE TRINQUETE THT1061438 1/4""3/8""";456494;15100.0;9670.0;5430.0;35.96;113;"Costo base documentado; transporte y comisiones pendientes";Comparación individual pendiente
TOTAL BROCA KIT PARA TALADRO PERCUTOR 8PCS TACSDL11806;531719;63900.0;40976.0;22924.0;35.87;278;"Costo base documentado; transporte y comisiones pendientes";Comparación individual pendiente
MEDICUBE COLLAGEN JELLY CREAM 110ML;;28600.0;;;;;Sin costo de compra documentado en este PDF;Comparación individual pendiente
TOTAL ALICATE CRIMPADORA CABLES ELÉCTRICOS THCPG2510;436052;8800.0;5674.0;3126.0;35.52;187;"Costo base documentado; transporte y comisiones pendientes";Comparación individual pendiente
WADFOW CINCEL SDS PLUS WGZ1202 14X250MM;471114;12800.0;8195.0;4605.0;35.98;169;"Costo base documentado; transporte y comisiones pendientes";Comparación individual pendiente
"WADFOW LLAVE COMBINADA CON RATCHET FLEXIBLE 17"" WSA6117";99707;8400.0;5418.0;2982.0;35.5;130;"Costo base documentado; transporte y comisiones pendientes";Comparación individual pendiente
TOTAL CONTROL BOMBA AUTOMATICA 750W TWPS102;443241;17200.0;11032.0;6168.0;35.86;328;"Costo base documentado; transporte y comisiones pendientes";Comparación individual pendiente
TOTAL MARTILLO DEMOLEDOR TRHLI202289 20V 4AH;487955;437400.0;280528.0;156872.0;35.86;280;"Costo base documentado; transporte y comisiones pendientes";Comparación individual pendiente
